run_id,time_index,prediction,actual
1,0,356.91806,359.5727
1,1,356.946,359.61023
1,2,356.97458,359.64922
1,3,357.00397,359.6898
1,4,357.0342,359.73213
1,5,357.06546,359.77636
1,6,357.09793,359.82265
1,7,357.13162,359.87115
1,8,357.16675,359.922
1,9,357.20337,359.97536
1,10,357.2417,360.03138
1,11,357.28174,360.09021
1,12,357.32373,360.152
1,13,357.36774,360.2221
1,14,357.41412,360.30532
1,15,357.4637,360.40099
1,16,357.51755,360.50846
1,17,357.57697,360.62707
1,18,357.6433,360.75615
1,19,357.7181,360.89506
1,20,357.80273,361.04313
1,21,357.8975,361.1997
1,22,358.00186,361.36412
1,23,358.1152,361.53572
1,24,358.237,361.71384
1,25,358.36658,361.89784
1,26,358.5034,362.08704
1,27,358.64682,362.28079
1,28,358.79636,362.47843
1,29,358.95135,362.67931
1,30,359.11124,362.88276
1,31,359.2754,363.08812
1,32,359.44327,363.29474
1,33,359.6143,363.50196
1,34,359.78784,363.70911
1,35,359.96335,363.91554
1,36,360.14023,364.1206
1,37,360.3179,364.32361
1,38,360.49576,364.52393
1,39,360.67325,364.72089
1,40,360.84976,364.91384
1,41,361.02472,365.10211
1,42,361.19757,365.28505
1,43,361.3677,365.462
1,44,361.53455,365.64163
1,45,361.6979,365.83226
1,46,361.85834,366.03268
1,47,362.0169,366.2417
1,48,362.17532,366.45813
1,49,362.33548,366.68076
1,50,362.49966,366.9084
1,51,362.67017,367.13985
1,52,362.84766,367.37391
1,53,363.03113,367.60938
1,54,363.2195,367.84508
1,55,363.4118,368.07979
1,56,363.60703,368.31233
1,57,363.8041,368.54149
1,58,364.00214,368.76608
1,59,364.2,368.9849
1,60,364.39673,369.19676
1,61,364.59134,369.40045
1,62,364.78278,369.59477
1,63,364.97012,369.77854
1,64,365.15228,369.95055
1,65,365.3283,370.10961
1,66,365.4972,370.25451
1,67,365.658,370.38407
1,68,365.8096,370.49708
1,69,365.9511,370.59234
1,70,366.08148,370.66866
1,71,366.1998,370.72484
1,72,366.30496,370.75969
1,73,366.39606,370.772
1,74,366.47205,370.77265
1,75,366.53244,370.77329
1,76,366.5775,370.77394
1,77,366.6085,370.77458
1,78,366.62744,370.77523
1,79,366.63715,370.77587
1,80,366.64093,370.77652
1,81,366.64282,370.77716
1,82,366.64484,370.77781
1,83,366.64697,370.77845
1,84,366.6492,370.7791
1,85,366.65155,370.77974
1,86,366.65402,370.78039
1,87,366.6566,370.78103
1,88,366.65924,370.78168
1,89,366.66202,370.78232
1,90,366.66486,370.78297
1,91,366.66776,370.78361
1,92,366.67075,370.78426
1,93,366.6738,370.7849
1,94,366.6769,370.78555
1,95,366.6801,370.78619
1,96,366.68332,370.78684
1,97,366.68658,370.78748
1,98,366.68994,370.78813
1,99,366.69327,370.78877
1,100,366.69666,370.78942
1,101,366.70004,370.79006
1,102,366.7035,370.79071
1,103,366.70694,370.79135
1,104,366.7104,370.792
1,105,366.71387,370.79265
1,106,366.7173,370.79329
1,107,366.72067,370.79394
1,108,366.72394,370.79458
1,109,366.72708,370.79523
1,110,366.73,370.79587
1,111,366.73282,370.79652
1,112,366.7355,370.79716
1,113,366.73804,370.79781
1,114,366.7405,370.79845
1,115,366.74292,370.7991
1,116,366.7452,370.79974
1,117,366.74747,370.80039
1,118,366.7496,370.80103
1,119,366.75177,370.80168
1,120,366.75385,370.80232
1,121,366.7559,370.80297
1,122,366.75793,370.80361
1,123,366.75995,370.80426
1,124,366.7619,370.8049
1,125,366.76392,370.80555
1,126,366.76596,370.80619
1,127,366.768,370.80684
1,128,366.77008,370.80748
1,129,366.77222,370.80813
1,130,366.77435,370.80877
1,131,366.77658,370.80942
1,132,366.77887,370.81006
1,133,366.78122,370.81071
1,134,366.78366,370.81135
1,135,366.7862,370.812
1,136,366.78885,370.8126
1,137,366.7916,370.81313
1,138,366.79446,370.8136
1,139,366.79742,370.814
1,140,366.8005,370.81436
1,141,366.80365,370.81467
1,142,366.8069,370.81496
1,143,366.81015,370.81523
1,144,366.81345,370.81548
1,145,366.8168,370.81573
1,146,366.82025,370.81599
1,147,366.82373,370.81626
1,148,366.8273,370.81655
1,149,366.83093,370.81688
1,150,366.83463,370.81726
1,151,366.83844,370.81768
1,152,366.84235,370.81816
1,153,366.8463,370.81872
1,154,366.8504,370.81935
1,155,366.85455,370.82007
1,156,366.85886,370.82089
1,157,366.86328,370.82181
1,158,366.8678,370.82285
1,159,366.87244,370.82401
1,160,366.87723,370.8253
1,161,366.88214,370.82674
1,162,366.88718,370.82833
1,163,366.89236,370.83008
1,164,366.8977,370.832
1,165,366.9032,370.84339
1,166,366.90918,370.87294
1,167,366.9167,370.91975
1,168,366.9273,370.9829
1,169,366.943,371.06149
1,170,366.9662,371.15462
1,171,366.99945,371.26137
1,172,367.04553,371.38084
1,173,367.1053,371.51211
1,174,367.17798,371.65429
1,175,367.26285,371.80647
1,176,367.3591,371.96773
1,177,367.46597,372.13718
1,178,367.5827,372.31389
1,179,367.70853,372.49698
1,180,367.84262,372.68552
1,181,367.98428,372.87861
1,182,368.13266,373.07535
1,183,368.28708,373.27482
1,184,368.4467,373.47613
1,185,368.61075,373.67835
1,186,368.77847,373.88059
1,187,368.94913,374.08193
1,188,369.12198,374.28148
1,189,369.29614,374.47832
1,190,369.47095,374.67154
1,191,369.64566,374.86024
1,192,369.81946,375.04351
1,193,369.99158,375.22044
1,194,370.1613,375.39013
1,195,370.32785,375.55167
1,196,370.49048,375.70884000000007
1,197,370.6486,375.86604
1,198,370.80194,376.02327
1,199,370.9506,376.18053
1,200,371.09497,376.3378000000001
1,201,371.23596,376.4951
1,202,371.37466,376.65242
1,203,371.51245,376.80975
1,204,371.6502,376.9671
1,205,371.78793,377.12446
1,206,371.92554,377.28184
1,207,372.0631,377.43922
1,208,372.20065,377.59661000000006
1,209,372.3381,377.754
1,210,372.4755,377.9114
1,211,372.61285,378.0688
1,212,372.75012,378.2262
1,213,372.88745,378.38359
1,214,373.02466,378.54098
1,215,373.1618,378.69836
1,216,373.29895,378.85573
1,217,373.43607,379.01309
1,218,373.57315,379.17044
1,219,373.71017,379.32777
1,220,373.8472,379.48509
1,221,373.98416,379.64238
1,222,374.1211,379.79966
1,223,374.25803,379.95691
1,224,374.39496,380.11413
1,225,374.53186,380.27133
1,226,374.6687,380.43109
1,227,374.80563,380.59562
1,228,374.94266,380.76438
1,229,375.0801,380.93682
1,230,375.21844,381.11241
1,231,375.3581,381.29058
1,232,375.49973,381.47081
1,233,375.64395,381.65253000000007
1,234,375.791,381.83521
1,235,375.9403,382.0183
1,236,376.09158,382.20125
1,237,376.24426,382.38352
1,238,376.39807,382.56456
1,239,376.55252,382.74383
1,240,376.70718,382.92077
1,241,376.8617,383.09485
1,242,377.01556,383.26552
1,243,377.16846,383.43224
1,244,377.31995,383.59444
1,245,377.4696,383.7516
1,246,377.61707,383.90317
1,247,377.76184,384.04859
1,248,377.90366,384.18733
1,249,378.04196,384.31883
1,250,378.17648,384.44256
1,251,378.30673,384.55796
1,252,378.43237,384.66449
1,253,378.55298,384.76161
1,254,378.66812,384.84876
1,255,378.77744,384.92541
1,256,378.88052,384.991
1,257,378.97696,385.0479
1,258,379.06635,385.09885
1,259,379.14847,385.14384
1,260,379.2233,385.18286
1,261,379.29095,385.21593
1,262,379.35175,385.24304
1,263,379.40643,385.26419
1,264,379.4559,385.27939
1,265,379.50064,385.28862
1,266,379.54068,385.29189
1,267,379.57596,385.28921
1,268,379.6066,385.28056
1,269,379.63245,385.26596
1,270,379.6536,385.2454
1,271,379.6701,385.21888
1,272,379.68182,385.1864
1,273,379.6888,385.14796
1,274,379.69107,385.10356
1,275,379.6886,385.05321
1,276,379.68137,384.99689
1,277,379.6694,384.93462
1,278,379.65265,384.86639
1,279,379.63113,384.79219
1,280,379.60486,384.71204
1,281,379.57373,384.62593
1,282,379.53784,384.53386
1,283,379.4971,384.43584
1,284,379.45157,384.33185
1,285,379.40115,384.2219
2,0,351.1267,359.5727
2,1,351.14923,359.61023
2,2,351.1722,359.64922
2,3,351.19568,359.6898
2,4,351.2197,359.73213
2,5,351.24426,359.77636
2,6,351.26947,359.82265
2,7,351.2953,359.87115
2,8,351.32184,359.922
2,9,351.34906,359.97536
2,10,351.3771,360.03138
2,11,351.4059,360.09021
2,12,351.43564,360.152
2,13,351.4662,360.2221
2,14,351.4978,360.30532
2,15,351.53088,360.40099
2,16,351.566,360.50846
2,17,351.60382,360.62707
2,18,351.64508,360.75615
2,19,351.69058,360.89506
2,20,351.74106,361.04313
2,21,351.7967,361.1997
2,22,351.8571,361.36412
2,23,351.92203,361.53572
2,24,351.99118,361.71384
2,25,352.06418,361.89784
2,26,352.14075,362.08704
2,27,352.22055,362.28079
2,28,352.30334,362.47843
2,29,352.3887,362.67931
2,30,352.47638,362.88276
2,31,352.566,363.08812
2,32,352.65735,363.29474
2,33,352.75,363.50196
2,34,352.84372,363.70911
2,35,352.93814,363.91554
2,36,353.033,364.1206
2,37,353.12793,364.32361
2,38,353.22266,364.52393
2,39,353.31683,364.72089
2,40,353.4102,364.91384
2,41,353.50238,365.10211
2,42,353.59308,365.28505
2,43,353.682,365.462
2,44,353.76883,365.64163
2,45,353.85352,365.83226
2,46,353.93625,366.03268
2,47,354.01776,366.2417
2,48,354.09885,366.45813
2,49,354.18054,366.68076
2,50,354.26404,366.9084
2,51,354.3506,367.13985
2,52,354.44046,367.37391
2,53,354.53323,367.60938
2,54,354.62845,367.84508
2,55,354.72556,368.07979
2,56,354.82413,368.31233
2,57,354.92368,368.54149
2,58,355.02368,368.76608
2,59,355.12372,368.9849
2,60,355.22327,369.19676
2,61,355.32187,369.40045
2,62,355.41907,369.59477
2,63,355.51434,369.77854
2,64,355.6072,369.95055
2,65,355.6973,370.10961
2,66,355.784,370.25451
2,67,355.8669,370.38407
2,68,355.9456,370.49708
2,69,356.01944,370.59234
2,70,356.0881,370.66866
2,71,356.1511,370.72484
2,72,356.2079,370.75969
2,73,356.2581,370.772
2,74,356.30112,370.77265
2,75,356.3368,370.77329
2,76,356.36542,370.77394
2,77,356.38754,370.77458
2,78,356.40427,370.77523
2,79,356.41693,370.77587
2,80,356.42722,370.77652
2,81,356.43698,370.77716
2,82,356.44717,370.77781
2,83,356.45776,370.77845
2,84,356.46878,370.7791
2,85,356.48016,370.77974
2,86,356.4919,370.78039
2,87,356.504,370.78103
2,88,356.51645,370.78168
2,89,356.52914,370.78232
2,90,356.5422,370.78297
2,91,356.55548,370.78361
2,92,356.56906,370.78426
2,93,356.58286,370.7849
2,94,356.59686,370.78555
2,95,356.61108,370.78619
2,96,356.62552,370.78684
2,97,356.64008,370.78748
2,98,356.65482,370.78813
2,99,356.66965,370.78877
2,100,356.68463,370.78942
2,101,356.69968,370.79006
2,102,356.7148,370.79071
2,103,356.73,370.79135
2,104,356.74524,370.792
2,105,356.76053,370.79265
2,106,356.77582,370.79329
2,107,356.791,370.79394
2,108,356.80612,370.79458
2,109,356.82108,370.79523
2,110,356.83585,370.79587
2,111,356.85034,370.79652
2,112,356.86456,370.79716
2,113,356.87854,370.79781
2,114,356.89218,370.79845
2,115,356.90555,370.7991
2,116,356.9187,370.79974
2,117,356.9316,370.80039
2,118,356.94427,370.80103
2,119,356.95676,370.80168
2,120,356.969,370.80232
2,121,356.98105,370.80297
2,122,356.99295,370.80361
2,123,357.00467,370.80426
2,124,357.01624,370.8049
2,125,357.02765,370.80555
2,126,357.03894,370.80619
2,127,357.05014,370.80684
2,128,357.0612,370.80748
2,129,357.07217,370.80813
2,130,357.08307,370.80877
2,131,357.0939,370.80942
2,132,357.10464,370.81006
2,133,357.11536,370.81071
2,134,357.1261,370.81135
2,135,357.13678,370.812
2,136,357.14743,370.8126
2,137,357.1581,370.81313
2,138,357.1688,370.8136
2,139,357.1795,370.814
2,140,357.1903,370.81436
2,141,357.2011,370.81467
2,142,357.212,370.81496
2,143,357.22296,370.81523
2,144,357.23413,370.81548
2,145,357.24545,370.81573
2,146,357.257,370.81599
2,147,357.26883,370.81626
2,148,357.2809,370.81655
2,149,357.29337,370.81688
2,150,357.3062,370.81726
2,151,357.31946,370.81768
2,152,357.3332,370.81816
2,153,357.34738,370.81872
2,154,357.36215,370.81935
2,155,357.37753,370.82007
2,156,357.3935,370.82089
2,157,357.41013,370.82181
2,158,357.4275,370.82285
2,159,357.4456,370.82401
2,160,357.46445,370.8253
2,161,357.4842,370.82674
2,162,357.50476,370.82833
2,163,357.52625,370.83008
2,164,357.54865,370.832
2,165,357.57208,370.84339
2,166,357.5967,370.87294
2,167,357.62314,370.91975
2,168,357.65216,370.9829
2,169,357.6848,371.06149
2,170,357.7223,371.15462
2,171,357.76584,371.26137
2,172,357.8167,371.38084
2,173,357.87527,371.51211
2,174,357.94113,371.65429
2,175,358.0139,371.80647
2,176,358.09305,371.96773
2,177,358.17822,372.13718
2,178,358.26904,372.31389
2,179,358.36502,372.49698
2,180,358.46573,372.68552
2,181,358.5708,372.87861
2,182,358.67978,373.07535
2,183,358.79227,373.27482
2,184,358.9078,373.47613
2,185,359.02603,373.67835
2,186,359.14648,373.88059
2,187,359.26877,374.08193
2,188,359.39243,374.28148
2,189,359.51712,374.47832
2,190,359.64236,374.67154
2,191,359.76776,374.86024
2,192,359.89288,375.04351
2,193,360.01736,375.22044
2,194,360.14075,375.39013
2,195,360.26266,375.55167
2,196,360.38266,375.70884000000007
2,197,360.50046,375.86604
2,198,360.6158,376.02327
2,199,360.72885,376.18053
2,200,360.8397,376.3378000000001
2,201,360.94873,376.4951
2,202,361.05643,376.65242
2,203,361.1635,376.80975
2,204,361.2703,376.9671
2,205,361.3768,377.12446
2,206,361.483,377.28184
2,207,361.58902,377.43922
2,208,361.6948,377.59661000000006
2,209,361.80035,377.754
2,210,361.9057,377.9114
2,211,362.01096,378.0688
2,212,362.11603,378.2262
2,213,362.22095,378.38359
2,214,362.32578,378.54098
2,215,362.4305,378.69836
2,216,362.53516,378.85573
2,217,362.63977,379.01309
2,218,362.74435,379.17044
2,219,362.84888,379.32777
2,220,362.95343,379.48509
2,221,363.05795,379.64238
2,222,363.16254,379.79966
2,223,363.26718,379.95691
2,224,363.3719,380.11413
2,225,363.47668,380.27133
2,226,363.5816,380.43109
2,227,363.6866,380.59562
2,228,363.79184,380.76438
2,229,363.89734,380.93682
2,230,364.0033,381.11241
2,231,364.10983,381.29058
2,232,364.2171,381.47081
2,233,364.32535,381.65253000000007
2,234,364.43448,381.83521
2,235,364.54434,382.0183
2,236,364.65475,382.20125
2,237,364.7656,382.38352
2,238,364.87665,382.56456
2,239,364.98776,382.74383
2,240,365.0988,382.92077
2,241,365.20953,383.09485
2,242,365.3198,383.26552
2,243,365.4295,383.43224
2,244,365.53836,383.59444
2,245,365.64633,383.7516
2,246,365.75314,383.90317
2,247,365.8587,384.04859
2,248,365.9628,384.18733
2,249,366.0653,384.31883
2,250,366.16605,384.44256
2,251,366.2649,384.55796
2,252,366.36154,384.66449
2,253,366.45596,384.76161
2,254,366.548,384.84876
2,255,366.63742,384.92541
2,256,366.7241,384.991
2,257,366.8078,385.0479
2,258,366.88852,385.09885
2,259,366.966,385.14384
2,260,367.04028,385.18286
2,261,367.11145,385.21593
2,262,367.17957,385.24304
2,263,367.24493,385.26419
2,264,367.30786,385.27939
2,265,367.36844,385.28862
2,266,367.42685,385.29189
2,267,367.483,385.28921
2,268,367.53705,385.28056
2,269,367.58893,385.26596
2,270,367.63876,385.2454
2,271,367.68658,385.21888
2,272,367.7324,385.1864
2,273,367.7762,385.14796
2,274,367.81808,385.10356
2,275,367.85812,385.05321
2,276,367.89627,384.99689
2,277,367.93265,384.93462
2,278,367.96725,384.86639
2,279,368.00006,384.79219
2,280,368.03122,384.71204
2,281,368.06067,384.62593
2,282,368.08853,384.53386
2,283,368.11475,384.43584
2,284,368.1394,384.33185
2,285,368.16254,384.2219
3,0,353.75156,359.5727
3,1,353.77023,359.61023
3,2,353.78882,359.64922
3,3,353.80737,359.6898
3,4,353.82605,359.73213
3,5,353.84488,359.77636
3,6,353.86392,359.82265
3,7,353.88327,359.87115
3,8,353.90298,359.922
3,9,353.92316,359.97536
3,10,353.94382,360.03138
3,11,353.9651,360.09021
3,12,353.98697,360.152
3,13,354.00964,360.2221
3,14,354.0332,360.30532
3,15,354.05795,360.40099
3,16,354.0843,360.50846
3,17,354.1128,360.62707
3,18,354.1439,360.75615
3,19,354.1782,360.89506
3,20,354.216,361.04313
3,21,354.25748,361.1997
3,22,354.30243,361.36412
3,23,354.3506,361.53572
3,24,354.40176,361.71384
3,25,354.4558,361.89784
3,26,354.51245,362.08704
3,27,354.57153,362.28079
3,28,354.63278,362.47843
3,29,354.6961,362.67931
3,30,354.7612,362.88276
3,31,354.8279,363.08812
3,32,354.896,363.29474
3,33,354.96527,363.50196
3,34,355.03555,363.70911
3,35,355.10663,363.91554
3,36,355.17828,364.1206
3,37,355.25027,364.32361
3,38,355.3225,364.52393
3,39,355.39465,364.72089
3,40,355.4666,364.91384
3,41,355.53812,365.10211
3,42,355.60898,365.28505
3,43,355.67902,365.462
3,44,355.74802,365.64163
3,45,355.81592,365.83226
3,46,355.8829,366.03268
3,47,355.94946,366.2417
3,48,356.01624,366.45813
3,49,356.0839,366.68076
3,50,356.1534,366.9084
3,51,356.2254,367.13985
3,52,356.30026,367.37391
3,53,356.37747,367.60938
3,54,356.45673,367.84508
3,55,356.53757,368.07979
3,56,356.61972,368.31233
3,57,356.70273,368.54149
3,58,356.78622,368.76608
3,59,356.86984,368.9849
3,60,356.95322,369.19676
3,61,357.03595,369.40045
3,62,357.11768,369.59477
3,63,357.19806,369.77854
3,64,357.27664,369.95055
3,65,357.35312,370.10961
3,66,357.42706,370.25451
3,67,357.49814,370.38407
3,68,357.56598,370.49708
3,69,357.63022,370.59234
3,70,357.69043,370.66866
3,71,357.7463,370.72484
3,72,357.79745,370.75969
3,73,357.84348,370.772
3,74,357.88403,370.77265
3,75,357.9189,370.77329
3,76,357.94824,370.77394
3,77,357.9725,370.77458
3,78,357.99252,370.77523
3,79,358.00937,370.77587
3,80,358.02448,370.77652
3,81,358.0394,370.77716
3,82,358.05496,370.77781
3,83,358.0711,370.77845
3,84,358.0878,370.7791
3,85,358.1051,370.77974
3,86,358.1229,370.78039
3,87,358.1412,370.78103
3,88,358.15994,370.78168
3,89,358.17914,370.78232
3,90,358.19882,370.78297
3,91,358.21887,370.78361
3,92,358.23926,370.78426
3,93,358.26004,370.7849
3,94,358.28113,370.78555
3,95,358.30252,370.78619
3,96,358.3242,370.78684
3,97,358.3461,370.78748
3,98,358.36823,370.78813
3,99,358.3906,370.78877
3,100,358.4131,370.78942
3,101,358.43576,370.79006
3,102,358.45856,370.79071
3,103,358.48145,370.79135
3,104,358.5044,370.792
3,105,358.5274,370.79265
3,106,358.55045,370.79329
3,107,358.5735,370.79394
3,108,358.59644,370.79458
3,109,358.6194,370.79523
3,110,358.64224,370.79587
3,111,358.6651,370.79652
3,112,358.688,370.79716
3,113,358.71097,370.79781
3,114,358.73395,370.79845
3,115,358.75696,370.7991
3,116,358.77997,370.79974
3,117,358.80292,370.80039
3,118,358.8258,370.80103
3,119,358.84863,370.80168
3,120,358.87134,370.80232
3,121,358.8939,370.80297
3,122,358.91626,370.80361
3,123,358.93848,370.80426
3,124,358.9605,370.8049
3,125,358.98224,370.80555
3,126,359.00375,370.80619
3,127,359.02493,370.80684
3,128,359.04578,370.80748
3,129,359.06635,370.80813
3,130,359.08652,370.80877
3,131,359.1063,370.80942
3,132,359.12564,370.81006
3,133,359.1446,370.81071
3,134,359.16306,370.81135
3,135,359.18097,370.812
3,136,359.19846,370.8126
3,137,359.21536,370.81313
3,138,359.2317,370.8136
3,139,359.24747,370.814
3,140,359.2626,370.81436
3,141,359.27728,370.81467
3,142,359.29138,370.81496
3,143,359.30502,370.81523
3,144,359.3183,370.81548
3,145,359.33133,370.81573
3,146,359.34424,370.81599
3,147,359.35712,370.81626
3,148,359.37006,370.81655
3,149,359.38318,370.81688
3,150,359.3966,370.81726
3,151,359.41043,370.81768
3,152,359.42474,370.81816
3,153,359.43967,370.81872
3,154,359.45532,370.81935
3,155,359.47177,370.82007
3,156,359.4892,370.82089
3,157,359.50766,370.82181
3,158,359.52722,370.82285
3,159,359.54807,370.82401
3,160,359.57028,370.8253
3,161,359.59393,370.82674
3,162,359.61926,370.82833
3,163,359.64615,370.83008
3,164,359.6749,370.832
3,165,359.7055,370.84339
3,166,359.73825,370.87294
3,167,359.7736,370.91975
3,168,359.8122,370.9829
3,169,359.85498,371.06149
3,170,359.9028,371.15462
3,171,359.9568,371.26137
3,172,360.01788,371.38084
3,173,360.08636,371.51211
3,174,360.16183,371.65429
3,175,360.24387,371.80647
3,176,360.3321,371.96773
3,177,360.4261,372.13718
3,178,360.5254,372.31389
3,179,360.62964,372.49698
3,180,360.73846,372.68552
3,181,360.85138,372.87861
3,182,360.96808,373.07535
3,183,361.088,373.27482
3,184,361.2109,373.47613
3,185,361.3363,373.67835
3,186,361.46384,373.88059
3,187,361.59302,374.08193
3,188,361.72357,374.28148
3,189,361.85495,374.47832
3,190,361.98688,374.67154
3,191,362.1189,374.86024
3,192,362.25064,375.04351
3,193,362.38168,375.22044
3,194,362.51166,375.39013
3,195,362.64014,375.55167
3,196,362.76678,375.70884000000007
3,197,362.89117,375.86604
3,198,363.01318,376.02327
3,199,363.13278,376.18053
3,200,363.25006,376.3378000000001
3,201,363.36533,376.4951
3,202,363.4791,376.65242
3,203,363.59195,376.80975
3,204,363.70435,376.9671
3,205,363.81625,377.12446
3,206,363.92767,377.28184
3,207,364.03876,377.43922
3,208,364.1494,377.59661000000006
3,209,364.25974,377.754
3,210,364.36972,377.9114
3,211,364.4794,378.0688
3,212,364.58884,378.2262
3,213,364.69803,378.38359
3,214,364.80704,378.54098
3,215,364.91583,378.69836
3,216,365.0245,378.85573
3,217,365.1331,379.01309
3,218,365.24155,379.17044
3,219,365.34998,379.32777
3,220,365.45834,379.48509
3,221,365.56674,379.64238
3,222,365.67517,379.79966
3,223,365.78366,379.95691
3,224,365.8922,380.11413
3,225,366.00092,380.27133
3,226,366.10977,380.43109
3,227,366.2188,380.59562
3,228,366.32816,380.76438
3,229,366.43787,380.93682
3,230,366.54828,381.11241
3,231,366.65964,381.29058
3,232,366.77225,381.47081
3,233,366.8866,381.65253000000007
3,234,367.00275,381.83521
3,235,367.12036,382.0183
3,236,367.23926,382.20125
3,237,367.359,382.38352
3,238,367.47946,382.56456
3,239,367.60025,382.74383
3,240,367.7211,382.92077
3,241,367.84177,383.09485
3,242,367.9619,383.26552
3,243,368.08136,383.43224
3,244,368.19968,383.59444
3,245,368.31674,383.7516
3,246,368.4322,383.90317
3,247,368.54575,384.04859
3,248,368.6572,384.18733
3,249,368.7662,384.31883
3,250,368.8725,384.44256
3,251,368.9759,384.55796
3,252,369.07596,384.66449
3,253,369.1726,384.76161
3,254,369.2654,384.84876
3,255,369.3542,384.92541
3,256,369.4386,384.991
3,257,369.51846,385.0479
3,258,369.59348,385.09885
3,259,369.66345,385.14384
3,260,369.72827,385.18286
3,261,369.78796,385.21593
3,262,369.84274,385.24304
3,263,369.89304,385.26419
3,264,369.93942,385.27939
3,265,369.9823,385.28862
3,266,370.02167,385.29189
3,267,370.05765,385.28921
3,268,370.09027,385.28056
3,269,370.1196,385.26596
3,270,370.14566,385.2454
3,271,370.16852,385.21888
3,272,370.18826,385.1864
3,273,370.20486,385.14796
3,274,370.21848,385.10356
3,275,370.22906,385.05321
3,276,370.23672,384.99689
3,277,370.2415,384.93462
3,278,370.2434,384.86639
3,279,370.24255,384.79219
3,280,370.23892,384.71204
3,281,370.2326,384.62593
3,282,370.22366,384.53386
3,283,370.2121,384.43584
3,284,370.198,384.33185
3,285,370.18137,384.2219
4,0,354.14682,359.5727
4,1,354.1758,359.61023
4,2,354.2045,359.64922
4,3,354.23294,359.6898
4,4,354.2613,359.73213
4,5,354.28958,359.77636
4,6,354.318,359.82265
4,7,354.3466,359.87115
4,8,354.37546,359.922
4,9,354.40472,359.97536
4,10,354.43445,360.03138
4,11,354.46478,360.09021
4,12,354.49576,360.152
4,13,354.5276,360.2221
4,14,354.5604,360.30532
4,15,354.59457,360.40099
4,16,354.6306,360.50846
4,17,354.66907,360.62707
4,18,354.7106,360.75615
4,19,354.75565,360.89506
4,20,354.8048,361.04313
4,21,354.85815,361.1997
4,22,354.91553,361.36412
4,23,354.97665,361.53572
4,24,355.04135,361.71384
4,25,355.10934,361.89784
4,26,355.18045,362.08704
4,27,355.25446,362.28079
4,28,355.33105,362.47843
4,29,355.41013,362.67931
4,30,355.4914,362.88276
4,31,355.57465,363.08812
4,32,355.65964,363.29474
4,33,355.74622,363.50196
4,34,355.8341,363.70911
4,35,355.92313,363.91554
4,36,356.013,364.1206
4,37,356.10358,364.32361
4,38,356.1946,364.52393
4,39,356.2859,364.72089
4,40,356.37717,364.91384
4,41,356.46826,365.10211
4,42,356.559,365.28505
4,43,356.64905,365.462
4,44,356.73834,365.64163
4,45,356.82678,365.83226
4,46,356.91464,366.03268
4,47,357.00262,366.2417
4,48,357.09143,366.45813
4,49,357.18185,366.68076
4,50,357.275,366.9084
4,51,357.3717,367.13985
4,52,357.47214,367.37391
4,53,357.5758,367.60938
4,54,357.68216,367.84508
4,55,357.7907,368.07979
4,56,357.9009,368.31233
4,57,358.0122,368.54149
4,58,358.1241,368.76608
4,59,358.23608,368.9849
4,60,358.34763,369.19676
4,61,358.45822,369.40045
4,62,358.56735,369.59477
4,63,358.67447,369.77854
4,64,358.77908,369.95055
4,65,358.8807,370.10961
4,66,358.9788,370.25451
4,67,359.0728,370.38407
4,68,359.16232,370.49708
4,69,359.24677,370.59234
4,70,359.32565,370.66866
4,71,359.39847,370.72484
4,72,359.46472,370.75969
4,73,359.5239,370.772
4,74,359.57544,370.77265
4,75,359.61917,370.77329
4,76,359.65533,370.77394
4,77,359.6846,370.77458
4,78,359.70807,370.77523
4,79,359.72726,370.77587
4,80,359.74384,370.77652
4,81,359.75986,370.77716
4,82,359.77634,370.77781
4,83,359.7933,370.77845
4,84,359.81064,370.7791
4,85,359.8284,370.77974
4,86,359.8466,370.78039
4,87,359.86514,370.78103
4,88,359.88406,370.78168
4,89,359.90332,370.78232
4,90,359.92294,370.78297
4,91,359.9428,370.78361
4,92,359.963,370.78426
4,93,359.98352,370.7849
4,94,360.00427,370.78555
4,95,360.02527,370.78619
4,96,360.04654,370.78684
4,97,360.068,370.78748
4,98,360.08966,370.78813
4,99,360.11148,370.78877
4,100,360.1335,370.78942
4,101,360.15567,370.79006
4,102,360.17795,370.79071
4,103,360.20038,370.79135
4,104,360.2229,370.792
4,105,360.2455,370.79265
4,106,360.2682,370.79329
4,107,360.29092,370.79394
4,108,360.3138,370.79458
4,109,360.33682,370.79523
4,110,360.36002,370.79587
4,111,360.3835,370.79652
4,112,360.40738,370.79716
4,113,360.43158,370.79781
4,114,360.45615,370.79845
4,115,360.481,370.7991
4,116,360.50607,370.79974
4,117,360.53128,370.80039
4,118,360.55658,370.80103
4,119,360.58197,370.80168
4,120,360.6073,370.80232
4,121,360.63266,370.80297
4,122,360.65784,370.80361
4,123,360.6829,370.80426
4,124,360.70767,370.8049
4,125,360.7322,370.80555
4,126,360.75644,370.80619
4,127,360.78024,370.80684
4,128,360.80365,370.80748
4,129,360.82654,370.80813
4,130,360.84885,370.80877
4,131,360.8706,370.80942
4,132,360.8917,370.81006
4,133,360.91208,370.81071
4,134,360.9317,370.81135
4,135,360.95047,370.812
4,136,360.9684,370.8126
4,137,360.9854,370.81313
4,138,361.00143,370.8136
4,139,361.01648,370.814
4,140,361.03046,370.81436
4,141,361.04346,370.81467
4,142,361.05545,370.81496
4,143,361.06662,370.81523
4,144,361.07703,370.81548
4,145,361.08688,370.81573
4,146,361.09628,370.81599
4,147,361.10538,370.81626
4,148,361.11435,370.81655
4,149,361.12332,370.81688
4,150,361.13242,370.81726
4,151,361.14185,370.81768
4,152,361.15167,370.81816
4,153,361.16214,370.81872
4,154,361.17328,370.81935
4,155,361.18536,370.82007
4,156,361.1985,370.82089
4,157,361.21274,370.82181
4,158,361.22836,370.82285
4,159,361.24542,370.82401
4,160,361.2641,370.8253
4,161,361.28458,370.82674
4,162,361.30698,370.82833
4,163,361.33142,370.83008
4,164,361.35803,370.832
4,165,361.38702,370.84339
4,166,361.41873,370.87294
4,167,361.4538,370.91975
4,168,361.49323,370.9829
4,169,361.5381,371.06149
4,170,361.58966,371.15462
4,171,361.64923,371.26137
4,172,361.71802,371.38084
4,173,361.7964,371.51211
4,174,361.88373,371.65429
4,175,361.97958,371.80647
4,176,362.08334,371.96773
4,177,362.19455,372.13718
4,178,362.31262,372.31389
4,179,362.437,372.49698
4,180,362.5672,372.68552
4,181,362.70267,372.87861
4,182,362.84283,373.07535
4,183,362.98718,373.27482
4,184,363.13522,373.47613
4,185,363.28635,373.67835
4,186,363.44012,373.88059
4,187,363.59595,374.08193
4,188,363.7533,374.28148
4,189,363.91165,374.47832
4,190,364.07053,374.67154
4,191,364.22937,374.86024
4,192,364.38763,375.04351
4,193,364.54486,375.22044
4,194,364.70047,375.39013
4,195,364.85397,375.55167
4,196,365.00488,375.70884000000007
4,197,365.15277,375.86604
4,198,365.29745,376.02327
4,199,365.43893,376.18053
4,200,365.57742,376.3378000000001
4,201,365.7134,376.4951
4,202,365.84753,376.65242
4,203,365.9806,376.80975
4,204,366.11304,376.9671
4,205,366.24493,377.12446
4,206,366.37628,377.28184
4,207,366.50714,377.43922
4,208,366.6375,377.59661000000006
4,209,366.76743,377.754
4,210,366.8969,377.9114
4,211,367.02594,378.0688
4,212,367.15463,378.2262
4,213,367.28296,378.38359
4,214,367.41098,378.54098
4,215,367.5387,378.69836
4,216,367.6661,378.85573
4,217,367.79324,379.01309
4,218,367.92023,379.17044
4,219,368.04694,379.32777
4,220,368.17355,379.48509
4,221,368.29996,379.64238
4,222,368.42627,379.79966
4,223,368.55246,379.95691
4,224,368.6786,380.11413
4,225,368.80472,380.27133
4,226,368.93076,380.43109
4,227,369.0569,380.59562
4,228,369.18335,380.76438
4,229,369.31042,380.93682
4,230,369.4386,381.11241
4,231,369.5684,381.29058
4,232,369.7003,381.47081
4,233,369.83487,381.65253000000007
4,234,369.9722,381.83521
4,235,370.11182,382.0183
4,236,370.25336,382.20125
4,237,370.39636,382.38352
4,238,370.54037,382.56456
4,239,370.68503,382.74383
4,240,370.82993,382.92077
4,241,370.97458,383.09485
4,242,371.11862,383.26552
4,243,371.26163,383.43224
4,244,371.40323,383.59444
4,245,371.5429,383.7516
4,246,371.68042,383.90317
4,247,371.8152,384.04859
4,248,371.94687,384.18733
4,249,372.07516,384.31883
4,250,372.1995,384.44256
4,251,372.3196,384.55796
4,252,372.435,384.66449
4,253,372.54532,384.76161
4,254,372.65018,384.84876
4,255,372.7491,384.92541
4,256,372.8418,384.991
4,257,372.9278,385.0479
4,258,373.00677,385.09885
4,259,373.07858,385.14384
4,260,373.14328,385.18286
4,261,373.20102,385.21593
4,262,373.25223,385.24304
4,263,373.29755,385.26419
4,264,373.3378,385.27939
4,265,373.37347,385.28862
4,266,373.40454,385.29189
4,267,373.4311,385.28921
4,268,373.45312,385.28056
4,269,373.47073,385.26596
4,270,373.48386,385.2454
4,271,373.49255,385.21888
4,272,373.4969,385.1864
4,273,373.49683,385.14796
4,274,373.49243,385.10356
4,275,373.48373,385.05321
4,276,373.47073,384.99689
4,277,373.4535,384.93462
4,278,373.43198,384.86639
4,279,373.40628,384.79219
4,280,373.37634,384.71204
4,281,373.3423,384.62593
4,282,373.30402,384.53386
4,283,373.26166,384.43584
4,284,373.21515,384.33185
4,285,373.16458,384.2219
5,0,352.88367,359.5727
5,1,352.91287,359.61023
5,2,352.94208,359.64922
5,3,352.97134,359.6898
5,4,353.0008,359.73213
5,5,353.0304,359.77636
5,6,353.06024,359.82265
5,7,353.0904,359.87115
5,8,353.12082,359.922
5,9,353.1516,359.97536
5,10,353.18283,360.03138
5,11,353.21454,360.09021
5,12,353.24677,360.152
5,13,353.2795,360.2221
5,14,353.31305,360.30532
5,15,353.34763,360.40099
5,16,353.38382,360.50846
5,17,353.4222,360.62707
5,18,353.4634,360.75615
5,19,353.50803,360.89506
5,20,353.55664,361.04313
5,21,353.60938,361.1997
5,22,353.66605,361.36412
5,23,353.72632,361.53572
5,24,353.79,361.71384
5,25,353.85687,361.89784
5,26,353.92664,362.08704
5,27,353.99908,362.28079
5,28,354.0739,362.47843
5,29,354.15094,362.67931
5,30,354.2299,362.88276
5,31,354.31052,363.08812
5,32,354.3926,363.29474
5,33,354.4759,363.50196
5,34,354.56012,363.70911
5,35,354.64505,363.91554
5,36,354.73047,364.1206
5,37,354.81613,364.32361
5,38,354.90173,364.52393
5,39,354.98712,364.72089
5,40,355.072,364.91384
5,41,355.15616,365.10211
5,42,355.23932,365.28505
5,43,355.3213,365.462
5,44,355.40176,365.64163
5,45,355.48077,365.83226
5,46,355.55853,366.03268
5,47,355.63562,366.2417
5,48,355.7128,366.45813
5,49,355.791,366.68076
5,50,355.8712,366.9084
5,51,355.95435,367.13985
5,52,356.04074,367.37391
5,53,356.13004,367.60938
5,54,356.22162,367.84508
5,55,356.31516,368.07979
5,56,356.41016,368.31233
5,57,356.50613,368.54149
5,58,356.60278,368.76608
5,59,356.6995,368.9849
5,60,356.7959,369.19676
5,61,356.89157,369.40045
5,62,356.98602,369.59477
5,63,357.07886,369.77854
5,64,357.16962,369.95055
5,65,357.25784,370.10961
5,66,357.3431,370.25451
5,67,357.425,370.38407
5,68,357.50302,370.49708
5,69,357.5768,370.59234
5,70,357.64584,370.66866
5,71,357.70975,370.72484
5,72,357.76807,370.75969
5,73,357.82034,370.772
5,74,357.86615,370.77265
5,75,357.90527,370.77329
5,76,357.93787,370.77394
5,77,357.9644,370.77458
5,78,357.98587,370.77523
5,79,358.00354,370.77587
5,80,358.01895,370.77652
5,81,358.03397,370.77716
5,82,358.04944,370.77781
5,83,358.0654,370.77845
5,84,358.08182,370.7791
5,85,358.09866,370.77974
5,86,358.11594,370.78039
5,87,358.13364,370.78103
5,88,358.15164,370.78168
5,89,358.1701,370.78232
5,90,358.18887,370.78297
5,91,358.20798,370.78361
5,92,358.2274,370.78426
5,93,358.24707,370.7849
5,94,358.26706,370.78555
5,95,358.28726,370.78619
5,96,358.30774,370.78684
5,97,358.3284,370.78748
5,98,358.3493,370.78813
5,99,358.37036,370.78877
5,100,358.39157,370.78942
5,101,358.41293,370.79006
5,102,358.43442,370.79071
5,103,358.45602,370.79135
5,104,358.4777,370.792
5,105,358.49945,370.79265
5,106,358.5212,370.79329
5,107,358.54303,370.79394
5,108,358.56476,370.79458
5,109,358.58643,370.79523
5,110,358.60797,370.79587
5,111,358.6295,370.79652
5,112,358.65097,370.79716
5,113,358.6724,370.79781
5,114,358.6938,370.79845
5,115,358.71515,370.7991
5,116,358.73642,370.79974
5,117,358.75763,370.80039
5,118,358.7787,370.80103
5,119,358.79962,370.80168
5,120,358.82047,370.80232
5,121,358.84116,370.80297
5,122,358.86163,370.80361
5,123,358.8819,370.80426
5,124,358.90204,370.8049
5,125,358.9219,370.80555
5,126,358.94153,370.80619
5,127,358.9609,370.80684
5,128,358.97998,370.80748
5,129,358.99884,370.80813
5,130,359.0173,370.80877
5,131,359.0355,370.80942
5,132,359.05338,370.81006
5,133,359.07083,370.81071
5,134,359.08795,370.81135
5,135,359.10468,370.812
5,136,359.121,370.8126
5,137,359.1369,370.81313
5,138,359.15237,370.8136
5,139,359.16742,370.814
5,140,359.18198,370.81436
5,141,359.19614,370.81467
5,142,359.2099,370.81496
5,143,359.22336,370.81523
5,144,359.23657,370.81548
5,145,359.24966,370.81573
5,146,359.2627,370.81599
5,147,359.27582,370.81626
5,148,359.2891,370.81655
5,149,359.30267,370.81688
5,150,359.3166,370.81726
5,151,359.33096,370.81768
5,152,359.34595,370.81816
5,153,359.36163,370.81872
5,154,359.37805,370.81935
5,155,359.39532,370.82007
5,156,359.4136,370.82089
5,157,359.43298,370.82181
5,158,359.4535,370.82285
5,159,359.4753,370.82401
5,160,359.49854,370.8253
5,161,359.5232,370.82674
5,162,359.54947,370.82833
5,163,359.57742,370.83008
5,164,359.60715,370.832
5,165,359.6388,370.84339
5,166,359.67258,370.87294
5,167,359.70898,370.91975
5,168,359.74887,370.9829
5,169,359.79324,371.06149
5,170,359.84314,371.15462
5,171,359.89972,371.26137
5,172,359.96426,371.38084
5,173,360.03702,371.51211
5,174,360.11755,371.65429
5,175,360.2054,371.80647
5,176,360.30026,371.96773
5,177,360.4015,372.13718
5,178,360.50876,372.31389
5,179,360.6216,372.49698
5,180,360.73956,372.68552
5,181,360.86218,372.87861
5,182,360.98907,373.07535
5,183,361.11972,373.27482
5,184,361.2537,373.47613
5,185,361.3906,373.67835
5,186,361.52994,373.88059
5,187,361.6713,374.08193
5,188,361.81418,374.28148
5,189,361.95825,374.47832
5,190,362.103,374.67154
5,191,362.248,374.86024
5,192,362.39282,375.04351
5,193,362.53702,375.22044
5,194,362.68015,375.39013
5,195,362.8218,375.55167
5,196,362.96152,375.70884000000007
5,197,363.0989,375.86604
5,198,363.2338,376.02327
5,199,363.3661,376.18053
5,200,363.49597,376.3378000000001
5,201,363.62375,376.4951
5,202,363.74997,376.65242
5,203,363.87524,376.80975
5,204,364.00012,376.9671
5,205,364.1245,377.12446
5,206,364.24847,377.28184
5,207,364.372,377.43922
5,208,364.49518,377.59661000000006
5,209,364.61804,377.754
5,210,364.74054,377.9114
5,211,364.8627,378.0688
5,212,364.98465,378.2262
5,213,365.1063,378.38359
5,214,365.22772,378.54098
5,215,365.34894,378.69836
5,216,365.46997,378.85573
5,217,365.59085,379.01309
5,218,365.7116,379.17044
5,219,365.83228,379.32777
5,220,365.95282,379.48509
5,221,366.07333,379.64238
5,222,366.19376,379.79966
5,223,366.31424,379.95691
5,224,366.43472,380.11413
5,225,366.55524,380.27133
5,226,366.67584,380.43109
5,227,366.7965,380.59562
5,228,366.91724,380.76438
5,229,367.03824,380.93682
5,230,367.1597,381.11241
5,231,367.2818,381.29058
5,232,367.405,381.47081
5,233,367.52966,381.65253000000007
5,234,367.6559,381.83521
5,235,367.78348,382.0183
5,236,367.9121,382.20125
5,237,368.0416,382.38352
5,238,368.17166,382.56456
5,239,368.3021,382.74383
5,240,368.43265,382.92077
5,241,368.56314,383.09485
5,242,368.69324,383.26552
5,243,368.82275,383.43224
5,244,368.9515,383.59444
5,245,369.07916,383.7516
5,246,369.20557,383.90317
5,247,369.3305,384.04859
5,248,369.45367,384.18733
5,249,369.57492,384.31883
5,250,369.694,384.44256
5,251,369.81067,384.55796
5,252,369.9247,384.66449
5,253,370.03595,384.76161
5,254,370.14407,384.84876
5,255,370.2489,384.92541
5,256,370.35022,384.991
5,257,370.44775,385.0479
5,258,370.54132,385.09885
5,259,370.63074,385.14384
5,260,370.71576,385.18286
5,261,370.79645,385.21593
5,262,370.8731,385.24304
5,263,370.9459,385.26419
5,264,371.0155,385.27939
5,265,371.08228,385.28862
5,266,371.14618,385.29189
5,267,371.20724,385.28921
5,268,371.26556,385.28056
5,269,371.32114,385.26596
5,270,371.374,385.2454
5,271,371.4242,385.21888
5,272,371.47168,385.1864
5,273,371.51657,385.14796
5,274,371.5588,385.10356
5,275,371.59848,385.05321
5,276,371.6356,384.99689
5,277,371.67014,384.93462
5,278,371.70218,384.86639
5,279,371.73172,384.79219
5,280,371.75876,384.71204
5,281,371.78336,384.62593
5,282,371.8055,384.53386
5,283,371.82523,384.43584
5,284,371.84256,384.33185
5,285,371.85745,384.2219
6,0,356.28412,359.5727
6,1,356.31244,359.61023
6,2,356.3411,359.64922
6,3,356.37018,359.6898
6,4,356.39972,359.73213
6,5,356.4298,359.77636
6,6,356.4605,359.82265
6,7,356.49188,359.87115
6,8,356.52402,359.922
6,9,356.557,359.97536
6,10,356.5908,360.03138
6,11,356.6256,360.09021
6,12,356.66138,360.152
6,13,356.6983,360.2221
6,14,356.7365,360.30532
6,15,356.7766,360.40099
6,16,356.81927,360.50846
6,17,356.8654,360.62707
6,18,356.91592,360.75615
6,19,356.97174,360.89506
6,20,357.03384,361.04313
6,21,357.10236,361.1997
6,22,357.17694,361.36412
6,23,357.25717,361.53572
6,24,357.34274,361.71384
6,25,357.43323,361.89784
6,26,357.52817,362.08704
6,27,357.6273,362.28079
6,28,357.73013,362.47843
6,29,357.83633,362.67931
6,30,357.94556,362.88276
6,31,358.05734,363.08812
6,32,358.17136,363.29474
6,33,358.2872,363.50196
6,34,358.4045,363.70911
6,35,358.5229,363.91554
6,36,358.64194,364.1206
6,37,358.76135,364.32361
6,38,358.88065,364.52393
6,39,358.9995,364.72089
6,40,359.11758,364.91384
6,41,359.23444,365.10211
6,42,359.3497,365.28505
6,43,359.46307,365.462
6,44,359.5741,365.64163
6,45,359.68265,365.83226
6,46,359.78918,366.03268
6,47,359.8944,366.2417
6,48,359.9994,366.45813
6,49,360.10544,366.68076
6,50,360.21405,366.9084
6,51,360.32675,367.13985
6,52,360.444,367.37391
6,53,360.56512,367.60938
6,54,360.68954,367.84508
6,55,360.81653,368.07979
6,56,360.94553,368.31233
6,57,361.0758,368.54149
6,58,361.20682,368.76608
6,59,361.3379,368.9849
6,60,361.46835,369.19676
6,61,361.5976,369.40045
6,62,361.72498,369.59477
6,63,361.8499,369.77854
6,64,361.97174,369.95055
6,65,362.0898,370.10961
6,66,362.20352,370.25451
6,67,362.31226,370.38407
6,68,362.41537,370.49708
6,69,362.5122,370.59234
6,70,362.60223,370.66866
6,71,362.68472,370.72484
6,72,362.75912,370.75969
6,73,362.8248,370.772
6,74,362.8811,370.77265
6,75,362.92767,370.77329
6,76,362.9647,370.77394
6,77,362.99295,370.77458
6,78,363.01358,370.77523
6,79,363.02838,370.77587
6,80,363.0396,370.77652
6,81,363.0499,370.77716
6,82,363.06055,370.77781
6,83,363.07156,370.77845
6,84,363.08298,370.7791
6,85,363.09476,370.77974
6,86,363.10684,370.78039
6,87,363.11926,370.78103
6,88,363.13202,370.78168
6,89,363.145,370.78232
6,90,363.1583,370.78297
6,91,363.17184,370.78361
6,92,363.18564,370.78426
6,93,363.19965,370.7849
6,94,363.2139,370.78555
6,95,363.22827,370.78619
6,96,363.24286,370.78684
6,97,363.25763,370.78748
6,98,363.27252,370.78813
6,99,363.28757,370.78877
6,100,363.3027,370.78942
6,101,363.31796,370.79006
6,102,363.33328,370.79071
6,103,363.3487,370.79135
6,104,363.3641,370.792
6,105,363.3796,370.79265
6,106,363.3951,370.79329
6,107,363.41052,370.79394
6,108,363.42578,370.79458
6,109,363.44086,370.79523
6,110,363.45575,370.79587
6,111,363.47043,370.79652
6,112,363.48492,370.79716
6,113,363.49933,370.79781
6,114,363.51355,370.79845
6,115,363.52768,370.7991
6,116,363.54166,370.79974
6,117,363.55548,370.80039
6,118,363.56918,370.80103
6,119,363.5828,370.80168
6,120,363.59622,370.80232
6,121,363.60956,370.80297
6,122,363.62274,370.80361
6,123,363.6358,370.80426
6,124,363.6487,370.8049
6,125,363.66153,370.80555
6,126,363.6742,370.80619
6,127,363.68677,370.80684
6,128,363.6992,370.80748
6,129,363.71152,370.80813
6,130,363.7237,370.80877
6,131,363.73575,370.80942
6,132,363.7477,370.81006
6,133,363.75955,370.81071
6,134,363.77127,370.81135
6,135,363.78287,370.812
6,136,363.79434,370.8126
6,137,363.80573,370.81313
6,138,363.817,370.8136
6,139,363.82816,370.814
6,140,363.83917,370.81436
6,141,363.85004,370.81467
6,142,363.86087,370.81496
6,143,363.87155,370.81523
6,144,363.88226,370.81548
6,145,363.89294,370.81573
6,146,363.90375,370.81599
6,147,363.91467,370.81626
6,148,363.92578,370.81655
6,149,363.93716,370.81688
6,150,363.94882,370.81726
6,151,363.96085,370.81768
6,152,363.97327,370.81816
6,153,363.9862,370.81872
6,154,363.99966,370.81935
6,155,364.01373,370.82007
6,156,364.0284,370.82089
6,157,364.0438,370.82181
6,158,364.05997,370.82285
6,159,364.0769,370.82401
6,160,364.09476,370.8253
6,161,364.1135,370.82674
6,162,364.13324,370.82833
6,163,364.154,370.83008
6,164,364.17584,370.832
6,165,364.19882,370.84339
6,166,364.22327,370.87294
6,167,364.24976,370.91975
6,168,364.27933,370.9829
6,169,364.31326,371.06149
6,170,364.35315,371.15462
6,171,364.4007,371.26137
6,172,364.45755,371.38084
6,173,364.52448,371.51211
6,174,364.60083,371.65429
6,175,364.6861,371.80647
6,176,364.7797,371.96773
6,177,364.88107,372.13718
6,178,364.98972,372.31389
6,179,365.10504,372.49698
6,180,365.22656,372.68552
6,181,365.3536,372.87861
6,182,365.48575,373.07535
6,183,365.62234,373.27482
6,184,365.76294,373.47613
6,185,365.9069,373.67835
6,186,366.0537,373.88059
6,187,366.20282,374.08193
6,188,366.35376,374.28148
6,189,366.50586,374.47832
6,190,366.65866,374.67154
6,191,366.8116,374.86024
6,192,366.9642,375.04351
6,193,367.1158,375.22044
6,194,367.266,375.39013
6,195,367.41415,375.55167
6,196,367.55978,375.70884000000007
6,197,367.70245,375.86604
6,198,367.8419,376.02327
6,199,367.97797,376.18053
6,200,368.11105,376.3378000000001
6,201,368.24152,376.4951
6,202,368.3701,376.65242
6,203,368.4978,376.80975
6,204,368.62518,376.9671
6,205,368.75226,377.12446
6,206,368.879,377.28184
6,207,369.00543,377.43922
6,208,369.13165,377.59661000000006
6,209,369.25763,377.754
6,210,369.38333,377.9114
6,211,369.50888,378.0688
6,212,369.6342,378.2262
6,213,369.75934,378.38359
6,214,369.88434,378.54098
6,215,370.00916,378.69836
6,216,370.13388,378.85573
6,217,370.2585,379.01309
6,218,370.383,379.17044
6,219,370.50748,379.32777
6,220,370.63187,379.48509
6,221,370.75626,379.64238
6,222,370.88055,379.79966
6,223,371.0049,379.95691
6,224,371.12924,380.11413
6,225,371.25363,380.27133
6,226,371.37802,380.43109
6,227,371.5025,380.59562
6,228,371.627,380.76438
6,229,371.7517,380.93682
6,230,371.87668,381.11241
6,231,372.00235,381.29058
6,232,372.12915,381.47081
6,233,372.25763,381.65253000000007
6,234,372.38785,381.83521
6,235,372.51956,382.0183
6,236,372.65253,382.20125
6,237,372.78644,382.38352
6,238,372.92105,382.56456
6,239,373.05603,382.74383
6,240,373.19116,382.92077
6,241,373.3262,383.09485
6,242,373.46082,383.26552
6,243,373.59476,383.43224
6,244,373.7278,383.59444
6,245,373.85968,383.7516
6,246,373.9901,383.90317
6,247,374.1188,384.04859
6,248,374.24554,384.18733
6,249,374.37006,384.31883
6,250,374.49213,384.44256
6,251,374.61142,384.55796
6,252,374.72772,384.66449
6,253,374.8408,384.76161
6,254,374.95035,384.84876
6,255,375.05615,384.92541
6,256,375.15793,384.991
6,257,375.25546,385.0479
6,258,375.34842,385.09885
6,259,375.43658,385.14384
6,260,375.5197,385.18286
6,261,375.5979,385.21593
6,262,375.67133,385.24304
6,263,375.7405,385.26419
6,264,375.806,385.27939
6,265,375.8683,385.28862
6,266,375.92737,385.29189
6,267,375.9833,385.28921
6,268,376.0361,385.28056
6,269,376.08585,385.26596
6,270,376.13254,385.2454
6,271,376.17618,385.21888
6,272,376.2168,385.1864
6,273,376.2545,385.14796
6,274,376.2892,385.10356
6,275,376.32108,385.05321
6,276,376.35007,384.99689
6,277,376.3762,384.93462
6,278,376.39954,384.86639
6,279,376.42007,384.79219
6,280,376.43784,384.71204
6,281,376.45288,384.62593
6,282,376.46524,384.53386
6,283,376.4749,384.43584
6,284,376.48193,384.33185
6,285,376.48633,384.2219
7,0,353.7873,359.5727
7,1,353.80173,359.61023
7,2,353.81638,359.64922
7,3,353.83118,359.6898
7,4,353.84628,359.73213
7,5,353.8617,359.77636
7,6,353.87747,359.82265
7,7,353.89368,359.87115
7,8,353.91037,359.922
7,9,353.92755,359.97536
7,10,353.94534,360.03138
7,11,353.9638,360.09021
7,12,353.9829,360.152
7,13,354.00275,360.2221
7,14,354.02347,360.30532
7,15,354.04535,360.40099
7,16,354.0687,360.50846
7,17,354.094,360.62707
7,18,354.12177,360.75615
7,19,354.15244,360.89506
7,20,354.18668,361.04313
7,21,354.22455,361.1997
7,22,354.26587,361.36412
7,23,354.31042,361.53572
7,24,354.358,361.71384
7,25,354.40836,361.89784
7,26,354.46133,362.08704
7,27,354.51666,362.28079
7,28,354.57413,362.47843
7,29,354.63348,362.67931
7,30,354.6946,362.88276
7,31,354.7572,363.08812
7,32,354.82108,363.29474
7,33,354.88605,363.50196
7,34,354.95184,363.70911
7,35,355.01828,363.91554
7,36,355.08517,364.1206
7,37,355.15225,364.32361
7,38,355.21936,364.52393
7,39,355.28622,364.72089
7,40,355.35266,364.91384
7,41,355.4185,365.10211
7,42,355.48343,365.28505
7,43,355.54733,365.462
7,44,355.61,365.64163
7,45,355.6713,365.83226
7,46,355.73135,366.03268
7,47,355.7906,366.2417
7,48,355.84952,366.45813
7,49,355.90875,366.68076
7,50,355.96912,366.9084
7,51,356.0316,367.13985
7,52,356.09647,367.37391
7,53,356.1634,367.60938
7,54,356.23206,367.84508
7,55,356.30215,368.07979
7,56,356.3733,368.31233
7,57,356.44525,368.54149
7,58,356.51758,368.76608
7,59,356.59,368.9849
7,60,356.66226,369.19676
7,61,356.73392,369.40045
7,62,356.80472,369.59477
7,63,356.87436,369.77854
7,64,356.94244,369.95055
7,65,357.0087,370.10961
7,66,357.0728,370.25451
7,67,357.13446,370.38407
7,68,357.19324,370.49708
7,69,357.249,370.59234
7,70,357.30127,370.66866
7,71,357.34976,370.72484
7,72,357.39423,370.75969
7,73,357.43423,370.772
7,74,357.4696,370.77265
7,75,357.50003,370.77329
7,76,357.52567,370.77394
7,77,357.54694,370.77458
7,78,357.5645,370.77523
7,79,357.57925,370.77587
7,80,357.59238,370.77652
7,81,357.60538,370.77716
7,82,357.619,370.77781
7,83,357.6332,370.77845
7,84,357.64807,370.7791
7,85,357.66348,370.77974
7,86,357.6794,370.78039
7,87,357.69586,370.78103
7,88,357.71277,370.78168
7,89,357.73016,370.78232
7,90,357.74802,370.78297
7,91,357.76624,370.78361
7,92,357.78482,370.78426
7,93,357.80377,370.7849
7,94,357.82303,370.78555
7,95,357.84262,370.78619
7,96,357.86246,370.78684
7,97,357.88257,370.78748
7,98,357.90286,370.78813
7,99,357.92337,370.78877
7,100,357.94403,370.78942
7,101,357.96487,370.79006
7,102,357.98578,370.79071
7,103,358.00677,370.79135
7,104,358.02786,370.792
7,105,358.04895,370.79265
7,106,358.07007,370.79329
7,107,358.09116,370.79394
7,108,358.11215,370.79458
7,109,358.13306,370.79523
7,110,358.1538,370.79587
7,111,358.17444,370.79652
7,112,358.1949,370.79716
7,113,358.21524,370.79781
7,114,358.2354,370.79845
7,115,358.25546,370.7991
7,116,358.27533,370.79974
7,117,358.295,370.80039
7,118,358.31454,370.80103
7,119,358.33383,370.80168
7,120,358.35303,370.80232
7,121,358.37195,370.80297
7,122,358.39072,370.80361
7,123,358.4092,370.80426
7,124,358.42755,370.8049
7,125,358.44568,370.80555
7,126,358.46356,370.80619
7,127,358.4812,370.80684
7,128,358.4986,370.80748
7,129,358.51578,370.80813
7,130,358.53268,370.80877
7,131,358.54938,370.80942
7,132,358.56577,370.81006
7,133,358.58188,370.81071
7,134,358.59775,370.81135
7,135,358.6133,370.812
7,136,358.62857,370.8126
7,137,358.6436,370.81313
7,138,358.65826,370.8136
7,139,358.67267,370.814
7,140,358.6868,370.81436
7,141,358.70065,370.81467
7,142,358.7143,370.81496
7,143,358.72778,370.81523
7,144,358.74118,370.81548
7,145,358.75458,370.81573
7,146,358.76797,370.81599
7,147,358.78156,370.81626
7,148,358.79535,370.81655
7,149,358.80945,370.81688
7,150,358.82388,370.81726
7,151,358.83878,370.81768
7,152,358.85416,370.81816
7,153,358.87015,370.81872
7,154,358.88684,370.81935
7,155,358.90424,370.82007
7,156,358.92245,370.82089
7,157,358.94162,370.82181
7,158,358.96167,370.82285
7,159,358.98282,370.82401
7,160,359.00507,370.8253
7,161,359.02853,370.82674
7,162,359.05328,370.82833
7,163,359.07935,370.83008
7,164,359.10684,370.832
7,165,359.13586,370.84339
7,166,359.1665,370.87294
7,167,359.19928,370.91975
7,168,359.23465,370.9829
7,169,359.27338,371.06149
7,170,359.31622,371.15462
7,171,359.36407,371.26137
7,172,359.41794,371.38084
7,173,359.47815,371.51211
7,174,359.54428,371.65429
7,175,359.61606,371.80647
7,176,359.69315,371.96773
7,177,359.77518,372.13718
7,178,359.8618,372.31389
7,179,359.95264,372.49698
7,180,360.0474,372.68552
7,181,360.14572,372.87861
7,182,360.24728,373.07535
7,183,360.35165,373.27482
7,184,360.4586,373.47613
7,185,360.56772,373.67835
7,186,360.6787,373.88059
7,187,360.7912,374.08193
7,188,360.90485,374.28148
7,189,361.0193,374.47832
7,190,361.13425,374.67154
7,191,361.24936,374.86024
7,192,361.3643,375.04351
7,193,361.47867,375.22044
7,194,361.59225,375.39013
7,195,361.7046,375.55167
7,196,361.81546,375.70884000000007
7,197,361.92453,375.86604
7,198,362.0316,376.02327
7,199,362.13666,376.18053
7,200,362.2398,376.3378000000001
7,201,362.34128,376.4951
7,202,362.44144,376.65242
7,203,362.54083,376.80975
7,204,362.6398,376.9671
7,205,362.73834,377.12446
7,206,362.83652,377.28184
7,207,362.93436,377.43922
7,208,363.0319,377.59661000000006
7,209,363.12912,377.754
7,210,363.2261,377.9114
7,211,363.3228,378.0688
7,212,363.41937,378.2262
7,213,363.5157,378.38359
7,214,363.61188,378.54098
7,215,363.70795,378.69836
7,216,363.80396,378.85573
7,217,363.89984,379.01309
7,218,363.99573,379.17044
7,219,364.0916,379.32777
7,220,364.18747,379.48509
7,221,364.2834,379.64238
7,222,364.3794,379.79966
7,223,364.4755,379.95691
7,224,364.57175,380.11413
7,225,364.66812,380.27133
7,226,364.76465,380.43109
7,227,364.86145,380.59562
7,228,364.9585,380.76438
7,229,365.05594,380.93682
7,230,365.15393,381.11241
7,231,365.25262,381.29058
7,232,365.3522,381.47081
7,233,365.4529,381.65253000000007
7,234,365.55478,381.83521
7,235,365.6576,382.0183
7,236,365.7611,382.20125
7,237,365.86517,382.38352
7,238,365.96957,382.56456
7,239,366.0741,382.74383
7,240,366.17856,382.92077
7,241,366.28275,383.09485
7,242,366.38644,383.26552
7,243,366.4895,383.43224
7,244,366.59174,383.59444
7,245,366.69284,383.7516
7,246,366.79276,383.90317
7,247,366.89117,384.04859
7,248,366.98795,384.18733
7,249,367.08292,384.31883
7,250,367.17584,384.44256
7,251,367.2665,384.55796
7,252,367.3548,384.66449
7,253,367.44046,384.76161
7,254,367.52332,384.84876
7,255,367.60315,384.92541
7,256,367.67978,384.991
7,257,367.75305,385.0479
7,258,367.82272,385.09885
7,259,367.8887,385.14384
7,260,367.9509,385.18286
7,261,368.00934,385.21593
7,262,368.06412,385.24304
7,263,368.11557,385.26419
7,264,368.16394,385.27939
7,265,368.20956,385.28862
7,266,368.2525,385.29189
7,267,368.29276,385.28921
7,268,368.33047,385.28056
7,269,368.36563,385.26596
7,270,368.39835,385.2454
7,271,368.42868,385.21888
7,272,368.45667,385.1864
7,273,368.4824,385.14796
7,274,368.5059,385.10356
7,275,368.52722,385.05321
7,276,368.54645,384.99689
7,277,368.56363,384.93462
7,278,368.57883,384.86639
7,279,368.59207,384.79219
7,280,368.6035,384.71204
7,281,368.6131,384.62593
7,282,368.62094,384.53386
7,283,368.6271,384.43584
7,284,368.6316,384.33185
7,285,368.6345,384.2219
8,0,352.19186,359.5727
8,1,352.22568,359.61023
8,2,352.2593,359.64922
8,3,352.2929,359.6898
8,4,352.32648,359.73213
8,5,352.36008,359.77636
8,6,352.39377,359.82265
8,7,352.42764,359.87115
8,8,352.46173,359.922
8,9,352.49615,359.97536
8,10,352.5309,360.03138
8,11,352.5661,360.09021
8,12,352.6018,360.152
8,13,352.638,360.2221
8,14,352.67502,360.30532
8,15,352.71323,360.40099
8,16,352.7532,360.50846
8,17,352.79556,360.62707
8,18,352.841,360.75615
8,19,352.8902,360.89506
8,20,352.94363,361.04313
8,21,353.0015,361.1997
8,22,353.06348,361.36412
8,23,353.1294,361.53572
8,24,353.19894,361.71384
8,25,353.2719,361.89784
8,26,353.34805,362.08704
8,27,353.42703,362.28079
8,28,353.50873,362.47843
8,29,353.5928,362.67931
8,30,353.67902,362.88276
8,31,353.76712,363.08812
8,32,353.85687,363.29474
8,33,353.94806,363.50196
8,34,354.04037,363.70911
8,35,354.1336,363.91554
8,36,354.22748,364.1206
8,37,354.32178,364.32361
8,38,354.41623,364.52393
8,39,354.51056,364.72089
8,40,354.60458,364.91384
8,41,354.698,365.10211
8,42,354.7906,365.28505
8,43,354.8821,365.462
8,44,354.97226,365.64163
8,45,355.0611,365.83226
8,46,355.14896,366.03268
8,47,355.23645,366.2417
8,48,355.32446,366.45813
8,49,355.4139,366.68076
8,50,355.50592,366.9084
8,51,355.60147,367.13985
8,52,355.70078,367.37391
8,53,355.8033,367.60938
8,54,355.90866,367.84508
8,55,356.01614,368.07979
8,56,356.1253,368.31233
8,57,356.23566,368.54149
8,58,356.34662,368.76608
8,59,356.45776,368.9849
8,60,356.56848,369.19676
8,61,356.67828,369.40045
8,62,356.78665,369.59477
8,63,356.89307,369.77854
8,64,356.99704,369.95055
8,65,357.09805,370.10961
8,66,357.1956,370.25451
8,67,357.2891,370.38407
8,68,357.37814,370.49708
8,69,357.4622,370.59234
8,70,357.54068,370.66866
8,71,357.6131,370.72484
8,72,357.67902,370.75969
8,73,357.73788,370.772
8,74,357.78918,370.77265
8,75,357.83264,370.77329
8,76,357.8684,370.77394
8,77,357.89722,370.77458
8,78,357.9201,370.77523
8,79,357.9385,370.77587
8,80,357.95428,370.77652
8,81,357.9694,370.77716
8,82,357.98486,370.77781
8,83,358.00076,370.77845
8,84,358.01706,370.7791
8,85,358.03372,370.77974
8,86,358.05072,370.78039
8,87,358.06808,370.78103
8,88,358.08575,370.78168
8,89,358.1037,370.78232
8,90,358.12198,370.78297
8,91,358.14056,370.78361
8,92,358.1594,370.78426
8,93,358.17847,370.7849
8,94,358.19778,370.78555
8,95,358.21732,370.78619
8,96,358.2371,370.78684
8,97,358.25705,370.78748
8,98,358.2772,370.78813
8,99,358.2975,370.78877
8,100,358.31796,370.78942
8,101,358.33856,370.79006
8,102,358.35928,370.79071
8,103,358.3802,370.79135
8,104,358.40112,370.792
8,105,358.42215,370.79265
8,106,358.44324,370.79329
8,107,358.46432,370.79394
8,108,358.4854,370.79458
8,109,358.50644,370.79523
8,110,358.52747,370.79587
8,111,358.54852,370.79652
8,112,358.56973,370.79716
8,113,358.59106,370.79781
8,114,358.6125,370.79845
8,115,358.63406,370.7991
8,116,358.6556,370.79974
8,117,358.67725,370.80039
8,118,358.69882,370.80103
8,119,358.72037,370.80168
8,120,358.74185,370.80232
8,121,358.7632,370.80297
8,122,358.78445,370.80361
8,123,358.80557,370.80426
8,124,358.82645,370.8049
8,125,358.8471,370.80555
8,126,358.86752,370.80619
8,127,358.88766,370.80684
8,128,358.9075,370.80748
8,129,358.92697,370.80813
8,130,358.94608,370.80877
8,131,358.96478,370.80942
8,132,358.98303,370.81006
8,133,359.00085,370.81071
8,134,359.01816,370.81135
8,135,359.0349,370.812
8,136,359.0512,370.8126
8,137,359.06683,370.81313
8,138,359.08188,370.8136
8,139,359.09628,370.814
8,140,359.11008,370.81436
8,141,359.1232,370.81467
8,142,359.13577,370.81496
8,143,359.1478,370.81523
8,144,359.15942,370.81548
8,145,359.17075,370.81573
8,146,359.18192,370.81599
8,147,359.193,370.81626
8,148,359.20416,370.81655
8,149,359.21545,370.81688
8,150,359.22708,370.81726
8,151,359.2391,370.81768
8,152,359.25162,370.81816
8,153,359.2648,370.81872
8,154,359.27875,370.81935
8,155,359.29358,370.82007
8,156,359.3094,370.82089
8,157,359.3263,370.82181
8,158,359.34445,370.82285
8,159,359.36395,370.82401
8,160,359.3849,370.8253
8,161,359.4074,370.82674
8,162,359.4316,370.82833
8,163,359.45767,370.83008
8,164,359.48563,370.832
8,165,359.51562,370.84339
8,166,359.54794,370.87294
8,167,359.58325,370.91975
8,168,359.62247,370.9829
8,169,359.66666,371.06149
8,170,359.71713,371.15462
8,171,359.7752,371.26137
8,172,359.8422,371.38084
8,173,359.91846,371.51211
8,174,360.00348,371.65429
8,175,360.09674,371.80647
8,176,360.19772,371.96773
8,177,360.30597,372.13718
8,178,360.42093,372.31389
8,179,360.5421,372.49698
8,180,360.66895,372.68552
8,181,360.80103,372.87861
8,182,360.93777,373.07535
8,183,361.07874,373.27482
8,184,361.22333,373.47613
8,185,361.37112,373.67835
8,186,361.52158,373.88059
8,187,361.6742,374.08193
8,188,361.82846,374.28148
8,189,361.98386,374.47832
8,190,362.13992,374.67154
8,191,362.29617,374.86024
8,192,362.45206,375.04351
8,193,362.6071,375.22044
8,194,362.7608,375.39013
8,195,362.9127,375.55167
8,196,363.06223,375.70884000000007
8,197,363.20908,375.86604
8,198,363.3529,376.02327
8,199,363.4937,376.18053
8,200,363.6317,376.3378000000001
8,201,363.76727,376.4951
8,202,363.90106,376.65242
8,203,364.03387,376.80975
8,204,364.16617,376.9671
8,205,364.298,377.12446
8,206,364.42935,377.28184
8,207,364.56027,377.43922
8,208,364.69073,377.59661000000006
8,209,364.8208,377.754
8,210,364.95053,377.9114
8,211,365.07986,378.0688
8,212,365.2089,378.2262
8,213,365.3376,378.38359
8,214,365.46606,378.54098
8,215,365.59418,378.69836
8,216,365.7221,378.85573
8,217,365.84982,379.01309
8,218,365.9773,379.17044
8,219,366.1046,379.32777
8,220,366.23178,379.48509
8,221,366.35883,379.64238
8,222,366.48575,379.79966
8,223,366.61258,379.95691
8,224,366.73932,380.11413
8,225,366.86606,380.27133
8,226,366.99277,380.43109
8,227,367.11942,380.59562
8,228,367.24615,380.76438
8,229,367.37305,380.93682
8,230,367.5004,381.11241
8,231,367.62866,381.29058
8,232,367.75836,381.47081
8,233,367.89005,381.65253000000007
8,234,368.02377,381.83521
8,235,368.15933,382.0183
8,236,368.29633,382.20125
8,237,368.4345,382.38352
8,238,368.57358,382.56456
8,239,368.71317,382.74383
8,240,368.8531,382.92077
8,241,368.99295,383.09485
8,242,369.13248,383.26552
8,243,369.2714,383.43224
8,244,369.4094,383.59444
8,245,369.54617,383.7516
8,246,369.6815,383.90317
8,247,369.815,384.04859
8,248,369.94644,384.18733
8,249,370.07553,384.31883
8,250,370.20197,384.44256
8,251,370.3255,384.55796
8,252,370.4458,384.66449
8,253,370.5626,384.76161
8,254,370.6756,384.84876
8,255,370.78455,384.92541
8,256,370.8892,384.991
8,257,370.98917,385.0479
8,258,371.0842,385.09885
8,259,371.17404,385.14384
8,260,371.25854,385.18286
8,261,371.33774,385.21593
8,262,371.412,385.24304
8,263,371.4817,385.26419
8,264,371.5476,385.27939
8,265,371.61017,385.28862
8,266,371.6694,385.29189
8,267,371.72528,385.28921
8,268,371.7779,385.28056
8,269,371.8272,385.26596
8,270,371.87326,385.2454
8,271,371.91605,385.21888
8,272,371.95563,385.1864
8,273,371.99197,385.14796
8,274,372.02512,385.10356
8,275,372.05505,385.05321
8,276,372.08185,384.99689
8,277,372.1054,384.93462
8,278,372.12585,384.86639
8,279,372.14316,384.79219
8,280,372.1573,384.71204
8,281,372.1683,384.62593
8,282,372.1762,384.53386
8,283,372.181,384.43584
8,284,372.18268,384.33185
8,285,372.18124,384.2219
9,0,354.09222,359.5727
9,1,354.1155,359.61023
9,2,354.13895,359.64922
9,3,354.1626,359.6898
9,4,354.1865,359.73213
9,5,354.2107,359.77636
9,6,354.2351,359.82265
9,7,354.25995,359.87115
9,8,354.28513,359.922
9,9,354.31067,359.97536
9,10,354.3367,360.03138
9,11,354.36316,360.09021
9,12,354.39014,360.152
9,13,354.41766,360.2221
9,14,354.44592,360.30532
9,15,354.47516,360.40099
9,16,354.50598,360.50846
9,17,354.53885,360.62707
9,18,354.5743,360.75615
9,19,354.6128,360.89506
9,20,354.65472,361.04313
9,21,354.7002,361.1997
9,22,354.74893,361.36412
9,23,354.80078,361.53572
9,24,354.8555,361.71384
9,25,354.9128,361.89784
9,26,354.97256,362.08704
9,27,355.03455,362.28079
9,28,355.09845,362.47843
9,29,355.16412,362.67931
9,30,355.23135,362.88276
9,31,355.2999,363.08812
9,32,355.36954,363.29474
9,33,355.44006,363.50196
9,34,355.51126,363.70911
9,35,355.58292,363.91554
9,36,355.6548,364.1206
9,37,355.7267,364.32361
9,38,355.79837,364.52393
9,39,355.86963,364.72089
9,40,355.9403,364.91384
9,41,356.0101,365.10211
9,42,356.07883,365.28505
9,43,356.1463,365.462
9,44,356.21228,365.64163
9,45,356.27676,365.83226
9,46,356.34012,366.03268
9,47,356.40286,366.2417
9,48,356.46576,366.45813
9,49,356.52954,366.68076
9,50,356.59488,366.9084
9,51,356.66254,367.13985
9,52,356.73264,367.37391
9,53,356.80478,367.60938
9,54,356.8787,367.84508
9,55,356.95395,368.07979
9,56,357.03024,368.31233
9,57,357.10718,368.54149
9,58,357.18445,368.76608
9,59,357.26172,368.9849
9,60,357.3386,369.19676
9,61,357.41476,369.40045
9,62,357.48987,369.59477
9,63,357.56357,369.77854
9,64,357.6355,369.95055
9,65,357.70538,370.10961
9,66,357.77277,370.25451
9,67,357.83743,370.38407
9,68,357.89896,370.49708
9,69,357.957,370.59234
9,70,358.01126,370.66866
9,71,358.0614,370.72484
9,72,358.10703,370.75969
9,73,358.14786,370.772
9,74,358.1835,370.77265
9,75,358.21393,370.77329
9,76,358.23938,370.77394
9,77,358.26053,370.77458
9,78,358.27835,370.77523
9,79,358.2938,370.77587
9,80,358.30798,370.77652
9,81,358.3222,370.77716
9,82,358.33694,370.77781
9,83,358.3522,370.77845
9,84,358.36798,370.7791
9,85,358.38425,370.77974
9,86,358.401,370.78039
9,87,358.41818,370.78103
9,88,358.4358,370.78168
9,89,358.45377,370.78232
9,90,358.47217,370.78297
9,91,358.49088,370.78361
9,92,358.50992,370.78426
9,93,358.52933,370.7849
9,94,358.549,370.78555
9,95,358.56894,370.78619
9,96,358.5891,370.78684
9,97,358.60953,370.78748
9,98,358.63013,370.78813
9,99,358.6509,370.78877
9,100,358.67184,370.78942
9,101,358.69296,370.79006
9,102,358.71414,370.79071
9,103,358.73544,370.79135
9,104,358.7568,370.792
9,105,358.77823,370.79265
9,106,358.79965,370.79329
9,107,358.82108,370.79394
9,108,358.84244,370.79458
9,109,358.86368,370.79523
9,110,358.8848,370.79587
9,111,358.90576,370.79652
9,112,358.92657,370.79716
9,113,358.94724,370.79781
9,114,358.9677,370.79845
9,115,358.98804,370.7991
9,116,359.00815,370.79974
9,117,359.0281,370.80039
9,118,359.04788,370.80103
9,119,359.06744,370.80168
9,120,359.0868,370.80232
9,121,359.106,370.80297
9,122,359.12494,370.80361
9,123,359.14368,370.80426
9,124,359.1622,370.8049
9,125,359.18048,370.80555
9,126,359.19858,370.80619
9,127,359.21643,370.80684
9,128,359.234,370.80748
9,129,359.25134,370.80813
9,130,359.26846,370.80877
9,131,359.2853,370.80942
9,132,359.30185,370.81006
9,133,359.31818,370.81071
9,134,359.33423,370.81135
9,135,359.34998,370.812
9,136,359.36542,370.8126
9,137,359.3806,370.81313
9,138,359.3955,370.8136
9,139,359.41016,370.814
9,140,359.42447,370.81436
9,141,359.43857,370.81467
9,142,359.45245,370.81496
9,143,359.46625,370.81523
9,144,359.47992,370.81548
9,145,359.49368,370.81573
9,146,359.50757,370.81599
9,147,359.5216,370.81626
9,148,359.5359,370.81655
9,149,359.55057,370.81688
9,150,359.56567,370.81726
9,151,359.58133,370.81768
9,152,359.59753,370.81816
9,153,359.61444,370.81872
9,154,359.63214,370.81935
9,155,359.6507,370.82007
9,156,359.67017,370.82089
9,157,359.69067,370.82181
9,158,359.71225,370.82285
9,159,359.73505,370.82401
9,160,359.7591,370.8253
9,161,359.7845,370.82674
9,162,359.8113,370.82833
9,163,359.83963,370.83008
9,164,359.86957,370.832
9,165,359.90118,370.84339
9,166,359.93475,370.87294
9,167,359.97083,370.91975
9,168,360.01016,370.9829
9,169,360.05362,371.06149
9,170,360.10205,371.15462
9,171,360.1563,371.26137
9,172,360.21698,371.38084
9,173,360.28436,371.51211
9,174,360.35797,371.65429
9,175,360.43753,371.80647
9,176,360.52258,371.96773
9,177,360.61288,372.13718
9,178,360.70798,372.31389
9,179,360.80753,372.49698
9,180,360.9112,372.68552
9,181,361.0186,372.87861
9,182,361.1293,373.07535
9,183,361.2431,373.27482
9,184,361.35953,373.47613
9,185,361.47827,373.67835
9,186,361.59894,373.88059
9,187,361.72116,374.08193
9,188,361.84464,374.28148
9,189,361.96893,374.47832
9,190,362.09375,374.67154
9,191,362.21872,374.86024
9,192,362.3434,375.04351
9,193,362.46762,375.22044
9,194,362.59088,375.39013
9,195,362.71283,375.55167
9,196,362.8332,375.70884000000007
9,197,362.95166,375.86604
9,198,363.0681,376.02327
9,199,363.18262,376.18053
9,200,363.29538,376.3378000000001
9,201,363.40662,376.4951
9,202,363.51675,376.65242
9,203,363.62625,376.80975
9,204,363.73526,376.9671
9,205,363.84387,377.12446
9,206,363.9521,377.28184
9,207,364.05997,377.43922
9,208,364.16754,377.59661000000006
9,209,364.27478,377.754
9,210,364.38168,377.9114
9,211,364.4884,378.0688
9,212,364.5949,378.2262
9,213,364.70117,378.38359
9,214,364.80728,378.54098
9,215,364.91324,378.69836
9,216,365.01907,378.85573
9,217,365.1248,379.01309
9,218,365.23044,379.17044
9,219,365.3361,379.32777
9,220,365.44168,379.48509
9,221,365.5473,379.64238
9,222,365.65292,379.79966
9,223,365.75867,379.95691
9,224,365.86444,380.11413
9,225,365.97037,380.27133
9,226,366.0764,380.43109
9,227,366.18265,380.59562
9,228,366.28912,380.76438
9,229,366.39606,380.93682
9,230,366.5035,381.11241
9,231,366.6117,381.29058
9,232,366.72067,381.47081
9,233,366.8307,381.65253000000007
9,234,366.94162,381.83521
9,235,367.05334,382.0183
9,236,367.16568,382.20125
9,237,367.27847,382.38352
9,238,367.39148,382.56456
9,239,367.50458,382.74383
9,240,367.61758,382.92077
9,241,367.73035,383.09485
9,242,367.84265,383.26552
9,243,367.9543,383.43224
9,244,368.0652,383.59444
9,245,368.17514,383.7516
9,246,368.2839,383.90317
9,247,368.39142,384.04859
9,248,368.49744,384.18733
9,249,368.6018,384.31883
9,250,368.70435,384.44256
9,251,368.8049,384.55796
9,252,368.90332,384.66449
9,253,368.99936,384.76161
9,254,369.09293,384.84876
9,255,369.1838,384.92541
9,256,369.27188,384.991
9,257,369.3569,385.0479
9,258,369.4388,385.09885
9,259,369.5175,385.14384
9,260,369.59293,385.18286
9,261,369.6652,385.21593
9,262,369.73444,385.24304
9,263,369.80084,385.26419
9,264,369.86475,385.27939
9,265,369.92633,385.28862
9,266,369.98566,385.29189
9,267,370.04276,385.28921
9,268,370.09766,385.28056
9,269,370.15045,385.26596
9,270,370.2012,385.2454
9,271,370.2499,385.21888
9,272,370.29666,385.1864
9,273,370.34146,385.14796
9,274,370.3844,385.10356
9,275,370.42557,385.05321
9,276,370.46494,384.99689
9,277,370.50253,384.93462
9,278,370.5385,384.86639
9,279,370.5729,384.79219
9,280,370.60568,384.71204
9,281,370.63693,384.62593
9,282,370.66672,384.53386
9,283,370.69513,384.43584
9,284,370.72214,384.33185
9,285,370.74777,384.2219
10,0,355.22302,359.5727
10,1,355.2498,359.61023
10,2,355.27652,359.64922
10,3,355.30328,359.6898
10,4,355.3302,359.73213
10,5,355.3573,359.77636
10,6,355.3847,359.82265
10,7,355.41245,359.87115
10,8,355.44058,359.922
10,9,355.46927,359.97536
10,10,355.49857,360.03138
10,11,355.52847,360.09021
10,12,355.55908,360.152
10,13,355.59055,360.2221
10,14,355.62296,360.30532
10,15,355.65674,360.40099
10,16,355.69235,360.50846
10,17,355.73038,360.62707
10,18,355.77158,360.75615
10,19,355.81665,360.89506
10,20,355.8663,361.04313
10,21,355.92078,361.1997
10,22,355.97977,361.36412
10,23,356.043,361.53572
10,24,356.11023,361.71384
10,25,356.18112,361.89784
10,26,356.2555,362.08704
10,27,356.33295,362.28079
10,28,356.4133,362.47843
10,29,356.49628,362.67931
10,30,356.5815,362.88276
10,31,356.66885,363.08812
10,32,356.75793,363.29474
10,33,356.84848,363.50196
10,34,356.9403,363.70911
10,35,357.03308,363.91554
10,36,357.12656,364.1206
10,37,357.22046,364.32361
10,38,357.3145,364.52393
10,39,357.40845,364.72089
10,40,357.50204,364.91384
10,41,357.59497,365.10211
10,42,357.68704,365.28505
10,43,357.77795,365.462
10,44,357.86743,365.64163
10,45,357.95538,365.83226
10,46,358.04202,366.03268
10,47,358.12784,366.2417
10,48,358.2136,366.45813
10,49,358.3002,366.68076
10,50,358.38885,366.9084
10,51,358.48083,367.13985
10,52,358.5765,367.37391
10,53,358.67535,367.60938
10,54,358.7769,367.84508
10,55,358.88058,368.07979
10,56,358.98593,368.31233
10,57,359.09244,368.54149
10,58,359.1996,368.76608
10,59,359.30685,368.9849
10,60,359.4138,369.19676
10,61,359.51987,369.40045
10,62,359.6246,369.59477
10,63,359.7275,369.77854
10,64,359.82806,369.95055
10,65,359.92584,370.10961
10,66,360.0203,370.25451
10,67,360.11096,370.38407
10,68,360.19736,370.49708
10,69,360.279,370.59234
10,70,360.3554,370.66866
10,71,360.42612,370.72484
10,72,360.4906,370.75969
10,73,360.54846,370.772
10,74,360.59915,370.77265
10,75,360.64236,370.77329
10,76,360.67807,370.77394
10,77,360.70682,370.77458
10,78,360.72952,370.77523
10,79,360.7475,370.77587
10,80,360.7626,370.77652
10,81,360.77704,370.77716
10,82,360.79196,370.77781
10,83,360.8074,370.77845
10,84,360.8233,370.7791
10,85,360.83966,370.77974
10,86,360.85648,370.78039
10,87,360.87366,370.78103
10,88,360.89127,370.78168
10,89,360.90924,370.78232
10,90,360.92758,370.78297
10,91,360.94623,370.78361
10,92,360.9652,370.78426
10,93,360.9845,370.7849
10,94,361.00403,370.78555
10,95,361.02386,370.78619
10,96,361.0439,370.78684
10,97,361.06418,370.78748
10,98,361.08466,370.78813
10,99,361.10532,370.78877
10,100,361.12613,370.78942
10,101,361.14706,370.79006
10,102,361.16815,370.79071
10,103,361.18936,370.79135
10,104,361.2106,370.792
10,105,361.23193,370.79265
10,106,361.25333,370.79329
10,107,361.2747,370.79394
10,108,361.296,370.79458
10,109,361.3173,370.79523
10,110,361.33853,370.79587
10,111,361.35977,370.79652
10,112,361.38113,370.79716
10,113,361.40253,370.79781
10,114,361.42398,370.79845
10,115,361.4455,370.7991
10,116,361.46698,370.79974
10,117,361.4885,370.80039
10,118,361.50992,370.80103
10,119,361.53128,370.80168
10,120,361.55258,370.80232
10,121,361.57373,370.80297
10,122,361.59473,370.80361
10,123,361.61557,370.80426
10,124,361.6362,370.8049
10,125,361.65662,370.80555
10,126,361.6768,370.80619
10,127,361.6967,370.80684
10,128,361.71628,370.80748
10,129,361.73557,370.80813
10,130,361.75452,370.80877
10,131,361.77304,370.80942
10,132,361.7912,370.81006
10,133,361.80893,370.81071
10,134,361.8262,370.81135
10,135,361.84302,370.812
10,136,361.8593,370.8126
10,137,361.8751,370.81313
10,138,361.89032,370.8136
10,139,361.905,370.814
10,140,361.91907,370.81436
10,141,361.93262,370.81467
10,142,361.94562,370.81496
10,143,361.95816,370.81523
10,144,361.9704,370.81548
10,145,361.98233,370.81573
10,146,361.99414,370.81599
10,147,362.0059,370.81626
10,148,362.01776,370.81655
10,149,362.02975,370.81688
10,150,362.04202,370.81726
10,151,362.05475,370.81768
10,152,362.06793,370.81816
10,153,362.08173,370.81872
10,154,362.09622,370.81935
10,155,362.11154,370.82007
10,156,362.12778,370.82089
10,157,362.14505,370.82181
10,158,362.16345,370.82285
10,159,362.1831,370.82401
10,160,362.20413,370.8253
10,161,362.2266,370.82674
10,162,362.25067,370.82833
10,163,362.27637,370.83008
10,164,362.30386,370.832
10,165,362.33325,370.84339
10,166,362.36475,370.87294
10,167,362.39877,370.91975
10,168,362.43625,370.9829
10,169,362.47806,371.06149
10,170,362.52548,371.15462
10,171,362.5799,371.26137
10,172,362.64276,371.38084
10,173,362.7146,371.51211
10,174,362.7949,371.65429
10,175,362.8832,371.80647
10,176,362.97897,371.96773
10,177,363.08173,372.13718
10,178,363.19098,372.31389
10,179,363.30624,372.49698
10,180,363.42697,372.68552
10,181,363.55276,372.87861
10,182,363.68304,373.07535
10,183,363.81738,373.27482
10,184,363.9553,373.47613
10,185,364.0962,373.67835
10,186,364.23972,373.88059
10,187,364.38528,374.08193
10,188,364.53247,374.28148
10,189,364.68076,374.47832
10,190,364.82974,374.67154
10,191,364.97885,374.86024
10,192,365.12762,375.04351
10,193,365.27563,375.22044
10,194,365.42236,375.39013
10,195,365.5674,375.55167
10,196,365.71024,375.70884000000007
10,197,365.85046,375.86604
10,198,365.98776,376.02327
10,199,366.12207,376.18053
10,200,366.25357,376.3378000000001
10,201,366.38257,376.4951
10,202,366.50967,376.65242
10,203,366.63577,376.80975
10,204,366.76135,376.9671
10,205,366.88647,377.12446
10,206,367.0111,377.28184
10,207,367.13525,377.43922
10,208,367.25903,377.59661000000006
10,209,367.38242,377.754
10,210,367.50543,377.9114
10,211,367.6281,378.0688
10,212,367.75046,378.2262
10,213,367.87253,378.38359
10,214,367.99432,378.54098
10,215,368.1159,378.69836
10,216,368.23724,378.85573
10,217,368.3584,379.01309
10,218,368.47937,379.17044
10,219,368.60022,379.32777
10,220,368.72095,379.48509
10,221,368.84158,379.64238
10,222,368.96213,379.79966
10,223,369.08267,379.95691
10,224,369.2032,380.11413
10,225,369.3237,380.27133
10,226,369.44424,380.43109
10,227,369.56485,380.59562
10,228,369.68552,380.76438
10,229,369.80646,380.93682
10,230,369.92795,381.11241
10,231,370.05026,381.29058
10,232,370.17404,381.47081
10,233,370.29965,381.65253000000007
10,234,370.42734,381.83521
10,235,370.55667,382.0183
10,236,370.68738,382.20125
10,237,370.8192,382.38352
10,238,370.9518,382.56456
10,239,371.08493,382.74383
10,240,371.21817,382.92077
10,241,371.35126,383.09485
10,242,371.48398,383.26552
10,243,371.6159,383.43224
10,244,371.74686,383.59444
10,245,371.8765,383.7516
10,246,372.0045,383.90317
10,247,372.13058,384.04859
10,248,372.2545,384.18733
10,249,372.3759,384.31883
10,250,372.49454,384.44256
10,251,372.61014,384.55796
10,252,372.72238,384.66449
10,253,372.831,384.76161
10,254,372.93567,384.84876
10,255,373.03613,384.92541
10,256,373.1321,384.991
10,257,373.22333,385.0479
10,258,373.30942,385.09885
10,259,373.39026,385.14384
10,260,373.46558,385.18286
10,261,373.53552,385.21593
10,262,373.60025,385.24304
10,263,373.66034,385.26419
10,264,373.71643,385.27939
10,265,373.76898,385.28862
10,266,373.81805,385.29189
10,267,373.86365,385.28921
10,268,373.90582,385.28056
10,269,373.9446,385.26596
10,270,373.98,385.2454
10,271,374.01215,385.21888
10,272,374.041,385.1864
10,273,374.06656,385.14796
10,274,374.08896,385.10356
10,275,374.10812,385.05321
10,276,374.1242,384.99689
10,277,374.13712,384.93462
10,278,374.14697,384.86639
10,279,374.1538,384.79219
10,280,374.1576,384.71204
10,281,374.15842,384.62593
10,282,374.15628,384.53386
10,283,374.15118,384.43584
10,284,374.14322,384.33185
10,285,374.1324,384.2219
11,0,357.68286,359.5727
11,1,357.71176,359.61023
11,2,357.74084,359.64922
11,3,357.7703,359.6898
11,4,357.80014,359.73213
11,5,357.83044,359.77636
11,6,357.8613,359.82265
11,7,357.89276,359.87115
11,8,357.9249,359.922
11,9,357.95782,359.97536
11,10,357.9916,360.03138
11,11,358.02628,360.09021
11,12,358.06195,360.152
11,13,358.09872,360.2221
11,14,358.13675,360.30532
11,15,358.17654,360.40099
11,16,358.21884,360.50846
11,17,358.26437,360.62707
11,18,358.3141,360.75615
11,19,358.36893,360.89506
11,20,358.4297,361.04313
11,21,358.49673,361.1997
11,22,358.56964,361.36412
11,23,358.648,361.53572
11,24,358.7315,361.71384
11,25,358.8197,361.89784
11,26,358.91232,362.08704
11,27,359.00894,362.28079
11,28,359.10922,362.47843
11,29,359.21277,362.67931
11,30,359.31924,362.88276
11,31,359.42825,363.08812
11,32,359.53946,363.29474
11,33,359.65244,363.50196
11,34,359.7669,363.70911
11,35,359.88248,363.91554
11,36,359.99875,364.1206
11,37,360.1154,364.32361
11,38,360.23203,364.52393
11,39,360.34836,364.72089
11,40,360.46396,364.91384
11,41,360.57852,365.10211
11,42,360.69162,365.28505
11,43,360.80295,365.462
11,44,360.91217,365.64163
11,45,361.01913,365.83226
11,46,361.12418,366.03268
11,47,361.22797,366.2417
11,48,361.3316,366.45813
11,49,361.43628,366.68076
11,50,361.54346,366.9084
11,51,361.6546,367.13985
11,52,361.77023,367.37391
11,53,361.8896,367.60938
11,54,362.0121,367.84508
11,55,362.13712,368.07979
11,56,362.26395,368.31233
11,57,362.3921,368.54149
11,58,362.52078,368.76608
11,59,362.64944,368.9849
11,60,362.7775,369.19676
11,61,362.90427,369.40045
11,62,363.0292,369.59477
11,63,363.15158,369.77854
11,64,363.2709,369.95055
11,65,363.3865,370.10961
11,66,363.49777,370.25451
11,67,363.6042,370.38407
11,68,363.70505,370.49708
11,69,363.79977,370.59234
11,70,363.88785,370.66866
11,71,363.96857,370.72484
11,72,364.0414,370.75969
11,73,364.10574,370.772
11,74,364.161,370.77265
11,75,364.2068,370.77329
11,76,364.2433,370.77394
11,77,364.27115,370.77458
11,78,364.29166,370.77523
11,79,364.30652,370.77587
11,80,364.31793,370.77652
11,81,364.32837,370.77716
11,82,364.33917,370.77781
11,83,364.35034,370.77845
11,84,364.36185,370.7791
11,85,364.37366,370.77974
11,86,364.3858,370.78039
11,87,364.39822,370.78103
11,88,364.41092,370.78168
11,89,364.42392,370.78232
11,90,364.43716,370.78297
11,91,364.45065,370.78361
11,92,364.46432,370.78426
11,93,364.47827,370.7849
11,94,364.49237,370.78555
11,95,364.50665,370.78619
11,96,364.5211,370.78684
11,97,364.53574,370.78748
11,98,364.55048,370.78813
11,99,364.56537,370.78877
11,100,364.58035,370.78942
11,101,364.5955,370.79006
11,102,364.6107,370.79071
11,103,364.62592,370.79135
11,104,364.6412,370.792
11,105,364.6566,370.79265
11,106,364.67194,370.79329
11,107,364.68726,370.79394
11,108,364.7025,370.79458
11,109,364.71765,370.79523
11,110,364.73267,370.79587
11,111,364.74756,370.79652
11,112,364.76236,370.79716
11,113,364.77707,370.79781
11,114,364.79172,370.79845
11,115,364.80627,370.7991
11,116,364.82074,370.79974
11,117,364.8351,370.80039
11,118,364.84937,370.80103
11,119,364.86356,370.80168
11,120,364.8776,370.80232
11,121,364.8915,370.80297
11,122,364.90533,370.80361
11,123,364.91898,370.80426
11,124,364.9325,370.8049
11,125,364.9459,370.80555
11,126,364.9591,370.80619
11,127,364.97217,370.80684
11,128,364.9851,370.80748
11,129,364.99783,370.80813
11,130,365.0104,370.80877
11,131,365.0228,370.80942
11,132,365.035,370.81006
11,133,365.04706,370.81071
11,134,365.05887,370.81135
11,135,365.0705,370.812
11,136,365.0819,370.8126
11,137,365.09314,370.81313
11,138,365.10413,370.8136
11,139,365.11493,370.814
11,140,365.12543,370.81436
11,141,365.13577,370.81467
11,142,365.1459,370.81496
11,143,365.1559,370.81523
11,144,365.16577,370.81548
11,145,365.1756,370.81573
11,146,365.1855,370.81599
11,147,365.19547,370.81626
11,148,365.20557,370.81655
11,149,365.2159,370.81688
11,150,365.22656,370.81726
11,151,365.23752,370.81768
11,152,365.2489,370.81816
11,153,365.26083,370.81872
11,154,365.27325,370.81935
11,155,365.2863,370.82007
11,156,365.30002,370.82089
11,157,365.31445,370.82181
11,158,365.3297,370.82285
11,159,365.34586,370.82401
11,160,365.36288,370.8253
11,161,365.38098,370.82674
11,162,365.40012,370.82833
11,163,365.42038,370.83008
11,164,365.44183,370.832
11,165,365.46454,370.84339
11,166,365.48874,370.87294
11,167,365.5151,370.91975
11,168,365.54456,370.9829
11,169,365.57837,371.06149
11,170,365.61807,371.15462
11,171,365.66525,371.26137
11,172,365.72165,371.38084
11,173,365.78772,371.51211
11,174,365.86307,371.65429
11,175,365.947,371.80647
11,176,366.03903,371.96773
11,177,366.1386,372.13718
11,178,366.2452,372.31389
11,179,366.35825,372.49698
11,180,366.4772,372.68552
11,181,366.60147,372.87861
11,182,366.7306,373.07535
11,183,366.86395,373.27482
11,184,367.00107,373.47613
11,185,367.1414,373.67835
11,186,367.28433,373.88059
11,187,367.4294,374.08193
11,188,367.57608,374.28148
11,189,367.72385,374.47832
11,190,367.87213,374.67154
11,191,368.02045,374.86024
11,192,368.1683,375.04351
11,193,368.3151,375.22044
11,194,368.46042,375.39013
11,195,368.6037,375.55167
11,196,368.74445,375.70884000000007
11,197,368.88223,375.86604
11,198,369.0168,376.02327
11,199,369.1482,376.18053
11,200,369.27652,376.3378000000001
11,201,369.4023,376.4951
11,202,369.5263,376.65242
11,203,369.64932,376.80975
11,204,369.77194,376.9671
11,205,369.8942,377.12446
11,206,370.01605,377.28184
11,207,370.1376,377.43922
11,208,370.2588,377.59661000000006
11,209,370.37964,377.754
11,210,370.50018,377.9114
11,211,370.62048,378.0688
11,212,370.7405,378.2262
11,213,370.86026,378.38359
11,214,370.97983,378.54098
11,215,371.09912,378.69836
11,216,371.21826,378.85573
11,217,371.3372,379.01309
11,218,371.45593,379.17044
11,219,371.5746,379.32777
11,220,371.69305,379.48509
11,221,371.81143,379.64238
11,222,371.92972,379.79966
11,223,372.0479,379.95691
11,224,372.166,380.11413
11,225,372.28406,380.27133
11,226,372.4021,380.43109
11,227,372.5201,380.59562
11,228,372.6381,380.76438
11,229,372.7562,380.93682
11,230,372.87463,381.11241
11,231,372.9937,381.29058
11,232,373.1139,381.47081
11,233,373.23553,381.65253000000007
11,234,373.3588,381.83521
11,235,373.48343,382.0183
11,236,373.60913,382.20125
11,237,373.7356,382.38352
11,238,373.86267,382.56456
11,239,373.99002,382.74383
11,240,374.11737,382.92077
11,241,374.24454,383.09485
11,242,374.37125,383.26552
11,243,374.49722,383.43224
11,244,374.62225,383.59444
11,245,374.74606,383.7516
11,246,374.8685,383.90317
11,247,374.9892,384.04859
11,248,375.108,384.18733
11,249,375.22467,384.31883
11,250,375.339,384.44256
11,251,375.45065,384.55796
11,252,375.55954,384.66449
11,253,375.66537,384.76161
11,254,375.7679,384.84876
11,255,375.8669,384.92541
11,256,375.96222,384.991
11,257,376.05353,385.0479
11,258,376.1406,385.09885
11,259,376.22327,385.14384
11,260,376.30133,385.18286
11,261,376.37488,385.21593
11,262,376.44406,385.24304
11,263,376.50934,385.26419
11,264,376.57126,385.27939
11,265,376.63025,385.28862
11,266,376.68628,385.29189
11,267,376.7394,385.28921
11,268,376.78964,385.28056
11,269,376.83707,385.26596
11,270,376.88156,385.2454
11,271,376.92328,385.21888
11,272,376.96216,385.1864
11,273,376.99826,385.14796
11,274,377.03152,385.10356
11,275,377.06207,385.05321
11,276,377.08984,384.99689
11,277,377.11484,384.93462
11,278,377.13715,384.86639
11,279,377.15665,384.79219
11,280,377.17352,384.71204
11,281,377.1876,384.62593
11,282,377.199,384.53386
11,283,377.20767,384.43584
11,284,377.21365,384.33185
11,285,377.21692,384.2219
12,0,356.6941,359.5727
12,1,356.71854,359.61023
12,2,356.74313,359.64922
12,3,356.768,359.6898
12,4,356.79324,359.73213
12,5,356.81888,359.77636
12,6,356.84512,359.82265
12,7,356.872,359.87115
12,8,356.89963,359.922
12,9,356.92804,359.97536
12,10,356.9574,360.03138
12,11,356.9878,360.09021
12,12,357.01935,360.152
12,13,357.0521,360.2221
12,14,357.08627,360.30532
12,15,357.12228,360.40099
12,16,357.16074,360.50846
12,17,357.2024,360.62707
12,18,357.2482,360.75615
12,19,357.29898,360.89506
12,20,357.3559,361.04313
12,21,357.4192,361.1997
12,22,357.48856,361.36412
12,23,357.56357,361.53572
12,24,357.64392,361.71384
12,25,357.7292,361.89784
12,26,357.8191,362.08704
12,27,357.91315,362.28079
12,28,358.01108,362.47843
12,29,358.1125,362.67931
12,30,358.217,362.88276
12,31,358.32428,363.08812
12,32,358.43396,363.29474
12,33,358.54565,363.50196
12,34,358.65903,363.70911
12,35,358.7737,363.91554
12,36,358.88934,364.1206
12,37,359.00558,364.32361
12,38,359.12204,364.52393
12,39,359.23834,364.72089
12,40,359.3542,364.91384
12,41,359.46927,365.10211
12,42,359.58313,365.28505
12,43,359.69547,365.462
12,44,359.8059,365.64163
12,45,359.91437,365.83226
12,46,360.02097,366.03268
12,47,360.12625,366.2417
12,48,360.23114,366.45813
12,49,360.33682,366.68076
12,50,360.44476,366.9084
12,51,360.55676,367.13985
12,52,360.67334,367.37391
12,53,360.7939,367.60938
12,54,360.91776,367.84508
12,55,361.0442,368.07979
12,56,361.17264,368.31233
12,57,361.30243,368.54149
12,58,361.43292,368.76608
12,59,361.5635,368.9849
12,60,361.6935,369.19676
12,61,361.82233,369.40045
12,62,361.94934,369.59477
12,63,362.07385,369.77854
12,64,362.19534,369.95055
12,65,362.31314,370.10961
12,66,362.42667,370.25451
12,67,362.53522,370.38407
12,68,362.63828,370.49708
12,69,362.7352,370.59234
12,70,362.8254,370.66866
12,71,362.90826,370.72484
12,72,362.9832,370.75969
12,73,363.04953,370.772
12,74,363.10672,370.77265
12,75,363.15433,370.77329
12,76,363.1924,370.77394
12,77,363.22153,370.77458
12,78,363.24268,370.77523
12,79,363.2576,370.77587
12,80,363.26846,370.77652
12,81,363.27817,370.77716
12,82,363.28824,370.77781
12,83,363.29868,370.77845
12,84,363.3095,370.7791
12,85,363.32062,370.77974
12,86,363.33206,370.78039
12,87,363.34387,370.78103
12,88,363.3559,370.78168
12,89,363.3682,370.78232
12,90,363.38083,370.78297
12,91,363.39365,370.78361
12,92,363.40674,370.78426
12,93,363.42004,370.7849
12,94,363.43353,370.78555
12,95,363.4472,370.78619
12,96,363.4611,370.78684
12,97,363.4751,370.78748
12,98,363.48926,370.78813
12,99,363.50357,370.78877
12,100,363.51797,370.78942
12,101,363.53247,370.79006
12,102,363.5471,370.79071
12,103,363.56174,370.79135
12,104,363.5765,370.792
12,105,363.59125,370.79265
12,106,363.606,370.79329
12,107,363.6208,370.79394
12,108,363.63553,370.79458
12,109,363.65024,370.79523
12,110,363.66483,370.79587
12,111,363.67944,370.79652
12,112,363.69403,370.79716
12,113,363.70865,370.79781
12,114,363.7233,370.79845
12,115,363.7379,370.7991
12,116,363.75256,370.79974
12,117,363.76712,370.80039
12,118,363.78168,370.80103
12,119,363.79617,370.80168
12,120,363.81058,370.80232
12,121,363.8249,370.80297
12,122,363.83914,370.80361
12,123,363.85324,370.80426
12,124,363.8672,370.8049
12,125,363.881,370.80555
12,126,363.89468,370.80619
12,127,363.90814,370.80684
12,128,363.92148,370.80748
12,129,363.93454,370.80813
12,130,363.9474,370.80877
12,131,363.96005,370.80942
12,132,363.97244,370.81006
12,133,363.98456,370.81071
12,134,363.99643,370.81135
12,135,364.008,370.812
12,136,364.01926,370.8126
12,137,364.03018,370.81313
12,138,364.0408,370.8136
12,139,364.0511,370.814
12,140,364.06097,370.81436
12,141,364.07056,370.81467
12,142,364.07977,370.81496
12,143,364.08875,370.81523
12,144,364.09747,370.81548
12,145,364.10605,370.81573
12,146,364.1145,370.81599
12,147,364.123,370.81626
12,148,364.1315,370.81655
12,149,364.14014,370.81688
12,150,364.14893,370.81726
12,151,364.15802,370.81768
12,152,364.16748,370.81816
12,153,364.1773,370.81872
12,154,364.18756,370.81935
12,155,364.19843,370.82007
12,156,364.20987,370.82089
12,157,364.22202,370.82181
12,158,364.23492,370.82285
12,159,364.24863,370.82401
12,160,364.26324,370.8253
12,161,364.27884,370.82674
12,162,364.29547,370.82833
12,163,364.31317,370.83008
12,164,364.3321,370.832
12,165,364.3522,370.84339
12,166,364.37384,370.87294
12,167,364.39746,370.91975
12,168,364.424,370.9829
12,169,364.45456,371.06149
12,170,364.49063,371.15462
12,171,364.534,371.26137
12,172,364.5866,371.38084
12,173,364.64917,371.51211
12,174,364.72116,371.65429
12,175,364.80194,371.80647
12,176,364.89105,371.96773
12,177,364.98785,372.13718
12,178,365.09186,372.31389
12,179,365.20242,372.49698
12,180,365.31906,372.68552
12,181,365.4412,372.87861
12,182,365.56824,373.07535
12,183,365.69965,373.27482
12,184,365.8349,373.47613
12,185,365.9734,373.67835
12,186,366.11462,373.88059
12,187,366.25806,374.08193
12,188,366.4031,374.28148
12,189,366.54922,374.47832
12,190,366.69592,374.67154
12,191,366.84268,374.86024
12,192,366.98892,375.04351
12,193,367.1341,375.22044
12,194,367.27774,375.39013
12,195,367.41934,375.55167
12,196,367.55832,375.70884000000007
12,197,367.69434,375.86604
12,198,367.82697,376.02327
12,199,367.95627,376.18053
12,200,368.0823,376.3378000000001
12,201,368.20554,376.4951
12,202,368.32672,376.65242
12,203,368.4469,376.80975
12,204,368.56665,376.9671
12,205,368.68607,377.12446
12,206,368.80505,377.28184
12,207,368.9237,377.43922
12,208,369.04205,377.59661000000006
12,209,369.16003,377.754
12,210,369.27777,377.9114
12,211,369.39523,378.0688
12,212,369.5124,378.2262
12,213,369.6293,378.38359
12,214,369.746,378.54098
12,215,369.86252,378.69836
12,216,369.97882,378.85573
12,217,370.09494,379.01309
12,218,370.21088,379.17044
12,219,370.32666,379.32777
12,220,370.44232,379.48509
12,221,370.5579,379.64238
12,222,370.67334,379.79966
12,223,370.78876,379.95691
12,224,370.90405,380.11413
12,225,371.01932,380.27133
12,226,371.13455,380.43109
12,227,371.2498,380.59562
12,228,371.36508,380.76438
12,229,371.48062,380.93682
12,230,371.59665,381.11241
12,231,371.71347,381.29058
12,232,371.8316,381.47081
12,233,371.95163,381.65253000000007
12,234,372.07367,381.83521
12,235,372.1974,382.0183
12,236,372.3225,382.20125
12,237,372.44864,382.38352
12,238,372.57553,382.56456
12,239,372.70282,382.74383
12,240,372.83023,382.92077
12,241,372.95746,383.09485
12,242,373.08417,383.26552
12,243,373.21008,383.43224
12,244,373.3349,383.59444
12,245,373.45834,383.7516
12,246,373.58005,383.90317
12,247,373.69977,384.04859
12,248,373.8173,384.18733
12,249,373.93222,384.31883
12,250,374.0443,384.44256
12,251,374.15332,384.55796
12,252,374.25894,384.66449
12,253,374.3608,384.76161
12,254,374.45874,384.84876
12,255,374.55243,384.92541
12,256,374.6416,384.991
12,257,374.72595,385.0479
12,258,374.8052,385.09885
12,259,374.87915,385.14384
12,260,374.94766,385.18286
12,261,375.0108,385.21593
12,262,375.06873,385.24304
12,263,375.12192,385.26419
12,264,375.1711,385.27939
12,265,375.21674,385.28862
12,266,375.25888,385.29189
12,267,375.2975,385.28921
12,268,375.33255,385.28056
12,269,375.3642,385.26596
12,270,375.39233,385.2454
12,271,375.41708,385.21888
12,272,375.4384,385.1864
12,273,375.45627,385.14796
12,274,375.47076,385.10356
12,275,375.48178,385.05321
12,276,375.4895,384.99689
12,277,375.49377,384.93462
12,278,375.4947,384.86639
12,279,375.49225,384.79219
12,280,375.48642,384.71204
12,281,375.4772,384.62593
12,282,375.46466,384.53386
12,283,375.44873,384.43584
12,284,375.4294,384.33185
12,285,375.40674,384.2219
13,0,354.05432,359.5727
13,1,354.08038,359.61023
13,2,354.10626,359.64922
13,3,354.13208,359.6898
13,4,354.1579,359.73213
13,5,354.18387,359.77636
13,6,354.21,359.82265
13,7,354.2364,359.87115
13,8,354.2631,359.922
13,9,354.29028,359.97536
13,10,354.318,360.03138
13,11,354.34628,360.09021
13,12,354.37527,360.152
13,13,354.40503,360.2221
13,14,354.43573,360.30532
13,15,354.46762,360.40099
13,16,354.5012,360.50846
13,17,354.53687,360.62707
13,18,354.5753,360.75615
13,19,354.61713,360.89506
13,20,354.6629,361.04313
13,21,354.7129,361.1997
13,22,354.76678,361.36412
13,23,354.8244,361.53572
13,24,354.88556,361.71384
13,25,354.94995,361.89784
13,26,355.0174,362.08704
13,27,355.08762,362.28079
13,28,355.16043,362.47843
13,29,355.2356,362.67931
13,30,355.3128,362.88276
13,31,355.39197,363.08812
13,32,355.47284,363.29474
13,33,355.55508,363.50196
13,34,355.63858,363.70911
13,35,355.72305,363.91554
13,36,355.80832,364.1206
13,37,355.8941,364.32361
13,38,355.9803,364.52393
13,39,356.06653,364.72089
13,40,356.15265,364.91384
13,41,356.2385,365.10211
13,42,356.32382,365.28505
13,43,356.4084,365.462
13,44,356.49194,365.64163
13,45,356.5745,365.83226
13,46,356.65625,366.03268
13,47,356.7376,366.2417
13,48,356.8193,366.45813
13,49,356.9021,366.68076
13,50,356.98706,366.9084
13,51,357.07516,367.13985
13,52,357.16672,367.37391
13,53,357.26117,367.60938
13,54,357.3581,367.84508
13,55,357.45697,368.07979
13,56,357.5573,368.31233
13,57,357.65866,368.54149
13,58,357.76053,368.76608
13,59,357.8625,368.9849
13,60,357.96396,369.19676
13,61,358.06454,369.40045
13,62,358.1638,369.59477
13,63,358.26117,369.77854
13,64,358.35626,369.95055
13,65,358.44858,370.10961
13,66,358.5377,370.25451
13,67,358.62305,370.38407
13,68,358.7043,370.49708
13,69,358.78094,370.59234
13,70,358.85254,370.66866
13,71,358.91855,370.72484
13,72,358.97867,370.75969
13,73,359.0323,370.772
13,74,359.07907,370.77265
13,75,359.11865,370.77329
13,76,359.15128,370.77394
13,77,359.17758,370.77458
13,78,359.1985,370.77523
13,79,359.21527,370.77587
13,80,359.22974,370.77652
13,81,359.24362,370.77716
13,82,359.2579,370.77781
13,83,359.2726,370.77845
13,84,359.28772,370.7791
13,85,359.3032,370.77974
13,86,359.31906,370.78039
13,87,359.3352,370.78103
13,88,359.35175,370.78168
13,89,359.3686,370.78232
13,90,359.3857,370.78297
13,91,359.40317,370.78361
13,92,359.42084,370.78426
13,93,359.43875,370.7849
13,94,359.45694,370.78555
13,95,359.47534,370.78619
13,96,359.494,370.78684
13,97,359.5128,370.78748
13,98,359.53174,370.78813
13,99,359.5509,370.78877
13,100,359.57016,370.78942
13,101,359.5896,370.79006
13,102,359.6091,370.79071
13,103,359.62875,370.79135
13,104,359.64847,370.792
13,105,359.66824,370.79265
13,106,359.6881,370.79329
13,107,359.708,370.79394
13,108,359.72806,370.79458
13,109,359.74823,370.79523
13,110,359.7686,370.79587
13,111,359.78912,370.79652
13,112,359.80988,370.79716
13,113,359.83087,370.79781
13,114,359.85202,370.79845
13,115,359.8733,370.7991
13,116,359.89465,370.79974
13,117,359.9161,370.80039
13,118,359.93753,370.80103
13,119,359.95895,370.80168
13,120,359.98032,370.80232
13,121,360.00156,370.80297
13,122,360.02267,370.80361
13,123,360.0436,370.80426
13,124,360.06433,370.8049
13,125,360.0848,370.80555
13,126,360.10495,370.80619
13,127,360.1248,370.80684
13,128,360.14423,370.80748
13,129,360.16324,370.80813
13,130,360.18182,370.80877
13,131,360.19992,370.80942
13,132,360.21747,370.81006
13,133,360.23444,370.81071
13,134,360.25082,370.81135
13,135,360.26654,370.812
13,136,360.28162,370.8126
13,137,360.29593,370.81313
13,138,360.3095,370.8136
13,139,360.32233,370.814
13,140,360.33435,370.81436
13,141,360.34567,370.81467
13,142,360.35626,370.81496
13,143,360.3663,370.81523
13,144,360.3758,370.81548
13,145,360.38495,370.81573
13,146,360.39386,370.81599
13,147,360.40262,370.81626
13,148,360.41138,370.81655
13,149,360.4202,370.81688
13,150,360.42926,370.81726
13,151,360.4387,370.81768
13,152,360.44852,370.81816
13,153,360.45895,370.81872
13,154,360.47006,370.81935
13,155,360.48203,370.82007
13,156,360.49487,370.82089
13,157,360.50876,370.82181
13,158,360.52383,370.82285
13,159,360.5402,370.82401
13,160,360.55792,370.8253
13,161,360.57718,370.82674
13,162,360.59808,370.82833
13,163,360.62076,370.83008
13,164,360.64526,370.832
13,165,360.67178,370.84339
13,166,360.7005,370.87294
13,167,360.7321,370.91975
13,168,360.7673,370.9829
13,169,360.8071,371.06149
13,170,360.85263,371.15462
13,171,360.9051,371.26137
13,172,360.96564,371.38084
13,173,361.03467,371.51211
13,174,361.11163,371.65429
13,175,361.1961,371.80647
13,176,361.2876,371.96773
13,177,361.38553,372.13718
13,178,361.4896,372.31389
13,179,361.59918,372.49698
13,180,361.71384,372.68552
13,181,361.83316,372.87861
13,182,361.95657,373.07535
13,183,362.08362,373.27482
13,184,362.2139,373.47613
13,185,362.3469,373.67835
13,186,362.48212,373.88059
13,187,362.6191,374.08193
13,188,362.75745,374.28148
13,189,362.8966,374.47832
13,190,363.03616,374.67154
13,191,363.17566,374.86024
13,192,363.3146,375.04351
13,193,363.45258,375.22044
13,194,363.5891,375.39013
13,195,363.7238,375.55167
13,196,363.85614,375.70884000000007
13,197,363.9858,375.86604
13,198,364.11258,376.02327
13,199,364.23657,376.18053
13,200,364.35794,376.3378000000001
13,201,364.47705,376.4951
13,202,364.59457,376.65242
13,203,364.7111,376.80975
13,204,364.82712,376.9671
13,205,364.9426,377.12446
13,206,365.05762,377.28184
13,207,365.17212,377.43922
13,208,365.28622,377.59661000000006
13,209,365.39987,377.754
13,210,365.51312,377.9114
13,211,365.626,378.0688
13,212,365.73856,378.2262
13,213,365.85077,378.38359
13,214,365.96265,378.54098
13,215,366.07428,378.69836
13,216,366.18564,378.85573
13,217,366.29675,379.01309
13,218,366.4076,379.17044
13,219,366.51834,379.32777
13,220,366.6288,379.48509
13,221,366.73917,379.64238
13,222,366.84943,379.79966
13,223,366.95953,379.95691
13,224,367.06958,380.11413
13,225,367.17953,380.27133
13,226,367.2895,380.43109
13,227,367.39948,380.59562
13,228,367.5097,380.76438
13,229,367.62054,380.93682
13,230,367.73236,381.11241
13,231,367.8455,381.29058
13,232,367.9604,381.47081
13,233,368.07733,381.65253000000007
13,234,368.19632,381.83521
13,235,368.31702,382.0183
13,236,368.43906,382.20125
13,237,368.56216,382.38352
13,238,368.68588,382.56456
13,239,368.81003,382.74383
13,240,368.93417,382.92077
13,241,369.05795,383.09485
13,242,369.18112,383.26552
13,243,369.30338,383.43224
13,244,369.42426,383.59444
13,245,369.54355,383.7516
13,246,369.66092,383.90317
13,247,369.77597,384.04859
13,248,369.88846,384.18733
13,249,369.99802,384.31883
13,250,370.10437,384.44256
13,251,370.20718,384.55796
13,252,370.30615,384.66449
13,253,370.40097,384.76161
13,254,370.49127,384.84876
13,255,370.57675,384.92541
13,256,370.6571,384.991
13,257,370.73206,385.0479
13,258,370.8013,385.09885
13,259,370.86484,385.14384
13,260,370.9227,385.18286
13,261,370.9751,385.21593
13,262,371.02237,385.24304
13,263,371.06503,385.26419
13,264,371.10364,385.27939
13,265,371.13852,385.28862
13,266,371.16974,385.29189
13,267,371.1973,385.28921
13,268,371.22122,385.28056
13,269,371.24155,385.26596
13,270,371.25833,385.2454
13,271,371.2715,385.21888
13,272,371.28125,385.1864
13,273,371.28745,385.14796
13,274,371.2902,385.10356
13,275,371.28946,385.05321
13,276,371.2854,384.99689
13,277,371.2779,384.93462
13,278,371.26703,384.86639
13,279,371.2528,384.79219
13,280,371.23532,384.71204
13,281,371.21445,384.62593
13,282,371.1904,384.53386
13,283,371.16302,384.43584
13,284,371.13248,384.33185
13,285,371.09866,384.2219
14,0,355.39502,359.5727
14,1,355.4117,359.61023
14,2,355.4286,359.64922
14,3,355.44583,359.6898
14,4,355.46344,359.73213
14,5,355.48157,359.77636
14,6,355.50027,359.82265
14,7,355.51962,359.87115
14,8,355.53973,359.922
14,9,355.56067,359.97536
14,10,355.58252,360.03138
14,11,355.6054,360.09021
14,12,355.62933,360.152
14,13,355.65445,360.2221
14,14,355.68097,360.30532
14,15,355.70932,360.40099
14,16,355.74008,360.50846
14,17,355.7739,360.62707
14,18,355.8115,360.75615
14,19,355.8536,360.89506
14,20,355.90097,361.04313
14,21,355.9538,361.1997
14,22,356.01175,361.36412
14,23,356.07452,361.53572
14,24,356.1418,361.71384
14,25,356.21326,361.89784
14,26,356.2886,362.08704
14,27,356.3675,362.28079
14,28,356.4496,362.47843
14,29,356.53464,362.67931
14,30,356.62228,362.88276
14,31,356.71225,363.08812
14,32,356.80417,363.29474
14,33,356.89777,363.50196
14,34,356.9927,363.70911
14,35,357.0887,363.91554
14,36,357.18542,364.1206
14,37,357.2826,364.32361
14,38,357.37982,364.52393
14,39,357.4769,364.72089
14,40,357.57343,364.91384
14,41,357.66916,365.10211
14,42,357.76376,365.28505
14,43,357.85696,365.462
14,44,357.9484,365.64163
14,45,358.03802,365.83226
14,46,358.12607,366.03268
14,47,358.2132,366.2417
14,48,358.30014,366.45813
14,49,358.38797,366.68076
14,50,358.47778,366.9084
14,51,358.57086,367.13985
14,52,358.66766,367.37391
14,53,358.76755,367.60938
14,54,358.87006,367.84508
14,55,358.97467,368.07979
14,56,359.0809,368.31233
14,57,359.18814,368.54149
14,58,359.29593,368.76608
14,59,359.40372,368.9849
14,60,359.51105,369.19676
14,61,359.61737,369.40045
14,62,359.72214,369.59477
14,63,359.82492,369.77854
14,64,359.92514,369.95055
14,65,360.0223,370.10961
14,66,360.11594,370.25451
14,67,360.20554,370.38407
14,68,360.29056,370.49708
14,69,360.37054,370.59234
14,70,360.44495,370.66866
14,71,360.51328,370.72484
14,72,360.57504,370.75969
14,73,360.6298,370.772
14,74,360.67694,370.77265
14,75,360.71625,370.77329
14,76,360.74792,370.77394
14,77,360.77258,370.77458
14,78,360.79123,370.77523
14,79,360.80533,370.77587
14,80,360.8167,370.77652
14,81,360.82745,370.77716
14,82,360.83875,370.77781
14,83,360.85052,370.77845
14,84,360.8628,370.7791
14,85,360.87558,370.77974
14,86,360.88876,370.78039
14,87,360.90244,370.78103
14,88,360.91644,370.78168
14,89,360.93085,370.78232
14,90,360.94565,370.78297
14,91,360.96072,370.78361
14,92,360.97617,370.78426
14,93,360.99188,370.7849
14,94,361.00787,370.78555
14,95,361.0241,370.78619
14,96,361.04056,370.78684
14,97,361.05722,370.78748
14,98,361.07407,370.78813
14,99,361.09103,370.78877
14,100,361.1082,370.78942
14,101,361.12546,370.79006
14,102,361.14276,370.79071
14,103,361.1602,370.79135
14,104,361.17758,370.792
14,105,361.19507,370.79265
14,106,361.21255,370.79329
14,107,361.22992,370.79394
14,108,361.24725,370.79458
14,109,361.26443,370.79523
14,110,361.28152,370.79587
14,111,361.2985,370.79652
14,112,361.31537,370.79716
14,113,361.33218,370.79781
14,114,361.34894,370.79845
14,115,361.36563,370.7991
14,116,361.3822,370.79974
14,117,361.39868,370.80039
14,118,361.41507,370.80103
14,119,361.43134,370.80168
14,120,361.4475,370.80232
14,121,361.4635,370.80297
14,122,361.47937,370.80361
14,123,361.4951,370.80426
14,124,361.51065,370.8049
14,125,361.52603,370.80555
14,126,361.5413,370.80619
14,127,361.5563,370.80684
14,128,361.57117,370.80748
14,129,361.58582,370.80813
14,130,361.60025,370.80877
14,131,361.61447,370.80942
14,132,361.62845,370.81006
14,133,361.6422,370.81071
14,134,361.65573,370.81135
14,135,361.669,370.812
14,136,361.68198,370.8126
14,137,361.69473,370.81313
14,138,361.70715,370.8136
14,139,361.71936,370.814
14,140,361.73126,370.81436
14,141,361.7429,370.81467
14,142,361.75427,370.81496
14,143,361.76547,370.81523
14,144,361.7765,370.81548
14,145,361.78745,370.81573
14,146,361.79837,370.81599
14,147,361.8094,370.81626
14,148,361.82053,370.81655
14,149,361.83185,370.81688
14,150,361.84344,370.81726
14,151,361.85535,370.81768
14,152,361.86765,370.81816
14,153,361.8804,370.81872
14,154,361.89368,370.81935
14,155,361.90756,370.82007
14,156,361.92212,370.82089
14,157,361.93738,370.82181
14,158,361.95346,370.82285
14,159,361.97043,370.82401
14,160,361.9883,370.8253
14,161,362.00714,370.82674
14,162,362.0271,370.82833
14,163,362.04816,370.83008
14,164,362.0704,370.832
14,165,362.09393,370.84339
14,166,362.119,370.87294
14,167,362.14615,370.91975
14,168,362.17624,370.9829
14,169,362.21033,371.06149
14,170,362.24963,371.15462
14,171,362.2956,371.26137
14,172,362.34958,371.38084
14,173,362.41208,371.51211
14,174,362.48267,371.65429
14,175,362.56082,371.80647
14,176,362.6461,371.96773
14,177,362.73798,372.13718
14,178,362.83603,372.31389
14,179,362.9398,372.49698
14,180,363.0487,372.68552
14,181,363.16235,372.87861
14,182,363.2803,373.07535
14,183,363.402,373.27482
14,184,363.52704,373.47613
14,185,363.6549,373.67835
14,186,363.78513,373.88059
14,187,363.9173,374.08193
14,188,364.05084,374.28148
14,189,364.1854,374.47832
14,190,364.3205,374.67154
14,191,364.4556,374.86024
14,192,364.59027,375.04351
14,193,364.72406,375.22044
14,194,364.85654,375.39013
14,195,364.9872,375.55167
14,196,365.11563,375.70884000000007
14,197,365.24142,375.86604
14,198,365.3644,376.02327
14,199,365.48453,376.18053
14,200,365.60202,376.3378000000001
14,201,365.71725,376.4951
14,202,365.83084,376.65242
14,203,365.94366,376.80975
14,204,366.05606,376.9671
14,205,366.16815,377.12446
14,206,366.27994,377.28184
14,207,366.39142,377.43922
14,208,366.50266,377.59661000000006
14,209,366.61365,377.754
14,210,366.72443,377.9114
14,211,366.83502,378.0688
14,212,366.94547,378.2262
14,213,367.05576,378.38359
14,214,367.1659,378.54098
14,215,367.27597,378.69836
14,216,367.386,378.85573
14,217,367.4959,379.01309
14,218,367.60583,379.17044
14,219,367.71573,379.32777
14,220,367.82568,379.48509
14,221,367.93567,379.64238
14,222,368.0457,379.79966
14,223,368.15582,379.95691
14,224,368.26605,380.11413
14,225,368.37643,380.27133
14,226,368.48697,380.43109
14,227,368.59766,380.59562
14,228,368.70865,380.76438
14,229,368.82004,380.93682
14,230,368.9321,381.11241
14,231,369.04514,381.29058
14,232,369.15945,381.47081
14,233,369.27554,381.65253000000007
14,234,369.3934,381.83521
14,235,369.51282,382.0183
14,236,369.63342,382.20125
14,237,369.7549,382.38352
14,238,369.87708,382.56456
14,239,369.99957,382.74383
14,240,370.1221,382.92077
14,241,370.2444,383.09485
14,242,370.36618,383.26552
14,243,370.48712,383.43224
14,244,370.607,383.59444
14,245,370.7255,383.7516
14,246,370.84232,383.90317
14,247,370.95724,384.04859
14,248,371.0699,384.18733
14,249,371.18005,384.31883
14,250,371.28745,384.44256
14,251,371.3918,384.55796
14,252,371.49283,384.66449
14,253,371.59027,384.76161
14,254,371.68378,384.84876
14,255,371.77316,384.92541
14,256,371.85806,384.991
14,257,371.9383,385.0479
14,258,372.01352,385.09885
14,259,372.08353,385.14384
14,260,372.14825,385.18286
14,261,372.20776,385.21593
14,262,372.26224,385.24304
14,263,372.3121,385.26419
14,264,372.35803,385.27939
14,265,372.4003,385.28862
14,266,372.439,385.29189
14,267,372.47418,385.28921
14,268,372.50592,385.28056
14,269,372.53427,385.26596
14,270,372.55923,385.2454
14,271,372.58084,385.21888
14,272,372.5992,385.1864
14,273,372.61438,385.14796
14,274,372.6263,385.10356
14,275,372.63513,385.05321
14,276,372.64084,384.99689
14,277,372.64355,384.93462
14,278,372.64322,384.86639
14,279,372.6399,384.79219
14,280,372.6337,384.71204
14,281,372.62457,384.62593
14,282,372.61267,384.53386
14,283,372.59796,384.43584
14,284,372.58044,384.33185
14,285,372.56024,384.2219
15,0,354.57565,359.5727
15,1,354.60696,359.61023
15,2,354.63803,359.64922
15,3,354.66904,359.6898
15,4,354.70007,359.73213
15,5,354.73123,359.77636
15,6,354.7625,359.82265
15,7,354.79416,359.87115
15,8,354.8262,359.922
15,9,354.8588,359.97536
15,10,354.8919,360.03138
15,11,354.92575,360.09021
15,12,354.96042,360.152
15,13,354.99597,360.2221
15,14,355.03265,360.30532
15,15,355.07086,360.40099
15,16,355.11133,360.50846
15,17,355.15472,360.62707
15,18,355.20178,360.75615
15,19,355.25323,360.89506
15,20,355.30984,361.04313
15,21,355.37177,361.1997
15,22,355.4387,361.36412
15,23,355.5103,361.53572
15,24,355.58636,361.71384
15,25,355.66653,361.89784
15,26,355.75055,362.08704
15,27,355.83813,362.28079
15,28,355.92892,362.47843
15,29,356.0227,362.67931
15,30,356.11914,362.88276
15,31,356.21793,363.08812
15,32,356.31882,363.29474
15,33,356.4215,363.50196
15,34,356.5257,363.70911
15,35,356.63107,363.91554
15,36,356.73743,364.1206
15,37,356.8444,364.32361
15,38,356.9517,364.52393
15,39,357.05905,364.72089
15,40,357.16614,364.91384
15,41,357.27274,365.10211
15,42,357.37857,365.28505
15,43,357.48328,365.462
15,44,357.5866,365.64163
15,45,357.68845,365.83226
15,46,357.7892,366.03268
15,47,357.8895,366.2417
15,48,357.99017,366.45813
15,49,358.09235,366.68076
15,50,358.19733,366.9084
15,51,358.30637,367.13985
15,52,358.41983,367.37391
15,53,358.53705,367.60938
15,54,358.65747,367.84508
15,55,358.78046,368.07979
15,56,358.9054,368.31233
15,57,359.03165,368.54149
15,58,359.1587,368.76608
15,59,359.28583,368.9849
15,60,359.41254,369.19676
15,61,359.53815,369.40045
15,62,359.6621,369.59477
15,63,359.78384,369.77854
15,64,359.9027,369.95055
15,65,360.0181,370.10961
15,66,360.1295,370.25451
15,67,360.2363,370.38407
15,68,360.33783,370.49708
15,69,360.4336,370.59234
15,70,360.523,370.66866
15,71,360.60544,370.72484
15,72,360.68033,370.75969
15,73,360.7471,370.772
15,74,360.80515,370.77265
15,75,360.85416,370.77329
15,76,360.89413,370.77394
15,77,360.92584,370.77458
15,78,360.9503,370.77523
15,79,360.9692,370.77587
15,80,360.98462,370.77652
15,81,360.9991,370.77716
15,82,361.01407,370.77781
15,83,361.02942,370.77845
15,84,361.04517,370.7791
15,85,361.06134,370.77974
15,86,361.07788,370.78039
15,87,361.09476,370.78103
15,88,361.11203,370.78168
15,89,361.12958,370.78232
15,90,361.1475,370.78297
15,91,361.16568,370.78361
15,92,361.18414,370.78426
15,93,361.20288,370.7849
15,94,361.2219,370.78555
15,95,361.2411,370.78619
15,96,361.26056,370.78684
15,97,361.28018,370.78748
15,98,361.30002,370.78813
15,99,361.32004,370.78877
15,100,361.3402,370.78942
15,101,361.3605,370.79006
15,102,361.38092,370.79071
15,103,361.40146,370.79135
15,104,361.42212,370.792
15,105,361.44284,370.79265
15,106,361.4636,370.79329
15,107,361.48434,370.79394
15,108,361.50507,370.79458
15,109,361.52582,370.79523
15,110,361.54654,370.79587
15,111,361.56732,370.79652
15,112,361.58835,370.79716
15,113,361.60965,370.79781
15,114,361.63113,370.79845
15,115,361.6528,370.7991
15,116,361.67462,370.79974
15,117,361.69653,370.80039
15,118,361.7185,370.80103
15,119,361.7405,370.80168
15,120,361.76248,370.80232
15,121,361.78442,370.80297
15,122,361.80627,370.80361
15,123,361.82797,370.80426
15,124,361.84952,370.8049
15,125,361.87085,370.80555
15,126,361.89194,370.80619
15,127,361.91278,370.80684
15,128,361.93323,370.80748
15,129,361.95337,370.80813
15,130,361.9731,370.80877
15,131,361.9924,370.80942
15,132,362.01126,370.81006
15,133,362.02957,370.81071
15,134,362.04733,370.81135
15,135,362.06454,370.812
15,136,362.0811,370.8126
15,137,362.09702,370.81313
15,138,362.1122,370.8136
15,139,362.12668,370.814
15,140,362.1404,370.81436
15,141,362.15338,370.81467
15,142,362.1656,370.81496
15,143,362.1771,370.81523
15,144,362.18808,370.81548
15,145,362.19864,370.81573
15,146,362.20883,370.81599
15,147,362.21884,370.81626
15,148,362.2288,370.81655
15,149,362.23874,370.81688
15,150,362.2489,370.81726
15,151,362.25934,370.81768
15,152,362.27017,370.81816
15,153,362.28156,370.81872
15,154,362.29358,370.81935
15,155,362.30637,370.82007
15,156,362.3201,370.82089
15,157,362.33484,370.82181
15,158,362.3507,370.82285
15,159,362.36786,370.82401
15,160,362.38638,370.8253
15,161,362.40643,370.82674
15,162,362.4281,370.82833
15,163,362.4515,370.83008
15,164,362.47684,370.832
15,165,362.50415,370.84339
15,166,362.53375,370.87294
15,167,362.56625,370.91975
15,168,362.6027,370.9829
15,169,362.64423,371.06149
15,170,362.69232,371.15462
15,171,362.74863,371.26137
15,172,362.81473,371.38084
15,173,362.89124,371.51211
15,174,362.97757,371.65429
15,175,363.07315,371.80647
15,176,363.17737,371.96773
15,177,363.28964,372.13718
15,178,363.40942,372.31389
15,179,363.53613,372.49698
15,180,363.66913,372.68552
15,181,363.80795,372.87861
15,182,363.9519,373.07535
15,183,364.1005,373.27482
15,184,364.2531,373.47613
15,185,364.40915,373.67835
15,186,364.5681,373.88059
15,187,364.72943,374.08193
15,188,364.89246,374.28148
15,189,365.0567,374.47832
15,190,365.2216,374.67154
15,191,365.3866,374.86024
15,192,365.55106,375.04351
15,193,365.71454,375.22044
15,194,365.8764,375.39013
15,195,366.03616,375.55167
15,196,366.19327,375.70884000000007
15,197,366.34726,375.86604
15,198,366.49777,376.02327
15,199,366.64478,376.18053
15,200,366.78845,376.3378000000001
15,201,366.92926,376.4951
15,202,367.06787,376.65242
15,203,367.20535,376.80975
15,204,367.3423,376.9671
15,205,367.47867,377.12446
15,206,367.61456,377.28184
15,207,367.74997,377.43922
15,208,367.88492,377.59661000000006
15,209,368.01944,377.754
15,210,368.15353,377.9114
15,211,368.28726,378.0688
15,212,368.4206,378.2262
15,213,368.55362,378.38359
15,214,368.6863,378.54098
15,215,368.8187,378.69836
15,216,368.95084,378.85573
15,217,369.08267,379.01309
15,218,369.21432,379.17044
15,219,369.3458,379.32777
15,220,369.47702,379.48509
15,221,369.60815,379.64238
15,222,369.7391,379.79966
15,223,369.8699,379.95691
15,224,370.0007,380.11413
15,225,370.13138,380.27133
15,226,370.262,380.43109
15,227,370.39258,380.59562
15,228,370.52325,380.76438
15,229,370.65408,380.93682
15,230,370.78543,381.11241
15,231,370.9178,381.29058
15,232,371.05176,381.47081
15,233,371.18808,381.65253000000007
15,234,371.327,381.83521
15,235,371.46808,382.0183
15,236,371.61096,382.20125
15,237,371.75525,382.38352
15,238,371.90063,382.56456
15,239,372.0467,382.74383
15,240,372.19302,382.92077
15,241,372.33926,383.09485
15,242,372.4851,383.26552
15,243,372.6302,383.43224
15,244,372.77408,383.59444
15,245,372.91644,383.7516
15,246,373.05695,383.90317
15,247,373.19528,384.04859
15,248,373.331,384.18733
15,249,373.46384,384.31883
15,250,373.5934,384.44256
15,251,373.7194,384.55796
15,252,373.84143,384.66449
15,253,373.95914,384.76161
15,254,374.07227,384.84876
15,255,374.18042,384.92541
15,256,374.28323,384.991
15,257,374.38043,385.0479
15,258,374.47162,385.09885
15,259,374.55646,385.14384
15,260,374.63483,385.18286
15,261,374.70676,385.21593
15,262,374.7725,385.24304
15,263,374.83258,385.26419
15,264,374.88803,385.27939
15,265,374.9394,385.28862
15,266,374.98663,385.29189
15,267,375.02988,385.28921
15,268,375.0691,385.28056
15,269,375.10428,385.26596
15,270,375.1355,385.2454
15,271,375.16275,385.21888
15,272,375.18604,385.1864
15,273,375.20535,385.14796
15,274,375.22083,385.10356
15,275,375.23233,385.05321
15,276,375.23996,384.99689
15,277,375.2437,384.93462
15,278,375.24356,384.86639
15,279,375.23956,384.79219
15,280,375.23175,384.71204
15,281,375.22003,384.62593
15,282,375.20447,384.53386
15,283,375.18506,384.43584
15,284,375.1618,384.33185
15,285,375.13474,384.2219
16,0,354.9281,359.5727
16,1,354.9524,359.61023
16,2,354.9767,359.64922
16,3,355.00125,359.6898
16,4,355.02606,359.73213
16,5,355.05124,359.77636
16,6,355.07684,359.82265
16,7,355.10303,359.87115
16,8,355.1298,359.922
16,9,355.1573,359.97536
16,10,355.18564,360.03138
16,11,355.21487,360.09021
16,12,355.24506,360.152
16,13,355.27634,360.2221
16,14,355.30893,360.30532
16,15,355.34314,360.40099
16,16,355.37952,360.50846
16,17,355.41873,360.62707
16,18,355.46158,360.75615
16,19,355.5088,360.89506
16,20,355.5613,361.04313
16,21,355.6194,361.1997
16,22,355.68268,361.36412
16,23,355.75082,361.53572
16,24,355.8236,361.71384
16,25,355.90067,361.89784
16,26,355.9817,362.08704
16,27,356.06635,362.28079
16,28,356.15433,362.47843
16,29,356.2454,362.67931
16,30,356.33917,362.88276
16,31,356.43536,363.08812
16,32,356.53366,363.29474
16,33,356.63373,363.50196
16,34,356.73535,363.70911
16,35,356.8381,363.91554
16,36,356.9417,364.1206
16,37,357.04593,364.32361
16,38,357.1504,364.52393
16,39,357.2548,364.72089
16,40,357.3589,364.91384
16,41,357.4623,365.10211
16,42,357.5648,365.28505
16,43,357.66605,365.462
16,44,357.76572,365.64163
16,45,357.8637,365.83226
16,46,357.9603,366.03268
16,47,358.05588,366.2417
16,48,358.15143,366.45813
16,49,358.24796,366.68076
16,50,358.34674,366.9084
16,51,358.44922,367.13985
16,52,358.55585,367.37391
16,53,358.666,367.60938
16,54,358.7791,367.84508
16,55,358.89462,368.07979
16,56,359.01193,368.31233
16,57,359.1305,368.54149
16,58,359.2497,368.76608
16,59,359.36896,368.9849
16,60,359.48773,369.19676
16,61,359.60544,369.40045
16,62,359.72153,369.59477
16,63,359.83542,369.77854
16,64,359.94653,369.95055
16,65,360.05432,370.10961
16,66,360.15826,370.25451
16,67,360.25772,370.38407
16,68,360.3522,370.49708
16,69,360.4411,370.59234
16,70,360.52393,370.66866
16,71,360.60004,370.72484
16,72,360.66895,370.75969
16,73,360.73007,370.772
16,74,360.7829,370.77265
16,75,360.82703,370.77329
16,76,360.8626,370.77394
16,77,360.89023,370.77458
16,78,360.91104,370.77523
16,79,360.9265,370.77587
16,80,360.93875,370.77652
16,81,360.95007,370.77716
16,82,360.9618,370.77781
16,83,360.97394,370.77845
16,84,360.98645,370.7791
16,85,360.99933,370.77974
16,86,361.01257,370.78039
16,87,361.02615,370.78103
16,88,361.04004,370.78168
16,89,361.05423,370.78232
16,90,361.06873,370.78297
16,91,361.08347,370.78361
16,92,361.0985,370.78426
16,93,361.11374,370.7849
16,94,361.12918,370.78555
16,95,361.14487,370.78619
16,96,361.16077,370.78684
16,97,361.1768,370.78748
16,98,361.193,370.78813
16,99,361.20932,370.78877
16,100,361.2258,370.78942
16,101,361.2424,370.79006
16,102,361.25903,370.79071
16,103,361.2758,370.79135
16,104,361.2926,370.792
16,105,361.30948,370.79265
16,106,361.32635,370.79329
16,107,361.34326,370.79394
16,108,361.36017,370.79458
16,109,361.37714,370.79523
16,110,361.39407,370.79587
16,111,361.4111,370.79652
16,112,361.42816,370.79716
16,113,361.44534,370.79781
16,114,361.46255,370.79845
16,115,361.47983,370.7991
16,116,361.4971,370.79974
16,117,361.51437,370.80039
16,118,361.5316,370.80103
16,119,361.5488,370.80168
16,120,361.56592,370.80232
16,121,361.5829,370.80297
16,122,361.59973,370.80361
16,123,361.6165,370.80426
16,124,361.63306,370.8049
16,125,361.64944,370.80555
16,126,361.6656,370.80619
16,127,361.68152,370.80684
16,128,361.6972,370.80748
16,129,361.71262,370.80813
16,130,361.7277,370.80877
16,131,361.74246,370.80942
16,132,361.7569,370.81006
16,133,361.77094,370.81071
16,134,361.78464,370.81135
16,135,361.79788,370.812
16,136,361.81076,370.8126
16,137,361.8231,370.81313
16,138,361.835,370.8136
16,139,361.8464,370.814
16,140,361.85736,370.81436
16,141,361.8678,370.81467
16,142,361.8778,370.81496
16,143,361.8874,370.81523
16,144,361.89667,370.81548
16,145,361.90576,370.81573
16,146,361.91467,370.81599
16,147,361.92352,370.81626
16,148,361.9324,370.81655
16,149,361.9414,370.81688
16,150,361.95062,370.81726
16,151,361.96008,370.81768
16,152,361.96997,370.81816
16,153,361.9803,370.81872
16,154,361.99115,370.81935
16,155,362.0027,370.82007
16,156,362.0149,370.82089
16,157,362.02795,370.82181
16,158,362.04187,370.82285
16,159,362.0568,370.82401
16,160,362.07278,370.8253
16,161,362.0899,370.82674
16,162,362.10828,370.82833
16,163,362.128,370.83008
16,164,362.1491,370.832
16,165,362.17175,370.84339
16,166,362.19614,370.87294
16,167,362.22278,370.91975
16,168,362.25272,370.9829
16,169,362.28702,371.06149
16,170,362.327,371.15462
16,171,362.3742,371.26137
16,172,362.43027,371.38084
16,173,362.49576,371.51211
16,174,362.57013,371.65429
16,175,362.6529,371.80647
16,176,362.74347,371.96773
16,177,362.84134,372.13718
16,178,362.94598,372.31389
16,179,363.05692,372.49698
16,180,363.17352,372.68552
16,181,363.29538,372.87861
16,182,363.4219,373.07535
16,183,363.55255,373.27482
16,184,363.68686,373.47613
16,185,363.82425,373.67835
16,186,363.96426,373.88059
16,187,364.10635,374.08193
16,188,364.24997,374.28148
16,189,364.39465,374.47832
16,190,364.53986,374.67154
16,191,364.6851,374.86024
16,192,364.82986,375.04351
16,193,364.97363,375.22044
16,194,365.1159,375.39013
16,195,365.25623,375.55167
16,196,365.394,375.70884000000007
16,197,365.5289,375.86604
16,198,365.66068,376.02327
16,199,365.78928,376.18053
16,200,365.91495,376.3378000000001
16,201,366.0381,376.4951
16,202,366.1594,376.65242
16,203,366.27982,376.80975
16,204,366.39978,376.9671
16,205,366.51935,377.12446
16,206,366.63855,377.28184
16,207,366.7574,377.43922
16,208,366.87585,377.59661000000006
16,209,366.99408,377.754
16,210,367.112,377.9114
16,211,367.2296,378.0688
16,212,367.347,378.2262
16,213,367.46414,378.38359
16,214,367.58105,378.54098
16,215,367.69778,378.69836
16,216,367.8144,378.85573
16,217,367.93082,379.01309
16,218,368.04712,379.17044
16,219,368.16324,379.32777
16,220,368.27933,379.48509
16,221,368.39536,379.64238
16,222,368.51132,379.79966
16,223,368.62726,379.95691
16,224,368.7432,380.11413
16,225,368.8591,380.27133
16,226,368.97504,380.43109
16,227,369.0911,380.59562
16,228,369.2074,380.76438
16,229,369.32416,380.93682
16,230,369.44177,381.11241
16,231,369.56052,381.29058
16,232,369.68082,381.47081
16,233,369.8032,381.65253000000007
16,234,369.9276,381.83521
16,235,370.05377,382.0183
16,236,370.18134,382.20125
16,237,370.3099,382.38352
16,238,370.43927,382.56456
16,239,370.569,382.74383
16,240,370.69876,382.92077
16,241,370.8283,383.09485
16,242,370.95728,383.26552
16,243,371.08533,383.43224
16,244,371.21213,383.59444
16,245,371.33737,383.7516
16,246,371.46072,383.90317
16,247,371.58194,384.04859
16,248,371.7006,384.18733
16,249,371.81647,384.31883
16,250,371.9292,384.44256
16,251,372.03845,384.55796
16,252,372.14395,384.66449
16,253,372.24536,384.76161
16,254,372.3424,384.84876
16,255,372.43472,384.92541
16,256,372.522,384.991
16,257,372.604,385.0479
16,258,372.6804,385.09885
16,259,372.75104,385.14384
16,260,372.8159,385.18286
16,261,372.87512,385.21593
16,262,372.92905,385.24304
16,263,372.97806,385.26419
16,264,373.0229,385.27939
16,265,373.0639,385.28862
16,266,373.10114,385.29189
16,267,373.13464,385.28921
16,268,373.16443,385.28056
16,269,373.19052,385.26596
16,270,373.21295,385.2454
16,271,373.23175,385.21888
16,272,373.24698,385.1864
16,273,373.25864,385.14796
16,274,373.26675,385.10356
16,275,373.27136,385.05321
16,276,373.2724,384.99689
16,277,373.27005,384.93462
16,278,373.26425,384.86639
16,279,373.255,384.79219
16,280,373.24237,384.71204
16,281,373.22635,384.62593
16,282,373.207,384.53386
16,283,373.18427,384.43584
16,284,373.15823,384.33185
16,285,373.1289,384.2219
17,0,354.23026,359.5727
17,1,354.2644,359.61023
17,2,354.2982,359.64922
17,3,354.33167,359.6898
17,4,354.3649,359.73213
17,5,354.39804,359.77636
17,6,354.43115,359.82265
17,7,354.46432,359.87115
17,8,354.49762,359.922
17,9,354.5312,359.97536
17,10,354.56506,360.03138
17,11,354.59937,360.09021
17,12,354.63416,360.152
17,13,354.6696,360.2221
17,14,354.70572,360.30532
17,15,354.74298,360.40099
17,16,354.78168,360.50846
17,17,354.82248,360.62707
17,18,354.8659,360.75615
17,19,354.9126,360.89506
17,20,354.96313,361.04313
17,21,355.01773,361.1997
17,22,355.07614,361.36412
17,23,355.13812,361.53572
17,24,355.20352,361.71384
17,25,355.27213,361.89784
17,26,355.34363,362.08704
17,27,355.41797,362.28079
17,28,355.49487,362.47843
17,29,355.57413,362.67931
17,30,355.65552,362.88276
17,31,355.7389,363.08812
17,32,355.8239,363.29474
17,33,355.91052,363.50196
17,34,355.99847,363.70911
17,35,356.0875,363.91554
17,36,356.17743,364.1206
17,37,356.26807,364.32361
17,38,356.35922,364.52393
17,39,356.45062,364.72089
17,40,356.5421,364.91384
17,41,356.63348,365.10211
17,42,356.72455,365.28505
17,43,356.81506,365.462
17,44,356.9048,365.64163
17,45,356.99374,365.83226
17,46,357.08212,366.03268
17,47,357.1704,366.2417
17,48,357.25934,366.45813
17,49,357.34985,366.68076
17,50,357.44293,366.9084
17,51,357.5396,367.13985
17,52,357.64017,367.37391
17,53,357.74405,367.60938
17,54,357.8507,367.84508
17,55,357.95966,368.07979
17,56,358.07034,368.31233
17,57,358.18228,368.54149
17,58,358.29492,368.76608
17,59,358.4078,368.9849
17,60,358.52032,369.19676
17,61,358.63202,369.40045
17,62,358.74234,369.59477
17,63,358.85086,369.77854
17,64,358.95694,369.95055
17,65,359.06018,370.10961
17,66,359.16,370.25451
17,67,359.2559,370.38407
17,68,359.34735,370.49708
17,69,359.4339,370.59234
17,70,359.515,370.66866
17,71,359.59015,370.72484
17,72,359.6588,370.75969
17,73,359.7205,370.772
17,74,359.77472,370.77265
17,75,359.8211,370.77329
17,76,359.85986,370.77394
17,77,359.89157,370.77458
17,78,359.91727,370.77523
17,79,359.93848,370.77587
17,80,359.957,370.77652
17,81,359.9749,370.77716
17,82,359.99332,370.77781
17,83,360.0122,370.77845
17,84,360.0315,370.7791
17,85,360.05127,370.77974
17,86,360.0714,370.78039
17,87,360.09192,370.78103
17,88,360.11285,370.78168
17,89,360.13412,370.78232
17,90,360.15576,370.78297
17,91,360.17773,370.78361
17,92,360.19998,370.78426
17,93,360.22256,370.7849
17,94,360.24542,370.78555
17,95,360.26852,370.78619
17,96,360.29187,370.78684
17,97,360.3155,370.78748
17,98,360.3393,370.78813
17,99,360.3633,370.78877
17,100,360.38748,370.78942
17,101,360.41187,370.79006
17,102,360.43637,370.79071
17,103,360.461,370.79135
17,104,360.48578,370.792
17,105,360.51062,370.79265
17,106,360.5356,370.79329
17,107,360.56067,370.79394
17,108,360.58588,370.79458
17,109,360.61124,370.79523
17,110,360.6368,370.79587
17,111,360.6627,370.79652
17,112,360.68887,370.79716
17,113,360.71548,370.79781
17,114,360.74237,370.79845
17,115,360.7695,370.7991
17,116,360.79675,370.79974
17,117,360.82422,370.80039
17,118,360.85178,370.80103
17,119,360.8793,370.80168
17,120,360.9068,370.80232
17,121,360.9342,370.80297
17,122,360.9615,370.80361
17,123,360.98856,370.80426
17,124,361.01535,370.8049
17,125,361.04184,370.80555
17,126,361.06796,370.80619
17,127,361.0937,370.80684
17,128,361.1189,370.80748
17,129,361.14355,370.80813
17,130,361.16766,370.80877
17,131,361.19113,370.80942
17,132,361.21384,370.81006
17,133,361.23584,370.81071
17,134,361.257,370.81135
17,135,361.2773,370.812
17,136,361.2967,370.8126
17,137,361.3151,370.81313
17,138,361.33243,370.8136
17,139,361.34872,370.814
17,140,361.364,370.81436
17,141,361.3782,370.81467
17,142,361.39142,370.81496
17,143,361.40384,370.81523
17,144,361.41547,370.81548
17,145,361.4265,370.81573
17,146,361.43716,370.81599
17,147,361.4476,370.81626
17,148,361.45792,370.81655
17,149,361.46832,370.81688
17,150,361.47894,370.81726
17,151,361.49,370.81768
17,152,361.50156,370.81816
17,153,361.51385,370.81872
17,154,361.52698,370.81935
17,155,361.5412,370.82007
17,156,361.55655,370.82089
17,157,361.57327,370.82181
17,158,361.5915,370.82285
17,159,361.61133,370.82401
17,160,361.63306,370.8253
17,161,361.65674,370.82674
17,162,361.6826,370.82833
17,163,361.7107,370.83008
17,164,361.74127,370.832
17,165,361.77448,370.84339
17,166,361.8106,370.87294
17,167,361.85025,370.91975
17,168,361.8943,370.9829
17,169,361.94394,371.06149
17,170,362.00034,371.15462
17,171,362.0649,371.26137
17,172,362.139,371.38084
17,173,362.22284,371.51211
17,174,362.316,371.65429
17,175,362.4179,371.80647
17,176,362.52798,371.96773
17,177,362.6457,372.13718
17,178,362.77045,372.31389
17,179,362.9018,372.49698
17,180,363.0391,372.68552
17,181,363.18192,372.87861
17,182,363.32953,373.07535
17,183,363.4816,373.27482
17,184,363.63745,373.47613
17,185,363.7966,373.67835
17,186,363.9585,373.88059
17,187,364.1226,374.08193
17,188,364.2883,374.28148
17,189,364.4552,374.47832
17,190,364.62265,374.67154
17,191,364.79016,374.86024
17,192,364.95724,375.04351
17,193,365.12326,375.22044
17,194,365.28778,375.39013
17,195,365.45026,375.55167
17,196,365.61014,375.70884000000007
17,197,365.76697,375.86604
17,198,365.9206,376.02327
17,199,366.0709,376.18053
17,200,366.21814,376.3378000000001
17,201,366.3627,376.4951
17,202,366.5053,376.65242
17,203,366.64676,376.80975
17,204,366.78757,376.9671
17,205,366.92776,377.12446
17,206,367.06732,377.28184
17,207,367.20636,377.43922
17,208,367.34482,377.59661000000006
17,209,367.48273,377.754
17,210,367.6202,377.9114
17,211,367.75717,378.0688
17,212,367.89374,378.2262
17,213,368.0299,378.38359
17,214,368.16565,378.54098
17,215,368.3011,378.69836
17,216,368.43616,378.85573
17,217,368.57095,379.01309
17,218,368.70547,379.17044
17,219,368.83972,379.32777
17,220,368.97382,379.48509
17,221,369.10767,379.64238
17,222,369.24136,379.79966
17,223,369.37488,379.95691
17,224,369.50836,380.11413
17,225,369.6417,380.27133
17,226,369.77502,380.43109
17,227,369.90836,380.59562
17,228,370.04196,380.76438
17,229,370.17612,380.93682
17,230,370.31137,381.11241
17,231,370.44812,381.29058
17,232,370.58688,381.47081
17,233,370.72833,381.65253000000007
17,234,370.87244,381.83521
17,235,371.01877,382.0183
17,236,371.16693,382.20125
17,237,371.31653,382.38352
17,238,371.46716,382.56456
17,239,371.61838,382.74383
17,240,371.7698,382.92077
17,241,371.92105,383.09485
17,242,372.0717,383.26552
17,243,372.2213,383.43224
17,244,372.36957,383.59444
17,245,372.516,383.7516
17,246,372.66025,383.90317
17,247,372.8019,384.04859
17,248,372.94058,384.18733
17,249,373.0759,384.31883
17,250,373.20743,384.44256
17,251,373.33484,384.55796
17,252,373.4577,384.66449
17,253,373.57565,384.76161
17,254,373.6883,384.84876
17,255,373.79523,384.92541
17,256,373.8961,384.991
17,257,373.99045,385.0479
17,258,374.07803,385.09885
17,259,374.1587,385.14384
17,260,374.23236,385.18286
17,261,374.29932,385.21593
17,262,374.36,385.24304
17,263,374.4149,385.26419
17,264,374.46494,385.27939
17,265,374.5105,385.28862
17,266,374.55167,385.29189
17,267,374.58844,385.28921
17,268,374.62085,385.28056
17,269,374.64893,385.26596
17,270,374.67273,385.2454
17,271,374.6922,385.21888
17,272,374.70746,385.1864
17,273,374.71854,385.14796
17,274,374.72534,385.10356
17,275,374.728,385.05321
17,276,374.7265,384.99689
17,277,374.7209,384.93462
17,278,374.71115,384.86639
17,279,374.69733,384.79219
17,280,374.67944,384.71204
17,281,374.6575,384.62593
17,282,374.63156,384.53386
17,283,374.6016,384.43584
17,284,374.56766,384.33185
17,285,374.5297,384.2219
18,0,353.5834,359.5727
18,1,353.61853,359.61023
18,2,353.65375,359.64922
18,3,353.68912,359.6898
18,4,353.72452,359.73213
18,5,353.7601,359.77636
18,6,353.7958,359.82265
18,7,353.83163,359.87115
18,8,353.86765,359.922
18,9,353.9038,359.97536
18,10,353.94022,360.03138
18,11,353.9768,360.09021
18,12,354.01355,360.152
18,13,354.0506,360.2221
18,14,354.08798,360.30532
18,15,354.12607,360.40099
18,16,354.16537,360.50846
18,17,354.20648,360.62707
18,18,354.24997,360.75615
18,19,354.29648,360.89506
18,20,354.34656,361.04313
18,21,354.4003,361.1997
18,22,354.4575,361.36412
18,23,354.51785,361.53572
18,24,354.58124,361.71384
18,25,354.64737,361.89784
18,26,354.71597,362.08704
18,27,354.7869,362.28079
18,28,354.85986,362.47843
18,29,354.93463,362.67931
18,30,355.011,362.88276
18,31,355.08868,363.08812
18,32,355.16754,363.29474
18,33,355.24725,363.50196
18,34,355.32764,363.70911
18,35,355.40845,363.91554
18,36,355.48947,364.1206
18,37,355.57043,364.32361
18,38,355.6512,364.52393
18,39,355.73145,364.72089
18,40,355.81097,364.91384
18,41,355.8896,365.10211
18,42,355.967,365.28505
18,43,356.04303,365.462
18,44,356.11746,365.64163
18,45,356.19022,365.83226
18,46,356.2616,366.03268
18,47,356.33215,366.2417
18,48,356.40268,366.45813
18,49,356.47403,366.68076
18,50,356.54718,366.9084
18,51,356.62302,367.13985
18,52,356.70175,367.37391
18,53,356.78308,367.60938
18,54,356.86646,367.84508
18,55,356.95166,368.07979
18,56,357.03812,368.31233
18,57,357.12555,368.54149
18,58,357.21347,368.76608
18,59,357.3015,368.9849
18,60,357.38928,369.19676
18,61,357.4764,369.40045
18,62,357.56244,369.59477
18,63,357.64703,369.77854
18,64,357.72977,369.95055
18,65,357.81024,370.10961
18,66,357.8881,370.25451
18,67,357.96286,370.38407
18,68,358.0342,370.49708
18,69,358.1018,370.59234
18,70,358.1651,370.66866
18,71,358.22385,370.72484
18,72,358.2776,370.75969
18,73,358.32596,370.772
18,74,358.36853,370.77265
18,75,358.40512,370.77329
18,76,358.4359,370.77394
18,77,358.46136,370.77458
18,78,358.4823,370.77523
18,79,358.49997,370.77587
18,80,358.51566,370.77652
18,81,358.53098,370.77716
18,82,358.54672,370.77781
18,83,358.56293,370.77845
18,84,358.5795,370.7791
18,85,358.59647,370.77974
18,86,358.61383,370.78039
18,87,358.63156,370.78103
18,88,358.64963,370.78168
18,89,358.668,370.78232
18,90,358.6867,370.78297
18,91,358.7057,370.78361
18,92,358.725,370.78426
18,93,358.74457,370.7849
18,94,358.76437,370.78555
18,95,358.78442,370.78619
18,96,358.8047,370.78684
18,97,358.8252,370.78748
18,98,358.84586,370.78813
18,99,358.86667,370.78877
18,100,358.88766,370.78942
18,101,358.9088,370.79006
18,102,358.93008,370.79071
18,103,358.95148,370.79135
18,104,358.9729,370.792
18,105,358.9945,370.79265
18,106,359.01608,370.79329
18,107,359.0377,370.79394
18,108,359.05917,370.79458
18,109,359.08057,370.79523
18,110,359.10184,370.79587
18,111,359.12286,370.79652
18,112,359.14377,370.79716
18,113,359.16452,370.79781
18,114,359.18506,370.79845
18,115,359.2055,370.7991
18,116,359.22577,370.79974
18,117,359.24588,370.80039
18,118,359.2658,370.80103
18,119,359.2855,370.80168
18,120,359.30505,370.80232
18,121,359.3244,370.80297
18,122,359.34357,370.80361
18,123,359.3625,370.80426
18,124,359.38123,370.8049
18,125,359.39975,370.80555
18,126,359.41803,370.80619
18,127,359.43613,370.80684
18,128,359.45395,370.80748
18,129,359.47153,370.80813
18,130,359.4889,370.80877
18,131,359.506,370.80942
18,132,359.52283,370.81006
18,133,359.53946,370.81071
18,134,359.5558,370.81135
18,135,359.57184,370.812
18,136,359.58762,370.8126
18,137,359.6031,370.81313
18,138,359.61832,370.8136
18,139,359.63324,370.814
18,140,359.6479,370.81436
18,141,359.66226,370.81467
18,142,359.67645,370.81496
18,143,359.6905,370.81523
18,144,359.70447,370.81548
18,145,359.71844,370.81573
18,146,359.73254,370.81599
18,147,359.74686,370.81626
18,148,359.76147,370.81655
18,149,359.7765,370.81688
18,150,359.79196,370.81726
18,151,359.808,370.81768
18,152,359.82477,370.81816
18,153,359.84225,370.81872
18,154,359.86057,370.81935
18,155,359.87988,370.82007
18,156,359.90018,370.82089
18,157,359.92157,370.82181
18,158,359.9442,370.82285
18,159,359.96817,370.82401
18,160,359.99353,370.8253
18,161,360.02036,370.82674
18,162,360.0488,370.82833
18,163,360.0789,370.83008
18,164,360.11072,370.832
18,165,360.14444,370.84339
18,166,360.18024,370.87294
18,167,360.2186,370.91975
18,168,360.26028,370.9829
18,169,360.30618,371.06149
18,170,360.35724,371.15462
18,171,360.41452,371.26137
18,172,360.47906,371.38084
18,173,360.55118,371.51211
18,174,360.6304,371.65429
18,175,360.71634,371.80647
18,176,360.80865,371.96773
18,177,360.9069,372.13718
18,178,361.01062,372.31389
18,179,361.11954,372.49698
18,180,361.23315,372.68552
18,181,361.35104,372.87861
18,182,361.47293,373.07535
18,183,361.59833,373.27482
18,184,361.7268,373.47613
18,185,361.85806,373.67835
18,186,361.99158,373.88059
18,187,362.12704,374.08193
18,188,362.26407,374.28148
18,189,362.4022,374.47832
18,190,362.54108,374.67154
18,191,362.68027,374.86024
18,192,362.8194,375.04351
18,193,362.9581,375.22044
18,194,363.09592,375.39013
18,195,363.23254,375.55167
18,196,363.3675,375.70884000000007
18,197,363.5005,375.86604
18,198,363.63132,376.02327
18,199,363.7599,376.18053
18,200,363.88632,376.3378000000001
18,201,364.01096,376.4951
18,202,364.13412,376.65242
18,203,364.25653,376.80975
18,204,364.37842,376.9671
18,205,364.49982,377.12446
18,206,364.6208,377.28184
18,207,364.74136,377.43922
18,208,364.86157,377.59661000000006
18,209,364.98135,377.754
18,210,365.10086,377.9114
18,211,365.22,378.0688
18,212,365.33884,378.2262
18,213,365.45737,378.38359
18,214,365.5757,378.54098
18,215,365.69376,378.69836
18,216,365.8116,378.85573
18,217,365.92932,379.01309
18,218,366.0468,379.17044
18,219,366.1642,379.32777
18,220,366.28146,379.48509
18,221,366.39865,379.64238
18,222,366.51578,379.79966
18,223,366.6328,379.95691
18,224,366.74982,380.11413
18,225,366.86685,380.27133
18,226,366.98392,380.43109
18,227,367.10098,380.59562
18,228,367.21808,380.76438
18,229,367.33524,380.93682
18,230,367.4525,381.11241
18,231,367.5702,381.29058
18,232,367.68845,381.47081
18,233,367.8077,381.65253000000007
18,234,367.92792,381.83521
18,235,368.04904,382.0183
18,236,368.1709,382.20125
18,237,368.2933,382.38352
18,238,368.41614,382.56456
18,239,368.53918,382.74383
18,240,368.66235,382.92077
18,241,368.78546,383.09485
18,242,368.9084,383.26552
18,243,369.03088,383.43224
18,244,369.1529,383.59444
18,245,369.2742,383.7516
18,246,369.3947,383.90317
18,247,369.51425,384.04859
18,248,369.63266,384.18733
18,249,369.74982,384.31883
18,250,369.86548,384.44256
18,251,369.97958,384.55796
18,252,370.09198,384.66449
18,253,370.20245,384.76161
18,254,370.3109,384.84876
18,255,370.41718,384.92541
18,256,370.5211,384.991
18,257,370.62256,385.0479
18,258,370.7213,385.09885
18,259,370.81726,385.14384
18,260,370.91028,385.18286
18,261,371.0003,385.21593
18,262,371.08743,385.24304
18,263,371.17197,385.26419
18,264,371.25424,385.27939
18,265,371.3346,385.28862
18,266,371.41306,385.29189
18,267,371.4897,385.28921
18,268,371.56445,385.28056
18,269,371.63745,385.26596
18,270,371.70868,385.2454
18,271,371.77817,385.21888
18,272,371.84598,385.1864
18,273,371.91214,385.14796
18,274,371.97668,385.10356
18,275,372.03967,385.05321
18,276,372.10107,384.99689
18,277,372.16098,384.93462
18,278,372.21942,384.86639
18,279,372.27643,384.79219
18,280,372.332,384.71204
18,281,372.38623,384.62593
18,282,372.4391,384.53386
18,283,372.49066,384.43584
18,284,372.54095,384.33185
18,285,372.59003,384.2219
19,0,356.1955,359.5727
19,1,356.22623,359.61023
19,2,356.25674,359.64922
19,3,356.28717,359.6898
19,4,356.31754,359.73213
19,5,356.34793,359.77636
19,6,356.37848,359.82265
19,7,356.4092,359.87115
19,8,356.44022,359.922
19,9,356.47162,359.97536
19,10,356.50348,360.03138
19,11,356.53586,360.09021
19,12,356.56888,360.152
19,13,356.60263,360.2221
19,14,356.6372,360.30532
19,15,356.67297,360.40099
19,16,356.71054,360.50846
19,17,356.7503,360.62707
19,18,356.79306,360.75615
19,19,356.8394,360.89506
19,20,356.89,361.04313
19,21,356.94504,361.1997
19,22,357.00427,361.36412
19,23,357.06744,361.53572
19,24,357.13434,361.71384
19,25,357.2047,361.89784
19,26,357.27832,362.08704
19,27,357.35486,362.28079
19,28,357.43417,362.47843
19,29,357.51593,362.67931
19,30,357.6,362.88276
19,31,357.686,363.08812
19,32,357.7738,363.29474
19,33,357.86313,363.50196
19,34,357.9537,363.70911
19,35,358.04532,363.91554
19,36,358.1377,364.1206
19,37,358.23068,364.32361
19,38,358.32394,364.52393
19,39,358.41727,364.72089
19,40,358.51044,364.91384
19,41,358.60315,365.10211
19,42,358.69528,365.28505
19,43,358.7865,365.462
19,44,358.87656,365.64163
19,45,358.96545,365.83226
19,46,359.05334,366.03268
19,47,359.14075,366.2417
19,48,359.22842,366.45813
19,49,359.3173,366.68076
19,50,359.40848,366.9084
19,51,359.50314,367.13985
19,52,359.6016,367.37391
19,53,359.7033,367.60938
19,54,359.80783,367.84508
19,55,359.91458,368.07979
19,56,360.02304,368.31233
19,57,360.13275,368.54149
19,58,360.24313,368.76608
19,59,360.3537,368.9849
19,60,360.46393,369.19676
19,61,360.5734,369.40045
19,62,360.68146,369.59477
19,63,360.78772,369.77854
19,64,360.8916,369.95055
19,65,360.99268,370.10961
19,66,361.09036,370.25451
19,67,361.18423,370.38407
19,68,361.2738,370.49708
19,69,361.3585,370.59234
19,70,361.43784,370.66866
19,71,361.51138,370.72484
19,72,361.57855,370.75969
19,73,361.63895,370.772
19,74,361.69202,370.77265
19,75,361.73746,370.77329
19,76,361.77533,370.77394
19,77,361.80618,370.77458
19,78,361.83093,370.77523
19,79,361.85095,370.77587
19,80,361.86816,370.77652
19,81,361.88464,370.77716
19,82,361.90164,370.77781
19,83,361.9191,370.77845
19,84,361.937,370.7791
19,85,361.95538,370.77974
19,86,361.97418,370.78039
19,87,361.99338,370.78103
19,88,362.01297,370.78168
19,89,362.03293,370.78232
19,90,362.05322,370.78297
19,91,362.07385,370.78361
19,92,362.0948,370.78426
19,93,362.11606,370.7849
19,94,362.13757,370.78555
19,95,362.15936,370.78619
19,96,362.18137,370.78684
19,97,362.2036,370.78748
19,98,362.22604,370.78813
19,99,362.2487,370.78877
19,100,362.27148,370.78942
19,101,362.29443,370.79006
19,102,362.3175,370.79071
19,103,362.3407,370.79135
19,104,362.36398,370.792
19,105,362.38733,370.79265
19,106,362.41077,370.79329
19,107,362.4342,370.79394
19,108,362.45767,370.79458
19,109,362.4812,370.79523
19,110,362.5047,370.79587
19,111,362.52832,370.79652
19,112,362.5522,370.79716
19,113,362.57617,370.79781
19,114,362.60037,370.79845
19,115,362.62466,370.7991
19,116,362.64908,370.79974
19,117,362.67352,370.80039
19,118,362.698,370.80103
19,119,362.72238,370.80168
19,120,362.74673,370.80232
19,121,362.771,370.80297
19,122,362.79507,370.80361
19,123,362.81897,370.80426
19,124,362.84265,370.8049
19,125,362.86606,370.80555
19,126,362.8892,370.80619
19,127,362.91196,370.80684
19,128,362.93436,370.80748
19,129,362.95636,370.80813
19,130,362.97787,370.80877
19,131,362.99887,370.80942
19,132,363.0194,370.81006
19,133,363.03934,370.81071
19,134,363.0587,370.81135
19,135,363.0774,370.812
19,136,363.09537,370.8126
19,137,363.11264,370.81313
19,138,363.12918,370.8136
19,139,363.1449,370.814
19,140,363.15988,370.81436
19,141,363.1741,370.81467
19,142,363.18762,370.81496
19,143,363.20053,370.81523
19,144,363.2129,370.81548
19,145,363.2249,370.81573
19,146,363.23672,370.81599
19,147,363.24838,370.81626
19,148,363.2601,370.81655
19,149,363.27194,370.81688
19,150,363.2841,370.81726
19,151,363.29666,370.81768
19,152,363.30978,370.81816
19,153,363.3236,370.81872
19,154,363.33823,370.81935
19,155,363.3538,370.82007
19,156,363.37045,370.82089
19,157,363.3883,370.82181
19,158,363.40753,370.82285
19,159,363.4282,370.82401
19,160,363.45047,370.8253
19,161,363.47452,370.82674
19,162,363.5004,370.82833
19,163,363.5283,370.83008
19,164,363.55835,370.832
19,165,363.59064,370.84339
19,166,363.62546,370.87294
19,167,363.6634,370.91975
19,168,363.7052,370.9829
19,169,363.75186,371.06149
19,170,363.80475,371.15462
19,171,363.86508,371.26137
19,172,363.9344,371.38084
19,173,364.0131,371.51211
19,174,364.10068,371.65429
19,175,364.1966,371.80647
19,176,364.30038,371.96773
19,177,364.41144,372.13718
19,178,364.52933,372.31389
19,179,364.65347,372.49698
19,180,364.78336,372.68552
19,181,364.91852,372.87861
19,182,365.05835,373.07535
19,183,365.2024,373.27482
19,184,365.3501,373.47613
19,185,365.50098,373.67835
19,186,365.6545,373.88059
19,187,365.81015,374.08193
19,188,365.96747,374.28148
19,189,366.12592,374.47832
19,190,366.2849,374.67154
19,191,366.4441,374.86024
19,192,366.60287,375.04351
19,193,366.76074,375.22044
19,194,366.91724,375.39013
19,195,367.0719,375.55167
19,196,367.22418,375.70884000000007
19,197,367.37366,375.86604
19,198,367.5201,376.02327
19,199,367.6634,376.18053
19,200,367.80374,376.3378000000001
19,201,367.94147,376.4951
19,202,368.07724,376.65242
19,203,368.2119,376.80975
19,204,368.346,376.9671
19,205,368.47952,377.12446
19,206,368.61255,377.28184
19,207,368.74506,377.43922
19,208,368.8771,377.59661000000006
19,209,369.0087,377.754
19,210,369.13986,377.9114
19,211,369.2707,378.0688
19,212,369.4011,378.2262
19,213,369.5312,378.38359
19,214,369.66095,378.54098
19,215,369.7904,378.69836
19,216,369.91965,378.85573
19,217,370.04868,379.01309
19,218,370.17743,379.17044
19,219,370.30603,379.32777
19,220,370.43454,379.48509
19,221,370.56287,379.64238
19,222,370.69107,379.79966
19,223,370.81924,379.95691
19,224,370.94736,380.11413
19,225,371.07547,380.27133
19,226,371.20358,380.43109
19,227,371.33173,380.59562
19,228,371.46002,380.76438
19,229,371.58865,380.93682
19,230,371.718,381.11241
19,231,371.84833,381.29058
19,232,371.98026,381.47081
19,233,372.11426,381.65253000000007
19,234,372.25046,381.83521
19,235,372.38858,382.0183
19,236,372.52823,382.20125
19,237,372.66907,382.38352
19,238,372.81073,382.56456
19,239,372.9529,382.74383
19,240,373.09528,382.92077
19,241,373.23746,383.09485
19,242,373.37915,383.26552
19,243,373.52002,383.43224
19,244,373.65973,383.59444
19,245,373.798,383.7516
19,246,373.93442,383.90317
19,247,374.06876,384.04859
19,248,374.20068,384.18733
19,249,374.32983,384.31883
19,250,374.4559,384.44256
19,251,374.5786,384.55796
19,252,374.6976,384.66449
19,253,374.81256,384.76161
19,254,374.92325,384.84876
19,255,375.02924,384.92541
19,256,375.1303,384.991
19,257,375.22614,385.0479
19,258,375.31638,385.09885
19,259,375.40088,385.14384
19,260,375.47946,385.18286
19,261,375.5523,385.21593
19,262,375.61963,385.24304
19,263,375.68192,385.26419
19,264,375.74002,385.27939
19,265,375.79434,385.28862
19,266,375.84494,385.29189
19,267,375.89185,385.28921
19,268,375.93506,385.28056
19,269,375.97467,385.26596
19,270,376.01065,385.2454
19,271,376.0431,385.21888
19,272,376.07196,385.1864
19,273,376.09732,385.14796
19,274,376.1192,385.10356
19,275,376.1376,385.05321
19,276,376.15256,384.99689
19,277,376.1641,384.93462
19,278,376.17224,384.86639
19,279,376.177,384.79219
19,280,376.17844,384.71204
19,281,376.1765,384.62593
19,282,376.17133,384.53386
19,283,376.16278,384.43584
19,284,376.151,384.33185
19,285,376.13593,384.2219
20,0,353.32098,359.5727
20,1,353.34323,359.61023
20,2,353.36572,359.64922
20,3,353.38846,359.6898
20,4,353.4116,359.73213
20,5,353.4352,359.77636
20,6,353.45932,359.82265
20,7,353.48413,359.87115
20,8,353.50967,359.922
20,9,353.5361,359.97536
20,10,353.56342,360.03138
20,11,353.59177,360.09021
20,12,353.62125,360.152
20,13,353.65198,360.2221
20,14,353.6841,360.30532
20,15,353.71817,360.40099
20,16,353.75476,360.50846
20,17,353.79465,360.62707
20,18,353.83862,360.75615
20,19,353.88757,360.89506
20,20,353.94223,361.04313
20,21,354.00278,361.1997
20,22,354.0689,361.36412
20,23,354.14032,361.53572
20,24,354.21658,361.71384
20,25,354.29745,361.89784
20,26,354.38257,362.08704
20,27,354.47153,362.28079
20,28,354.56406,362.47843
20,29,354.65982,362.67931
20,30,354.75848,362.88276
20,31,354.85968,363.08812
20,32,354.96307,363.29474
20,33,355.06836,363.50196
20,34,355.17517,363.70911
20,35,355.2832,363.91554
20,36,355.39212,364.1206
20,37,355.50162,364.32361
20,38,355.6113,364.52393
20,39,355.72086,364.72089
20,40,355.82996,364.91384
20,41,355.93832,365.10211
20,42,356.04556,365.28505
20,43,356.15134,365.462
20,44,356.25543,365.64163
20,45,356.3576,365.83226
20,46,356.45828,366.03268
20,47,356.55823,366.2417
20,48,356.6583,366.45813
20,49,356.75967,366.68076
20,50,356.86365,366.9084
20,51,356.97147,367.13985
20,52,357.0835,367.37391
20,53,357.19907,367.60938
20,54,357.3176,367.84508
20,55,357.43848,368.07979
20,56,357.5611,368.31233
20,57,357.68484,368.54149
20,58,357.80908,368.76608
20,59,357.9333,368.9849
20,60,358.0568,369.19676
20,61,358.17896,369.40045
20,62,358.29932,369.59477
20,63,358.41714,369.77854
20,64,358.53192,369.95055
20,65,358.643,370.10961
20,66,358.74985,370.25451
20,67,358.85178,370.38407
20,68,358.94833,370.49708
20,69,359.03882,370.59234
20,70,359.1227,370.66866
20,71,359.19937,370.72484
20,72,359.26825,370.75969
20,73,359.3287,370.772
20,74,359.38025,370.77265
20,75,359.4225,370.77329
20,76,359.4558,370.77394
20,77,359.48105,370.77458
20,78,359.4995,370.77523
20,79,359.51297,370.77587
20,80,359.5234,370.77652
20,81,359.53305,370.77716
20,82,359.54303,370.77781
20,83,359.55344,370.77845
20,84,359.56418,370.7791
20,85,359.57523,370.77974
20,86,359.58664,370.78039
20,87,359.59836,370.78103
20,88,359.61038,370.78168
20,89,359.62265,370.78232
20,90,359.63513,370.78297
20,91,359.64798,370.78361
20,92,359.661,370.78426
20,93,359.67422,370.7849
20,94,359.68765,370.78555
20,95,359.7013,370.78619
20,96,359.71512,370.78684
20,97,359.72906,370.78748
20,98,359.74316,370.78813
20,99,359.7574,370.78877
20,100,359.77173,370.78942
20,101,359.78622,370.79006
20,102,359.80072,370.79071
20,103,359.8153,370.79135
20,104,359.83,370.792
20,105,359.84467,370.79265
20,106,359.85938,370.79329
20,107,359.87408,370.79394
20,108,359.88885,370.79458
20,109,359.9036,370.79523
20,110,359.9184,370.79587
20,111,359.93317,370.79652
20,112,359.94803,370.79716
20,113,359.96286,370.79781
20,114,359.97778,370.79845
20,115,359.9926,370.7991
20,116,360.00748,370.79974
20,117,360.02228,370.80039
20,118,360.03705,370.80103
20,119,360.05173,370.80168
20,120,360.06628,370.80232
20,121,360.08078,370.80297
20,122,360.09512,370.80361
20,123,360.10934,370.80426
20,124,360.1234,370.8049
20,125,360.13733,370.80555
20,126,360.15103,370.80619
20,127,360.1645,370.80684
20,128,360.17776,370.80748
20,129,360.1908,370.80813
20,130,360.20358,370.80877
20,131,360.21606,370.80942
20,132,360.22827,370.81006
20,133,360.2402,370.81071
20,134,360.25177,370.81135
20,135,360.26303,370.812
20,136,360.2739,370.8126
20,137,360.28442,370.81313
20,138,360.29453,370.8136
20,139,360.3043,370.814
20,140,360.31363,370.81436
20,141,360.32263,370.81467
20,142,360.3313,370.81496
20,143,360.3397,370.81523
20,144,360.34787,370.81548
20,145,360.3559,370.81573
20,146,360.3639,370.81599
20,147,360.37186,370.81626
20,148,360.3799,370.81655
20,149,360.38812,370.81688
20,150,360.3965,370.81726
20,151,360.40524,370.81768
20,152,360.4143,370.81816
20,153,360.42383,370.81872
20,154,360.43384,370.81935
20,155,360.44446,370.82007
20,156,360.4557,370.82089
20,157,360.46765,370.82181
20,158,360.48044,370.82285
20,159,360.49408,370.82401
20,160,360.50864,370.8253
20,161,360.52423,370.82674
20,162,360.5409,370.82833
20,163,360.55872,370.83008
20,164,360.57776,370.832
20,165,360.59808,370.84339
20,166,360.62003,370.87294
20,167,360.64432,370.91975
20,168,360.67197,370.9829
20,169,360.70425,371.06149
20,170,360.74268,371.15462
20,171,360.78864,371.26137
20,172,360.8436,371.38084
20,173,360.908,371.51211
20,174,360.98132,371.65429
20,175,361.06305,371.80647
20,176,361.1526,371.96773
20,177,361.24945,372.13718
20,178,361.35306,372.31389
20,179,361.46292,372.49698
20,180,361.57846,372.68552
20,181,361.69916,372.87861
20,182,361.8245,373.07535
20,183,361.95392,373.27482
20,184,362.0869,373.47613
20,185,362.2229,373.67835
20,186,362.36145,373.88059
20,187,362.50195,374.08193
20,188,362.6439,374.28148
20,189,362.78674,374.47832
20,190,362.93005,374.67154
20,191,363.0732,374.86024
20,192,363.21573,375.04351
20,193,363.35712,375.22044
20,194,363.49686,375.39013
20,195,363.63437,375.55167
20,196,363.76923,375.70884000000007
20,197,363.90097,375.86604
20,198,364.02948,376.02327
20,199,364.15488,376.18053
20,200,364.27744,376.3378000000001
20,201,364.3976,376.4951
20,202,364.51624,376.65242
20,203,364.63403,376.80975
20,204,364.75143,376.9671
20,205,364.8686,377.12446
20,206,364.98535,377.28184
20,207,365.10187,377.43922
20,208,365.2181,377.59661000000006
20,209,365.33408,377.754
20,210,365.4498,377.9114
20,211,365.5653,378.0688
20,212,365.68063,378.2262
20,213,365.79575,378.38359
20,214,365.91068,378.54098
20,215,366.0255,378.69836
20,216,366.14017,378.85573
20,217,366.25473,379.01309
20,218,366.36917,379.17044
20,219,366.48355,379.32777
20,220,366.59787,379.48509
20,221,366.71213,379.64238
20,222,366.8264,379.79966
20,223,366.9406,379.95691
20,224,367.0548,380.11413
20,225,367.1691,380.27133
20,226,367.28336,380.43109
20,227,367.39777,380.59562
20,228,367.51248,380.76438
20,229,367.62784,380.93682
20,230,367.74417,381.11241
20,231,367.86182,381.29058
20,232,367.98123,381.47081
20,233,368.1026,381.65253000000007
20,234,368.22604,381.83521
20,235,368.3511,382.0183
20,236,368.4775,382.20125
20,237,368.60492,382.38352
20,238,368.733,382.56456
20,239,368.86136,382.74383
20,240,368.9898,382.92077
20,241,369.11786,383.09485
20,242,369.24527,383.26552
20,243,369.37167,383.43224
20,244,369.49683,383.59444
20,245,369.62033,383.7516
20,246,369.74188,383.90317
20,247,369.8612,384.04859
20,248,369.97794,384.18733
20,249,370.09177,384.31883
20,250,370.2024,384.44256
20,251,370.30948,384.55796
20,252,370.41272,384.66449
20,253,370.51184,384.76161
20,254,370.60645,384.84876
20,255,370.69626,384.92541
20,256,370.781,384.991
20,257,370.86032,385.0479
20,258,370.93396,385.09885
20,259,371.0018,385.14384
20,260,371.06393,385.18286
20,261,371.1205,385.21593
20,262,371.17197,385.24304
20,263,371.21866,385.26419
20,264,371.2612,385.27939
20,265,371.2999,385.28862
20,266,371.33475,385.29189
20,267,371.36584,385.28921
20,268,371.39316,385.28056
20,269,371.41672,385.26596
20,270,371.43655,385.2454
20,271,371.45273,385.21888
20,272,371.46518,385.1864
20,273,371.47403,385.14796
20,274,371.47922,385.10356
20,275,371.48083,385.05321
20,276,371.47885,384.99689
20,277,371.4733,384.93462
20,278,371.4642,384.86639
20,279,371.45154,384.79219
20,280,371.43536,384.71204
20,281,371.4157,384.62593
20,282,371.39255,384.53386
20,283,371.36594,384.43584
20,284,371.33585,384.33185
20,285,371.3023,384.2219
21,0,353.95578,359.5727
21,1,353.98,359.61023
21,2,354.00473,359.64922
21,3,354.02994,359.6898
21,4,354.05576,359.73213
21,5,354.08212,359.77636
21,6,354.10913,359.82265
21,7,354.13678,359.87115
21,8,354.1652,359.922
21,9,354.19427,359.97536
21,10,354.22418,360.03138
21,11,354.25494,360.09021
21,12,354.28653,360.152
21,13,354.31903,360.2221
21,14,354.3526,360.30532
21,15,354.38754,360.40099
21,16,354.42453,360.50846
21,17,354.4643,360.62707
21,18,354.5076,360.75615
21,19,354.55536,360.89506
21,20,354.60834,361.04313
21,21,354.6668,361.1997
21,22,354.73044,361.36412
21,23,354.79883,361.53572
21,24,354.87173,361.71384
21,25,354.94873,361.89784
21,26,355.02954,362.08704
21,27,355.11377,362.28079
21,28,355.20117,362.47843
21,29,355.2913,362.67931
21,30,355.3839,362.88276
21,31,355.4786,363.08812
21,32,355.57507,363.29474
21,33,355.673,363.50196
21,34,355.77203,363.70911
21,35,355.8718,363.91554
21,36,355.97202,364.1206
21,37,356.07236,364.32361
21,38,356.1725,364.52393
21,39,356.27206,364.72089
21,40,356.3707,364.91384
21,41,356.46814,365.10211
21,42,356.56403,365.28505
21,43,356.658,365.462
21,44,356.7498,365.64163
21,45,356.83923,365.83226
21,46,356.9265,366.03268
21,47,357.01224,366.2417
21,48,357.09732,366.45813
21,49,357.18298,366.68076
21,50,357.2704,366.9084
21,51,357.361,367.13985
21,52,357.45514,367.37391
21,53,357.55234,367.60938
21,54,357.65216,367.84508
21,55,357.75397,368.07979
21,56,357.85733,368.31233
21,57,357.9618,368.54149
21,58,358.06674,368.76608
21,59,358.17172,368.9849
21,60,358.27628,369.19676
21,61,358.37982,369.40045
21,62,358.48196,369.59477
21,63,358.58212,369.77854
21,64,358.67984,369.95055
21,65,358.77457,370.10961
21,66,358.8659,370.25451
21,67,358.95328,370.38407
21,68,359.03622,370.49708
21,69,359.11423,370.59234
21,70,359.18686,370.66866
21,71,359.25354,370.72484
21,72,359.31387,370.75969
21,73,359.36728,370.772
21,74,359.41333,370.77265
21,75,359.45166,370.77329
21,76,359.4825,370.77394
21,77,359.50635,370.77458
21,78,359.52435,370.77523
21,79,359.5379,370.77587
21,80,359.5489,370.77652
21,81,359.55923,370.77716
21,82,359.57007,370.77781
21,83,359.58136,370.77845
21,84,359.59308,370.7791
21,85,359.60516,370.77974
21,86,359.6177,370.78039
21,87,359.63058,370.78103
21,88,359.64383,370.78168
21,89,359.6574,370.78232
21,90,359.6713,370.78297
21,91,359.68552,370.78361
21,92,359.69998,370.78426
21,93,359.71466,370.7849
21,94,359.72964,370.78555
21,95,359.74484,370.78619
21,96,359.76022,370.78684
21,97,359.7758,370.78748
21,98,359.79153,370.78813
21,99,359.8074,370.78877
21,100,359.8234,370.78942
21,101,359.83954,370.79006
21,102,359.8557,370.79071
21,103,359.872,370.79135
21,104,359.8883,370.792
21,105,359.9047,370.79265
21,106,359.92105,370.79329
21,107,359.93735,370.79394
21,108,359.95355,370.79458
21,109,359.9696,370.79523
21,110,359.9854,370.79587
21,111,360.00098,370.79652
21,112,360.01617,370.79716
21,113,360.03107,370.79781
21,114,360.04562,370.79845
21,115,360.05994,370.7991
21,116,360.0739,370.79974
21,117,360.08762,370.80039
21,118,360.1011,370.80103
21,119,360.1143,370.80168
21,120,360.1273,370.80232
21,121,360.14008,370.80297
21,122,360.15265,370.80361
21,123,360.16507,370.80426
21,124,360.17728,370.8049
21,125,360.18936,370.80555
21,126,360.20132,370.80619
21,127,360.2131,370.80684
21,128,360.22482,370.80748
21,129,360.23642,370.80813
21,130,360.24792,370.80877
21,131,360.25937,370.80942
21,132,360.27078,370.81006
21,133,360.28217,370.81071
21,134,360.2935,370.81135
21,135,360.30484,370.812
21,136,360.31616,370.8126
21,137,360.32755,370.81313
21,138,360.33893,370.8136
21,139,360.35037,370.814
21,140,360.36188,370.81436
21,141,360.37347,370.81467
21,142,360.3852,370.81496
21,143,360.397,370.81523
21,144,360.40906,370.81548
21,145,360.42126,370.81573
21,146,360.43372,370.81599
21,147,360.4465,370.81626
21,148,360.45966,370.81655
21,149,360.47314,370.81688
21,150,360.48703,370.81726
21,151,360.5014,370.81768
21,152,360.5163,370.81816
21,153,360.5317,370.81872
21,154,360.54773,370.81935
21,155,360.5644,370.82007
21,156,360.5817,370.82089
21,157,360.59973,370.82181
21,158,360.61853,370.82285
21,159,360.63815,370.82401
21,160,360.65857,370.8253
21,161,360.67987,370.82674
21,162,360.70212,370.82833
21,163,360.7253,370.83008
21,164,360.7495,370.832
21,165,360.77475,370.84339
21,166,360.80124,370.87294
21,167,360.8295,370.91975
21,168,360.86026,370.9829
21,169,360.8947,371.06149
21,170,360.93405,371.15462
21,171,360.9797,371.26137
21,172,361.033,371.38084
21,173,361.09436,371.51211
21,174,361.16342,371.65429
21,175,361.23972,371.80647
21,176,361.32278,371.96773
21,177,361.41217,372.13718
21,178,361.50748,372.31389
21,179,361.60822,372.49698
21,180,361.71396,372.68552
21,181,361.8243,372.87861
21,182,361.93878,373.07535
21,183,362.05692,373.27482
21,184,362.1783,373.47613
21,185,362.30252,373.67835
21,186,362.4291,373.88059
21,187,362.55762,374.08193
21,188,362.68765,374.28148
21,189,362.81876,374.47832
21,190,362.95047,374.67154
21,191,363.0824,374.86024
21,192,363.21414,375.04351
21,193,363.34515,375.22044
21,194,363.47513,375.39013
21,195,363.60358,375.55167
21,196,363.73013,375.70884000000007
21,197,363.85437,375.86604
21,198,363.9761,376.02327
21,199,364.0953,376.18053
21,200,364.21216,376.3378000000001
21,201,364.32706,376.4951
21,202,364.44055,376.65242
21,203,364.5533,376.80975
21,204,364.6657,376.9671
21,205,364.77783,377.12446
21,206,364.88965,377.28184
21,207,365.00116,377.43922
21,208,365.11246,377.59661000000006
21,209,365.2235,377.754
21,210,365.33435,377.9114
21,211,365.44495,378.0688
21,212,365.55545,378.2262
21,213,365.6657,378.38359
21,214,365.77588,378.54098
21,215,365.88596,378.69836
21,216,365.9959,378.85573
21,217,366.10577,379.01309
21,218,366.21555,379.17044
21,219,366.32535,379.32777
21,220,366.43506,379.48509
21,221,366.5448,379.64238
21,222,366.6545,379.79966
21,223,366.7643,379.95691
21,224,366.87415,380.11413
21,225,366.98404,380.27133
21,226,367.09406,380.43109
21,227,367.20413,380.59562
21,228,367.3144,380.76438
21,229,367.42493,380.93682
21,230,367.53574,381.11241
21,231,367.64706,381.29058
21,232,367.7591,381.47081
21,233,367.87198,381.65253000000007
21,234,367.98575,381.83521
21,235,368.1002,382.0183
21,236,368.21515,382.20125
21,237,368.33054,382.38352
21,238,368.44608,382.56456
21,239,368.5617,382.74383
21,240,368.67722,382.92077
21,241,368.79245,383.09485
21,242,368.9072,383.26552
21,243,369.0214,383.43224
21,244,369.13483,383.59444
21,245,369.24734,383.7516
21,246,369.3588,383.90317
21,247,369.46906,384.04859
21,248,369.57788,384.18733
21,249,369.68524,384.31883
21,250,369.7909,384.44256
21,251,369.89468,384.55796
21,252,369.99652,384.66449
21,253,370.09616,384.76161
21,254,370.19354,384.84876
21,255,370.28848,384.92541
21,256,370.38083,384.991
21,257,370.47037,385.0479
21,258,370.557,385.09885
21,259,370.64066,385.14384
21,260,370.7212,385.18286
21,261,370.79868,385.21593
21,262,370.87317,385.24304
21,263,370.94492,385.26419
21,264,371.01422,385.27939
21,265,371.08127,385.28862
21,266,371.14615,385.29189
21,267,371.20883,385.28921
21,268,371.2694,385.28056
21,269,371.32788,385.26596
21,270,371.3843,385.2454
21,271,371.43872,385.21888
21,272,371.49115,385.1864
21,273,371.54163,385.14796
21,274,371.5902,385.10356
21,275,371.6369,385.05321
21,276,371.6818,384.99689
21,277,371.72482,384.93462
21,278,371.76608,384.86639
21,279,371.80566,384.79219
21,280,371.84344,384.71204
21,281,371.8796,384.62593
21,282,371.9141,384.53386
21,283,371.94696,384.43584
21,284,371.97824,384.33185
21,285,372.00797,384.2219
22,0,353.32968,359.5727
22,1,353.3536,359.61023
22,2,353.3776,359.64922
22,3,353.40186,359.6898
22,4,353.4264,359.73213
22,5,353.45135,359.77636
22,6,353.4768,359.82265
22,7,353.5028,359.87115
22,8,353.52957,359.922
22,9,353.5571,359.97536
22,10,353.58554,360.03138
22,11,353.61493,360.09021
22,12,353.64542,360.152
22,13,353.6771,360.2221
22,14,353.7102,360.30532
22,15,353.7453,360.40099
22,16,353.78296,360.50846
22,17,353.82404,360.62707
22,18,353.86932,360.75615
22,19,353.91962,360.89506
22,20,353.97574,361.04313
22,21,354.03787,361.1997
22,22,354.10562,361.36412
22,23,354.1788,361.53572
22,24,354.25687,361.71384
22,25,354.33963,361.89784
22,26,354.42667,362.08704
22,27,354.51767,362.28079
22,28,354.61227,362.47843
22,29,354.71017,362.67931
22,30,354.811,362.88276
22,31,354.9144,363.08812
22,32,355.02008,363.29474
22,33,355.1276,363.50196
22,34,355.23676,363.70911
22,35,355.3471,363.91554
22,36,355.45834,364.1206
22,37,355.57016,364.32361
22,38,355.68213,364.52393
22,39,355.794,364.72089
22,40,355.90543,364.91384
22,41,356.01605,365.10211
22,42,356.12552,365.28505
22,43,356.23352,365.462
22,44,356.33972,365.64163
22,45,356.44406,365.83226
22,46,356.5469,366.03268
22,47,356.649,366.2417
22,48,356.75122,366.45813
22,49,356.85477,366.68076
22,50,356.961,366.9084
22,51,357.07117,367.13985
22,52,357.1857,367.37391
22,53,357.304,367.60938
22,54,357.4254,367.84508
22,55,357.54932,368.07979
22,56,357.67508,368.31233
22,57,357.80206,368.54149
22,58,357.9297,368.76608
22,59,358.05728,368.9849
22,60,358.1843,369.19676
22,61,358.31006,369.40045
22,62,358.434,369.59477
22,63,358.55548,369.77854
22,64,358.6739,369.95055
22,65,358.78867,370.10961
22,66,358.89914,370.25451
22,67,359.00476,370.38407
22,68,359.1049,370.49708
22,69,359.19897,370.59234
22,70,359.28635,370.66866
22,71,359.3665,370.72484
22,72,359.4387,370.75969
22,73,359.50247,370.772
22,74,359.55716,370.77265
22,75,359.60248,370.77329
22,76,359.63867,370.77394
22,77,359.66647,370.77458
22,78,359.68713,370.77523
22,79,359.70236,370.77587
22,80,359.71423,370.77652
22,81,359.72525,370.77716
22,82,359.73663,370.77781
22,83,359.74847,370.77845
22,84,359.76068,370.7791
22,85,359.77332,370.77974
22,86,359.78625,370.78039
22,87,359.7996,370.78103
22,88,359.81314,370.78168
22,89,359.82712,370.78232
22,90,359.8413,370.78297
22,91,359.85577,370.78361
22,92,359.87054,370.78426
22,93,359.88553,370.7849
22,94,359.90073,370.78555
22,95,359.91614,370.78619
22,96,359.9317,370.78684
22,97,359.94748,370.78748
22,98,359.96338,370.78813
22,99,359.97946,370.78877
22,100,359.9956,370.78942
22,101,360.01193,370.79006
22,102,360.0283,370.79071
22,103,360.04474,370.79135
22,104,360.06122,370.792
22,105,360.07773,370.79265
22,106,360.0943,370.79329
22,107,360.11078,370.79394
22,108,360.1272,370.79458
22,109,360.14352,370.79523
22,110,360.1598,370.79587
22,111,360.1761,370.79652
22,112,360.19235,370.79716
22,113,360.2087,370.79781
22,114,360.2251,370.79845
22,115,360.2415,370.7991
22,116,360.25787,370.79974
22,117,360.2743,370.80039
22,118,360.29065,370.80103
22,119,360.30695,370.80168
22,120,360.32315,370.80232
22,121,360.3393,370.80297
22,122,360.35532,370.80361
22,123,360.37122,370.80426
22,124,360.38696,370.8049
22,125,360.40256,370.80555
22,126,360.41794,370.80619
22,127,360.43317,370.80684
22,128,360.44815,370.80748
22,129,360.4629,370.80813
22,130,360.4774,370.80877
22,131,360.4916,370.80942
22,132,360.5055,370.81006
22,133,360.5191,370.81071
22,134,360.5324,370.81135
22,135,360.54532,370.812
22,136,360.55792,370.8126
22,137,360.5701,370.81313
22,138,360.58188,370.8136
22,139,360.59326,370.814
22,140,360.60425,370.81436
22,141,360.6148,370.81467
22,142,360.625,370.81496
22,143,360.6349,370.81523
22,144,360.6445,370.81548
22,145,360.65393,370.81573
22,146,360.66327,370.81599
22,147,360.6726,370.81626
22,148,360.68198,370.81655
22,149,360.69153,370.81688
22,150,360.70132,370.81726
22,151,360.7114,370.81768
22,152,360.72186,370.81816
22,153,360.73276,370.81872
22,154,360.74423,370.81935
22,155,360.75635,370.82007
22,156,360.76913,370.82089
22,157,360.7827,370.82181
22,158,360.7972,370.82285
22,159,360.81256,370.82401
22,160,360.829,370.8253
22,161,360.84653,370.82674
22,162,360.86526,370.82833
22,163,360.8852,370.83008
22,164,360.90652,370.832
22,165,360.92926,370.84339
22,166,360.9537,370.87294
22,167,360.9806,370.91975
22,168,361.01093,370.9829
22,169,361.04596,371.06149
22,170,361.08713,371.15462
22,171,361.13602,371.26137
22,172,361.19427,371.38084
22,173,361.26236,371.51211
22,174,361.33978,371.65429
22,175,361.42596,371.80647
22,176,361.5204,371.96773
22,177,361.6224,372.13718
22,178,361.73154,372.31389
22,179,361.84723,372.49698
22,180,361.96887,372.68552
22,181,362.09598,372.87861
22,182,362.2279,373.07535
22,183,362.3642,373.27482
22,184,362.50424,373.47613
22,185,362.64746,373.67835
22,186,362.79343,373.88059
22,187,362.94147,374.08193
22,188,363.0911,374.28148
22,189,363.2418,374.47832
22,190,363.3929,374.67154
22,191,363.54404,374.86024
22,192,363.69458,375.04351
22,193,363.844,375.22044
22,194,363.99176,375.39013
22,195,364.13733,375.55167
22,196,364.2802,375.70884000000007
22,197,364.41992,375.86604
22,198,364.55627,376.02327
22,199,364.6893,376.18053
22,200,364.8192,376.3378000000001
22,201,364.94656,376.4951
22,202,365.07205,376.65242
22,203,365.19653,376.80975
22,204,365.3207,376.9671
22,205,365.44452,377.12446
22,206,365.56793,377.28184
22,207,365.6911,377.43922
22,208,365.8139,377.59661000000006
22,209,365.93646,377.754
22,210,366.05875,377.9114
22,211,366.1808,378.0688
22,212,366.30258,378.2262
22,213,366.42422,378.38359
22,214,366.54565,378.54098
22,215,366.66693,378.69836
22,216,366.78806,378.85573
22,217,366.90906,379.01309
22,218,367.03,379.17044
22,219,367.15082,379.32777
22,220,367.27158,379.48509
22,221,367.39227,379.64238
22,222,367.51294,379.79966
22,223,367.63364,379.95691
22,224,367.75433,380.11413
22,225,367.87506,380.27133
22,226,367.99585,380.43109
22,227,368.1167,380.59562
22,228,368.23773,380.76438
22,229,368.3591,380.93682
22,230,368.48114,381.11241
22,231,368.60428,381.29058
22,232,368.72894,381.47081
22,233,368.8558,381.65253000000007
22,234,368.9848,381.83521
22,235,369.11566,382.0183
22,236,369.24802,382.20125
22,237,369.3815,382.38352
22,238,369.51584,382.56456
22,239,369.65063,382.74383
22,240,369.78555,382.92077
22,241,369.92032,383.09485
22,242,370.05453,383.26552
22,243,370.18787,383.43224
22,244,370.32004,383.59444
22,245,370.45065,383.7516
22,246,370.5794,383.90317
22,247,370.70602,384.04859
22,248,370.83014,384.18733
22,249,370.95142,384.31883
22,250,371.06958,384.44256
22,251,371.18427,384.55796
22,252,371.2952,384.66449
22,253,371.40204,384.76161
22,254,371.50446,384.84876
22,255,371.60214,384.92541
22,256,371.6948,384.991
22,257,371.78204,385.0479
22,258,371.86365,385.09885
22,259,371.93933,385.14384
22,260,372.009,385.18286
22,261,372.07272,385.21593
22,262,372.13083,385.24304
22,263,372.18387,385.26419
22,264,372.23257,385.27939
22,265,372.27734,385.28862
22,266,372.31824,385.29189
22,267,372.35526,385.28921
22,268,372.38855,385.28056
22,269,372.418,385.26596
22,270,372.44373,385.2454
22,271,372.46573,385.21888
22,272,372.484,385.1864
22,273,372.49866,385.14796
22,274,372.50967,385.10356
22,275,372.51706,385.05321
22,276,372.52087,384.99689
22,277,372.52112,384.93462
22,278,372.51782,384.86639
22,279,372.51102,384.79219
22,280,372.5007,384.71204
22,281,372.48694,384.62593
22,282,372.4697,384.53386
22,283,372.44904,384.43584
22,284,372.425,384.33185
22,285,372.39752,384.2219
23,0,352.03564,359.5727
23,1,352.06274,359.61023
23,2,352.08966,359.64922
23,3,352.11658,359.6898
23,4,352.14346,359.73213
23,5,352.1705,359.77636
23,6,352.19766,359.82265
23,7,352.22516,359.87115
23,8,352.253,359.922
23,9,352.28122,359.97536
23,10,352.30997,360.03138
23,11,352.33926,360.09021
23,12,352.3693,360.152
23,13,352.4,360.2221
23,14,352.43164,360.30532
23,15,352.46466,360.40099
23,16,352.49954,360.50846
23,17,352.53687,360.62707
23,18,352.57724,360.75615
23,19,352.6213,360.89506
23,20,352.6696,361.04313
23,21,352.72223,361.1997
23,22,352.77902,361.36412
23,23,352.83972,361.53572
23,24,352.904,361.71384
23,25,352.97168,361.89784
23,26,353.0425,362.08704
23,27,353.1162,362.28079
23,28,353.1926,362.47843
23,29,353.2714,362.67931
23,30,353.35236,362.88276
23,31,353.43527,363.08812
23,32,353.51984,363.29474
23,33,353.60583,363.50196
23,34,353.69308,363.70911
23,35,353.78125,363.91554
23,36,353.87015,364.1206
23,37,353.95953,364.32361
23,38,354.04916,364.52393
23,39,354.13876,364.72089
23,40,354.22815,364.91384
23,41,354.31708,365.10211
23,42,354.40527,365.28505
23,43,354.4925,365.462
23,44,354.57852,365.64163
23,45,354.66333,365.83226
23,46,354.74725,366.03268
23,47,354.8308,366.2417
23,48,354.9148,366.45813
23,49,355.00012,366.68076
23,50,355.0878,366.9084
23,51,355.17883,367.13985
23,52,355.27344,367.37391
23,53,355.37112,367.60938
23,54,355.4714,367.84508
23,55,355.57376,368.07979
23,56,355.6777,368.31233
23,57,355.78275,368.54149
23,58,355.88843,368.76608
23,59,355.99417,368.9849
23,60,356.09958,369.19676
23,61,356.20407,369.40045
23,62,356.30725,369.59477
23,63,356.40857,369.77854
23,64,356.5075,369.95055
23,65,356.60367,370.10961
23,66,356.69653,370.25451
23,67,356.78558,370.38407
23,68,356.87036,370.49708
23,69,356.95035,370.59234
23,70,357.02515,370.66866
23,71,357.09418,370.72484
23,72,357.157,370.75969
23,73,357.21317,370.772
23,74,357.26215,370.77265
23,75,357.3037,370.77329
23,76,357.338,370.77394
23,77,357.3657,370.77458
23,78,357.38776,370.77523
23,79,357.40555,370.77587
23,80,357.42087,370.77652
23,81,357.43567,370.77716
23,82,357.4509,370.77781
23,83,357.46658,370.77845
23,84,357.4827,370.7791
23,85,357.49927,370.77974
23,86,357.5162,370.78039
23,87,357.53354,370.78103
23,88,357.55118,370.78168
23,89,357.56924,370.78232
23,90,357.5876,370.78297
23,91,357.6063,370.78361
23,92,357.62527,370.78426
23,93,357.6445,370.7849
23,94,357.66403,370.78555
23,95,357.68375,370.78619
23,96,357.70374,370.78684
23,97,357.72394,370.78748
23,98,357.7443,370.78813
23,99,357.76483,370.78877
23,100,357.78552,370.78942
23,101,357.80637,370.79006
23,102,357.8273,370.79071
23,103,357.84836,370.79135
23,104,357.86948,370.792
23,105,357.89066,370.79265
23,106,357.9119,370.79329
23,107,357.93314,370.79394
23,108,357.95438,370.79458
23,109,357.9756,370.79523
23,110,357.99686,370.79587
23,111,358.0182,370.79652
23,112,358.03964,370.79716
23,113,358.0613,370.79781
23,114,358.0831,370.79845
23,115,358.10504,370.7991
23,116,358.127,370.79974
23,117,358.14902,370.80039
23,118,358.17102,370.80103
23,119,358.19305,370.80168
23,120,358.21494,370.80232
23,121,358.2368,370.80297
23,122,358.25845,370.80361
23,123,358.28,370.80426
23,124,358.30133,370.8049
23,125,358.32242,370.80555
23,126,358.34326,370.80619
23,127,358.3638,370.80684
23,128,358.384,370.80748
23,129,358.40387,370.80813
23,130,358.4233,370.80877
23,131,358.4423,370.80942
23,132,358.46085,370.81006
23,133,358.47888,370.81071
23,134,358.49637,370.81135
23,135,358.51334,370.812
23,136,358.52966,370.8126
23,137,358.54538,370.81313
23,138,358.5604,370.8136
23,139,358.57477,370.814
23,140,358.5884,370.81436
23,141,358.60138,370.81467
23,142,358.61377,370.81496
23,143,358.62558,370.81523
23,144,358.637,370.81548
23,145,358.64807,370.81573
23,146,358.65894,370.81599
23,147,358.66968,370.81626
23,148,358.6805,370.81655
23,149,358.69144,370.81688
23,150,358.7027,370.81726
23,151,358.7143,370.81768
23,152,358.72638,370.81816
23,153,358.7391,370.81872
23,154,358.75256,370.81935
23,155,358.76685,370.82007
23,156,358.7821,370.82089
23,157,358.79843,370.82181
23,158,358.816,370.82285
23,159,358.83487,370.82401
23,160,358.85516,370.8253
23,161,358.877,370.82674
23,162,358.90054,370.82833
23,163,358.92584,370.83008
23,164,358.95303,370.832
23,165,358.98224,370.84339
23,166,359.0138,370.87294
23,167,359.04825,370.91975
23,168,359.0865,370.9829
23,169,359.12958,371.06149
23,170,359.17868,371.15462
23,171,359.23508,371.26137
23,172,359.30008,371.38084
23,173,359.37393,371.51211
23,174,359.45624,371.65429
23,175,359.54648,371.80647
23,176,359.6441,371.96773
23,177,359.74875,372.13718
23,178,359.8598,372.31389
23,179,359.97684,372.49698
23,180,360.09933,372.68552
23,181,360.2268,372.87861
23,182,360.35876,373.07535
23,183,360.49472,373.27482
23,184,360.63416,373.47613
23,185,360.7766,373.67835
23,186,360.9216,373.88059
23,187,361.06863,374.08193
23,188,361.2172,374.28148
23,189,361.3668,374.47832
23,190,361.51697,374.67154
23,191,361.66727,374.86024
23,192,361.81714,375.04351
23,193,361.96613,375.22044
23,194,362.11377,375.39013
23,195,362.25952,375.55167
23,196,362.40295,375.70884000000007
23,197,362.5437,375.86604
23,198,362.68146,376.02327
23,199,362.81628,376.18053
23,200,362.94833,376.3378000000001
23,201,363.07806,376.4951
23,202,363.20605,376.65242
23,203,363.3331,376.80975
23,204,363.45963,376.9671
23,205,363.58575,377.12446
23,206,363.71143,377.28184
23,207,363.8367,377.43922
23,208,363.96155,377.59661000000006
23,209,364.0861,377.754
23,210,364.21027,377.9114
23,211,364.33417,378.0688
23,212,364.45776,378.2262
23,213,364.58112,378.38359
23,214,364.70422,378.54098
23,215,364.82712,378.69836
23,216,364.94983,378.85573
23,217,365.0724,379.01309
23,218,365.19482,379.17044
23,219,365.3171,379.32777
23,220,365.43936,379.48509
23,221,365.56152,379.64238
23,222,365.6837,379.79966
23,223,365.80582,379.95691
23,224,365.92795,380.11413
23,225,366.0501,380.27133
23,226,366.1724,380.43109
23,227,366.29474,380.59562
23,228,366.4173,380.76438
23,229,366.5403,380.93682
23,230,366.66412,381.11241
23,231,366.78906,381.29058
23,232,366.91574,381.47081
23,233,367.0446,381.65253000000007
23,234,367.17575,381.83521
23,235,367.3088,382.0183
23,236,367.44345,382.20125
23,237,367.5794,382.38352
23,238,367.71622,382.56456
23,239,367.8536,382.74383
23,240,367.9912,382.92077
23,241,368.12866,383.09485
23,242,368.2657,383.26552
23,243,368.40192,383.43224
23,244,368.537,383.59444
23,245,368.6706,383.7516
23,246,368.80237,383.90317
23,247,368.932,384.04859
23,248,369.05917,384.18733
23,249,369.18353,384.31883
23,250,369.30472,384.44256
23,251,369.4224,384.55796
23,252,369.53632,384.66449
23,253,369.64603,384.76161
23,254,369.75128,384.84876
23,255,369.8517,384.92541
23,256,369.94702,384.991
23,257,370.0368,385.0479
23,258,370.1208,385.09885
23,259,370.1988,385.14384
23,260,370.27066,385.18286
23,261,370.33658,385.21593
23,262,370.39685,385.24304
23,263,370.452,385.26419
23,264,370.5028,385.27939
23,265,370.54962,385.28862
23,266,370.5926,385.29189
23,267,370.63165,385.28921
23,268,370.66696,385.28056
23,269,370.6984,385.26596
23,270,370.7261,385.2454
23,271,370.75006,385.21888
23,272,370.77032,385.1864
23,273,370.78693,385.14796
23,274,370.7999,385.10356
23,275,370.80927,385.05321
23,276,370.81503,384.99689
23,277,370.8173,384.93462
23,278,370.816,384.86639
23,279,370.81125,384.79219
23,280,370.803,384.71204
23,281,370.79138,384.62593
23,282,370.7763,384.53386
23,283,370.75787,384.43584
23,284,370.7361,384.33185
23,285,370.71103,384.2219
24,0,353.3842,359.5727
24,1,353.40375,359.61023
24,2,353.4237,359.64922
24,3,353.44415,359.6898
24,4,353.46515,359.73213
24,5,353.48685,359.77636
24,6,353.50928,359.82265
24,7,353.53256,359.87115
24,8,353.5568,359.922
24,9,353.58203,359.97536
24,10,353.6084,360.03138
24,11,353.63593,360.09021
24,12,353.66473,360.152
24,13,353.69495,360.2221
24,14,353.72675,360.30532
24,15,353.76065,360.40099
24,16,353.7974,360.50846
24,17,353.83777,360.62707
24,18,353.8827,360.75615
24,19,353.9331,360.89506
24,20,353.98993,361.04313
24,21,354.05338,361.1997
24,22,354.12308,361.36412
24,23,354.1986,361.53572
24,24,354.27966,361.71384
24,25,354.36572,361.89784
24,26,354.4565,362.08704
24,27,354.55164,362.28079
24,28,354.65063,362.47843
24,29,354.75314,362.67931
24,30,354.8588,362.88276
24,31,354.9672,363.08812
24,32,355.07794,363.29474
24,33,355.19067,363.50196
24,34,355.305,363.70911
24,35,355.42053,363.91554
24,36,355.53687,364.1206
24,37,355.65366,364.32361
24,38,355.77048,364.52393
24,39,355.88702,364.72089
24,40,356.00284,364.91384
24,41,356.1176,365.10211
24,42,356.23093,365.28505
24,43,356.34244,365.462
24,44,356.45172,365.64163
24,45,356.55872,365.83226
24,46,356.6637,366.03268
24,47,356.76746,366.2417
24,48,356.87094,366.45813
24,49,356.9755,366.68076
24,50,357.08246,366.9084
24,51,357.1934,367.13985
24,52,357.3087,367.37391
24,53,357.42773,367.60938
24,54,357.5499,367.84508
24,55,357.67447,368.07979
24,56,357.8009,368.31233
24,57,357.9285,368.54149
24,58,358.0566,368.76608
24,59,358.1846,368.9849
24,60,358.31192,369.19676
24,61,358.43784,369.40045
24,62,358.56177,369.59477
24,63,358.68307,369.77854
24,64,358.80118,369.95055
24,65,358.91544,370.10961
24,66,359.0252,370.25451
24,67,359.12988,370.38407
24,68,359.22885,370.49708
24,69,359.32153,370.59234
24,70,359.4073,370.66866
24,71,359.48547,370.72484
24,72,359.55554,370.75969
24,73,359.61682,370.772
24,74,359.6687,370.77265
24,75,359.71094,370.77329
24,76,359.74368,370.77394
24,77,359.7678,370.77458
24,78,359.78452,370.77523
24,79,359.79562,370.77587
24,80,359.8033,370.77652
24,81,359.81003,370.77716
24,82,359.81705,370.77781
24,83,359.82443,370.77845
24,84,359.83212,370.7791
24,85,359.8401,370.77974
24,86,359.84836,370.78039
24,87,359.8569,370.78103
24,88,359.86566,370.78168
24,89,359.8747,370.78232
24,90,359.8839,370.78297
24,91,359.8934,370.78361
24,92,359.90305,370.78426
24,93,359.91284,370.7849
24,94,359.92285,370.78555
24,95,359.933,370.78619
24,96,359.9433,370.78684
24,97,359.9537,370.78748
24,98,359.96423,370.78813
24,99,359.97485,370.78877
24,100,359.98557,370.78942
24,101,359.99634,370.79006
24,102,360.00714,370.79071
24,103,360.018,370.79135
24,104,360.0289,370.792
24,105,360.0398,370.79265
24,106,360.05072,370.79329
24,107,360.06155,370.79394
24,108,360.07233,370.79458
24,109,360.08304,370.79523
24,110,360.0936,370.79587
24,111,360.10406,370.79652
24,112,360.1144,370.79716
24,113,360.1247,370.79781
24,114,360.13483,370.79845
24,115,360.14487,370.7991
24,116,360.15482,370.79974
24,117,360.1646,370.80039
24,118,360.17438,370.80103
24,119,360.184,370.80168
24,120,360.1935,370.80232
24,121,360.2029,370.80297
24,122,360.21222,370.80361
24,123,360.2214,370.80426
24,124,360.2305,370.8049
24,125,360.2395,370.80555
24,126,360.2484,370.80619
24,127,360.2572,370.80684
24,128,360.26587,370.80748
24,129,360.27448,370.80813
24,130,360.28293,370.80877
24,131,360.29132,370.80942
24,132,360.29962,370.81006
24,133,360.30777,370.81071
24,134,360.31586,370.81135
24,135,360.32382,370.812
24,136,360.33173,370.8126
24,137,360.33945,370.81313
24,138,360.3471,370.8136
24,139,360.3547,370.814
24,140,360.36218,370.81436
24,141,360.3696,370.81467
24,142,360.37692,370.81496
24,143,360.38422,370.81523
24,144,360.39145,370.81548
24,145,360.39874,370.81573
24,146,360.40607,370.81599
24,147,360.4135,370.81626
24,148,360.42108,370.81655
24,149,360.4288,370.81688
24,150,360.43674,370.81726
24,151,360.44492,370.81768
24,152,360.45337,370.81816
24,153,360.46213,370.81872
24,154,360.47128,370.81935
24,155,360.48077,370.82007
24,156,360.49072,370.82089
24,157,360.50113,370.82181
24,158,360.51205,370.82285
24,159,360.52347,370.82401
24,160,360.53552,370.8253
24,161,360.54813,370.82674
24,162,360.5614,370.82833
24,163,360.57535,370.83008
24,164,360.59006,370.832
24,165,360.6055,370.84339
24,166,360.62195,370.87294
24,167,360.6401,370.91975
24,168,360.66095,370.9829
24,169,360.68582,371.06149
24,170,360.71616,371.15462
24,171,360.75363,371.26137
24,172,360.79984,371.38084
24,173,360.85544,371.51211
24,174,360.9198,371.65429
24,175,360.9925,371.80647
24,176,361.07294,371.96773
24,177,361.16058,372.13718
24,178,361.25494,372.31389
24,179,361.35544,372.49698
24,180,361.46164,372.68552
24,181,361.5729,372.87861
24,182,361.68872,373.07535
24,183,361.80865,373.27482
24,184,361.9321,373.47613
24,185,362.05853,373.67835
24,186,362.18747,373.88059
24,187,362.31836,374.08193
24,188,362.45068,374.28148
24,189,362.584,374.47832
24,190,362.71768,374.67154
24,191,362.8513,374.86024
24,192,362.9843,375.04351
24,193,363.1162,375.22044
24,194,363.24646,375.39013
24,195,363.37463,375.55167
24,196,363.50018,375.70884000000007
24,197,363.62268,375.86604
24,198,363.742,376.02327
24,199,363.85815,376.18053
24,200,363.97147,376.3378000000001
24,201,364.0824,376.4951
24,202,364.19168,376.65242
24,203,364.30023,376.80975
24,204,364.40848,376.9671
24,205,364.51654,377.12446
24,206,364.6244,377.28184
24,207,364.732,377.43922
24,208,364.8394,377.59661000000006
24,209,364.94662,377.754
24,210,365.0537,377.9114
24,211,365.1606,378.0688
24,212,365.26736,378.2262
24,213,365.37405,378.38359
24,214,365.48056,378.54098
24,215,365.587,378.69836
24,216,365.69336,378.85573
24,217,365.79962,379.01309
24,218,365.90582,379.17044
24,219,366.012,379.32777
24,220,366.1181,379.48509
24,221,366.2242,379.64238
24,222,366.33026,379.79966
24,223,366.4364,379.95691
24,224,366.5425,380.11413
24,225,366.64865,380.27133
24,226,366.7548,380.43109
24,227,366.86108,380.59562
24,228,366.96756,380.76438
24,229,367.07446,380.93682
24,230,367.18204,381.11241
24,231,367.29065,381.29058
24,232,367.40057,381.47081
24,233,367.5122,381.65253000000007
24,234,367.6256,381.83521
24,235,367.74042,382.0183
24,236,367.8564,382.20125
24,237,367.97327,382.38352
24,238,368.09067,382.56456
24,239,368.2083,382.74383
24,240,368.32602,382.92077
24,241,368.44336,383.09485
24,242,368.56012,383.26552
24,243,368.67603,383.43224
24,244,368.79077,383.59444
24,245,368.9041,383.7516
24,246,369.01575,383.90317
24,247,369.12537,384.04859
24,248,369.23273,384.18733
24,249,369.3376,384.31883
24,250,369.4396,384.44256
24,251,369.5385,384.55796
24,252,369.6341,384.66449
24,253,369.72604,384.76161
24,254,369.8141,384.84876
24,255,369.89795,384.92541
24,256,369.97733,384.991
24,257,370.05197,385.0479
24,258,370.12164,385.09885
24,259,370.18616,385.14384
24,260,370.24554,385.18286
24,261,370.2999,385.21593
24,262,370.34943,385.24304
24,263,370.39456,385.26419
24,264,370.4359,385.27939
24,265,370.47375,385.28862
24,266,370.50815,385.29189
24,267,370.53903,385.28921
24,268,370.56656,385.28056
24,269,370.5906,385.26596
24,270,370.61127,385.2454
24,271,370.62857,385.21888
24,272,370.64246,385.1864
24,273,370.65305,385.14796
24,274,370.66028,385.10356
24,275,370.66415,385.05321
24,276,370.66476,384.99689
24,277,370.66208,384.93462
24,278,370.6561,384.86639
24,279,370.6468,384.79219
24,280,370.63425,384.71204
24,281,370.61844,384.62593
24,282,370.59937,384.53386
24,283,370.57706,384.43584
24,284,370.55154,384.33185
24,285,370.52274,384.2219
25,0,353.37073,359.5727
25,1,353.4064,359.61023
25,2,353.44217,359.64922
25,3,353.47803,359.6898
25,4,353.51407,359.73213
25,5,353.55023,359.77636
25,6,353.58655,359.82265
25,7,353.62308,359.87115
25,8,353.65976,359.922
25,9,353.69666,359.97536
25,10,353.73383,360.03138
25,11,353.77118,360.09021
25,12,353.80878,360.152
25,13,353.84665,360.2221
25,14,353.88495,360.30532
25,15,353.924,360.40099
25,16,353.9644,360.50846
25,17,354.0066,360.62707
25,18,354.05133,360.75615
25,19,354.09915,360.89506
25,20,354.15057,361.04313
25,21,354.20572,361.1997
25,22,354.2644,361.36412
25,23,354.32635,361.53572
25,24,354.39133,361.71384
25,25,354.45908,361.89784
25,26,354.5294,362.08704
25,27,354.60205,362.28079
25,28,354.6768,362.47843
25,29,354.75336,362.67931
25,30,354.8316,362.88276
25,31,354.91116,363.08812
25,32,354.9919,363.29474
25,33,355.07358,363.50196
25,34,355.15588,363.70911
25,35,355.23868,363.91554
25,36,355.32166,364.1206
25,37,355.40463,364.32361
25,38,355.4873,364.52393
25,39,355.56952,364.72089
25,40,355.65103,364.91384
25,41,355.73154,365.10211
25,42,355.81088,365.28505
25,43,355.88882,365.462
25,44,355.9651,365.64163
25,45,356.0397,365.83226
25,46,356.11295,366.03268
25,47,356.18546,366.2417
25,48,356.25803,366.45813
25,49,356.3315,366.68076
25,50,356.40695,366.9084
25,51,356.4852,367.13985
25,52,356.56644,367.37391
25,53,356.65036,367.60938
25,54,356.7364,367.84508
25,55,356.82428,368.07979
25,56,356.91348,368.31233
25,57,357.00363,368.54149
25,58,357.09433,368.76608
25,59,357.18512,368.9849
25,60,357.27563,369.19676
25,61,357.36542,369.40045
25,62,357.45407,369.59477
25,63,357.5412,369.77854
25,64,357.62634,369.95055
25,65,357.70917,370.10961
25,66,357.78918,370.25451
25,67,357.866,370.38407
25,68,357.93924,370.49708
25,69,358.0085,370.59234
25,70,358.0733,370.66866
25,71,358.1333,370.72484
25,72,358.18805,370.75969
25,73,358.23718,370.772
25,74,358.28024,370.77265
25,75,358.31702,370.77329
25,76,358.34775,370.77394
25,77,358.373,370.77458
25,78,358.39368,370.77523
25,79,358.41098,370.77587
25,80,358.42636,370.77652
25,81,358.4413,370.77716
25,82,358.4567,370.77781
25,83,358.47247,370.77845
25,84,358.48862,370.7791
25,85,358.5051,370.77974
25,86,358.52197,370.78039
25,87,358.53912,370.78103
25,88,358.5566,370.78168
25,89,358.5744,370.78232
25,90,358.59247,370.78297
25,91,358.61084,370.78361
25,92,358.62943,370.78426
25,93,358.64825,370.7849
25,94,358.66733,370.78555
25,95,358.68668,370.78619
25,96,358.70615,370.78684
25,97,358.72583,370.78748
25,98,358.7457,370.78813
25,99,358.76575,370.78877
25,100,358.7859,370.78942
25,101,358.80618,370.79006
25,102,358.8266,370.79071
25,103,358.84714,370.79135
25,104,358.86774,370.792
25,105,358.88843,370.79265
25,106,358.90915,370.79329
25,107,358.92984,370.79394
25,108,358.95047,370.79458
25,109,358.971,370.79523
25,110,358.9914,370.79587
25,111,359.0116,370.79652
25,112,359.0317,370.79716
25,113,359.05167,370.79781
25,114,359.07144,370.79845
25,115,359.0911,370.7991
25,116,359.1106,370.79974
25,117,359.1299,370.80039
25,118,359.14905,370.80103
25,119,359.16806,370.80168
25,120,359.18686,370.80232
25,121,359.20547,370.80297
25,122,359.2239,370.80361
25,123,359.24213,370.80426
25,124,359.26016,370.8049
25,125,359.27798,370.80555
25,126,359.2956,370.80619
25,127,359.313,370.80684
25,128,359.33014,370.80748
25,129,359.34708,370.80813
25,130,359.3638,370.80877
25,131,359.38025,370.80942
25,132,359.39645,370.81006
25,133,359.4124,370.81071
25,134,359.4281,370.81135
25,135,359.44357,370.812
25,136,359.4587,370.8126
25,137,359.47363,370.81313
25,138,359.48825,370.8136
25,139,359.50256,370.814
25,140,359.51666,370.81436
25,141,359.5305,370.81467
25,142,359.54407,370.81496
25,143,359.55746,370.81523
25,144,359.57086,370.81548
25,145,359.58423,370.81573
25,146,359.59772,370.81599
25,147,359.6114,370.81626
25,148,359.62534,370.81655
25,149,359.63968,370.81688
25,150,359.65445,370.81726
25,151,359.66983,370.81768
25,152,359.6858,370.81816
25,153,359.7025,370.81872
25,154,359.72003,370.81935
25,155,359.73846,370.82007
25,156,359.75787,370.82089
25,157,359.7784,370.82181
25,158,359.8001,370.82285
25,159,359.82306,370.82401
25,160,359.84735,370.8253
25,161,359.8731,370.82674
25,162,359.90042,370.82833
25,163,359.9293,370.83008
25,164,359.9599,370.832
25,165,359.9923,370.84339
25,166,360.02676,370.87294
25,167,360.0638,370.91975
25,168,360.10422,370.9829
25,169,360.14896,371.06149
25,170,360.19904,371.15462
25,171,360.25546,371.26137
25,172,360.31937,371.38084
25,173,360.39093,371.51211
25,174,360.4697,371.65429
25,175,360.55533,371.80647
25,176,360.64737,371.96773
25,177,360.74548,372.13718
25,178,360.84915,372.31389
25,179,360.95804,372.49698
25,180,361.07172,372.68552
25,181,361.1898,372.87861
25,182,361.31183,373.07535
25,183,361.4374,373.27482
25,184,361.5662,373.47613
25,185,361.69766,373.67835
25,186,361.8315,373.88059
25,187,361.96725,374.08193
25,188,362.10458,374.28148
25,189,362.24298,374.47832
25,190,362.3821,374.67154
25,191,362.52155,374.86024
25,192,362.6609,375.04351
25,193,362.79974,375.22044
25,194,362.93768,375.39013
25,195,363.07434,375.55167
25,196,363.2093,375.70884000000007
25,197,363.34216,375.86604
25,198,363.47284,376.02327
25,199,363.60123,376.18053
25,200,363.7275,376.3378000000001
25,201,363.85196,376.4951
25,202,363.97504,376.65242
25,203,364.09735,376.80975
25,204,364.21915,376.9671
25,205,364.34055,377.12446
25,206,364.46152,377.28184
25,207,364.5821,377.43922
25,208,364.7023,377.59661000000006
25,209,364.8221,377.754
25,210,364.94162,377.9114
25,211,365.06082,378.0688
25,212,365.17972,378.2262
25,213,365.29834,378.38359
25,214,365.41672,378.54098
25,215,365.53485,378.69836
25,216,365.65277,378.85573
25,217,365.77054,379.01309
25,218,365.88812,379.17044
25,219,366.00558,379.32777
25,220,366.1229,379.48509
25,221,366.24014,379.64238
25,222,366.35727,379.79966
25,223,366.47433,379.95691
25,224,366.5914,380.11413
25,225,366.7084,380.27133
25,226,366.8254,380.43109
25,227,366.94244,380.59562
25,228,367.05948,380.76438
25,229,367.17657,380.93682
25,230,367.29382,381.11241
25,231,367.41147,381.29058
25,232,367.52982,381.47081
25,233,367.64905,381.65253000000007
25,234,367.7693,381.83521
25,235,367.89035,382.0183
25,236,368.01212,382.20125
25,237,368.1344,382.38352
25,238,368.25708,382.56456
25,239,368.37994,382.74383
25,240,368.50287,382.92077
25,241,368.62573,383.09485
25,242,368.74835,383.26552
25,243,368.87054,383.43224
25,244,368.99225,383.59444
25,245,369.11322,383.7516
25,246,369.23334,383.90317
25,247,369.3525,384.04859
25,248,369.47046,384.18733
25,249,369.58716,384.31883
25,250,369.70242,384.44256
25,251,369.8161,384.55796
25,252,369.92804,384.66449
25,253,370.0381,384.76161
25,254,370.1461,384.84876
25,255,370.25195,384.92541
25,256,370.35547,384.991
25,257,370.4565,385.0479
25,258,370.55493,385.09885
25,259,370.65054,385.14384
25,260,370.74326,385.18286
25,261,370.83307,385.21593
25,262,370.92014,385.24304
25,263,371.00476,385.26419
25,264,371.08725,385.27939
25,265,371.1679,385.28862
25,266,371.24673,385.29189
25,267,371.32376,385.28921
25,268,371.39905,385.28056
25,269,371.47263,385.26596
25,270,371.54443,385.2454
25,271,371.61456,385.21888
25,272,371.68307,385.1864
25,273,371.74997,385.14796
25,274,371.81525,385.10356
25,275,371.87897,385.05321
25,276,371.94113,384.99689
25,277,372.00177,384.93462
25,278,372.06094,384.86639
25,279,372.11865,384.79219
25,280,372.1749,384.71204
25,281,372.22977,384.62593
25,282,372.28326,384.53386
25,283,372.3354,384.43584
25,284,372.38614,384.33185
25,285,372.43564,384.2219
26,0,350.39658,359.5727
26,1,350.42355,359.61023
26,2,350.4512,359.64922
26,3,350.47952,359.6898
26,4,350.50848,359.73213
26,5,350.53812,359.77636
26,6,350.56836,359.82265
26,7,350.5993,359.87115
26,8,350.63083,359.922
26,9,350.663,359.97536
26,10,350.6957,360.03138
26,11,350.7291,360.09021
26,12,350.76303,360.152
26,13,350.79755,360.2221
26,14,350.83273,360.30532
26,15,350.86905,360.40099
26,16,350.90695,360.50846
26,17,350.9472,360.62707
26,18,350.99063,360.75615
26,19,351.03793,360.89506
26,20,351.08994,361.04313
26,21,351.1468,361.1997
26,22,351.20822,361.36412
26,23,351.27386,361.53572
26,24,351.3434,361.71384
26,25,351.4165,361.89784
26,26,351.4929,362.08704
26,27,351.57214,362.28079
26,28,351.65402,362.47843
26,29,351.7382,362.67931
26,30,351.8243,362.88276
26,31,351.91202,363.08812
26,32,352.0011,363.29474
26,33,352.09116,363.50196
26,34,352.18182,363.70911
26,35,352.2729,363.91554
26,36,352.36395,364.1206
26,37,352.45474,364.32361
26,38,352.54492,364.52393
26,39,352.63412,364.72089
26,40,352.7221,364.91384
26,41,352.80853,365.10211
26,42,352.89304,365.28505
26,43,352.97537,365.462
26,44,353.05518,365.64163
26,45,353.13235,365.83226
26,46,353.20715,366.03268
26,47,353.28024,366.2417
26,48,353.35245,366.45813
26,49,353.42493,366.68076
26,50,353.49878,366.9084
26,51,353.57523,367.13985
26,52,353.65466,367.37391
26,53,353.73666,367.60938
26,54,353.82077,367.84508
26,55,353.90652,368.07979
26,56,353.9936,368.31233
26,57,354.08148,368.54149
26,58,354.1698,368.76608
26,59,354.25803,368.9849
26,60,354.3459,369.19676
26,61,354.43283,369.40045
26,62,354.51846,369.59477
26,63,354.6024,369.77854
26,64,354.6842,369.95055
26,65,354.76346,370.10961
26,66,354.8397,370.25451
26,67,354.91254,370.38407
26,68,354.9816,370.49708
26,69,355.04642,370.59234
26,70,355.1066,370.66866
26,71,355.16168,370.72484
26,72,355.2113,370.75969
26,73,355.255,370.772
26,74,355.29245,370.77265
26,75,355.32327,370.77329
26,76,355.3478,370.77394
26,77,355.36655,370.77458
26,78,355.38046,370.77523
26,79,355.39078,370.77587
26,80,355.3989,370.77652
26,81,355.40652,370.77716
26,82,355.41443,370.77781
26,83,355.42267,370.77845
26,84,355.43115,370.7791
26,85,355.4399,370.77974
26,86,355.44894,370.78039
26,87,355.45822,370.78103
26,88,355.46774,370.78168
26,89,355.4775,370.78232
26,90,355.48746,370.78297
26,91,355.4976,370.78361
26,92,355.5079,370.78426
26,93,355.51843,370.7849
26,94,355.52905,370.78555
26,95,355.53986,370.78619
26,96,355.55084,370.78684
26,97,355.5619,370.78748
26,98,355.57303,370.78813
26,99,355.5843,370.78877
26,100,355.5956,370.78942
26,101,355.60703,370.79006
26,102,355.6185,370.79071
26,103,355.63,370.79135
26,104,355.64157,370.792
26,105,355.6531,370.79265
26,106,355.66467,370.79329
26,107,355.67615,370.79394
26,108,355.68747,370.79458
26,109,355.6985,370.79523
26,110,355.7092,370.79587
26,111,355.71945,370.79652
26,112,355.72916,370.79716
26,113,355.7383,370.79781
26,114,355.74698,370.79845
26,115,355.7552,370.7991
26,116,355.76297,370.79974
26,117,355.77036,370.80039
26,118,355.77737,370.80103
26,119,355.7841,370.80168
26,120,355.79053,370.80232
26,121,355.79678,370.80297
26,122,355.80276,370.80361
26,123,355.80862,370.80426
26,124,355.81436,370.8049
26,125,355.82,370.80555
26,126,355.82562,370.80619
26,127,355.83124,370.80684
26,128,355.83685,370.80748
26,129,355.84256,370.80813
26,130,355.8484,370.80877
26,131,355.85434,370.80942
26,132,355.86047,370.81006
26,133,355.86685,370.81071
26,134,355.87347,370.81135
26,135,355.8804,370.812
26,136,355.8877,370.8126
26,137,355.8954,370.81313
26,138,355.9034,370.8136
26,139,355.91193,370.814
26,140,355.9209,370.81436
26,141,355.93033,370.81467
26,142,355.94025,370.81496
26,143,355.95068,370.81523
26,144,355.96158,370.81548
26,145,355.97293,370.81573
26,146,355.9848,370.81599
26,147,355.99713,370.81626
26,148,356.00998,370.81655
26,149,356.02332,370.81688
26,150,356.03714,370.81726
26,151,356.05142,370.81768
26,152,356.06625,370.81816
26,153,356.08154,370.81872
26,154,356.09735,370.81935
26,155,356.11362,370.82007
26,156,356.13046,370.82089
26,157,356.14777,370.82181
26,158,356.1656,370.82285
26,159,356.18393,370.82401
26,160,356.20273,370.8253
26,161,356.2221,370.82674
26,162,356.24197,370.82833
26,163,356.26233,370.83008
26,164,356.2832,370.832
26,165,356.3046,370.84339
26,166,356.32666,370.87294
26,167,356.34988,370.91975
26,168,356.37494,370.9829
26,169,356.4028,371.06149
26,170,356.4345,371.15462
26,171,356.47116,371.26137
26,172,356.51385,371.38084
26,173,356.56305,371.51211
26,174,356.61835,371.65429
26,175,356.67935,371.80647
26,176,356.74576,371.96773
26,177,356.8173,372.13718
26,178,356.8935,372.31389
26,179,356.9741,372.49698
26,180,357.05875,372.68552
26,181,357.14703,372.87861
26,182,357.23868,373.07535
26,183,357.3333,373.27482
26,184,357.4306,373.47613
26,185,357.5302,373.67835
26,186,357.6318,373.88059
26,187,357.735,374.08193
26,188,357.8395,374.28148
26,189,357.94495,374.47832
26,190,358.05103,374.67154
26,191,358.15738,374.86024
26,192,358.26367,375.04351
26,193,358.36957,375.22044
26,194,358.47476,375.39013
26,195,358.5789,375.55167
26,196,358.68164,375.70884000000007
26,197,358.78275,375.86604
26,198,358.88202,376.02327
26,199,358.9795,376.18053
26,200,359.07535,376.3378000000001
26,201,359.16983,376.4951
26,202,359.26328,376.65242
26,203,359.3562,376.80975
26,204,359.44894,376.9671
26,205,359.54147,377.12446
26,206,359.63382,377.28184
26,207,359.72595,377.43922
26,208,359.81796,377.59661000000006
26,209,359.9098,377.754
26,210,360.00146,377.9114
26,211,360.09302,378.0688
26,212,360.18445,378.2262
26,213,360.2758,378.38359
26,214,360.367,378.54098
26,215,360.45813,378.69836
26,216,360.5492,378.85573
26,217,360.64023,379.01309
26,218,360.73117,379.17044
26,219,360.82208,379.32777
26,220,360.91296,379.48509
26,221,361.00385,379.64238
26,222,361.09473,379.79966
26,223,361.1856,379.95691
26,224,361.27652,380.11413
26,225,361.36743,380.27133
26,226,361.45837,380.43109
26,227,361.5494,380.59562
26,228,361.6404,380.76438
26,229,361.73135,380.93682
26,230,361.82217,381.11241
26,231,361.91287,381.29058
26,232,362.00333,381.47081
26,233,362.0937,381.65253000000007
26,234,362.18387,381.83521
26,235,362.2739,382.0183
26,236,362.3637,382.20125
26,237,362.45334,382.38352
26,238,362.54282,382.56456
26,239,362.63205,382.74383
26,240,362.72104,382.92077
26,241,362.80984,383.09485
26,242,362.89835,383.26552
26,243,362.98663,383.43224
26,244,363.07465,383.59444
26,245,363.16235,383.7516
26,246,363.24982,383.90317
26,247,363.337,384.04859
26,248,363.4239,384.18733
26,249,363.51044,384.31883
26,250,363.5967,384.44256
26,251,363.68268,384.55796
26,252,363.7683,384.66449
26,253,363.8536,384.76161
26,254,363.93857,384.84876
26,255,364.02322,384.92541
26,256,364.1075,384.991
26,257,364.19147,385.0479
26,258,364.27505,385.09885
26,259,364.3582,385.14384
26,260,364.44083,385.18286
26,261,364.5229,385.21593
26,262,364.60437,385.24304
26,263,364.68524,385.26419
26,264,364.76553,385.27939
26,265,364.8453,385.28862
26,266,364.9246,385.29189
26,267,365.00345,385.28921
26,268,365.08185,385.28056
26,269,365.15985,385.26596
26,270,365.2375,385.2454
26,271,365.3148,385.21888
26,272,365.39178,385.1864
26,273,365.4685,385.14796
26,274,365.54492,385.10356
26,275,365.6212,385.05321
26,276,365.69717,384.99689
26,277,365.773,384.93462
26,278,365.8487,384.86639
26,279,365.92426,384.79219
26,280,365.99973,384.71204
26,281,366.07513,384.62593
26,282,366.15048,384.53386
26,283,366.2258,384.43584
26,284,366.30115,384.33185
26,285,366.37656,384.2219
27,0,355.20004,359.5727
27,1,355.22852,359.61023
27,2,355.25708,359.64922
27,3,355.28586,359.6898
27,4,355.31488,359.73213
27,5,355.34424,359.77636
27,6,355.37396,359.82265
27,7,355.4041,359.87115
27,8,355.43478,359.922
27,9,355.466,359.97536
27,10,355.49786,360.03138
27,11,355.53036,360.09021
27,12,355.5636,360.152
27,13,355.59766,360.2221
27,14,355.63272,360.30532
27,15,355.6692,360.40099
27,16,355.7076,360.50846
27,17,355.74884,360.62707
27,18,355.7935,360.75615
27,19,355.84232,360.89506
27,20,355.89603,361.04313
27,21,355.95468,361.1997
27,22,356.01797,361.36412
27,23,356.0857,361.53572
27,24,356.1575,361.71384
27,25,356.23306,361.89784
27,26,356.3121,362.08704
27,27,356.39438,362.28079
27,28,356.47955,362.47843
27,29,356.56735,362.67931
27,30,356.65747,362.88276
27,31,356.7496,363.08812
27,32,356.84344,363.29474
27,33,356.93878,363.50196
27,34,357.03528,363.70911
27,35,357.13263,363.91554
27,36,357.2305,364.1206
27,37,357.3287,364.32361
27,38,357.4269,364.52393
27,39,357.52478,364.72089
27,40,357.62207,364.91384
27,41,357.71854,365.10211
27,42,357.81378,365.28505
27,43,357.9076,365.462
27,44,357.9997,365.64163
27,45,358.09,365.83226
27,46,358.17877,366.03268
27,47,358.26678,366.2417
27,48,358.35483,366.45813
27,49,358.44415,366.68076
27,50,358.5358,366.9084
27,51,358.6309,367.13985
27,52,358.72974,367.37391
27,53,358.83173,367.60938
27,54,358.93643,367.84508
27,55,359.04327,368.07979
27,56,359.15173,368.31233
27,57,359.26123,368.54149
27,58,359.3713,368.76608
27,59,359.4814,368.9849
27,60,359.59103,369.19676
27,61,359.69968,369.40045
27,62,359.80676,369.59477
27,63,359.9118,369.77854
27,64,360.01428,369.95055
27,65,360.11365,370.10961
27,66,360.20944,370.25451
27,67,360.30112,370.38407
27,68,360.38815,370.49708
27,69,360.47006,370.59234
27,70,360.54636,370.66866
27,71,360.61642,370.72484
27,72,360.6798,370.75969
27,73,360.73605,370.772
27,74,360.78455,370.77265
27,75,360.82507,370.77329
27,76,360.85782,370.77394
27,77,360.88345,370.77458
27,78,360.90314,370.77523
27,79,360.91843,370.77587
27,80,360.93103,370.77652
27,81,360.94305,370.77716
27,82,360.9554,370.77781
27,83,360.96823,370.77845
27,84,360.98138,370.7791
27,85,360.9949,370.77974
27,86,361.00876,370.78039
27,87,361.02298,370.78103
27,88,361.03748,370.78168
27,89,361.05225,370.78232
27,90,361.06735,370.78297
27,91,361.0827,370.78361
27,92,361.09833,370.78426
27,93,361.11417,370.7849
27,94,361.13025,370.78555
27,95,361.1465,370.78619
27,96,361.163,370.78684
27,97,361.1796,370.78748
27,98,361.19644,370.78813
27,99,361.21338,370.78877
27,100,361.23047,370.78942
27,101,361.24765,370.79006
27,102,361.26495,370.79071
27,103,361.28232,370.79135
27,104,361.2998,370.792
27,105,361.3173,370.79265
27,106,361.3348,370.79329
27,107,361.35236,370.79394
27,108,361.3698,370.79458
27,109,361.38718,370.79523
27,110,361.4045,370.79587
27,111,361.4217,370.79652
27,112,361.4389,370.79716
27,113,361.45605,370.79781
27,114,361.4732,370.79845
27,115,361.49023,370.7991
27,116,361.50726,370.79974
27,117,361.5242,370.80039
27,118,361.54108,370.80103
27,119,361.5578,370.80168
27,120,361.57446,370.80232
27,121,361.591,370.80297
27,122,361.60736,370.80361
27,123,361.62363,370.80426
27,124,361.63968,370.8049
27,125,361.6556,370.80555
27,126,361.67136,370.80619
27,127,361.6869,370.80684
27,128,361.7022,370.80748
27,129,361.71735,370.80813
27,130,361.7322,370.80877
27,131,361.74686,370.80942
27,132,361.76123,370.81006
27,133,361.77536,370.81071
27,134,361.7892,370.81135
27,135,361.80276,370.812
27,136,361.81604,370.8126
27,137,361.82898,370.81313
27,138,361.84158,370.8136
27,139,361.85388,370.814
27,140,361.8658,370.81436
27,141,361.87738,370.81467
27,142,361.88867,370.81496
27,143,361.89966,370.81523
27,144,361.9104,370.81548
27,145,361.92108,370.81573
27,146,361.9317,370.81599
27,147,361.9423,370.81626
27,148,361.95306,370.81655
27,149,361.964,370.81688
27,150,361.97522,370.81726
27,151,361.9868,370.81768
27,152,361.99875,370.81816
27,153,362.01126,370.81872
27,154,362.02432,370.81935
27,155,362.0381,370.82007
27,156,362.0526,370.82089
27,157,362.06796,370.82181
27,158,362.08423,370.82285
27,159,362.10144,370.82401
27,160,362.11975,370.8253
27,161,362.13922,370.82674
27,162,362.1599,370.82833
27,163,362.18185,370.83008
27,164,362.2053,370.832
27,165,362.23013,370.84339
27,166,362.25665,370.87294
27,167,362.28555,370.91975
27,168,362.31772,370.9829
27,169,362.35425,371.06149
27,170,362.3965,371.15462
27,171,362.44586,371.26137
27,172,362.50354,371.38084
27,173,362.56995,371.51211
27,174,362.64465,371.65429
27,175,362.7271,371.80647
27,176,362.81683,371.96773
27,177,362.91336,372.13718
27,178,363.01617,372.31389
27,179,363.12485,372.49698
27,180,363.23886,372.68552
27,181,363.35773,372.87861
27,182,363.48096,373.07535
27,183,363.60806,373.27482
27,184,363.73865,373.47613
27,185,363.87213,373.67835
27,186,364.00806,373.88059
27,187,364.14597,374.08193
27,188,364.28543,374.28148
27,189,364.4259,374.47832
27,190,364.56693,374.67154
27,191,364.708,374.86024
27,192,364.84882,375.04351
27,193,364.98868,375.22044
27,194,365.12732,375.39013
27,195,365.26416,375.55167
27,196,365.39877,375.70884000000007
27,197,365.5308,375.86604
27,198,365.66,376.02327
27,199,365.78638,376.18053
27,200,365.91013,376.3378000000001
27,201,366.0317,376.4951
27,202,366.1517,376.65242
27,203,366.2708,376.80975
27,204,366.38947,376.9671
27,205,366.50772,377.12446
27,206,366.6256,377.28184
27,207,366.7431,377.43922
27,208,366.86023,377.59661000000006
27,209,366.97705,377.754
27,210,367.09354,377.9114
27,211,367.20975,378.0688
27,212,367.32562,378.2262
27,213,367.4413,378.38359
27,214,367.55676,378.54098
27,215,367.67197,378.69836
27,216,367.78702,378.85573
27,217,367.90182,379.01309
27,218,368.01648,379.17044
27,219,368.13104,379.32777
27,220,368.24542,379.48509
27,221,368.35977,379.64238
27,222,368.47403,379.79966
27,223,368.5882,379.95691
27,224,368.7023,380.11413
27,225,368.8164,380.27133
27,226,368.9305,380.43109
27,227,369.04462,380.59562
27,228,369.1588,380.76438
27,229,369.2732,380.93682
27,230,369.38806,381.11241
27,231,369.50366,381.29058
27,232,369.6204,381.47081
27,233,369.73865,381.65253000000007
27,234,369.85846,381.83521
27,235,369.97958,382.0183
27,236,370.10187,382.20125
27,237,370.2249,382.38352
27,238,370.3485,382.56456
27,239,370.47244,382.74383
27,240,370.59647,382.92077
27,241,370.7203,383.09485
27,242,370.84366,383.26552
27,243,370.96637,383.43224
27,244,371.08813,383.59444
27,245,371.20877,383.7516
27,246,371.32797,383.90317
27,247,371.44553,384.04859
27,248,371.56116,384.18733
27,249,371.6747,384.31883
27,250,371.7859,384.44256
27,251,371.89447,384.55796
27,252,372.0002,384.66449
27,253,372.10287,384.76161
27,254,372.20224,384.84876
27,255,372.29807,384.92541
27,256,372.3901,384.991
27,257,372.4781,385.0479
27,258,372.5619,385.09885
27,259,372.64127,385.14384
27,260,372.7161,385.18286
27,261,372.78653,385.21593
27,262,372.85275,385.24304
27,263,372.91516,385.26419
27,264,372.97424,385.27939
27,265,373.0304,385.28862
27,266,373.08368,385.29189
27,267,373.13406,385.28921
27,268,373.18158,385.28056
27,269,373.22632,385.26596
27,270,373.26822,385.2454
27,271,373.30743,385.21888
27,272,373.34387,385.1864
27,273,373.37762,385.14796
27,274,373.4087,385.10356
27,275,373.43707,385.05321
27,276,373.4629,384.99689
27,277,373.48605,384.93462
27,278,373.50668,384.86639
27,279,373.52472,384.79219
27,280,373.54025,384.71204
27,281,373.55325,384.62593
27,282,373.56378,384.53386
27,283,373.57184,384.43584
27,284,373.5775,384.33185
27,285,373.5807,384.2219
28,0,354.25745,359.5727
28,1,354.27866,359.61023
28,2,354.30035,359.64922
28,3,354.32254,359.6898
28,4,354.34534,359.73213
28,5,354.3688,359.77636
28,6,354.39304,359.82265
28,7,354.41815,359.87115
28,8,354.4442,359.922
28,9,354.47125,359.97536
28,10,354.49942,360.03138
28,11,354.5288,360.09021
28,12,354.55945,360.152
28,13,354.59143,360.2221
28,14,354.625,360.30532
28,15,354.66052,360.40099
28,16,354.6987,360.50846
28,17,354.74033,360.62707
28,18,354.78638,360.75615
28,19,354.83777,360.89506
28,20,354.89563,361.04313
28,21,354.96014,361.1997
28,22,355.031,361.36412
28,23,355.1078,361.53572
28,24,355.19012,361.71384
28,25,355.27756,361.89784
28,26,355.36975,362.08704
28,27,355.46634,362.28079
28,28,355.56693,362.47843
28,29,355.67105,362.67931
28,30,355.77838,362.88276
28,31,355.88855,363.08812
28,32,356.0011,363.29474
28,33,356.1157,363.50196
28,34,356.23193,363.70911
28,35,356.34946,363.91554
28,36,356.46783,364.1206
28,37,356.58667,364.32361
28,38,356.70566,364.52393
28,39,356.82434,364.72089
28,40,356.9424,364.91384
28,41,357.0594,365.10211
28,42,357.17496,365.28505
28,43,357.28873,365.462
28,44,357.40033,365.64163
28,45,357.50958,365.83226
28,46,357.6167,366.03268
28,47,357.72235,366.2417
28,48,357.82755,366.45813
28,49,357.93362,366.68076
28,50,358.042,366.9084
28,51,358.15445,367.13985
28,52,358.2714,367.37391
28,53,358.39224,367.60938
28,54,358.5163,367.84508
28,55,358.643,368.07979
28,56,358.7716,368.31233
28,57,358.90155,368.54149
28,58,359.0321,368.76608
28,59,359.1627,368.9849
28,60,359.29266,369.19676
28,61,359.4214,369.40045
28,62,359.5482,369.59477
28,63,359.67242,369.77854
28,64,359.79352,369.95055
28,65,359.91077,370.10961
28,66,360.02365,370.25451
28,67,360.13138,370.38407
28,68,360.23346,370.49708
28,69,360.32913,370.59234
28,70,360.41785,370.66866
28,71,360.49902,370.72484
28,72,360.5719,370.75969
28,73,360.63596,370.772
28,74,360.6905,370.77265
28,75,360.7352,370.77329
28,76,360.77017,370.77394
28,77,360.79614,370.77458
28,78,360.8145,370.77523
28,79,360.827,370.77587
28,80,360.83588,370.77652
28,81,360.84372,370.77716
28,82,360.85196,370.77781
28,83,360.86057,370.77845
28,84,360.86957,370.7791
28,85,360.87888,370.77974
28,86,360.88852,370.78039
28,87,360.89847,370.78103
28,88,360.90875,370.78168
28,89,360.91925,370.78232
28,90,360.93002,370.78297
28,91,360.94104,370.78361
28,92,360.95227,370.78426
28,93,360.96375,370.7849
28,94,360.9754,370.78555
28,95,360.9872,370.78619
28,96,360.9992,370.78684
28,97,361.01138,370.78748
28,98,361.02362,370.78813
28,99,361.036,370.78877
28,100,361.0485,370.78942
28,101,361.06107,370.79006
28,102,361.0737,370.79071
28,103,361.0864,370.79135
28,104,361.0991,370.792
28,105,361.11185,370.79265
28,106,361.12457,370.79329
28,107,361.13733,370.79394
28,108,361.15,370.79458
28,109,361.16266,370.79523
28,110,361.17517,370.79587
28,111,361.18765,370.79652
28,112,361.19998,370.79716
28,113,361.21216,370.79781
28,114,361.2242,370.79845
28,115,361.23608,370.7991
28,116,361.24786,370.79974
28,117,361.25946,370.80039
28,118,361.27094,370.80103
28,119,361.2823,370.80168
28,120,361.2935,370.80232
28,121,361.30453,370.80297
28,122,361.31546,370.80361
28,123,361.3262,370.80426
28,124,361.33688,370.8049
28,125,361.34738,370.80555
28,126,361.35776,370.80619
28,127,361.36798,370.80684
28,128,361.37808,370.80748
28,129,361.38806,370.80813
28,130,361.3979,370.80877
28,131,361.40756,370.80942
28,132,361.41714,370.81006
28,133,361.42654,370.81071
28,134,361.43588,370.81135
28,135,361.44507,370.812
28,136,361.4541,370.8126
28,137,361.46298,370.81313
28,138,361.4718,370.8136
28,139,361.48047,370.814
28,140,361.489,370.81436
28,141,361.49753,370.81467
28,142,361.50586,370.81496
28,143,361.51422,370.81523
28,144,361.52255,370.81548
28,145,361.53088,370.81573
28,146,361.5393,370.81599
28,147,361.54782,370.81626
28,148,361.55652,370.81655
28,149,361.5654,370.81688
28,150,361.57455,370.81726
28,151,361.58398,370.81768
28,152,361.59375,370.81816
28,153,361.60388,370.81872
28,154,361.61444,370.81935
28,155,361.6255,370.82007
28,156,361.637,370.82089
28,157,361.64908,370.82181
28,158,361.66174,370.82285
28,159,361.67502,370.82401
28,160,361.689,370.8253
28,161,361.70367,370.82674
28,162,361.71915,370.82833
28,163,361.7354,370.83008
28,164,361.7525,370.832
28,165,361.7705,370.84339
28,166,361.78964,370.87294
28,167,361.81052,370.91975
28,168,361.83414,370.9829
28,169,361.86182,371.06149
28,170,361.89514,371.15462
28,171,361.9358,371.26137
28,172,361.98557,371.38084
28,173,362.04507,371.51211
28,174,362.11386,371.65429
28,175,362.19125,371.80647
28,176,362.27676,371.96773
28,177,362.36987,372.13718
28,178,362.46997,372.31389
28,179,362.57657,372.49698
28,180,362.68918,372.68552
28,181,362.80713,372.87861
28,182,362.92996,373.07535
28,183,363.05713,373.27482
28,184,363.18808,373.47613
28,185,363.32224,373.67835
28,186,363.45914,373.88059
28,187,363.59818,374.08193
28,188,363.7389,374.28148
28,189,363.88068,374.47832
28,190,364.023,374.67154
28,191,364.1654,374.86024
28,192,364.30725,375.04351
28,193,364.4481,375.22044
28,194,364.58737,375.39013
28,195,364.72455,375.55167
28,196,364.8591,375.70884000000007
28,197,364.99057,375.86604
28,198,365.1188,376.02327
28,199,365.24384,376.18053
28,200,365.3659,376.3378000000001
28,201,365.48547,376.4951
28,202,365.60333,376.65242
28,203,365.72037,376.80975
28,204,365.8372,376.9671
28,205,365.95374,377.12446
28,206,366.07007,377.28184
28,207,366.18616,377.43922
28,208,366.30206,377.59661000000006
28,209,366.41782,377.754
28,210,366.53336,377.9114
28,211,366.6488,378.0688
28,212,366.76407,378.2262
28,213,366.8792,378.38359
28,214,366.99426,378.54098
28,215,367.10925,378.69836
28,216,367.22415,378.85573
28,217,367.33896,379.01309
28,218,367.4538,379.17044
28,219,367.56854,379.32777
28,220,367.68332,379.48509
28,221,367.79807,379.64238
28,222,367.91287,379.79966
28,223,368.02768,379.95691
28,224,368.14255,380.11413
28,225,368.2575,380.27133
28,226,368.37253,380.43109
28,227,368.4877,380.59562
28,228,368.60318,380.76438
28,229,368.7192,380.93682
28,230,368.83606,381.11241
28,231,368.95407,381.29058
28,232,369.07355,381.47081
28,233,369.19482,381.65253000000007
28,234,369.31787,381.83521
28,235,369.44244,382.0183
28,236,369.5682,382.20125
28,237,369.69482,382.38352
28,238,369.822,382.56456
28,239,369.94946,382.74383
28,240,370.07693,382.92077
28,241,370.20407,383.09485
28,242,370.33057,383.26552
28,243,370.4562,383.43224
28,244,370.5806,383.59444
28,245,370.7035,383.7516
28,246,370.8246,383.90317
28,247,370.94357,384.04859
28,248,371.06018,384.18733
28,249,371.17413,384.31883
28,250,371.2851,384.44256
28,251,371.39282,384.55796
28,252,371.497,384.66449
28,253,371.59732,384.76161
28,254,371.69354,384.84876
28,255,371.7853,384.92541
28,256,371.87238,384.991
28,257,371.95444,385.0479
28,258,372.03125,385.09885
28,259,372.1027,385.14384
28,260,372.1688,385.18286
28,261,372.22968,385.21593
28,262,372.28568,385.24304
28,263,372.3371,385.26419
28,264,372.38458,385.27939
28,265,372.4284,385.28862
28,266,372.4686,385.29189
28,267,372.50522,385.28921
28,268,372.53824,385.28056
28,269,372.56772,385.26596
28,270,372.59375,385.2454
28,271,372.61627,385.21888
28,272,372.6353,385.1864
28,273,372.651,385.14796
28,274,372.66327,385.10356
28,275,372.6722,385.05321
28,276,372.6778,384.99689
28,277,372.68008,384.93462
28,278,372.67908,384.86639
28,279,372.67484,384.79219
28,280,372.6674,384.71204
28,281,372.6567,384.62593
28,282,372.64288,384.53386
28,283,372.62592,384.43584
28,284,372.6058,384.33185
28,285,372.58264,384.2219
29,0,352.187,359.5727
29,1,352.2203,359.61023
29,2,352.25357,359.64922
29,3,352.28668,359.6898
29,4,352.31976,359.73213
29,5,352.35275,359.77636
29,6,352.38565,359.82265
29,7,352.41843,359.87115
29,8,352.4511,359.922
29,9,352.4837,359.97536
29,10,352.51617,360.03138
29,11,352.54852,360.09021
29,12,352.58075,360.152
29,13,352.61285,360.2221
29,14,352.64496,360.30532
29,15,352.67734,360.40099
29,16,352.71033,360.50846
29,17,352.74442,360.62707
29,18,352.77997,360.75615
29,19,352.81735,360.89506
29,20,352.85678,361.04313
29,21,352.89832,361.1997
29,22,352.94177,361.36412
29,23,352.98703,361.53572
29,24,353.034,361.71384
29,25,353.0824,361.89784
29,26,353.13223,362.08704
29,27,353.18326,362.28079
29,28,353.23538,362.47843
29,29,353.28845,362.67931
29,30,353.34235,362.88276
29,31,353.39688,363.08812
29,32,353.45197,363.29474
29,33,353.50742,363.50196
29,34,353.56314,363.70911
29,35,353.61893,363.91554
29,36,353.67474,364.1206
29,37,353.73035,364.32361
29,38,353.78568,364.52393
29,39,353.8405,364.72089
29,40,353.89484,364.91384
29,41,353.9484,365.10211
29,42,354.0011,365.28505
29,43,354.0528,365.462
29,44,354.10342,365.64163
29,45,354.15283,365.83226
29,46,354.20145,366.03268
29,47,354.24973,366.2417
29,48,354.2982,366.45813
29,49,354.34753,366.68076
29,50,354.3983,366.9084
29,51,354.4509,367.13985
29,52,354.50537,367.37391
29,53,354.56152,367.60938
29,54,354.61902,367.84508
29,55,354.67767,368.07979
29,56,354.7372,368.31233
29,57,354.79742,368.54149
29,58,354.85797,368.76608
29,59,354.91864,368.9849
29,60,354.9792,369.19676
29,61,355.03937,369.40045
29,62,355.09894,369.59477
29,63,355.15756,369.77854
29,64,355.21512,369.95055
29,65,355.27127,370.10961
29,66,355.3258,370.25451
29,67,355.37848,370.38407
29,68,355.42905,370.49708
29,69,355.47726,370.59234
29,70,355.52283,370.66866
29,71,355.56555,370.72484
29,72,355.60522,370.75969
29,73,355.64145,370.772
29,74,355.67416,370.77265
29,75,355.70316,370.77329
29,76,355.72852,370.77394
29,77,355.75067,370.77458
29,78,355.7704,370.77523
29,79,355.7884,370.77587
29,80,355.8056,370.77652
29,81,355.82288,370.77716
29,82,355.8406,370.77781
29,83,355.85883,370.77845
29,84,355.87747,370.7791
29,85,355.89655,370.77974
29,86,355.91605,370.78039
29,87,355.93597,370.78103
29,88,355.9562,370.78168
29,89,355.97684,370.78232
29,90,355.99783,370.78297
29,91,356.01913,370.78361
29,92,356.04077,370.78426
29,93,356.06268,370.7849
29,94,356.08487,370.78555
29,95,356.1073,370.78619
29,96,356.13,370.78684
29,97,356.1529,370.78748
29,98,356.17603,370.78813
29,99,356.1993,370.78877
29,100,356.22278,370.78942
29,101,356.24646,370.79006
29,102,356.2702,370.79071
29,103,356.2941,370.79135
29,104,356.31808,370.792
29,105,356.34222,370.79265
29,106,356.36633,370.79329
29,107,356.39044,370.79394
29,108,356.41446,370.79458
29,109,356.4384,370.79523
29,110,356.46213,370.79587
29,111,356.48575,370.79652
29,112,356.50928,370.79716
29,113,356.53265,370.79781
29,114,356.55588,370.79845
29,115,356.579,370.7991
29,116,356.60196,370.79974
29,117,356.62476,370.80039
29,118,356.6474,370.80103
29,119,356.66986,370.80168
29,120,356.69214,370.80232
29,121,356.7142,370.80297
29,122,356.73605,370.80361
29,123,356.75766,370.80426
29,124,356.77902,370.8049
29,125,356.80014,370.80555
29,126,356.82098,370.80619
29,127,356.84158,370.80684
29,128,356.8619,370.80748
29,129,356.88193,370.80813
29,130,356.90164,370.80877
29,131,356.92102,370.80942
29,132,356.94012,370.81006
29,133,356.95883,370.81071
29,134,356.9772,370.81135
29,135,356.99524,370.812
29,136,357.01288,370.8126
29,137,357.03015,370.81313
29,138,357.047,370.8136
29,139,357.06354,370.814
29,140,357.07965,370.81436
29,141,357.09543,370.81467
29,142,357.11087,370.81496
29,143,357.12616,370.81523
29,144,357.14136,370.81548
29,145,357.15652,370.81573
29,146,357.1718,370.81599
29,147,357.18735,370.81626
29,148,357.20316,370.81655
29,149,357.2194,370.81688
29,150,357.23618,370.81726
29,151,357.25363,370.81768
29,152,357.2718,370.81816
29,153,357.29083,370.81872
29,154,357.31082,370.81935
29,155,357.3319,370.82007
29,156,357.35416,370.82089
29,157,357.37766,370.82181
29,158,357.40262,370.82285
29,159,357.42902,370.82401
29,160,357.45706,370.8253
29,161,357.48682,370.82674
29,162,357.51837,370.82833
29,163,357.55188,370.83008
29,164,357.58734,370.832
29,165,357.62506,370.84339
29,166,357.66504,370.87294
29,167,357.70776,370.91975
29,168,357.7538,370.9829
29,169,357.8038,371.06149
29,170,357.85843,371.15462
29,171,357.91833,371.26137
29,172,357.98398,371.38084
29,173,358.05542,371.51211
29,174,358.1324,371.65429
29,175,358.21454,371.80647
29,176,358.30154,371.96773
29,177,358.39316,372.13718
29,178,358.489,372.31389
29,179,358.58887,372.49698
29,180,358.69232,372.68552
29,181,358.7992,372.87861
29,182,358.9091,373.07535
29,183,359.02176,373.27482
29,184,359.13684,373.47613
29,185,359.25406,373.67835
29,186,359.37317,373.88059
29,187,359.49377,374.08193
29,188,359.6156,374.28148
29,189,359.73837,374.47832
29,190,359.8618,374.67154
29,191,359.98553,374.86024
29,192,360.10928,375.04351
29,193,360.23276,375.22044
29,194,360.35574,375.39013
29,195,360.4778,375.55167
29,196,360.59875,375.70884000000007
29,197,360.71826,375.86604
29,198,360.83615,376.02327
29,199,360.9524,376.18053
29,200,361.06708,376.3378000000001
29,201,361.1804,376.4951
29,202,361.29257,376.65242
29,203,361.40402,376.80975
29,204,361.51495,376.9671
29,205,361.62537,377.12446
29,206,361.73532,377.28184
29,207,361.8448,377.43922
29,208,361.95377,377.59661000000006
29,209,362.06244,377.754
29,210,362.17072,377.9114
29,211,362.2786,378.0688
29,212,362.38614,378.2262
29,213,362.4934,378.38359
29,214,362.6004,378.54098
29,215,362.70715,378.69836
29,216,362.81366,378.85573
29,217,362.91998,379.01309
29,218,363.0261,379.17044
29,219,363.13208,379.32777
29,220,363.23795,379.48509
29,221,363.34375,379.64238
29,222,363.44946,379.79966
29,223,363.55508,379.95691
29,224,363.66074,380.11413
29,225,363.76642,380.27133
29,226,363.8721,380.43109
29,227,363.97778,380.59562
29,228,364.08347,380.76438
29,229,364.18903,380.93682
29,230,364.29465,381.11241
29,231,364.40042,381.29058
29,232,364.5066,381.47081
29,233,364.6134,381.65253000000007
29,234,364.7209,381.83521
29,235,364.82895,382.0183
29,236,364.93753,382.20125
29,237,365.0465,382.38352
29,238,365.15576,382.56456
29,239,365.2651,382.74383
29,240,365.3746,382.92077
29,241,365.4841,383.09485
29,242,365.5934,383.26552
29,243,365.70255,383.43224
29,244,365.81134,383.59444
29,245,365.9197,383.7516
29,246,366.0276,383.90317
29,247,366.1348,384.04859
29,248,366.2413,384.18733
29,249,366.34705,384.31883
29,250,366.45187,384.44256
29,251,366.55566,384.55796
29,252,366.6584,384.66449
29,253,366.7599,384.76161
29,254,366.86014,384.84876
29,255,366.959,384.92541
29,256,367.05637,384.991
29,257,367.15216,385.0479
29,258,367.24628,385.09885
29,259,367.33838,385.14384
29,260,367.42844,385.18286
29,261,367.5164,385.21593
29,262,367.6023,385.24304
29,263,367.68634,385.26419
29,264,367.7689,385.27939
29,265,367.85004,385.28862
29,266,367.92993,385.29189
29,267,368.00854,385.28921
29,268,368.08594,385.28056
29,269,368.16208,385.26596
29,270,368.23703,385.2454
29,271,368.31088,385.21888
29,272,368.38358,385.1864
29,273,368.45523,385.14796
29,274,368.52582,385.10356
29,275,368.59543,385.05321
29,276,368.66403,384.99689
29,277,368.7317,384.93462
29,278,368.7984,384.86639
29,279,368.86426,384.79219
29,280,368.9292,384.71204
29,281,368.99332,384.62593
29,282,369.05667,384.53386
29,283,369.11923,384.43584
29,284,369.18103,384.33185
29,285,369.24213,384.2219
30,0,352.7342,359.5727
30,1,352.76376,359.61023
30,2,352.79337,359.64922
30,3,352.823,359.6898
30,4,352.85272,359.73213
30,5,352.88263,359.77636
30,6,352.9127,359.82265
30,7,352.94296,359.87115
30,8,352.97354,359.922
30,9,353.0045,359.97536
30,10,353.0358,360.03138
30,11,353.06757,360.09021
30,12,353.09982,360.152
30,13,353.13257,360.2221
30,14,353.16605,360.30532
30,15,353.20044,360.40099
30,16,353.23624,360.50846
30,17,353.27393,360.62707
30,18,353.3142,360.75615
30,19,353.3577,360.89506
30,20,353.40512,361.04313
30,21,353.45667,361.1997
30,22,353.5121,361.36412
30,23,353.57114,361.53572
30,24,353.63364,361.71384
30,25,353.69925,361.89784
30,26,353.7678,362.08704
30,27,353.83902,362.28079
30,28,353.9127,362.47843
30,29,353.98853,362.67931
30,30,354.06635,362.88276
30,31,354.14587,363.08812
30,32,354.2269,363.29474
30,33,354.30917,363.50196
30,34,354.39243,363.70911
30,35,354.4765,363.91554
30,36,354.56107,364.1206
30,37,354.64594,364.32361
30,38,354.73087,364.52393
30,39,354.81567,364.72089
30,40,354.90002,364.91384
30,41,354.98373,365.10211
30,42,355.06662,365.28505
30,43,355.14835,365.462
30,44,355.2288,365.64163
30,45,355.30774,365.83226
30,46,355.38547,366.03268
30,47,355.46237,366.2417
30,48,355.5391,366.45813
30,49,355.61655,366.68076
30,50,355.69577,366.9084
30,51,355.77798,367.13985
30,52,355.86353,367.37391
30,53,355.95197,367.60938
30,54,356.04272,367.84508
30,55,356.13556,368.07979
30,56,356.22983,368.31233
30,57,356.3252,368.54149
30,58,356.42117,368.76608
30,59,356.51727,368.9849
30,60,356.61313,369.19676
30,61,356.70828,369.40045
30,62,356.80222,369.59477
30,63,356.8946,369.77854
30,64,356.98486,369.95055
30,65,357.0727,370.10961
30,66,357.1576,370.25451
30,67,357.23914,370.38407
30,68,357.31686,370.49708
30,69,357.39038,370.59234
30,70,357.45923,370.66866
30,71,357.523,370.72484
30,72,357.58124,370.75969
30,73,357.63354,370.772
30,74,357.67947,370.77265
30,75,357.71872,370.77329
30,76,357.7513,370.77394
30,77,357.77768,370.77458
30,78,357.7986,370.77523
30,79,357.81534,370.77587
30,80,357.82947,370.77652
30,81,357.84296,370.77716
30,82,357.85687,370.77781
30,83,357.87122,370.77845
30,84,357.8859,370.7791
30,85,357.90097,370.77974
30,86,357.91635,370.78039
30,87,357.93213,370.78103
30,88,357.94818,370.78168
30,89,357.96457,370.78232
30,90,357.9813,370.78297
30,91,357.9982,370.78361
30,92,358.01544,370.78426
30,93,358.0329,370.7849
30,94,358.0506,370.78555
30,95,358.06854,370.78619
30,96,358.08664,370.78684
30,97,358.10492,370.78748
30,98,358.1234,370.78813
30,99,358.14206,370.78877
30,100,358.16083,370.78942
30,101,358.17972,370.79006
30,102,358.19873,370.79071
30,103,358.21786,370.79135
30,104,358.2371,370.792
30,105,358.25632,370.79265
30,106,358.27563,370.79329
30,107,358.29498,370.79394
30,108,358.3143,370.79458
30,109,358.3336,370.79523
30,110,358.35284,370.79587
30,111,358.37207,370.79652
30,112,358.3913,370.79716
30,113,358.41058,370.79781
30,114,358.42978,370.79845
30,115,358.449,370.7991
30,116,358.46817,370.79974
30,117,358.48724,370.80039
30,118,358.50632,370.80103
30,119,358.5252,370.80168
30,120,358.54404,370.80232
30,121,358.56274,370.80297
30,122,358.58124,370.80361
30,123,358.5996,370.80426
30,124,358.61774,370.8049
30,125,358.6357,370.80555
30,126,358.65344,370.80619
30,127,358.6709,370.80684
30,128,358.68817,370.80748
30,129,358.70508,370.80813
30,130,358.7217,370.80877
30,131,358.73804,370.80942
30,132,358.75403,370.81006
30,133,358.76968,370.81071
30,134,358.78494,370.81135
30,135,358.79984,370.812
30,136,358.8143,370.8126
30,137,358.82837,370.81313
30,138,358.84198,370.8136
30,139,358.85516,370.814
30,140,358.86783,370.81436
30,141,358.88016,370.81467
30,142,358.892,370.81496
30,143,358.90353,370.81523
30,144,358.9148,370.81548
30,145,358.92587,370.81573
30,146,358.9369,370.81599
30,147,358.94788,370.81626
30,148,358.95905,370.81655
30,149,358.9704,370.81688
30,150,358.98206,370.81726
30,151,358.9941,370.81768
30,152,359.00662,370.81816
30,153,359.01978,370.81872
30,154,359.03357,370.81935
30,155,359.04813,370.82007
30,156,359.06357,370.82089
30,157,359.08,370.82181
30,158,359.09747,370.82285
30,159,359.11606,370.82401
30,160,359.13593,370.8253
30,161,359.1571,370.82674
30,162,359.17972,370.82833
30,163,359.20386,370.83008
30,164,359.22964,370.832
30,165,359.2571,370.84339
30,166,359.2865,370.87294
30,167,359.31824,370.91975
30,168,359.35297,370.9829
30,169,359.3916,371.06149
30,170,359.43524,371.15462
30,171,359.48508,371.26137
30,172,359.54245,371.38084
30,173,359.60776,371.51211
30,174,359.6806,371.65429
30,175,359.76056,371.80647
30,176,359.8471,371.96773
30,177,359.9399,372.13718
30,178,360.03842,372.31389
30,179,360.1423,372.49698
30,180,360.25104,372.68552
30,181,360.36423,372.87861
30,182,360.4814,373.07535
30,183,360.6022,373.27482
30,184,360.72614,373.47613
30,185,360.85272,373.67835
30,186,360.9816,373.88059
30,187,361.11237,374.08193
30,188,361.24454,374.28148
30,189,361.3777,374.47832
30,190,361.51144,374.67154
30,191,361.64536,374.86024
30,192,361.779,375.04351
30,193,361.91196,375.22044
30,194,362.04385,375.39013
30,195,362.17422,375.55167
30,196,362.3027,375.70884000000007
30,197,362.42892,375.86604
30,198,362.55264,376.02327
30,199,362.67374,376.18053
30,200,362.7924,376.3378000000001
30,201,362.90884,376.4951
30,202,363.02365,376.65242
30,203,363.1375,376.80975
30,204,363.25085,376.9671
30,205,363.36368,377.12446
30,206,363.47607,377.28184
30,207,363.588,377.43922
30,208,363.69946,377.59661000000006
30,209,363.81058,377.754
30,210,363.92126,377.9114
30,211,364.03162,378.0688
30,212,364.14157,378.2262
30,213,364.25128,378.38359
30,214,364.36066,378.54098
30,215,364.46973,378.69836
30,216,364.57855,378.85573
30,217,364.68713,379.01309
30,218,364.79547,379.17044
30,219,364.90363,379.32777
30,220,365.01163,379.48509
30,221,365.11945,379.64238
30,222,365.22714,379.79966
30,223,365.3347,379.95691
30,224,365.44217,380.11413
30,225,365.54953,380.27133
30,226,365.65686,380.43109
30,227,365.76416,380.59562
30,228,365.87146,380.76438
30,229,365.9789,380.93682
30,230,366.08667,381.11241
30,231,366.19507,381.29058
30,232,366.30438,381.47081
30,233,366.415,381.65253000000007
30,234,366.52707,381.83521
30,235,366.6403,382.0183
30,236,366.7545,382.20125
30,237,366.8694,382.38352
30,238,366.9848,382.56456
30,239,367.10052,382.74383
30,240,367.21622,382.92077
30,241,367.33182,383.09485
30,242,367.447,383.26552
30,243,367.56158,383.43224
30,244,367.6753,383.59444
30,245,367.788,383.7516
30,246,367.89944,383.90317
30,247,368.0094,384.04859
30,248,368.11768,384.18733
30,249,368.2241,384.31883
30,250,368.32843,384.44256
30,251,368.43045,384.55796
30,252,368.52994,384.66449
30,253,368.62677,384.76161
30,254,368.72064,384.84876
30,255,368.81137,384.92541
30,256,368.89886,384.991
30,257,368.98276,385.0479
30,258,369.06296,385.09885
30,259,369.13925,385.14384
30,260,369.2116,385.18286
30,261,369.28006,385.21593
30,262,369.3447,385.24304
30,263,369.40598,385.26419
30,264,369.46432,385.27939
30,265,369.5201,385.28862
30,266,369.57336,385.29189
30,267,369.6241,385.28921
30,268,369.6724,385.28056
30,269,369.71823,385.26596
30,270,369.76163,385.2454
30,271,369.80264,385.21888
30,272,369.84128,385.1864
30,273,369.87762,385.14796
30,274,369.9116,385.10356
30,275,369.9433,385.05321
30,276,369.97275,384.99689
30,277,369.99997,384.93462
30,278,370.02496,384.86639
30,279,370.04776,384.79219
30,280,370.06842,384.71204
30,281,370.08688,384.62593
30,282,370.10327,384.53386
30,283,370.11752,384.43584
30,284,370.1297,384.33185
30,285,370.1398,384.2219
31,0,351.47348,359.5727
31,1,351.4974,359.61023
31,2,351.52185,359.64922
31,3,351.5469,359.6898
31,4,351.57257,359.73213
31,5,351.5988,359.77636
31,6,351.62564,359.82265
31,7,351.65314,359.87115
31,8,351.68124,359.922
31,9,351.71005,359.97536
31,10,351.7395,360.03138
31,11,351.76962,360.09021
31,12,351.80038,360.152
31,13,351.83194,360.2221
31,14,351.86432,360.30532
31,15,351.8981,360.40099
31,16,351.93387,360.50846
31,17,351.97235,360.62707
31,18,352.0142,360.75615
31,19,352.0601,360.89506
31,20,352.11063,361.04313
31,21,352.16595,361.1997
31,22,352.22568,361.36412
31,23,352.28955,361.53572
31,24,352.3572,361.71384
31,25,352.42844,361.89784
31,26,352.50278,362.08704
31,27,352.58008,362.28079
31,28,352.65994,362.47843
31,29,352.74207,362.67931
31,30,352.82617,362.88276
31,31,352.9119,363.08812
31,32,352.99902,363.29474
31,33,353.08716,363.50196
31,34,353.17603,363.70911
31,35,353.26535,363.91554
31,36,353.35477,364.1206
31,37,353.444,364.32361
31,38,353.53268,364.52393
31,39,353.62064,364.72089
31,40,353.70746,364.91384
31,41,353.79285,365.10211
31,42,353.87656,365.28505
31,43,353.95822,365.462
31,44,354.03757,365.64163
31,45,354.11453,365.83226
31,46,354.1896,366.03268
31,47,354.2635,366.2417
31,48,354.3371,366.45813
31,49,354.41138,366.68076
31,50,354.4875,366.9084
31,51,354.56622,367.13985
31,52,354.64792,367.37391
31,53,354.7321,367.60938
31,54,354.8183,367.84508
31,55,354.90616,368.07979
31,56,354.9952,368.31233
31,57,355.08502,368.54149
31,58,355.17517,368.76608
31,59,355.26523,368.9849
31,60,355.35477,369.19676
31,61,355.44333,369.40045
31,62,355.53052,369.59477
31,63,355.6159,369.77854
31,64,355.6991,369.95055
31,65,355.77957,370.10961
31,66,355.85696,370.25451
31,67,355.93085,370.38407
31,68,356.0008,370.49708
31,69,356.0664,370.59234
31,70,356.12714,370.66866
31,71,356.1827,370.72484
31,72,356.23264,370.75969
31,73,356.27646,370.772
31,74,356.31378,370.77265
31,75,356.34445,370.77329
31,76,356.36887,370.77394
31,77,356.38782,370.77458
31,78,356.4023,370.77523
31,79,356.4137,370.77587
31,80,356.42337,370.77652
31,81,356.43274,370.77716
31,82,356.4425,370.77781
31,83,356.4527,370.77845
31,84,356.4633,370.7791
31,85,356.47418,370.77974
31,86,356.48547,370.78039
31,87,356.4971,370.78103
31,88,356.50906,370.78168
31,89,356.52127,370.78232
31,90,356.53375,370.78297
31,91,356.54654,370.78361
31,92,356.55957,370.78426
31,93,356.57278,370.7849
31,94,356.58624,370.78555
31,95,356.59988,370.78619
31,96,356.61374,370.78684
31,97,356.62772,370.78748
31,98,356.64185,370.78813
31,99,356.6561,370.78877
31,100,356.67044,370.78942
31,101,356.68494,370.79006
31,102,356.69943,370.79071
31,103,356.71402,370.79135
31,104,356.72867,370.792
31,105,356.7433,370.79265
31,106,356.75793,370.79329
31,107,356.77246,370.79394
31,108,356.78683,370.79458
31,109,356.801,370.79523
31,110,356.81482,370.79587
31,111,356.82825,370.79652
31,112,356.84128,370.79716
31,113,356.8539,370.79781
31,114,356.8661,370.79845
31,115,356.87793,370.7991
31,116,356.88943,370.79974
31,117,356.90054,370.80039
31,118,356.9114,370.80103
31,119,356.922,370.80168
31,120,356.9323,370.80232
31,121,356.94244,370.80297
31,122,356.95233,370.80361
31,123,356.96207,370.80426
31,124,356.97165,370.8049
31,125,356.98117,370.80555
31,126,356.99054,370.80619
31,127,356.99985,370.80684
31,128,357.00912,370.80748
31,129,357.01837,370.80813
31,130,357.02765,370.80877
31,131,357.03696,370.80942
31,132,357.04633,370.81006
31,133,357.0558,370.81071
31,134,357.06537,370.81135
31,135,357.0751,370.812
31,136,357.08502,370.8126
31,137,357.09506,370.81313
31,138,357.1054,370.8136
31,139,357.11594,370.814
31,140,357.12668,370.81436
31,141,357.13776,370.81467
31,142,357.14908,370.81496
31,143,357.16068,370.81523
31,144,357.1726,370.81548
31,145,357.1849,370.81573
31,146,357.1975,370.81599
31,147,357.21057,370.81626
31,148,357.224,370.81655
31,149,357.23785,370.81688
31,150,357.25217,370.81726
31,151,357.267,370.81768
31,152,357.2823,370.81816
31,153,357.29813,370.81872
31,154,357.31454,370.81935
31,155,357.3315,370.82007
31,156,357.3491,370.82089
31,157,357.36725,370.82181
31,158,357.38608,370.82285
31,159,357.40555,370.82401
31,160,357.42578,370.8253
31,161,357.44672,370.82674
31,162,357.46832,370.82833
31,163,357.49075,370.83008
31,164,357.51392,370.832
31,165,357.5379,370.84339
31,166,357.56296,370.87294
31,167,357.5897,370.91975
31,168,357.619,370.9829
31,169,357.65186,371.06149
31,170,357.6894,371.15462
31,171,357.73254,371.26137
31,172,357.78232,371.38084
31,173,357.83893,371.51211
31,174,357.902,371.65429
31,175,357.97116,371.80647
31,176,358.04605,371.96773
31,177,358.12625,372.13718
31,178,358.2115,372.31389
31,179,358.30133,372.49698
31,180,358.39536,372.68552
31,181,358.49332,372.87861
31,182,358.59476,373.07535
31,183,358.69928,373.27482
31,184,358.8066,373.47613
31,185,358.9163,373.67835
31,186,359.028,373.88059
31,187,359.14142,374.08193
31,188,359.25607,374.28148
31,189,359.37167,374.47832
31,190,359.4878,374.67154
31,191,359.60413,374.86024
31,192,359.72025,375.04351
31,193,359.8358,375.22044
31,194,359.95047,375.39013
31,195,360.0638,375.55167
31,196,360.17554,375.70884000000007
31,197,360.28534,375.86604
31,198,360.39316,376.02327
31,199,360.49896,376.18053
31,200,360.6031,376.3378000000001
31,201,360.70578,376.4951
31,202,360.80746,376.65242
31,203,360.90872,376.80975
31,204,361.00964,376.9671
31,205,361.11035,377.12446
31,206,361.21082,377.28184
31,207,361.3111,377.43922
31,208,361.4112,377.59661000000006
31,209,361.5111,377.754
31,210,361.61087,377.9114
31,211,361.7105,378.0688
31,212,361.81,378.2262
31,213,361.90942,378.38359
31,214,362.00873,378.54098
31,215,362.10797,378.69836
31,216,362.20718,378.85573
31,217,362.30637,379.01309
31,218,362.40546,379.17044
31,219,362.5046,379.32777
31,220,362.60376,379.48509
31,221,362.70294,379.64238
31,222,362.8022,379.79966
31,223,362.90146,379.95691
31,224,363.00082,380.11413
31,225,363.1003,380.27133
31,226,363.1999,380.43109
31,227,363.29956,380.59562
31,228,363.39935,380.76438
31,229,363.4993,380.93682
31,230,363.59946,381.11241
31,231,363.69983,381.29058
31,232,363.80054,381.47081
31,233,363.90164,381.65253000000007
31,234,364.00305,381.83521
31,235,364.10477,382.0183
31,236,364.2066,382.20125
31,237,364.30853,382.38352
31,238,364.41046,382.56456
31,239,364.51233,382.74383
31,240,364.61398,382.92077
31,241,364.71542,383.09485
31,242,364.81647,383.26552
31,243,364.9171,383.43224
31,244,365.01724,383.59444
31,245,365.11676,383.7516
31,246,365.21567,383.90317
31,247,365.31378,384.04859
31,248,365.41104,384.18733
31,249,365.50742,384.31883
31,250,365.60275,384.44256
31,251,365.69705,384.55796
31,252,365.79016,384.66449
31,253,365.88202,384.76161
31,254,365.97253,384.84876
31,255,366.0617,384.92541
31,256,366.14932,384.991
31,257,366.23538,385.0479
31,258,366.31976,385.09885
31,259,366.4024,385.14384
31,260,366.4832,385.18286
31,261,366.56223,385.21593
31,262,366.63953,385.24304
31,263,366.7152,385.26419
31,264,366.78937,385.27939
31,265,366.86218,385.28862
31,266,366.93362,385.29189
31,267,367.00375,385.28921
31,268,367.07263,385.28056
31,269,367.14026,385.26596
31,270,367.20667,385.2454
31,271,367.27194,385.21888
31,272,367.3361,385.1864
31,273,367.39917,385.14796
31,274,367.4612,385.10356
31,275,367.52222,385.05321
31,276,367.58228,384.99689
31,277,367.6414,384.93462
31,278,367.6996,384.86639
31,279,367.75696,384.79219
31,280,367.8135,384.71204
31,281,367.86926,384.62593
31,282,367.92426,384.53386
31,283,367.97858,384.43584
31,284,368.0322,384.33185
31,285,368.08514,384.2219
32,0,351.2654,359.5727
32,1,351.28812,359.61023
32,2,351.311,359.64922
32,3,351.33398,359.6898
32,4,351.35724,359.73213
32,5,351.3807,359.77636
32,6,351.40454,359.82265
32,7,351.42865,359.87115
32,8,351.45322,359.922
32,9,351.47818,359.97536
32,10,351.50366,360.03138
32,11,351.5297,360.09021
32,12,351.55627,360.152
32,13,351.5835,360.2221
32,14,351.6115,360.30532
32,15,351.64053,360.40099
32,16,351.67108,360.50846
32,17,351.7036,360.62707
32,18,351.73877,360.75615
32,19,351.77716,360.89506
32,20,351.81937,361.04313
32,21,351.86548,361.1997
32,22,351.9153,361.36412
32,23,351.9686,361.53572
32,24,352.02512,361.71384
32,25,352.08466,361.89784
32,26,352.14694,362.08704
32,27,352.2118,362.28079
32,28,352.2789,362.47843
32,29,352.34805,362.67931
32,30,352.4191,362.88276
32,31,352.49173,363.08812
32,32,352.56573,363.29474
32,33,352.64084,363.50196
32,34,352.71686,363.70911
32,35,352.79358,363.91554
32,36,352.87067,364.1206
32,37,352.94803,364.32361
32,38,353.02533,364.52393
32,39,353.1024,364.72089
32,40,353.17892,364.91384
32,41,353.2548,365.10211
32,42,353.32965,365.28505
32,43,353.40335,365.462
32,44,353.47562,365.64163
32,45,353.5464,365.83226
32,46,353.61584,366.03268
32,47,353.6844,366.2417
32,48,353.75272,366.45813
32,49,353.82166,366.68076
32,50,353.89218,366.9084
32,51,353.96533,367.13985
32,52,354.0413,367.37391
32,53,354.11978,367.60938
32,54,354.20035,367.84508
32,55,354.2826,368.07979
32,56,354.36618,368.31233
32,57,354.45065,368.54149
32,58,354.53568,368.76608
32,59,354.62082,368.9849
32,60,354.70572,369.19676
32,61,354.79,369.40045
32,62,354.87326,369.59477
32,63,354.95514,369.77854
32,64,355.0352,369.95055
32,65,355.11307,370.10961
32,66,355.1884,370.25451
32,67,355.2608,370.38407
32,68,355.32986,370.49708
32,69,355.39526,370.59234
32,70,355.4565,370.66866
32,71,355.51334,370.72484
32,72,355.56534,370.75969
32,73,355.6121,370.772
32,74,355.6532,370.77265
32,75,355.68848,370.77329
32,76,355.71796,370.77394
32,77,355.7421,370.77458
32,78,355.7617,370.77523
32,79,355.7779,370.77587
32,80,355.7921,370.77652
32,81,355.80606,370.77716
32,82,355.82056,370.77781
32,83,355.83557,370.77845
32,84,355.85107,370.7791
32,85,355.8671,370.77974
32,86,355.8836,370.78039
32,87,355.9005,370.78103
32,88,355.91788,370.78168
32,89,355.9356,370.78232
32,90,355.95374,370.78297
32,91,355.9722,370.78361
32,92,355.99103,370.78426
32,93,356.01016,370.7849
32,94,356.02957,370.78555
32,95,356.04922,370.78619
32,96,356.06918,370.78684
32,97,356.08932,370.78748
32,98,356.10968,370.78813
32,99,356.13022,370.78877
32,100,356.1509,370.78942
32,101,356.1717,370.79006
32,102,356.19266,370.79071
32,103,356.21368,370.79135
32,104,356.23477,370.792
32,105,356.25592,370.79265
32,106,356.27707,370.79329
32,107,356.29822,370.79394
32,108,356.31927,370.79458
32,109,356.34027,370.79523
32,110,356.36108,370.79587
32,111,356.38177,370.79652
32,112,356.40237,370.79716
32,113,356.42282,370.79781
32,114,356.44318,370.79845
32,115,356.4634,370.7991
32,116,356.48343,370.79974
32,117,356.50336,370.80039
32,118,356.52313,370.80103
32,119,356.54272,370.80168
32,120,356.56216,370.80232
32,121,356.5814,370.80297
32,122,356.60046,370.80361
32,123,356.6193,370.80426
32,124,356.63794,370.8049
32,125,356.65634,370.80555
32,126,356.67456,370.80619
32,127,356.6925,370.80684
32,128,356.71024,370.80748
32,129,356.7277,370.80813
32,130,356.74493,370.80877
32,131,356.76187,370.80942
32,132,356.77853,370.81006
32,133,356.79492,370.81071
32,134,356.811,370.81135
32,135,356.8268,370.812
32,136,356.8423,370.8126
32,137,356.85745,370.81313
32,138,356.87234,370.8136
32,139,356.88684,370.814
32,140,356.90106,370.81436
32,141,356.915,370.81467
32,142,356.92868,370.81496
32,143,356.94214,370.81523
32,144,356.9555,370.81548
32,145,356.9688,370.81573
32,146,356.98218,370.81599
32,147,356.99567,370.81626
32,148,357.0094,370.81655
32,149,357.0234,370.81688
32,150,357.0378,370.81726
32,151,357.0527,370.81768
32,152,357.06815,370.81816
32,153,357.0842,370.81872
32,154,357.101,370.81935
32,155,357.1186,370.82007
32,156,357.1371,370.82089
32,157,357.15652,370.82181
32,158,357.17706,370.82285
32,159,357.19873,370.82401
32,160,357.22162,370.8253
32,161,357.24582,370.82674
32,162,357.27142,370.82833
32,163,357.29852,370.83008
32,164,357.32715,370.832
32,165,357.3574,370.84339
32,166,357.38953,370.87294
32,167,357.42392,370.91975
32,168,357.46115,370.9829
32,169,357.50217,371.06149
32,170,357.5479,371.15462
32,171,357.59958,371.26137
32,172,357.6581,371.38084
32,173,357.72397,371.51211
32,174,357.7967,371.65429
32,175,357.87592,371.80647
32,176,357.96124,371.96773
32,177,358.05225,372.13718
32,178,358.1486,372.31389
32,179,358.24982,372.49698
32,180,358.3556,372.68552
32,181,358.46545,372.87861
32,182,358.57907,373.07535
32,183,358.696,373.27482
32,184,358.81586,373.47613
32,185,358.93832,373.67835
32,186,359.06293,373.88059
32,187,359.18927,374.08193
32,188,359.31702,374.28148
32,189,359.44574,374.47832
32,190,359.57507,374.67154
32,191,359.70465,374.86024
32,192,359.83405,375.04351
32,193,359.96286,375.22044
32,194,360.09076,375.39013
32,195,360.21738,375.55167
32,196,360.34222,375.70884000000007
32,197,360.46506,375.86604
32,198,360.58566,376.02327
32,199,360.7039,376.18053
32,200,360.81995,376.3378000000001
32,201,360.93408,376.4951
32,202,361.04678,376.65242
32,203,361.15863,376.80975
32,204,361.27008,376.9671
32,205,361.38107,377.12446
32,206,361.49167,377.28184
32,207,361.6019,377.43922
32,208,361.71173,377.59661000000006
32,209,361.82132,377.754
32,210,361.93057,377.9114
32,211,362.03958,378.0688
32,212,362.14838,378.2262
32,213,362.2569,378.38359
32,214,362.36526,378.54098
32,215,362.47345,378.69836
32,216,362.5815,378.85573
32,217,362.68942,379.01309
32,218,362.7973,379.17044
32,219,362.9051,379.32777
32,220,363.01288,379.48509
32,221,363.1206,379.64238
32,222,363.2284,379.79966
32,223,363.33618,379.95691
32,224,363.44406,380.11413
32,225,363.55203,380.27133
32,226,363.66013,380.43109
32,227,363.76837,380.59562
32,228,363.87677,380.76438
32,229,363.98544,380.93682
32,230,364.0945,381.11241
32,231,364.2042,381.29058
32,232,364.31476,381.47081
32,233,364.42654,381.65253000000007
32,234,364.53958,381.83521
32,235,364.65363,382.0183
32,236,364.76846,382.20125
32,237,364.88397,382.38352
32,238,364.99988,382.56456
32,239,365.11597,382.74383
32,240,365.23206,382.92077
32,241,365.348,383.09485
32,242,365.46344,383.26552
32,243,365.57834,383.43224
32,244,365.69244,383.59444
32,245,365.80548,383.7516
32,246,365.91733,383.90317
32,247,366.0278,384.04859
32,248,366.13663,384.18733
32,249,366.24368,384.31883
32,250,366.34875,384.44256
32,251,366.45163,384.55796
32,252,366.55212,384.66449
32,253,366.65002,384.76161
32,254,366.74515,384.84876
32,255,366.8373,384.92541
32,256,366.9263,384.991
32,257,367.01193,385.0479
32,258,367.094,385.09885
32,259,367.17227,385.14384
32,260,367.24673,385.18286
32,261,367.31732,385.21593
32,262,367.38425,385.24304
32,263,367.44772,385.26419
32,264,367.5082,385.27939
32,265,367.56604,385.28862
32,266,367.62122,385.29189
32,267,367.67383,385.28921
32,268,367.72388,385.28056
32,269,367.77142,385.26596
32,270,367.8165,385.2454
32,271,367.8592,385.21888
32,272,367.89954,385.1864
32,273,367.93753,385.14796
32,274,367.9732,385.10356
32,275,368.00668,385.05321
32,276,368.03793,384.99689
32,277,368.06702,384.93462
32,278,368.094,384.86639
32,279,368.1189,384.79219
32,280,368.14175,384.71204
32,281,368.16257,384.62593
32,282,368.18143,384.53386
32,283,368.1984,384.43584
32,284,368.2134,384.33185
32,285,368.22662,384.2219
33,0,356.0405,359.5727
33,1,356.06552,359.61023
33,2,356.09116,359.64922
33,3,356.11734,359.6898
33,4,356.1443,359.73213
33,5,356.17194,359.77636
33,6,356.20038,359.82265
33,7,356.2297,359.87115
33,8,356.25995,359.922
33,9,356.2912,359.97536
33,10,356.3235,360.03138
33,11,356.35687,360.09021
33,12,356.39142,360.152
33,13,356.42722,360.2221
33,14,356.46442,360.30532
33,15,356.50366,360.40099
33,16,356.54575,360.50846
33,17,356.59155,360.62707
33,18,356.64212,360.75615
33,19,356.69855,360.89506
33,20,356.76175,361.04313
33,21,356.8321,361.1997
33,22,356.90906,361.36412
33,23,356.99225,361.53572
33,24,357.08118,361.71384
33,25,357.1755,361.89784
33,26,357.27472,362.08704
33,27,357.37842,362.28079
33,28,357.48615,362.47843
33,29,357.5975,362.67931
33,30,357.712,362.88276
33,31,357.82928,363.08812
33,32,357.94888,363.29474
33,33,358.07034,363.50196
33,34,358.19327,363.70911
33,35,358.3172,363.91554
33,36,358.44177,364.1206
33,37,358.56653,364.32361
33,38,358.69104,364.52393
33,39,358.81485,364.72089
33,40,358.9376,364.91384
33,41,359.05884,365.10211
33,42,359.17813,365.28505
33,43,359.29507,365.462
33,44,359.40924,365.64163
33,45,359.52054,365.83226
33,46,359.6292,366.03268
33,47,359.73605,366.2417
33,48,359.84213,366.45813
33,49,359.94897,366.68076
33,50,360.05817,366.9084
33,51,360.17145,367.13985
33,52,360.28943,367.37391
33,53,360.41144,367.60938
33,54,360.53677,367.84508
33,55,360.6648,368.07979
33,56,360.79483,368.31233
33,57,360.9262,368.54149
33,58,361.05832,368.76608
33,59,361.19052,368.9849
33,60,361.3221,369.19676
33,61,361.45245,369.40045
33,62,361.5809,369.59477
33,63,361.70685,369.77854
33,64,361.82962,369.95055
33,65,361.94858,370.10961
33,66,362.0631,370.25451
33,67,362.17255,370.38407
33,68,362.2763,370.49708
33,69,362.37366,370.59234
33,70,362.46402,370.66866
33,71,362.54678,370.72484
33,72,362.62134,370.75969
33,73,362.68695,370.772
33,74,362.74307,370.77265
33,75,362.78925,370.77329
33,76,362.82547,370.77394
33,77,362.85245,370.77458
33,78,362.87134,370.77523
33,79,362.88388,370.77587
33,80,362.89246,370.77652
33,81,362.89987,370.77716
33,82,362.90765,370.77781
33,83,362.91583,370.77845
33,84,362.92432,370.7791
33,85,362.93314,370.77974
33,86,362.94226,370.78039
33,87,362.95166,370.78103
33,88,362.96136,370.78168
33,89,362.9713,370.78232
33,90,362.98154,370.78297
33,91,362.99194,370.78361
33,92,363.0026,370.78426
33,93,363.01346,370.7849
33,94,363.0245,370.78555
33,95,363.0357,370.78619
33,96,363.04706,370.78684
33,97,363.05856,370.78748
33,98,363.07016,370.78813
33,99,363.0819,370.78877
33,100,363.0937,370.78942
33,101,363.1056,370.79006
33,102,363.11752,370.79071
33,103,363.12955,370.79135
33,104,363.14157,370.792
33,105,363.1536,370.79265
33,106,363.1656,370.79329
33,107,363.1775,370.79394
33,108,363.1891,370.79458
33,109,363.2004,370.79523
33,110,363.21136,370.79587
33,111,363.2219,370.79652
33,112,363.23218,370.79716
33,113,363.24213,370.79781
33,114,363.25183,370.79845
33,115,363.2613,370.7991
33,116,363.2705,370.79974
33,117,363.27954,370.80039
33,118,363.28842,370.80103
33,119,363.2971,370.80168
33,120,363.30563,370.80232
33,121,363.31406,370.80297
33,122,363.32233,370.80361
33,123,363.33057,370.80426
33,124,363.33868,370.8049
33,125,363.3468,370.80555
33,126,363.3549,370.80619
33,127,363.36298,370.80684
33,128,363.37103,370.80748
33,129,363.37915,370.80813
33,130,363.3873,370.80877
33,131,363.39554,370.80942
33,132,363.40387,370.81006
33,133,363.41232,370.81071
33,134,363.42084,370.81135
33,135,363.42957,370.812
33,136,363.43845,370.8126
33,137,363.44754,370.81313
33,138,363.4568,370.8136
33,139,363.46625,370.814
33,140,363.4759,370.81436
33,141,363.48572,370.81467
33,142,363.4957,370.81496
33,143,363.50583,370.81523
33,144,363.51608,370.81548
33,145,363.52658,370.81573
33,146,363.53723,370.81599
33,147,363.54813,370.81626
33,148,363.55927,370.81655
33,149,363.57068,370.81688
33,150,363.58237,370.81726
33,151,363.59436,370.81768
33,152,363.60672,370.81816
33,153,363.6194,370.81872
33,154,363.63245,370.81935
33,155,363.64587,370.82007
33,156,363.65973,370.82089
33,157,363.67404,370.82181
33,158,363.6888,370.82285
33,159,363.704,370.82401
33,160,363.71973,370.8253
33,161,363.73596,370.82674
33,162,363.75275,370.82833
33,163,363.77005,370.83008
33,164,363.78796,370.832
33,165,363.8065,370.84339
33,166,363.8258,370.87294
33,167,363.84644,370.91975
33,168,363.8694,370.9829
33,169,363.89594,371.06149
33,170,363.92767,371.15462
33,171,363.9665,371.26137
33,172,364.0144,371.38084
33,173,364.0721,371.51211
33,174,364.1391,371.65429
33,175,364.2148,371.80647
33,176,364.29874,371.96773
33,177,364.39035,372.13718
33,178,364.48907,372.31389
33,179,364.59448,372.49698
33,180,364.7059,372.68552
33,181,364.8229,372.87861
33,182,364.94492,373.07535
33,183,365.07144,373.27482
33,184,365.20187,373.47613
33,185,365.33575,373.67835
33,186,365.4725,373.88059
33,187,365.61163,374.08193
33,188,365.75262,374.28148
33,189,365.89493,374.47832
33,190,366.03802,374.67154
33,191,366.1814,374.86024
33,192,366.32452,375.04351
33,193,366.46683,375.22044
33,194,366.60788,375.39013
33,195,366.74713,375.55167
33,196,366.88403,375.70884000000007
33,197,367.01816,375.86604
33,198,367.1491,376.02327
33,199,367.2769,376.18053
33,200,367.40158,376.3378000000001
33,201,367.52362,376.4951
33,202,367.64383,376.65242
33,203,367.7632,376.80975
33,204,367.88232,376.9671
33,205,368.00128,377.12446
33,206,368.12003,377.28184
33,207,368.23862,377.43922
33,208,368.35703,377.59661000000006
33,209,368.47528,377.754
33,210,368.59344,377.9114
33,211,368.71143,378.0688
33,212,368.8293,378.2262
33,213,368.94714,378.38359
33,214,369.06482,378.54098
33,215,369.1825,378.69836
33,216,369.30014,378.85573
33,217,369.41766,379.01309
33,218,369.53525,379.17044
33,219,369.65277,379.32777
33,220,369.77032,379.48509
33,221,369.88788,379.64238
33,222,370.00546,379.79966
33,223,370.1231,379.95691
33,224,370.2408,380.11413
33,225,370.35858,380.27133
33,226,370.47647,380.43109
33,227,370.5944,380.59562
33,228,370.7122,380.76438
33,229,370.82986,380.93682
33,230,370.94754,381.11241
33,231,371.06546,381.29058
33,232,371.1841,381.47081
33,233,371.30408,381.65253000000007
33,234,371.4256,381.83521
33,235,371.5484,382.0183
33,236,371.67227,382.20125
33,237,371.79706,382.38352
33,238,371.92245,382.56456
33,239,372.04828,382.74383
33,240,372.17432,382.92077
33,241,372.30035,383.09485
33,242,372.42612,383.26552
33,243,372.5515,383.43224
33,244,372.67624,383.59444
33,245,372.80005,383.7516
33,246,372.92282,383.90317
33,247,373.04428,384.04859
33,248,373.16428,384.18733
33,249,373.28253,384.31883
33,250,373.39886,384.44256
33,251,373.51303,384.55796
33,252,373.6249,384.66449
33,253,373.7342,384.76161
33,254,373.8407,384.84876
33,255,373.94427,384.92541
33,256,374.04468,384.991
33,257,374.14166,385.0479
33,258,374.23495,385.09885
33,259,374.32422,385.14384
33,260,374.40915,385.18286
33,261,374.48965,385.21593
33,262,374.56577,385.24304
33,263,374.638,385.26419
33,264,374.70697,385.27939
33,265,374.77313,385.28862
33,266,374.83655,385.29189
33,267,374.89722,385.28921
33,268,374.9552,385.28056
33,269,375.01053,385.26596
33,270,375.06323,385.2454
33,271,375.11334,385.21888
33,272,375.1609,385.1864
33,273,375.20587,385.14796
33,274,375.24838,385.10356
33,275,375.28842,385.05321
33,276,375.326,384.99689
33,277,375.36118,384.93462
33,278,375.39392,384.86639
33,279,375.42432,384.79219
33,280,375.45242,384.71204
33,281,375.4782,384.62593
33,282,375.5017,384.53386
33,283,375.52295,384.43584
33,284,375.54205,384.33185
33,285,375.55887,384.2219
34,0,351.2049,359.5727
34,1,351.22345,359.61023
34,2,351.24237,359.64922
34,3,351.26175,359.6898
34,4,351.28165,359.73213
34,5,351.30215,359.77636
34,6,351.32327,359.82265
34,7,351.34515,359.87115
34,8,351.36777,359.922
34,9,351.39124,359.97536
34,10,351.41556,360.03138
34,11,351.4409,360.09021
34,12,351.46722,360.152
34,13,351.49466,360.2221
34,14,351.52338,360.30532
34,15,351.55374,360.40099
34,16,351.5864,360.50846
34,17,351.62195,360.62707
34,18,351.66122,360.75615
34,19,351.70502,360.89506
34,20,351.75418,361.04313
34,21,351.809,361.1997
34,22,351.86905,361.36412
34,23,351.93408,361.53572
34,24,352.00372,361.71384
34,25,352.07764,361.89784
34,26,352.15546,362.08704
34,27,352.23694,362.28079
34,28,352.3216,362.47843
34,29,352.40924,362.67931
34,30,352.49945,362.88276
34,31,352.59192,363.08812
34,32,352.6863,363.29474
34,33,352.78232,363.50196
34,34,352.87955,363.70911
34,35,352.9777,363.91554
34,36,353.07648,364.1206
34,37,353.17548,364.32361
34,38,353.2744,364.52393
34,39,353.37296,364.72089
34,40,353.4708,364.91384
34,41,353.56757,365.10211
34,42,353.66296,365.28505
34,43,353.75665,365.462
34,44,353.8483,365.64163
34,45,353.9378,365.83226
34,46,354.02536,366.03268
34,47,354.11157,366.2417
34,48,354.19724,366.45813
34,49,354.28333,366.68076
34,50,354.37125,366.9084
34,51,354.46234,367.13985
34,52,354.55704,367.37391
34,53,354.6549,367.60938
34,54,354.7554,367.84508
34,55,354.85797,368.07979
34,56,354.96213,368.31233
34,57,355.06732,368.54149
34,58,355.1731,368.76608
34,59,355.2789,368.9849
34,60,355.38422,369.19676
34,61,355.48853,369.40045
34,62,355.5914,369.59477
34,63,355.69226,369.77854
34,64,355.7906,369.95055
34,65,355.88596,370.10961
34,66,355.9778,370.25451
34,67,356.06564,370.38407
34,68,356.14905,370.49708
34,69,356.22742,370.59234
34,70,356.3003,370.66866
34,71,356.36725,370.72484
34,72,356.42767,370.75969
34,73,356.4811,370.772
34,74,356.52713,370.77265
34,75,356.56534,370.77329
34,76,356.59595,370.77394
34,77,356.61942,370.77458
34,78,356.63675,370.77523
34,79,356.6493,370.77587
34,80,356.6589,370.77652
34,81,356.6678,370.77716
34,82,356.67712,370.77781
34,83,356.6869,370.77845
34,84,356.69708,370.7791
34,85,356.70767,370.77974
34,86,356.7186,370.78039
34,87,356.72992,370.78103
34,88,356.7416,370.78168
34,89,356.75357,370.78232
34,90,356.76584,370.78297
34,91,356.7784,370.78361
34,92,356.79123,370.78426
34,93,356.80432,370.7849
34,94,356.8176,370.78555
34,95,356.83112,370.78619
34,96,356.84482,370.78684
34,97,356.85867,370.78748
34,98,356.87268,370.78813
34,99,356.8868,370.78877
34,100,356.9011,370.78942
34,101,356.91544,370.79006
34,102,356.92987,370.79071
34,103,356.94434,370.79135
34,104,356.95886,370.792
34,105,356.9734,370.79265
34,106,356.98788,370.79329
34,107,357.00235,370.79394
34,108,357.0167,370.79458
34,109,357.03085,370.79523
34,110,357.0448,370.79587
34,111,357.05856,370.79652
34,112,357.07208,370.79716
34,113,357.08542,370.79781
34,114,357.09854,370.79845
34,115,357.11148,370.7991
34,116,357.1242,370.79974
34,117,357.13678,370.80039
34,118,357.14914,370.80103
34,119,357.16135,370.80168
34,120,357.17343,370.80232
34,121,357.1853,370.80297
34,122,357.19705,370.80361
34,123,357.20868,370.80426
34,124,357.22015,370.8049
34,125,357.2315,370.80555
34,126,357.24277,370.80619
34,127,357.25388,370.80684
34,128,357.2649,370.80748
34,129,357.27585,370.80813
34,130,357.28665,370.80877
34,131,357.29742,370.80942
34,132,357.3081,370.81006
34,133,357.3187,370.81071
34,134,357.32925,370.81135
34,135,357.33975,370.812
34,136,357.3502,370.8126
34,137,357.3606,370.81313
34,138,357.37094,370.8136
34,139,357.3813,370.814
34,140,357.3916,370.81436
34,141,357.40192,370.81467
34,142,357.4122,370.81496
34,143,357.42252,370.81523
34,144,357.43286,370.81548
34,145,357.44333,370.81573
34,146,357.45395,370.81599
34,147,357.46472,370.81626
34,148,357.4757,370.81655
34,149,357.487,370.81688
34,150,357.49854,370.81726
34,151,357.51044,370.81768
34,152,357.52274,370.81816
34,153,357.53543,370.81872
34,154,357.5486,370.81935
34,155,357.56232,370.82007
34,156,357.5765,370.82089
34,157,357.59137,370.82181
34,158,357.6068,370.82285
34,159,357.62292,370.82401
34,160,357.63974,370.8253
34,161,357.65735,370.82674
34,162,357.67572,370.82833
34,163,357.69492,370.83008
34,164,357.715,370.832
34,165,357.736,370.84339
34,166,357.75812,370.87294
34,167,357.7818,370.91975
34,168,357.80792,370.9829
34,169,357.83743,371.06149
34,170,357.87155,371.15462
34,171,357.91165,371.26137
34,172,357.95932,371.38084
34,173,358.0151,371.51211
34,174,358.0785,371.65429
34,175,358.1491,371.80647
34,176,358.2265,371.96773
34,177,358.31018,372.13718
34,178,358.39972,372.31389
34,179,358.49466,372.49698
34,180,358.5946,372.68552
34,181,358.69904,372.87861
34,182,358.80756,373.07535
34,183,358.9197,373.27482
34,184,359.03503,373.47613
34,185,359.1531,373.67835
34,186,359.2735,373.88059
34,187,359.39578,374.08193
34,188,359.51944,374.28148
34,189,359.64407,374.47832
34,190,359.76932,374.67154
34,191,359.89465,374.86024
34,192,360.01968,375.04351
34,193,360.14398,375.22044
34,194,360.2671,375.39013
34,195,360.38867,375.55167
34,196,360.50815,375.70884000000007
34,197,360.62524,375.86604
34,198,360.7398,376.02327
34,199,360.8517,376.18053
34,200,360.96112,376.3378000000001
34,201,361.06842,376.4951
34,202,361.17413,376.65242
34,203,361.27908,376.80975
34,204,361.38376,376.9671
34,205,361.4881,377.12446
34,206,361.59222,377.28184
34,207,361.6961,377.43922
34,208,361.79977,377.59661000000006
34,209,361.9032,377.754
34,210,362.0065,377.9114
34,211,362.10956,378.0688
34,212,362.21252,378.2262
34,213,362.31534,378.38359
34,214,362.41803,378.54098
34,215,362.52066,378.69836
34,216,362.6232,378.85573
34,217,362.72568,379.01309
34,218,362.82812,379.17044
34,219,362.9305,379.32777
34,220,363.03293,379.48509
34,221,363.13538,379.64238
34,222,363.23785,379.79966
34,223,363.34036,379.95691
34,224,363.44293,380.11413
34,225,363.54562,380.27133
34,226,363.64844,380.43109
34,227,363.7513,380.59562
34,228,363.85437,380.76438
34,229,363.95767,380.93682
34,230,364.0613,381.11241
34,231,364.16553,381.29058
34,232,364.2706,381.47081
34,233,364.37686,381.65253000000007
34,234,364.4844,381.83521
34,235,364.593,382.0183
34,236,364.7024,382.20125
34,237,364.8124,382.38352
34,238,364.92285,382.56456
34,239,365.03345,382.74383
34,240,365.144,382.92077
34,241,365.25443,383.09485
34,242,365.36435,383.26552
34,243,365.47366,383.43224
34,244,365.58206,383.59444
34,245,365.68948,383.7516
34,246,365.79562,383.90317
34,247,365.90033,384.04859
34,248,366.0034,384.18733
34,249,366.10455,384.31883
34,250,366.2037,384.44256
34,251,366.3006,384.55796
34,252,366.39505,384.66449
34,253,366.48688,384.76161
34,254,366.57584,384.84876
34,255,366.66174,384.92541
34,256,366.74445,384.991
34,257,366.8237,385.0479
34,258,366.89932,385.09885
34,259,366.97113,385.14384
34,260,367.03903,385.18286
34,261,367.103,385.21593
34,262,367.16315,385.24304
34,263,367.21985,385.26419
34,264,367.27353,385.27939
34,265,367.3245,385.28862
34,266,367.37277,385.29189
34,267,367.41843,385.28921
34,268,367.46155,385.28056
34,269,367.50208,385.26596
34,270,367.5401,385.2454
34,271,367.57568,385.21888
34,272,367.60883,385.1864
34,273,367.63962,385.14796
34,274,367.668,385.10356
34,275,367.69412,385.05321
34,276,367.71796,384.99689
34,277,367.73953,384.93462
34,278,367.7589,384.86639
34,279,367.77615,384.79219
34,280,367.79123,384.71204
34,281,367.80423,384.62593
34,282,367.81516,384.53386
34,283,367.82407,384.43584
34,284,367.83093,384.33185
34,285,367.83588,384.2219
35,0,353.6878,359.5727
35,1,353.70538,359.61023
35,2,353.72342,359.64922
35,3,353.74197,359.6898
35,4,353.76117,359.73213
35,5,353.78104,359.77636
35,6,353.8017,359.82265
35,7,353.82324,359.87115
35,8,353.84576,359.922
35,9,353.8693,359.97536
35,10,353.89398,360.03138
35,11,353.9199,360.09021
35,12,353.94714,360.152
35,13,353.97577,360.2221
35,14,354.00604,360.30532
35,15,354.03848,360.40099
35,16,354.07376,360.50846
35,17,354.1127,360.62707
35,18,354.1562,360.75615
35,19,354.20505,360.89506
35,20,354.26016,361.04313
35,21,354.32166,361.1997
35,22,354.3892,361.36412
35,23,354.46234,361.53572
35,24,354.5408,361.71384
35,25,354.62415,361.89784
35,26,354.712,362.08704
35,27,354.80402,362.28079
35,28,354.89975,362.47843
35,29,354.99893,362.67931
35,30,355.1011,362.88276
35,31,355.2059,363.08812
35,32,355.313,363.29474
35,33,355.42197,363.50196
35,34,355.53247,363.70911
35,35,355.64413,363.91554
35,36,355.75656,364.1206
35,37,355.86942,364.32361
35,38,355.98233,364.52393
35,39,356.09488,364.72089
35,40,356.20676,364.91384
35,41,356.3176,365.10211
35,42,356.427,365.28505
35,43,356.53458,365.462
35,44,356.64,365.64163
35,45,356.74323,365.83226
35,46,356.8446,366.03268
35,47,356.94485,366.2417
35,48,357.04507,366.45813
35,49,357.14642,366.68076
35,50,357.25027,366.9084
35,51,357.358,367.13985
35,52,357.46985,367.37391
35,53,357.58524,367.60938
35,54,357.70358,367.84508
35,55,357.82422,368.07979
35,56,357.9466,368.31233
35,57,358.07,368.54149
35,58,358.1939,368.76608
35,59,358.31766,368.9849
35,60,358.44067,369.19676
35,61,358.5623,369.40045
35,62,358.68198,369.59477
35,63,358.79907,369.77854
35,64,358.913,369.95055
35,65,359.02313,370.10961
35,66,359.1289,370.25451
35,67,359.22968,370.38407
35,68,359.32486,370.49708
35,69,359.41388,370.59234
35,70,359.4961,370.66866
35,71,359.5709,370.72484
35,72,359.6378,370.75969
35,73,359.696,370.772
35,74,359.74515,370.77265
35,75,359.7848,370.77329
35,76,359.81537,370.77394
35,77,359.8378,370.77458
35,78,359.85345,370.77523
35,79,359.8641,370.77587
35,80,359.87167,370.77652
35,81,359.87848,370.77716
35,82,359.88568,370.77781
35,83,359.89328,370.77845
35,84,359.90118,370.7791
35,85,359.90945,370.77974
35,86,359.91803,370.78039
35,87,359.92688,370.78103
35,88,359.93607,370.78168
35,89,359.9455,370.78232
35,90,359.9552,370.78297
35,91,359.96515,370.78361
35,92,359.97528,370.78426
35,93,359.98563,370.7849
35,94,359.9962,370.78555
35,95,360.0069,370.78619
35,96,360.01776,370.78684
35,97,360.0288,370.78748
35,98,360.03995,370.78813
35,99,360.05118,370.78877
35,100,360.06253,370.78942
35,101,360.07394,370.79006
35,102,360.08542,370.79071
35,103,360.09695,370.79135
35,104,360.1085,370.792
35,105,360.12003,370.79265
35,106,360.1316,370.79329
35,107,360.1431,370.79394
35,108,360.15457,370.79458
35,109,360.16595,370.79523
35,110,360.17728,370.79587
35,111,360.18848,370.79652
35,112,360.19952,370.79716
35,113,360.21048,370.79781
35,114,360.22128,370.79845
35,115,360.23203,370.7991
35,116,360.24265,370.79974
35,117,360.25308,370.80039
35,118,360.2635,370.80103
35,119,360.2737,370.80168
35,120,360.28387,370.80232
35,121,360.29388,370.80297
35,122,360.30377,370.80361
35,123,360.31357,370.80426
35,124,360.32324,370.8049
35,125,360.3328,370.80555
35,126,360.3423,370.80619
35,127,360.3516,370.80684
35,128,360.36084,370.80748
35,129,360.36996,370.80813
35,130,360.37897,370.80877
35,131,360.38788,370.80942
35,132,360.39667,370.81006
35,133,360.40536,370.81071
35,134,360.41394,370.81135
35,135,360.4224,370.812
35,136,360.43076,370.8126
35,137,360.43903,370.81313
35,138,360.44717,370.8136
35,139,360.45523,370.814
35,140,360.46317,370.81436
35,141,360.47104,370.81467
35,142,360.47876,370.81496
35,143,360.48648,370.81523
35,144,360.49417,370.81548
35,145,360.50183,370.81573
35,146,360.50958,370.81599
35,147,360.5174,370.81626
35,148,360.52536,370.81655
35,149,360.53345,370.81688
35,150,360.54172,370.81726
35,151,360.55026,370.81768
35,152,360.55905,370.81816
35,153,360.56818,370.81872
35,154,360.57764,370.81935
35,155,360.5875,370.82007
35,156,360.59775,370.82089
35,157,360.6085,370.82181
35,158,360.61972,370.82285
35,159,360.63147,370.82401
35,160,360.6438,370.8253
35,161,360.65677,370.82674
35,162,360.67035,370.82833
35,163,360.6846,370.83008
35,164,360.69962,370.832
35,165,360.71536,370.84339
35,166,360.73218,370.87294
35,167,360.7508,370.91975
35,168,360.77234,370.9829
35,169,360.798,371.06149
35,170,360.82935,371.15462
35,171,360.86783,371.26137
35,172,360.9149,371.38084
35,173,360.97104,371.51211
35,174,361.03574,371.65429
35,175,361.10843,371.80647
35,176,361.1887,371.96773
35,177,361.2759,372.13718
35,178,361.36966,372.31389
35,179,361.46933,372.49698
35,180,361.5745,372.68552
35,181,361.6846,372.87861
35,182,361.7991,373.07535
35,183,361.91754,373.27482
35,184,362.0394,373.47613
35,185,362.16415,373.67835
35,186,362.2913,373.88059
35,187,362.42035,374.08193
35,188,362.55075,374.28148
35,189,362.68207,374.47832
35,190,362.81372,374.67154
35,191,362.94528,374.86024
35,192,363.0762,375.04351
35,193,363.206,375.22044
35,194,363.33417,375.39013
35,195,363.46024,375.55167
35,196,363.58368,375.70884000000007
35,197,363.70416,375.86604
35,198,363.82156,376.02327
35,199,363.93597,376.18053
35,200,364.04773,376.3378000000001
35,201,364.15732,376.4951
35,202,364.26535,376.65242
35,203,364.37274,376.80975
35,204,364.4799,376.9671
35,205,364.5868,377.12446
35,206,364.69348,377.28184
35,207,364.79996,377.43922
35,208,364.90625,377.59661000000006
35,209,365.0124,377.754
35,210,365.11835,377.9114
35,211,365.22418,378.0688
35,212,365.32986,378.2262
35,213,365.43546,378.38359
35,214,365.54095,378.54098
35,215,365.6464,378.69836
35,216,365.75174,378.85573
35,217,365.85703,379.01309
35,218,365.96228,379.17044
35,219,366.06754,379.32777
35,220,366.17276,379.48509
35,221,366.278,379.64238
35,222,366.38327,379.79966
35,223,366.48862,379.95691
35,224,366.59396,380.11413
35,225,366.6994,380.27133
35,226,366.8049,380.43109
35,227,366.9106,380.59562
35,228,367.0166,380.76438
35,229,367.1232,380.93682
35,230,367.23065,381.11241
35,231,367.33923,381.29058
35,232,367.44928,381.47081
35,233,367.56104,381.65253000000007
35,234,367.67447,381.83521
35,235,367.78934,382.0183
35,236,367.90527,382.20125
35,237,368.02203,382.38352
35,238,368.1393,382.56456
35,239,368.25677,382.74383
35,240,368.3742,382.92077
35,241,368.49124,383.09485
35,242,368.60764,383.26552
35,243,368.7231,383.43224
35,244,368.8373,383.59444
35,245,368.94998,383.7516
35,246,369.06088,383.90317
35,247,369.16965,384.04859
35,248,369.2761,384.18733
35,249,369.37988,384.31883
35,250,369.48068,384.44256
35,251,369.57825,384.55796
35,252,369.67233,384.66449
35,253,369.7626,384.76161
35,254,369.8488,384.84876
35,255,369.93063,384.92541
35,256,370.00784,384.991
35,257,370.0801,385.0479
35,258,370.14725,385.09885
35,259,370.20917,385.14384
35,260,370.26584,385.18286
35,261,370.3175,385.21593
35,262,370.36444,385.24304
35,263,370.407,385.26419
35,264,370.44565,385.27939
35,265,370.48074,385.28862
35,266,370.5123,385.29189
35,267,370.5403,385.28921
35,268,370.56488,385.28056
35,269,370.586,385.26596
35,270,370.60373,385.2454
35,271,370.61807,385.21888
35,272,370.6291,385.1864
35,273,370.63678,385.14796
35,274,370.6412,385.10356
35,275,370.64236,385.05321
35,276,370.64035,384.99689
35,277,370.63513,384.93462
35,278,370.62677,384.86639
35,279,370.61523,384.79219
35,280,370.60065,384.71204
35,281,370.583,384.62593
35,282,370.56232,384.53386
35,283,370.5386,384.43584
35,284,370.51193,384.33185
35,285,370.4823,384.2219
36,0,353.60394,359.5727
36,1,353.63507,359.61023
36,2,353.66626,359.64922
36,3,353.69748,359.6898
36,4,353.7288,359.73213
36,5,353.76028,359.77636
36,6,353.79202,359.82265
36,7,353.82404,359.87115
36,8,353.85645,359.922
36,9,353.88925,359.97536
36,10,353.92255,360.03138
36,11,353.9564,360.09021
36,12,353.9908,360.152
36,13,354.02594,360.2221
36,14,354.0619,360.30532
36,15,354.09915,360.40099
36,16,354.13818,360.50846
36,17,354.17953,360.62707
36,18,354.22388,360.75615
36,19,354.27188,360.89506
36,20,354.32407,361.04313
36,21,354.38068,361.1997
36,22,354.44147,361.36412
36,23,354.50607,361.53572
36,24,354.57437,361.71384
36,25,354.64603,361.89784
36,26,354.7208,362.08704
36,27,354.79846,362.28079
36,28,354.87875,362.47843
36,29,354.9614,362.67931
36,30,355.04617,362.88276
36,31,355.13278,363.08812
36,32,355.22098,363.29474
36,33,355.31052,363.50196
36,34,355.4012,363.70911
36,35,355.4927,363.91554
36,36,355.58487,364.1206
36,37,355.67734,364.32361
36,38,355.76993,364.52393
36,39,355.86237,364.72089
36,40,355.95444,364.91384
36,41,356.04587,365.10211
36,42,356.13638,365.28505
36,43,356.22583,365.462
36,44,356.31387,365.64163
36,45,356.40057,365.83226
36,46,356.48633,366.03268
36,47,356.5717,366.2417
36,48,356.6575,366.45813
36,49,356.74466,366.68076
36,50,356.83408,366.9084
36,51,356.92685,367.13985
36,52,357.02313,367.37391
36,53,357.12238,367.60938
36,54,357.22415,367.84508
36,55,357.3279,368.07979
36,56,357.43323,368.31233
36,57,357.53943,368.54149
36,58,357.64615,368.76608
36,59,357.75287,368.9849
36,60,357.85898,369.19676
36,61,357.96414,369.40045
36,62,358.06775,369.59477
36,63,358.1693,369.77854
36,64,358.26837,369.95055
36,65,358.3644,370.10961
36,66,358.45694,370.25451
36,67,358.5455,370.38407
36,68,358.62958,370.49708
36,69,358.70868,370.59234
36,70,358.78232,370.66866
36,71,358.84998,370.72484
36,72,358.91125,370.75969
36,73,358.96558,370.772
36,74,359.0125,370.77265
36,75,359.05188,370.77329
36,76,359.084,370.77394
36,77,359.10974,370.77458
36,78,359.13016,370.77523
36,79,359.14664,370.77587
36,80,359.16077,370.77652
36,81,359.1743,370.77716
36,82,359.18817,370.77781
36,83,359.20236,370.77845
36,84,359.2169,370.7791
36,85,359.23178,370.77974
36,86,359.24692,370.78039
36,87,359.26236,370.78103
36,88,359.2781,370.78168
36,89,359.2941,370.78232
36,90,359.31033,370.78297
36,91,359.3268,370.78361
36,92,359.34357,370.78426
36,93,359.36047,370.7849
36,94,359.37762,370.78555
36,95,359.39493,370.78619
36,96,359.41245,370.78684
36,97,359.4301,370.78748
36,98,359.44794,370.78813
36,99,359.46588,370.78877
36,100,359.48398,370.78942
36,101,359.5022,370.79006
36,102,359.5205,370.79071
36,103,359.5389,370.79135
36,104,359.5574,370.792
36,105,359.576,370.79265
36,106,359.5946,370.79329
36,107,359.61325,370.79394
36,108,359.632,370.79458
36,109,359.6508,370.79523
36,110,359.6697,370.79587
36,111,359.6887,370.79652
36,112,359.70773,370.79716
36,113,359.72693,370.79781
36,114,359.74612,370.79845
36,115,359.76538,370.7991
36,116,359.78464,370.79974
36,117,359.80383,370.80039
36,118,359.82303,370.80103
36,119,359.84213,370.80168
36,120,359.86115,370.80232
36,121,359.88,370.80297
36,122,359.89868,370.80361
36,123,359.9172,370.80426
36,124,359.93552,370.8049
36,125,359.9536,370.80555
36,126,359.97144,370.80619
36,127,359.98898,370.80684
36,128,360.00616,370.80748
36,129,360.02304,370.80813
36,130,360.03955,370.80877
36,131,360.0557,370.80942
36,132,360.07138,370.81006
36,133,360.08664,370.81071
36,134,360.10144,370.81135
36,135,360.11572,370.812
36,136,360.12952,370.8126
36,137,360.14273,370.81313
36,138,360.15536,370.8136
36,139,360.16748,370.814
36,140,360.17902,370.81436
36,141,360.19,370.81467
36,142,360.2005,370.81496
36,143,360.21063,370.81523
36,144,360.22043,370.81548
36,145,360.23004,370.81573
36,146,360.23953,370.81599
36,147,360.24902,370.81626
36,148,360.25864,370.81655
36,149,360.26843,370.81688
36,150,360.27856,370.81726
36,151,360.2891,370.81768
36,152,360.30017,370.81816
36,153,360.31183,370.81872
36,154,360.3242,370.81935
36,155,360.33743,370.82007
36,156,360.35156,370.82089
36,157,360.36673,370.82181
36,158,360.38303,370.82285
36,159,360.4006,370.82401
36,160,360.41946,370.8253
36,161,360.4398,370.82674
36,162,360.46167,370.82833
36,163,360.48517,370.83008
36,164,360.5104,370.832
36,165,360.5375,370.84339
36,166,360.56683,370.87294
36,167,360.59906,370.91975
36,168,360.63516,370.9829
36,169,360.6762,371.06149
36,170,360.7233,371.15462
36,171,360.77762,371.26137
36,172,360.8403,371.38084
36,173,360.91156,371.51211
36,174,360.99103,371.65429
36,175,361.07812,371.80647
36,176,361.1724,371.96773
36,177,361.27335,372.13718
36,178,361.38055,372.31389
36,179,361.4935,372.49698
36,180,361.61166,372.68552
36,181,361.7346,372.87861
36,182,361.86182,373.07535
36,183,361.99283,373.27482
36,184,362.12714,373.47613
36,185,362.26437,373.67835
36,186,362.4039,373.88059
36,187,362.54532,374.08193
36,188,362.68814,374.28148
36,189,362.8319,374.47832
36,190,362.97617,374.67154
36,191,363.1204,374.86024
36,192,363.26416,375.04351
36,193,363.40695,375.22044
36,194,363.54834,375.39013
36,195,363.68784,375.55167
36,196,363.82498,375.70884000000007
36,197,363.95947,375.86604
36,198,364.0912,376.02327
36,199,364.2202,376.18053
36,200,364.34674,376.3378000000001
36,201,364.47125,376.4951
36,202,364.59427,376.65242
36,203,364.71643,376.80975
36,204,364.83813,376.9671
36,205,364.95947,377.12446
36,206,365.08032,377.28184
36,207,365.20078,377.43922
36,208,365.3209,377.59661000000006
36,209,365.4406,377.754
36,210,365.56003,377.9114
36,211,365.6791,378.0688
36,212,365.79788,378.2262
36,213,365.91638,378.38359
36,214,366.03464,378.54098
36,215,366.1526,378.69836
36,216,366.2704,378.85573
36,217,366.38797,379.01309
36,218,366.50534,379.17044
36,219,366.6226,379.32777
36,220,366.7397,379.48509
36,221,366.85663,379.64238
36,222,366.97345,379.79966
36,223,367.0902,379.95691
36,224,367.2069,380.11413
36,225,367.32355,380.27133
36,226,367.4402,380.43109
36,227,367.55685,380.59562
36,228,367.6738,380.76438
36,229,367.79126,380.93682
36,230,367.9096,381.11241
36,231,368.0291,381.29058
36,232,368.1501,381.47081
36,233,368.27277,381.65253000000007
36,234,368.3972,381.83521
36,235,368.52304,382.0183
36,236,368.65005,382.20125
36,237,368.7779,382.38352
36,238,368.9063,382.56456
36,239,369.035,382.74383
36,240,369.16373,382.92077
36,241,369.29214,383.09485
36,242,369.42,383.26552
36,243,369.54706,383.43224
36,244,369.673,383.59444
36,245,369.79758,383.7516
36,246,369.92047,383.90317
36,247,370.04144,384.04859
36,248,370.16022,384.18733
36,249,370.27652,384.31883
36,250,370.3901,384.44256
36,251,370.50073,384.55796
36,252,370.608,384.66449
36,253,370.71176,384.76161
36,254,370.81174,384.84876
36,255,370.90762,384.92541
36,256,370.99915,384.991
36,257,371.08603,385.0479
36,258,371.16815,385.09885
36,259,371.2454,385.14384
36,260,371.31784,385.18286
36,261,371.38565,385.21593
36,262,371.44922,385.24304
36,263,371.50885,385.26419
36,264,371.5651,385.27939
36,265,371.61816,385.28862
36,266,371.6681,385.29189
36,267,371.7149,385.28921
36,268,371.7586,385.28056
36,269,371.79922,385.26596
36,270,371.83673,385.2454
36,271,371.8712,385.21888
36,272,371.90262,385.1864
36,273,371.93097,385.14796
36,274,371.95633,385.10356
36,275,371.9786,385.05321
36,276,371.99792,384.99689
36,277,372.01422,384.93462
36,278,372.02753,384.86639
36,279,372.03784,384.79219
36,280,372.04517,384.71204
36,281,372.04953,384.62593
36,282,372.05093,384.53386
36,283,372.04938,384.43584
36,284,372.04483,384.33185
36,285,372.03738,384.2219
37,0,356.77972,359.5727
37,1,356.81705,359.61023
37,2,356.854,359.64922
37,3,356.8907,359.6898
37,4,356.9272,359.73213
37,5,356.96356,359.77636
37,6,356.99988,359.82265
37,7,357.03622,359.87115
37,8,357.07263,359.922
37,9,357.10922,359.97536
37,10,357.1461,360.03138
37,11,357.18323,360.09021
37,12,357.2208,360.152
37,13,357.2588,360.2221
37,14,357.29745,360.30532
37,15,357.33704,360.40099
37,16,357.37808,360.50846
37,17,357.4211,360.62707
37,18,357.4667,360.75615
37,19,357.5155,360.89506
37,20,357.56805,361.04313
37,21,357.62457,361.1997
37,22,357.68488,361.36412
37,23,357.7487,361.53572
37,24,357.81583,361.71384
37,25,357.88608,361.89784
37,26,357.95923,362.08704
37,27,358.03503,362.28079
37,28,358.1133,362.47843
37,29,358.19388,362.67931
37,30,358.27643,362.88276
37,31,358.3608,363.08812
37,32,358.44684,363.29474
37,33,358.53424,363.50196
37,34,358.62283,363.70911
37,35,358.71237,363.91554
37,36,358.80273,364.1206
37,37,358.8936,364.32361
37,38,358.98483,364.52393
37,39,359.07617,364.72089
37,40,359.16742,364.91384
37,41,359.25836,365.10211
37,42,359.34882,365.28505
37,43,359.43857,365.462
37,44,359.52737,365.64163
37,45,359.61523,365.83226
37,46,359.70236,366.03268
37,47,359.78928,366.2417
37,48,359.87674,366.45813
37,49,359.9656,366.68076
37,50,360.05698,366.9084
37,51,360.1519,367.13985
37,52,360.25055,367.37391
37,53,360.35254,367.60938
37,54,360.4573,367.84508
37,55,360.56433,368.07979
37,56,360.67307,368.31233
37,57,360.7831,368.54149
37,58,360.89383,368.76608
37,59,361.00482,368.9849
37,60,361.1155,369.19676
37,61,361.22543,369.40045
37,62,361.3341,369.59477
37,63,361.44095,369.77854
37,64,361.54553,369.95055
37,65,361.64728,370.10961
37,66,361.7458,370.25451
37,67,361.8405,370.38407
37,68,361.93094,370.49708
37,69,362.0166,370.59234
37,70,362.097,370.66866
37,71,362.1716,370.72484
37,72,362.23993,370.75969
37,73,362.30154,370.772
37,74,362.35587,370.77265
37,75,362.4026,370.77329
37,76,362.44193,370.77394
37,77,362.47437,370.77458
37,78,362.50082,370.77523
37,79,362.52283,370.77587
37,80,362.54205,370.77652
37,81,362.56067,370.77716
37,82,362.57977,370.77781
37,83,362.59927,370.77845
37,84,362.61926,370.7791
37,85,362.63965,370.77974
37,86,362.66043,370.78039
37,87,362.68164,370.78103
37,88,362.70322,370.78168
37,89,362.72513,370.78232
37,90,362.7474,370.78297
37,91,362.77,370.78361
37,92,362.79288,370.78426
37,93,362.81607,370.7849
37,94,362.83957,370.78555
37,95,362.86328,370.78619
37,96,362.8873,370.78684
37,97,362.9115,370.78748
37,98,362.93594,370.78813
37,99,362.96057,370.78877
37,100,362.9854,370.78942
37,101,363.01035,370.79006
37,102,363.0355,370.79071
37,103,363.0608,370.79135
37,104,363.08618,370.792
37,105,363.11166,370.79265
37,106,363.13724,370.79329
37,107,363.16287,370.79394
37,108,363.1886,370.79458
37,109,363.2144,370.79523
37,110,363.24033,370.79587
37,111,363.26645,370.79652
37,112,363.29282,370.79716
37,113,363.31946,370.79781
37,114,363.3464,370.79845
37,115,363.37344,370.7991
37,116,363.4007,370.79974
37,117,363.42795,370.80039
37,118,363.45532,370.80103
37,119,363.48267,370.80168
37,120,363.50992,370.80232
37,121,363.5371,370.80297
37,122,363.56412,370.80361
37,123,363.59094,370.80426
37,124,363.61752,370.8049
37,125,363.64377,370.80555
37,126,363.66965,370.80619
37,127,363.6952,370.80684
37,128,363.72028,370.80748
37,129,363.7448,370.80813
37,130,363.76886,370.80877
37,131,363.7923,370.80942
37,132,363.81512,370.81006
37,133,363.83725,370.81071
37,134,363.85864,370.81135
37,135,363.87924,370.812
37,136,363.89905,370.8126
37,137,363.91797,370.81313
37,138,363.93597,370.8136
37,139,363.95303,370.814
37,140,363.96915,370.81436
37,141,363.9843,370.81467
37,142,363.99863,370.81496
37,143,364.01212,370.81523
37,144,364.02505,370.81548
37,145,364.03748,370.81573
37,146,364.04956,370.81599
37,147,364.0615,370.81626
37,148,364.0734,370.81655
37,149,364.08548,370.81688
37,150,364.09784,370.81726
37,151,364.1107,370.81768
37,152,364.1241,370.81816
37,153,364.13828,370.81872
37,154,364.15338,370.81935
37,155,364.16956,370.82007
37,156,364.18698,370.82089
37,157,364.20578,370.82181
37,158,364.2261,370.82285
37,159,364.24814,370.82401
37,160,364.272,370.8253
37,161,364.2979,370.82674
37,162,364.32593,370.82833
37,163,364.3563,370.83008
37,164,364.3891,370.832
37,165,364.42453,370.84339
37,166,364.4629,370.87294
37,167,364.50473,370.91975
37,168,364.551,370.9829
37,169,364.60263,371.06149
37,170,364.66095,371.15462
37,171,364.72726,371.26137
37,172,364.8029,371.38084
37,173,364.8882,371.51211
37,174,364.98273,371.65429
37,175,365.08588,371.80647
37,176,365.19714,371.96773
37,177,365.31598,372.13718
37,178,365.44183,372.31389
37,179,365.57422,372.49698
37,180,365.71252,372.68552
37,181,365.8563,372.87861
37,182,366.00494,373.07535
37,183,366.158,373.27482
37,184,366.31485,373.47613
37,185,366.47507,373.67835
37,186,366.638,373.88059
37,187,366.8032,374.08193
37,188,366.97018,374.28148
37,189,367.13837,374.47832
37,190,367.3072,374.67154
37,191,367.4762,374.86024
37,192,367.64487,375.04351
37,193,367.81268,375.22044
37,194,367.9791,375.39013
37,195,368.14365,375.55167
37,196,368.30576,375.70884000000007
37,197,368.46503,375.86604
37,198,368.6212,376.02327
37,199,368.77417,376.18053
37,200,368.92413,376.3378000000001
37,201,369.07147,376.4951
37,202,369.21683,376.65242
37,203,369.36102,376.80975
37,204,369.50455,376.9671
37,205,369.64746,377.12446
37,206,369.78976,377.28184
37,207,369.9315,377.43922
37,208,370.0727,377.59661000000006
37,209,370.21335,377.754
37,210,370.35352,377.9114
37,211,370.4932,378.0688
37,212,370.63248,378.2262
37,213,370.77133,378.38359
37,214,370.9098,378.54098
37,215,371.04788,378.69836
37,216,371.1857,378.85573
37,217,371.32315,379.01309
37,218,371.46036,379.17044
37,219,371.59732,379.32777
37,220,371.73404,379.48509
37,221,371.87057,379.64238
37,222,372.00696,379.79966
37,223,372.14313,379.95691
37,224,372.27927,380.11413
37,225,372.41528,380.27133
37,226,372.5512,380.43109
37,227,372.68716,380.59562
37,228,372.82318,380.76438
37,229,372.9596,380.93682
37,230,373.09668,381.11241
37,231,373.23492,381.29058
37,232,373.37482,381.47081
37,233,373.51697,381.65253000000007
37,234,373.66153,381.83521
37,235,373.808,382.0183
37,236,373.9562,382.20125
37,237,374.10565,382.38352
37,238,374.25604,382.56456
37,239,374.40698,382.74383
37,240,374.5582,382.92077
37,241,374.70923,383.09485
37,242,374.85983,383.26552
37,243,375.00958,383.43224
37,244,375.15823,383.59444
37,245,375.30533,383.7516
37,246,375.45062,383.90317
37,247,375.59372,384.04859
37,248,375.73434,384.18733
37,249,375.87213,384.31883
37,250,376.00674,384.44256
37,251,376.1379,384.55796
37,252,376.26523,384.66449
37,253,376.38843,384.76161
37,254,376.50714,384.84876
37,255,376.62103,384.92541
37,256,376.7298,384.991
37,257,376.83313,385.0479
37,258,376.93063,385.09885
37,259,377.0222,385.14384
37,260,377.10767,385.18286
37,261,377.18716,385.21593
37,262,377.26102,385.24304
37,263,377.32977,385.26419
37,264,377.39423,385.27939
37,265,377.45486,385.28862
37,266,377.51166,385.29189
37,267,377.5646,385.28921
37,268,377.6138,385.28056
37,269,377.65918,385.26596
37,270,377.70084,385.2454
37,271,377.73874,385.21888
37,272,377.77292,385.1864
37,273,377.80338,385.14796
37,274,377.83008,385.10356
37,275,377.85312,385.05321
37,276,377.87247,384.99689
37,277,377.88812,384.93462
37,278,377.90012,384.86639
37,279,377.9084,384.79219
37,280,377.91306,384.71204
37,281,377.914,384.62593
37,282,377.9113,384.53386
37,283,377.90494,384.43584
37,284,377.8949,384.33185
37,285,377.8812,384.2219
38,0,355.55878,359.5727
38,1,355.58994,359.61023
38,2,355.62112,359.64922
38,3,355.6524,359.6898
38,4,355.6839,359.73213
38,5,355.71567,359.77636
38,6,355.74777,359.82265
38,7,355.78027,359.87115
38,8,355.8133,359.922
38,9,355.84683,359.97536
38,10,355.88104,360.03138
38,11,355.916,360.09021
38,12,355.95166,360.152
38,13,355.98822,360.2221
38,14,356.02585,360.30532
38,15,356.06506,360.40099
38,16,356.1064,360.50846
38,17,356.15067,360.62707
38,18,356.19855,360.75615
38,19,356.25073,360.89506
38,20,356.3081,361.04313
38,21,356.3707,361.1997
38,22,356.4383,361.36412
38,23,356.5105,361.53572
38,24,356.5871,361.71384
38,25,356.6677,361.89784
38,26,356.7521,362.08704
38,27,356.84,362.28079
38,28,356.931,362.47843
38,29,357.02484,362.67931
38,30,357.12122,362.88276
38,31,357.21988,363.08812
38,32,357.32043,363.29474
38,33,357.4227,363.50196
38,34,357.52625,363.70911
38,35,357.63086,363.91554
38,36,357.73618,364.1206
38,37,357.84198,364.32361
38,38,357.9479,364.52393
38,39,358.0536,364.72089
38,40,358.1589,364.91384
38,41,358.26337,365.10211
38,42,358.36685,365.28505
38,43,358.46887,365.462
38,44,358.56927,365.64163
38,45,358.66797,365.83226
38,46,358.7653,366.03268
38,47,358.86197,366.2417
38,48,358.9589,366.45813
38,49,359.05722,366.68076
38,50,359.1581,366.9084
38,51,359.26288,367.13985
38,52,359.37173,367.37391
38,53,359.48416,367.60938
38,54,359.59958,367.84508
38,55,359.71738,368.07979
38,56,359.83698,368.31233
38,57,359.9578,368.54149
38,58,360.07925,368.76608
38,59,360.20084,368.9849
38,60,360.32187,369.19676
38,61,360.44186,369.40045
38,62,360.5602,369.59477
38,63,360.67636,369.77854
38,64,360.78967,369.95055
38,65,360.89966,370.10961
38,66,361.0057,370.25451
38,67,361.10727,370.38407
38,68,361.2037,370.49708
38,69,361.29456,370.59234
38,70,361.3792,370.66866
38,71,361.45703,370.72484
38,72,361.5276,370.75969
38,73,361.59015,370.772
38,74,361.6443,370.77265
38,75,361.68967,370.77329
38,76,361.72653,370.77394
38,77,361.7556,370.77458
38,78,361.77814,370.77523
38,79,361.7957,370.77587
38,80,361.8103,370.77652
38,81,361.82416,370.77716
38,82,361.83844,370.77781
38,83,361.85315,370.77845
38,84,361.8683,370.7791
38,85,361.8838,370.77974
38,86,361.89966,370.78039
38,87,361.91592,370.78103
38,88,361.9325,370.78168
38,89,361.94943,370.78232
38,90,361.9666,370.78297
38,91,361.98413,370.78361
38,92,362.00192,370.78426
38,93,362.01996,370.7849
38,94,362.03827,370.78555
38,95,362.05676,370.78619
38,96,362.0755,370.78684
38,97,362.0944,370.78748
38,98,362.1135,370.78813
38,99,362.13278,370.78877
38,100,362.15216,370.78942
38,101,362.17172,370.79006
38,102,362.19138,370.79071
38,103,362.21112,370.79135
38,104,362.23096,370.792
38,105,362.25085,370.79265
38,106,362.27078,370.79329
38,107,362.2907,370.79394
38,108,362.31067,370.79458
38,109,362.33054,370.79523
38,110,362.35037,370.79587
38,111,362.3702,370.79652
38,112,362.39014,370.79716
38,113,362.41006,370.79781
38,114,362.43005,370.79845
38,115,362.45007,370.7991
38,116,362.47006,370.79974
38,117,362.49,370.80039
38,118,362.50992,370.80103
38,119,362.5298,370.80168
38,120,362.5495,370.80232
38,121,362.56912,370.80297
38,122,362.5886,370.80361
38,123,362.6079,370.80426
38,124,362.627,370.8049
38,125,362.64597,370.80555
38,126,362.66464,370.80619
38,127,362.6831,370.80684
38,128,362.70126,370.80748
38,129,362.71915,370.80813
38,130,362.7367,370.80877
38,131,362.7539,370.80942
38,132,362.77075,370.81006
38,133,362.78723,370.81071
38,134,362.8033,370.81135
38,135,362.81894,370.812
38,136,362.8341,370.8126
38,137,362.84885,370.81313
38,138,362.86304,370.8136
38,139,362.87677,370.814
38,140,362.88998,370.81436
38,141,362.90265,370.81467
38,142,362.9149,370.81496
38,143,362.92667,370.81523
38,144,362.93814,370.81548
38,145,362.9494,370.81573
38,146,362.96054,370.81599
38,147,362.97168,370.81626
38,148,362.98285,370.81655
38,149,362.99423,370.81688
38,150,363.00595,370.81726
38,151,363.01797,370.81768
38,152,363.03052,370.81816
38,153,363.04364,370.81872
38,154,363.05746,370.81935
38,155,363.07208,370.82007
38,156,363.08755,370.82089
38,157,363.10406,370.82181
38,158,363.12164,370.82285
38,159,363.1404,370.82401
38,160,363.1605,370.8253
38,161,363.18198,370.82674
38,162,363.20493,370.82833
38,163,363.22946,370.83008
38,164,363.25574,370.832
38,165,363.28378,370.84339
38,166,363.314,370.87294
38,167,363.34695,370.91975
38,168,363.38376,370.9829
38,169,363.42563,371.06149
38,170,363.47397,371.15462
38,171,363.53018,371.26137
38,172,363.59583,371.38084
38,173,363.6713,371.51211
38,174,363.756,371.65429
38,175,363.84952,371.80647
38,176,363.9512,371.96773
38,177,364.06055,372.13718
38,178,364.177,372.31389
38,179,364.30002,372.49698
38,180,364.42908,372.68552
38,181,364.5636,372.87861
38,182,364.7031,373.07535
38,183,364.847,373.27482
38,184,364.99478,373.47613
38,185,365.14584,373.67835
38,186,365.29974,373.88059
38,187,365.45587,374.08193
38,188,365.6137,374.28148
38,189,365.77277,374.47832
38,190,365.93246,374.67154
38,191,366.0923,374.86024
38,192,366.25168,375.04351
38,193,366.41013,375.22044
38,194,366.56714,375.39013
38,195,366.72214,375.55167
38,196,366.8746,375.70884000000007
38,197,367.0241,375.86604
38,198,367.17047,376.02327
38,199,367.31366,376.18053
38,200,367.45392,376.3378000000001
38,201,367.59167,376.4951
38,202,367.7276,376.65242
38,203,367.86258,376.80975
38,204,367.99707,376.9671
38,205,368.1311,377.12446
38,206,368.26474,377.28184
38,207,368.39798,377.43922
38,208,368.53085,377.59661000000006
38,209,368.66333,377.754
38,210,368.79547,377.9114
38,211,368.92734,378.0688
38,212,369.0589,378.2262
38,213,369.1902,378.38359
38,214,369.32126,378.54098
38,215,369.4521,378.69836
38,216,369.58267,378.85573
38,217,369.71313,379.01309
38,218,369.8434,379.17044
38,219,369.97357,379.32777
38,220,370.1036,379.48509
38,221,370.23355,379.64238
38,222,370.3634,379.79966
38,223,370.4932,379.95691
38,224,370.623,380.11413
38,225,370.75278,380.27133
38,226,370.88257,380.43109
38,227,371.01242,380.59562
38,228,371.14243,380.76438
38,229,371.27277,380.93682
38,230,371.40375,381.11241
38,231,371.53583,381.29058
38,232,371.6694,381.47081
38,233,371.80493,381.65253000000007
38,234,371.94254,381.83521
38,235,372.0819,382.0183
38,236,372.22266,382.20125
38,237,372.3645,382.38352
38,238,372.50717,382.56456
38,239,372.65027,382.74383
38,240,372.79352,382.92077
38,241,372.9366,383.09485
38,242,373.07922,383.26552
38,243,373.22104,383.43224
38,244,373.36172,383.59444
38,245,373.50104,383.7516
38,246,373.63864,383.90317
38,247,373.77423,384.04859
38,248,373.9075,384.18733
38,249,374.03815,384.31883
38,250,374.16586,384.44256
38,251,374.29034,384.55796
38,252,374.41132,384.66449
38,253,374.5285,384.76161
38,254,374.64148,384.84876
38,255,374.7501,384.92541
38,256,374.85394,384.991
38,257,374.9528,385.0479
38,258,375.0463,385.09885
38,259,375.13428,385.14384
38,260,375.21664,385.18286
38,261,375.29355,385.21593
38,262,375.36523,385.24304
38,263,375.43222,385.26419
38,264,375.49515,385.27939
38,265,375.55444,385.28862
38,266,375.6102,385.29189
38,267,375.66232,385.28921
38,268,375.71097,385.28056
38,269,375.75607,385.26596
38,270,375.79767,385.2454
38,271,375.8358,385.21888
38,272,375.8705,385.1864
38,273,375.9018,385.14796
38,274,375.92972,385.10356
38,275,375.95422,385.05321
38,276,375.97543,384.99689
38,277,375.99323,384.93462
38,278,376.00778,384.86639
38,279,376.01904,384.79219
38,280,376.02698,384.71204
38,281,376.03168,384.62593
38,282,376.03317,384.53386
38,283,376.03143,384.43584
38,284,376.02646,384.33185
38,285,376.0183,384.2219
39,0,354.1195,359.5727
39,1,354.1398,359.61023
39,2,354.16034,359.64922
39,3,354.18106,359.6898
39,4,354.2021,359.73213
39,5,354.22348,359.77636
39,6,354.24536,359.82265
39,7,354.26776,359.87115
39,8,354.29077,359.922
39,9,354.31448,359.97536
39,10,354.33896,360.03138
39,11,354.36432,360.09021
39,12,354.39056,360.152
39,13,354.41782,360.2221
39,14,354.44635,360.30532
39,15,354.47644,360.40099
39,16,354.50876,360.50846
39,17,354.54395,360.62707
39,18,354.58267,360.75615
39,19,354.62567,360.89506
39,20,354.67377,361.04313
39,21,354.72705,361.1997
39,22,354.78528,361.36412
39,23,354.84814,361.53572
39,24,354.9153,361.71384
39,25,354.98648,361.89784
39,26,355.06137,362.08704
39,27,355.13968,362.28079
39,28,355.22107,362.47843
39,29,355.30527,362.67931
39,30,355.39194,362.88276
39,31,355.4808,363.08812
39,32,355.57156,363.29474
39,33,355.6639,363.50196
39,34,355.75754,363.70911
39,35,355.85217,363.91554
39,36,355.94748,364.1206
39,37,356.04312,364.32361
39,38,356.13892,364.52393
39,39,356.23447,364.72089
39,40,356.32953,364.91384
39,41,356.42377,365.10211
39,42,356.51697,365.28505
39,43,356.60873,365.462
39,44,356.69885,365.64163
39,45,356.7871,365.83226
39,46,356.87393,366.03268
39,47,356.95972,366.2417
39,48,357.04532,366.45813
39,49,357.1317,366.68076
39,50,357.2201,366.9084
39,51,357.3117,367.13985
39,52,357.407,367.37391
39,53,357.50546,367.60938
39,54,357.60654,367.84508
39,55,357.70972,368.07979
39,56,357.81448,368.31233
39,57,357.9203,368.54149
39,58,358.0267,368.76608
39,59,358.13315,368.9849
39,60,358.2392,369.19676
39,61,358.34427,369.40045
39,62,358.44788,369.59477
39,63,358.54956,369.77854
39,64,358.64877,369.95055
39,65,358.74503,370.10961
39,66,358.8379,370.25451
39,67,358.92682,370.38407
39,68,359.01132,370.49708
39,69,359.0909,370.59234
39,70,359.16513,370.66866
39,71,359.23343,370.72484
39,72,359.2954,370.75969
39,73,359.35052,370.772
39,74,359.3983,370.77265
39,75,359.4384,370.77329
39,76,359.471,370.77394
39,77,359.49658,370.77458
39,78,359.51602,370.77523
39,79,359.53076,370.77587
39,80,359.54257,370.77652
39,81,359.55365,370.77716
39,82,359.56525,370.77781
39,83,359.5773,370.77845
39,84,359.58984,370.7791
39,85,359.60275,370.77974
39,86,359.61615,370.78039
39,87,359.62988,370.78103
39,88,359.64404,370.78168
39,89,359.65854,370.78232
39,90,359.67337,370.78297
39,91,359.68848,370.78361
39,92,359.70395,370.78426
39,93,359.7197,370.7849
39,94,359.73566,370.78555
39,95,359.75183,370.78619
39,96,359.76828,370.78684
39,97,359.78488,370.78748
39,98,359.80167,370.78813
39,99,359.81863,370.78877
39,100,359.8357,370.78942
39,101,359.85294,370.79006
39,102,359.8702,370.79071
39,103,359.8876,370.79135
39,104,359.90506,370.792
39,105,359.92255,370.79265
39,106,359.94,370.79329
39,107,359.95746,370.79394
39,108,359.97476,370.79458
39,109,359.99194,370.79523
39,110,360.009,370.79587
39,111,360.02594,370.79652
39,112,360.0428,370.79716
39,113,360.0596,370.79781
39,114,360.07645,370.79845
39,115,360.09317,370.7991
39,116,360.1099,370.79974
39,117,360.12653,370.80039
39,118,360.14304,370.80103
39,119,360.1595,370.80168
39,120,360.17584,370.80232
39,121,360.19208,370.80297
39,122,360.2082,370.80361
39,123,360.22418,370.80426
39,124,360.24,370.8049
39,125,360.25565,370.80555
39,126,360.27118,370.80619
39,127,360.28653,370.80684
39,128,360.3017,370.80748
39,129,360.31665,370.80813
39,130,360.3314,370.80877
39,131,360.34592,370.80942
39,132,360.36023,370.81006
39,133,360.37433,370.81071
39,134,360.38815,370.81135
39,135,360.40173,370.812
39,136,360.41504,370.8126
39,137,360.4281,370.81313
39,138,360.44086,370.8136
39,139,360.45328,370.814
39,140,360.4654,370.81436
39,141,360.47723,370.81467
39,142,360.48877,370.81496
39,143,360.50003,370.81523
39,144,360.5111,370.81548
39,145,360.52206,370.81573
39,146,360.53296,370.81599
39,147,360.5439,370.81626
39,148,360.55493,370.81655
39,149,360.56607,370.81688
39,150,360.57745,370.81726
39,151,360.5892,370.81768
39,152,360.60132,370.81816
39,153,360.61386,370.81872
39,154,360.62695,370.81935
39,155,360.64062,370.82007
39,156,360.65494,370.82089
39,157,360.67007,370.82181
39,158,360.68597,370.82285
39,159,360.70273,370.82401
39,160,360.7205,370.8253
39,161,360.73926,370.82674
39,162,360.75916,370.82833
39,163,360.78018,370.83008
39,164,360.8025,370.832
39,165,360.82608,370.84339
39,166,360.85126,370.87294
39,167,360.87845,370.91975
39,168,360.90848,370.9829
39,169,360.94235,371.06149
39,170,360.98126,371.15462
39,171,361.02664,371.26137
39,172,361.08,371.38084
39,173,361.1418,371.51211
39,174,361.21164,371.65429
39,175,361.28903,371.80647
39,176,361.3735,371.96773
39,177,361.4646,372.13718
39,178,361.56183,372.31389
39,179,361.6647,372.49698
39,180,361.7728,372.68552
39,181,361.8856,372.87861
39,182,362.00266,373.07535
39,183,362.1235,373.27482
39,184,362.24765,373.47613
39,185,362.37466,373.67835
39,186,362.5041,373.88059
39,187,362.63544,374.08193
39,188,362.76825,374.28148
39,189,362.90207,374.47832
39,190,363.03647,374.67154
39,191,363.17096,374.86024
39,192,363.30515,375.04351
39,193,363.4385,375.22044
39,194,363.57062,375.39013
39,195,363.70108,375.55167
39,196,363.8294,375.70884000000007
39,197,363.95526,375.86604
39,198,364.0783,376.02327
39,199,364.19858,376.18053
39,200,364.31616,376.3378000000001
39,201,364.43134,376.4951
39,202,364.5448,376.65242
39,203,364.65735,376.80975
39,204,364.7695,376.9671
39,205,364.88126,377.12446
39,206,364.99265,377.28184
39,207,365.10373,377.43922
39,208,365.21445,377.59661000000006
39,209,365.3249,377.754
39,210,365.43506,377.9114
39,211,365.54498,378.0688
39,212,365.65466,378.2262
39,213,365.76416,378.38359
39,214,365.87344,378.54098
39,215,365.98257,378.69836
39,216,366.09158,378.85573
39,217,366.20044,379.01309
39,218,366.3092,379.17044
39,219,366.4179,379.32777
39,220,366.5265,379.48509
39,221,366.63513,379.64238
39,222,366.74368,379.79966
39,223,366.8523,379.95691
39,224,366.96094,380.11413
39,225,367.06958,380.27133
39,226,367.17834,380.43109
39,227,367.28717,380.59562
39,228,367.39606,380.76438
39,229,367.50513,380.93682
39,230,367.61456,381.11241
39,231,367.7246,381.29058
39,232,367.83572,381.47081
39,233,367.94843,381.65253000000007
39,234,368.0628,381.83521
39,235,368.17868,382.0183
39,236,368.2957,382.20125
39,237,368.4136,382.38352
39,238,368.53214,382.56456
39,239,368.6511,382.74383
39,240,368.7701,382.92077
39,241,368.88898,383.09485
39,242,369.00745,383.26552
39,243,369.12524,383.43224
39,244,369.24213,383.59444
39,245,369.35785,383.7516
39,246,369.47214,383.90317
39,247,369.58478,384.04859
39,248,369.69553,384.18733
39,249,369.80408,384.31883
39,250,369.9103,384.44256
39,251,370.01385,384.55796
39,252,370.11456,384.66449
39,253,370.21216,384.76161
39,254,370.3064,384.84876
39,255,370.39703,384.92541
39,256,370.48383,384.991
39,257,370.56656,385.0479
39,258,370.64493,385.09885
39,259,370.71866,385.14384
39,260,370.7876,385.18286
39,261,370.85175,385.21593
39,262,370.91116,385.24304
39,263,370.96628,385.26419
39,264,371.01776,385.27939
39,265,371.06595,385.28862
39,266,371.111,385.29189
39,267,371.1528,385.28921
39,268,371.1915,385.28056
39,269,371.22708,385.26596
39,270,371.25955,385.2454
39,271,371.28894,385.21888
39,272,371.3153,385.1864
39,273,371.33862,385.14796
39,274,371.35898,385.10356
39,275,371.3763,385.05321
39,276,371.39072,384.99689
39,277,371.4022,384.93462
39,278,371.4107,384.86639
39,279,371.41632,384.79219
39,280,371.41907,384.71204
39,281,371.41888,384.62593
39,282,371.41586,384.53386
39,283,371.41,384.43584
39,284,371.40125,384.33185
39,285,371.3897,384.2219
40,0,356.82852,359.5727
40,1,356.85956,359.61023
40,2,356.89075,359.64922
40,3,356.92206,359.6898
40,4,356.95364,359.73213
40,5,356.9856,359.77636
40,6,357.018,359.82265
40,7,357.0509,359.87115
40,8,357.08447,359.922
40,9,357.11868,359.97536
40,10,357.1537,360.03138
40,11,357.18958,360.09021
40,12,357.22638,360.152
40,13,357.26425,360.2221
40,14,357.30334,360.30532
40,15,357.34402,360.40099
40,16,357.3869,360.50846
40,17,357.4327,360.62707
40,18,357.48233,360.75615
40,19,357.53677,360.89506
40,20,357.59702,361.04313
40,21,357.66336,361.1997
40,22,357.7355,361.36412
40,23,357.81308,361.53572
40,24,357.89572,361.71384
40,25,357.9831,361.89784
40,26,358.07483,362.08704
40,27,358.17056,362.28079
40,28,358.27,362.47843
40,29,358.37274,362.67931
40,30,358.4785,362.88276
40,31,358.58682,363.08812
40,32,358.69745,363.29474
40,33,358.81,363.50196
40,34,358.92416,363.70911
40,35,359.03955,363.91554
40,36,359.15585,364.1206
40,37,359.27274,364.32361
40,38,359.38983,364.52393
40,39,359.50677,364.72089
40,40,359.6233,364.91384
40,41,359.73904,365.10211
40,42,359.8536,365.28505
40,43,359.9668,365.462
40,44,360.07812,365.64163
40,45,360.18753,365.83226
40,46,360.29517,366.03268
40,47,360.40155,366.2417
40,48,360.5077,366.45813
40,49,360.61472,366.68076
40,50,360.72424,366.9084
40,51,360.83783,367.13985
40,52,360.95612,367.37391
40,53,361.07843,367.60938
40,54,361.20407,367.84508
40,55,361.33237,368.07979
40,56,361.46274,368.31233
40,57,361.5945,368.54149
40,58,361.727,368.76608
40,59,361.8596,368.9849
40,60,361.99167,369.19676
40,61,362.12253,369.40045
40,62,362.25162,369.59477
40,63,362.37823,369.77854
40,64,362.5018,369.95055
40,65,362.62167,370.10961
40,66,362.7372,370.25451
40,67,362.8478,370.38407
40,68,362.95285,370.49708
40,69,363.05173,370.59234
40,70,363.14377,370.66866
40,71,363.22842,370.72484
40,72,363.30508,370.75969
40,73,363.37305,370.772
40,74,363.43176,370.77265
40,75,363.48087,370.77329
40,76,363.52026,370.77394
40,77,363.55057,370.77458
40,78,363.5729,370.77523
40,79,363.589,370.77587
40,80,363.6011,370.77652
40,81,363.61206,370.77716
40,82,363.62338,370.77781
40,83,363.63498,370.77845
40,84,363.64688,370.7791
40,85,363.65912,370.77974
40,86,363.67157,370.78039
40,87,363.68436,370.78103
40,88,363.6974,370.78168
40,89,363.7106,370.78232
40,90,363.7241,370.78297
40,91,363.73785,370.78361
40,92,363.75177,370.78426
40,93,363.76593,370.7849
40,94,363.78024,370.78555
40,95,363.79474,370.78619
40,96,363.8094,370.78684
40,97,363.8242,370.78748
40,98,363.83917,370.78813
40,99,363.85422,370.78877
40,100,363.86945,370.78942
40,101,363.88474,370.79006
40,102,363.90012,370.79071
40,103,363.9156,370.79135
40,104,363.93115,370.792
40,105,363.94675,370.79265
40,106,363.9624,370.79329
40,107,363.97806,370.79394
40,108,363.9937,370.79458
40,109,364.0094,370.79523
40,110,364.0251,370.79587
40,111,364.04083,370.79652
40,112,364.05664,370.79716
40,113,364.07254,370.79781
40,114,364.08844,370.79845
40,115,364.1044,370.7991
40,116,364.1204,370.79974
40,117,364.13635,370.80039
40,118,364.15228,370.80103
40,119,364.16815,370.80168
40,120,364.18396,370.80232
40,121,364.1997,370.80297
40,122,364.21527,370.80361
40,123,364.23077,370.80426
40,124,364.2461,370.8049
40,125,364.26126,370.80555
40,126,364.27618,370.80619
40,127,364.29095,370.80684
40,128,364.30545,370.80748
40,129,364.3197,370.80813
40,130,364.33368,370.80877
40,131,364.3474,370.80942
40,132,364.36078,370.81006
40,133,364.37384,370.81071
40,134,364.38657,370.81135
40,135,364.39886,370.812
40,136,364.4108,370.8126
40,137,364.4223,370.81313
40,138,364.4334,370.8136
40,139,364.44406,370.814
40,140,364.45425,370.81436
40,141,364.46396,370.81467
40,142,364.47333,370.81496
40,143,364.48224,370.81523
40,144,364.4909,370.81548
40,145,364.49936,370.81573
40,146,364.50766,370.81599
40,147,364.5159,370.81626
40,148,364.5242,370.81655
40,149,364.53262,370.81688
40,150,364.54123,370.81726
40,151,364.5501,370.81768
40,152,364.55936,370.81816
40,153,364.56906,370.81872
40,154,364.57935,370.81935
40,155,364.59024,370.82007
40,156,364.60184,370.82089
40,157,364.61417,370.82181
40,158,364.62744,370.82285
40,159,364.64163,370.82401
40,160,364.6569,370.8253
40,161,364.67322,370.82674
40,162,364.69083,370.82833
40,163,364.7097,370.83008
40,164,364.72992,370.832
40,165,364.7516,370.84339
40,166,364.775,370.87294
40,167,364.8006,370.91975
40,168,364.82935,370.9829
40,169,364.8624,371.06149
40,170,364.90134,371.15462
40,171,364.9479,371.26137
40,172,365.00403,371.38084
40,173,365.07034,371.51211
40,174,365.14627,371.65429
40,175,365.23126,371.80647
40,176,365.32474,371.96773
40,177,365.4261,372.13718
40,178,365.53476,372.31389
40,179,365.65018,372.49698
40,180,365.77182,372.68552
40,181,365.89902,372.87861
40,182,366.03128,373.07535
40,183,366.168,373.27482
40,184,366.30865,373.47613
40,185,366.4526,373.67835
40,186,366.59937,373.88059
40,187,366.74835,374.08193
40,188,366.89902,374.28148
40,189,367.05078,374.47832
40,190,367.20312,374.67154
40,191,367.35547,374.86024
40,192,367.50735,375.04351
40,193,367.65817,375.22044
40,194,367.80734,375.39013
40,195,367.95447,375.55167
40,196,368.0989,375.70884000000007
40,197,368.24023,375.86604
40,198,368.3782,376.02327
40,199,368.5127,376.18053
40,200,368.64386,376.3378000000001
40,201,368.77222,376.4951
40,202,368.89856,376.65242
40,203,369.0238,376.80975
40,204,369.14856,376.9671
40,205,369.27292,377.12446
40,206,369.39676,377.28184
40,207,369.52023,377.43922
40,208,369.6433,377.59661000000006
40,209,369.76602,377.754
40,210,369.88828,377.9114
40,211,370.01025,378.0688
40,212,370.1319,378.2262
40,213,370.25317,378.38359
40,214,370.3742,378.54098
40,215,370.4949,378.69836
40,216,370.61536,378.85573
40,217,370.7356,379.01309
40,218,370.8555,379.17044
40,219,370.97528,379.32777
40,220,371.0948,379.48509
40,221,371.21414,379.64238
40,222,371.3333,379.79966
40,223,371.45236,379.95691
40,224,371.5712,380.11413
40,225,371.68997,380.27133
40,226,371.8086,380.43109
40,227,371.9272,380.59562
40,228,372.04578,380.76438
40,229,372.16458,380.93682
40,230,372.28394,381.11241
40,231,372.4042,381.29058
40,232,372.52588,381.47081
40,233,372.64948,381.65253000000007
40,234,372.7751,381.83521
40,235,372.90244,382.0183
40,236,373.0311,382.20125
40,237,373.16083,382.38352
40,238,373.29132,382.56456
40,239,373.42215,382.74383
40,240,373.55307,382.92077
40,241,373.68378,383.09485
40,242,373.814,383.26552
40,243,373.94333,383.43224
40,244,374.0715,383.59444
40,245,374.19824,383.7516
40,246,374.32324,383.90317
40,247,374.44617,384.04859
40,248,374.56668,384.18733
40,249,374.68463,384.31883
40,250,374.79962,384.44256
40,251,374.91135,384.55796
40,252,375.0196,384.66449
40,253,375.12402,384.76161
40,254,375.22433,384.84876
40,255,375.32025,384.92541
40,256,375.4115,384.991
40,257,375.4977,385.0479
40,258,375.57874,385.09885
40,259,375.65433,385.14384
40,260,375.7244,385.18286
40,261,375.78903,385.21593
40,262,375.84854,385.24304
40,263,375.90344,385.26419
40,264,375.95444,385.27939
40,265,376.00192,385.28862
40,266,376.04593,385.29189
40,267,376.08646,385.28921
40,268,376.12357,385.28056
40,269,376.15723,385.26596
40,270,376.18753,385.2454
40,271,376.21445,385.21888
40,272,376.238,385.1864
40,273,376.2582,385.14796
40,274,376.27505,385.10356
40,275,376.28864,385.05321
40,276,376.29886,384.99689
40,277,376.30585,384.93462
40,278,376.3096,384.86639
40,279,376.31003,384.79219
40,280,376.30722,384.71204
40,281,376.30118,384.62593
40,282,376.2919,384.53386
40,283,376.27942,384.43584
40,284,376.2637,384.33185
40,285,376.24484,384.2219
41,0,351.0859,359.5727
41,1,351.10992,359.61023
41,2,351.13434,359.64922
41,3,351.15918,359.6898
41,4,351.18454,359.73213
41,5,351.2105,359.77636
41,6,351.23703,359.82265
41,7,351.26425,359.87115
41,8,351.2922,359.922
41,9,351.3209,359.97536
41,10,351.35043,360.03138
41,11,351.38086,360.09021
41,12,351.41217,360.152
41,13,351.44452,360.2221
41,14,351.478,360.30532
41,15,351.51315,360.40099
41,16,351.55066,360.50846
41,17,351.59134,360.62707
41,18,351.636,360.75615
41,19,351.68552,360.89506
41,20,351.7407,361.04313
41,21,351.80157,361.1997
41,22,351.8679,361.36412
41,23,351.93924,361.53572
41,24,352.01532,361.71384
41,25,352.0957,361.89784
41,26,352.1801,362.08704
41,27,352.26813,362.28079
41,28,352.3595,362.47843
41,29,352.4538,362.67931
41,30,352.55066,362.88276
41,31,352.6498,363.08812
41,32,352.75085,363.29474
41,33,352.85342,363.50196
41,34,352.95718,363.70911
41,35,353.06186,363.91554
41,36,353.16702,364.1206
41,37,353.27237,364.32361
41,38,353.37756,364.52393
41,39,353.48224,364.72089
41,40,353.58606,364.91384
41,41,353.6887,365.10211
41,42,353.7898,365.28505
41,43,353.88907,365.462
41,44,353.98608,365.64163
41,45,354.08087,365.83226
41,46,354.17365,366.03268
41,47,354.26523,366.2417
41,48,354.35666,366.45813
41,49,354.4491,366.68076
41,50,354.54388,366.9084
41,51,354.64215,367.13985
41,52,354.74423,367.37391
41,53,354.84958,367.60938
41,54,354.95767,367.84508
41,55,355.06787,368.07979
41,56,355.17963,368.31233
41,57,355.29245,368.54149
41,58,355.40567,368.76608
41,59,355.5188,368.9849
41,60,355.63126,369.19676
41,61,355.74255,369.40045
41,62,355.85208,369.59477
41,63,355.95926,369.77854
41,64,356.0636,369.95055
41,65,356.16458,370.10961
41,66,356.2616,370.25451
41,67,356.35413,370.38407
41,68,356.44165,370.49708
41,69,356.5236,370.59234
41,70,356.59946,370.66866
41,71,356.66867,370.72484
41,72,356.7307,370.75969
41,73,356.78503,370.772
41,74,356.83112,370.77265
41,75,356.86862,370.77329
41,76,356.8979,370.77394
41,77,356.91968,370.77458
41,78,356.93512,370.77523
41,79,356.94592,370.77587
41,80,356.95395,370.77652
41,81,356.96118,370.77716
41,82,356.96872,370.77781
41,83,356.97653,370.77845
41,84,356.98462,370.7791
41,85,356.993,370.77974
41,86,357.0016,370.78039
41,87,357.0104,370.78103
41,88,357.01947,370.78168
41,89,357.02878,370.78232
41,90,357.03824,370.78297
41,91,357.0479,370.78361
41,92,357.05774,370.78426
41,93,357.06775,370.7849
41,94,357.07794,370.78555
41,95,357.08823,370.78619
41,96,357.09866,370.78684
41,97,357.10922,370.78748
41,98,357.1199,370.78813
41,99,357.13065,370.78877
41,100,357.1415,370.78942
41,101,357.15247,370.79006
41,102,357.16342,370.79071
41,103,357.17444,370.79135
41,104,357.18555,370.792
41,105,357.19662,370.79265
41,106,357.20773,370.79329
41,107,357.2188,370.79394
41,108,357.22977,370.79458
41,109,357.2406,370.79523
41,110,357.25125,370.79587
41,111,357.26166,370.79652
41,112,357.27188,370.79716
41,113,357.28192,370.79781
41,114,357.29178,370.79845
41,115,357.30145,370.7991
41,116,357.31097,370.79974
41,117,357.32028,370.80039
41,118,357.3295,370.80103
41,119,357.33856,370.80168
41,120,357.34747,370.80232
41,121,357.35626,370.80297
41,122,357.36496,370.80361
41,123,357.3735,370.80426
41,124,357.38196,370.8049
41,125,357.39032,370.80555
41,126,357.3986,370.80619
41,127,357.4068,370.80684
41,128,357.41495,370.80748
41,129,357.423,370.80813
41,130,357.43103,370.80877
41,131,357.439,370.80942
41,132,357.44696,370.81006
41,133,357.45483,370.81071
41,134,357.46274,370.81135
41,135,357.47064,370.812
41,136,357.4785,370.8126
41,137,357.4864,370.81313
41,138,357.4943,370.8136
41,139,357.5022,370.814
41,140,357.51013,370.81436
41,141,357.5181,370.81467
41,142,357.5261,370.81496
41,143,357.53415,370.81523
41,144,357.5423,370.81548
41,145,357.55057,370.81573
41,146,357.559,370.81599
41,147,357.56757,370.81626
41,148,357.57635,370.81655
41,149,357.58542,370.81688
41,150,357.59476,370.81726
41,151,357.6044,370.81768
41,152,357.61438,370.81816
41,153,357.62476,370.81872
41,154,357.6355,370.81935
41,155,357.6467,370.82007
41,156,357.6584,370.82089
41,157,357.6706,370.82181
41,158,357.6833,370.82285
41,159,357.6966,370.82401
41,160,357.71048,370.8253
41,161,357.725,370.82674
41,162,357.7402,370.82833
41,163,357.75607,370.83008
41,164,357.7727,370.832
41,165,357.7901,370.84339
41,166,357.80847,370.87294
41,167,357.8285,370.91975
41,168,357.85107,370.9829
41,169,357.87744,371.06149
41,170,357.90897,371.15462
41,171,357.94705,371.26137
41,172,357.993,371.38084
41,173,358.04733,371.51211
41,174,358.10944,371.65429
41,175,358.17892,371.80647
41,176,358.2554,371.96773
41,177,358.33826,372.13718
41,178,358.42715,372.31389
41,179,358.52158,372.49698
41,180,358.62103,372.68552
41,181,358.72513,372.87861
41,182,358.8333,373.07535
41,183,358.9452,373.27482
41,184,359.0603,373.47613
41,185,359.17813,373.67835
41,186,359.2983,373.88059
41,187,359.42026,374.08193
41,188,359.54364,374.28148
41,189,359.66794,374.47832
41,190,359.7927,374.67154
41,191,359.91745,374.86024
41,192,360.04184,375.04351
41,193,360.1653,375.22044
41,194,360.28745,375.39013
41,195,360.40784,375.55167
41,196,360.526,375.70884000000007
41,197,360.64157,375.86604
41,198,360.75443,376.02327
41,199,360.8646,376.18053
41,200,360.97235,376.3378000000001
41,201,361.07816,376.4951
41,202,361.18256,376.65242
41,203,361.28625,376.80975
41,204,361.3897,376.9671
41,205,361.49298,377.12446
41,206,361.59598,377.28184
41,207,361.6988,377.43922
41,208,361.8014,377.59661000000006
41,209,361.9038,377.754
41,210,362.006,377.9114
41,211,362.1081,378.0688
41,212,362.21002,378.2262
41,213,362.3118,378.38359
41,214,362.41348,378.54098
41,215,362.515,378.69836
41,216,362.61646,378.85573
41,217,362.71777,379.01309
41,218,362.8191,379.17044
41,219,362.9203,379.32777
41,220,363.0214,379.48509
41,221,363.12253,379.64238
41,222,363.2236,379.79966
41,223,363.32462,379.95691
41,224,363.42566,380.11413
41,225,363.52673,380.27133
41,226,363.62778,380.43109
41,227,363.72888,380.59562
41,228,363.8301,380.76438
41,229,363.93155,380.93682
41,230,364.03342,381.11241
41,231,364.13586,381.29058
41,232,364.2392,381.47081
41,233,364.34375,381.65253000000007
41,234,364.44952,381.83521
41,235,364.55637,382.0183
41,236,364.664,382.20125
41,237,364.77228,382.38352
41,238,364.88095,382.56456
41,239,364.98984,382.74383
41,240,365.09875,382.92077
41,241,365.20743,383.09485
41,242,365.31573,383.26552
41,243,365.42343,383.43224
41,244,365.5303,383.59444
41,245,365.6362,383.7516
41,246,365.74088,383.90317
41,247,365.84418,384.04859
41,248,365.9459,384.18733
41,249,366.0458,384.31883
41,250,366.1437,384.44256
41,251,366.23944,384.55796
41,252,366.3328,384.66449
41,253,366.42358,384.76161
41,254,366.5116,384.84876
41,255,366.59665,384.92541
41,256,366.67853,384.991
41,257,366.75705,385.0479
41,258,366.832,385.09885
41,259,366.90326,385.14384
41,260,366.97083,385.18286
41,261,367.0347,385.21593
41,262,367.09503,385.24304
41,263,367.1521,385.26419
41,264,367.20642,385.27939
41,265,367.25815,385.28862
41,266,367.30734,385.29189
41,267,367.35406,385.28921
41,268,367.39825,385.28056
41,269,367.43994,385.26596
41,270,367.47925,385.2454
41,271,367.51602,385.21888
41,272,367.5504,385.1864
41,273,367.58237,385.14796
41,274,367.6119,385.10356
41,275,367.63907,385.05321
41,276,367.66385,384.99689
41,277,367.68622,384.93462
41,278,367.70627,384.86639
41,279,367.72397,384.79219
41,280,367.73932,384.71204
41,281,367.75235,384.62593
41,282,367.76303,384.53386
41,283,367.77142,384.43584
41,284,367.7775,384.33185
41,285,367.78128,384.2219
42,0,355.31696,359.5727
42,1,355.34732,359.61023
42,2,355.37744,359.64922
42,3,355.40738,359.6898
42,4,355.43732,359.73213
42,5,355.46732,359.77636
42,6,355.49747,359.82265
42,7,355.52795,359.87115
42,8,355.55878,359.922
42,9,355.59012,359.97536
42,10,355.62204,360.03138
42,11,355.65466,360.09021
42,12,355.6881,360.152
42,13,355.7225,360.2221
42,14,355.758,360.30532
42,15,355.79504,360.40099
42,16,355.8342,360.50846
42,17,355.8761,360.62707
42,18,355.9215,360.75615
42,19,355.97113,360.89506
42,20,356.02573,361.04313
42,21,356.08542,361.1997
42,22,356.15002,361.36412
42,23,356.21927,361.53572
42,24,356.29282,361.71384
42,25,356.3704,361.89784
42,26,356.45175,362.08704
42,27,356.53662,362.28079
42,28,356.6247,362.47843
42,29,356.71573,362.67931
42,30,356.80942,362.88276
42,31,356.9055,363.08812
42,32,357.00372,363.29474
42,33,357.1038,363.50196
42,34,357.20544,363.70911
42,35,357.30835,363.91554
42,36,357.4123,364.1206
42,37,357.517,364.32361
42,38,357.6222,364.52393
42,39,357.7276,364.72089
42,40,357.8329,364.91384
42,41,357.9379,365.10211
42,42,358.04224,365.28505
42,43,358.14578,365.462
42,44,358.24814,365.64163
42,45,358.34927,365.83226
42,46,358.44946,366.03268
42,47,358.54935,366.2417
42,48,358.6497,366.45813
42,49,358.75153,366.68076
42,50,358.85614,366.9084
42,51,358.9648,367.13985
42,52,359.07782,367.37391
42,53,359.1946,367.60938
42,54,359.31458,367.84508
42,55,359.43707,368.07979
42,56,359.56146,368.31233
42,57,359.68726,368.54149
42,58,359.81375,368.76608
42,59,359.94037,368.9849
42,60,360.06653,369.19676
42,61,360.1916,369.40045
42,62,360.31503,369.59477
42,63,360.4362,369.77854
42,64,360.55453,369.95055
42,65,360.66943,370.10961
42,66,360.78027,370.25451
42,67,360.88657,370.38407
42,68,360.9876,370.49708
42,69,361.08292,370.59234
42,70,361.17184,370.66866
42,71,361.2538,370.72484
42,72,361.32828,370.75969
42,73,361.39462,370.772
42,74,361.4523,370.77265
42,75,361.50092,370.77329
42,76,361.54062,370.77394
42,77,361.57208,370.77458
42,78,361.59644,370.77523
42,79,361.61523,370.77587
42,80,361.63065,370.77652
42,81,361.6451,370.77716
42,82,361.65997,370.77781
42,83,361.67523,370.77845
42,84,361.6909,370.7791
42,85,361.7069,370.77974
42,86,361.7233,370.78039
42,87,361.74005,370.78103
42,88,361.75705,370.78168
42,89,361.77444,370.78232
42,90,361.7921,370.78297
42,91,361.81006,370.78361
42,92,361.82825,370.78426
42,93,361.8467,370.7849
42,94,361.86542,370.78555
42,95,361.88434,370.78619
42,96,361.90347,370.78684
42,97,361.92282,370.78748
42,98,361.9423,370.78813
42,99,361.96198,370.78877
42,100,361.9818,370.78942
42,101,362.0018,370.79006
42,102,362.02185,370.79071
42,103,362.04205,370.79135
42,104,362.06235,370.792
42,105,362.08273,370.79265
42,106,362.10318,370.79329
42,107,362.12363,370.79394
42,108,362.14417,370.79458
42,109,362.16476,370.79523
42,110,362.18552,370.79587
42,111,362.20642,370.79652
42,112,362.2277,370.79716
42,113,362.2492,370.79781
42,114,362.271,370.79845
42,115,362.29303,370.7991
42,116,362.31528,370.79974
42,117,362.33762,370.80039
42,118,362.36008,370.80103
42,119,362.38254,370.80168
42,120,362.40503,370.80232
42,121,362.42743,370.80297
42,122,362.4498,370.80361
42,123,362.472,370.80426
42,124,362.49396,370.8049
42,125,362.51572,370.80555
42,126,362.5372,370.80619
42,127,362.55835,370.80684
42,128,362.57916,370.80748
42,129,362.59952,370.80813
42,130,362.61942,370.80877
42,131,362.63885,370.80942
42,132,362.65768,370.81006
42,133,362.67593,370.81071
42,134,362.69354,370.81135
42,135,362.71045,370.812
42,136,362.72662,370.8126
42,137,362.742,370.81313
42,138,362.75656,370.8136
42,139,362.7703,370.814
42,140,362.78314,370.81436
42,141,362.7951,370.81467
42,142,362.80627,370.81496
42,143,362.81668,370.81523
42,144,362.82645,370.81548
42,145,362.83572,370.81573
42,146,362.8446,370.81599
42,147,362.85327,370.81626
42,148,362.86176,370.81655
42,149,362.87033,370.81688
42,150,362.87903,370.81726
42,151,362.88803,370.81768
42,152,362.8974,370.81816
42,153,362.9073,370.81872
42,154,362.9179,370.81935
42,155,362.92926,370.82007
42,156,362.94156,370.82089
42,157,362.95493,370.82181
42,158,362.96948,370.82285
42,159,362.9853,370.82401
42,160,363.00262,370.8253
42,161,363.02148,370.82674
42,162,363.04205,370.82833
42,163,363.06445,370.83008
42,164,363.08884,370.832
42,165,363.1153,370.84339
42,166,363.14417,370.87294
42,167,363.17606,370.91975
42,168,363.212,370.9829
42,169,363.25314,371.06149
42,170,363.30093,371.15462
42,171,363.3569,371.26137
42,172,363.4228,371.38084
42,173,363.49908,371.51211
42,174,363.58517,371.65429
42,175,363.6805,371.80647
42,176,363.78452,371.96773
42,177,363.8966,372.13718
42,178,364.01617,372.31389
42,179,364.14267,372.49698
42,180,364.2755,372.68552
42,181,364.41406,372.87861
42,182,364.55783,373.07535
42,183,364.70618,373.27482
42,184,364.8585,373.47613
42,185,365.0143,373.67835
42,186,365.17297,373.88059
42,187,365.33395,374.08193
42,188,365.49664,374.28148
42,189,365.6605,374.47832
42,190,365.82492,374.67154
42,191,365.9894,374.86024
42,192,366.15332,375.04351
42,193,366.31616,375.22044
42,194,366.47736,375.39013
42,195,366.6363,375.55167
42,196,366.7925,375.70884000000007
42,197,366.9455,375.86604
42,198,367.095,376.02327
42,199,367.24094,376.18053
42,200,367.38358,376.3378000000001
42,201,367.52332,376.4951
42,202,367.66095,376.65242
42,203,367.7975,376.80975
42,204,367.93344,376.9671
42,205,368.0689,377.12446
42,206,368.20386,377.28184
42,207,368.33835,377.43922
42,208,368.4724,377.59661000000006
42,209,368.60602,377.754
42,210,368.73926,377.9114
42,211,368.8721,378.0688
42,212,369.0046,378.2262
42,213,369.13678,378.38359
42,214,369.26862,378.54098
42,215,369.40015,378.69836
42,216,369.53146,378.85573
42,217,369.66248,379.01309
42,218,369.79333,379.17044
42,219,369.92395,379.32777
42,220,370.0544,379.48509
42,221,370.1847,379.64238
42,222,370.31485,379.79966
42,223,370.4449,379.95691
42,224,370.57483,380.11413
42,225,370.70474,380.27133
42,226,370.83456,380.43109
42,227,370.96442,380.59562
42,228,371.09445,380.76438
42,229,371.2249,380.93682
42,230,371.3562,381.11241
42,231,371.48883,381.29058
42,232,371.62344,381.47081
42,233,371.76065,381.65253000000007
42,234,371.90067,381.83521
42,235,372.0431,382.0183
42,236,372.18738,382.20125
42,237,372.3332,382.38352
42,238,372.4801,382.56456
42,239,372.62775,382.74383
42,240,372.77563,382.92077
42,241,372.9234,383.09485
42,242,373.0707,383.26552
42,243,373.21704,383.43224
42,244,373.36206,383.59444
42,245,373.5053,383.7516
42,246,373.64648,383.90317
42,247,373.78516,384.04859
42,248,373.9209,384.18733
42,249,374.05338,384.31883
42,250,374.1822,384.44256
42,251,374.30695,384.55796
42,252,374.42722,384.66449
42,253,374.54266,384.76161
42,254,374.65292,384.84876
42,255,374.75754,384.92541
42,256,374.85617,384.991
42,257,374.94843,385.0479
42,258,375.03394,385.09885
42,259,375.1125,385.14384
42,260,375.18393,385.18286
42,261,375.2484,385.21593
42,262,375.3063,385.24304
42,263,375.35825,385.26419
42,264,375.40512,385.27939
42,265,375.44745,385.28862
42,266,375.48526,385.29189
42,267,375.5186,385.28921
42,268,375.54742,385.28056
42,269,375.57175,385.26596
42,270,375.5916,385.2454
42,271,375.60703,385.21888
42,272,375.61798,385.1864
42,273,375.6245,385.14796
42,274,375.62653,385.10356
42,275,375.62415,385.05321
42,276,375.6173,384.99689
42,277,375.606,384.93462
42,278,375.59024,384.86639
42,279,375.57007,384.79219
42,280,375.54538,384.71204
42,281,375.51627,384.62593
42,282,375.4827,384.53386
42,283,375.44464,384.43584
42,284,375.40207,384.33185
42,285,375.35504,384.2219
43,0,351.88034,359.5727
43,1,351.9053,359.61023
43,2,351.93045,359.64922
43,3,351.95572,359.6898
43,4,351.98123,359.73213
43,5,352.00687,359.77636
43,6,352.0327,359.82265
43,7,352.05884,359.87115
43,8,352.08517,359.922
43,9,352.11182,359.97536
43,10,352.13873,360.03138
43,11,352.16595,360.09021
43,12,352.19354,360.152
43,13,352.22147,360.2221
43,14,352.24982,360.30532
43,15,352.2788,360.40099
43,16,352.30875,360.50846
43,17,352.3401,360.62707
43,18,352.37326,360.75615
43,19,352.4089,360.89506
43,20,352.44748,361.04313
43,21,352.48914,361.1997
43,22,352.5337,361.36412
43,23,352.5809,361.53572
43,24,352.63065,361.71384
43,25,352.6827,361.89784
43,26,352.7369,362.08704
43,27,352.793,362.28079
43,28,352.8509,362.47843
43,29,352.91025,362.67931
43,30,352.97095,362.88276
43,31,353.03284,363.08812
43,32,353.0957,363.29474
43,33,353.15933,363.50196
43,34,353.22354,363.70911
43,35,353.28812,363.91554
43,36,353.35294,364.1206
43,37,353.41776,364.32361
43,38,353.4824,364.52393
43,39,353.5467,364.72089
43,40,353.61047,364.91384
43,41,353.67346,365.10211
43,42,353.7356,365.28505
43,43,353.79663,365.462
43,44,353.85635,365.64163
43,45,353.91476,365.83226
43,46,353.97195,366.03268
43,47,354.0283,366.2417
43,48,354.08423,366.45813
43,49,354.14056,366.68076
43,50,354.19803,366.9084
43,51,354.2575,367.13985
43,52,354.3192,367.37391
43,53,354.3828,367.60938
43,54,354.4481,367.84508
43,55,354.51462,368.07979
43,56,354.58215,368.31233
43,57,354.65036,368.54149
43,58,354.7189,368.76608
43,59,354.78757,368.9849
43,60,354.85596,369.19676
43,61,354.92383,369.40045
43,62,354.9908,369.59477
43,63,355.05667,369.77854
43,64,355.1211,369.95055
43,65,355.18378,370.10961
43,66,355.24442,370.25451
43,67,355.30273,370.38407
43,68,355.35843,370.49708
43,69,355.41122,370.59234
43,70,355.4608,370.66866
43,71,355.50684,370.72484
43,72,355.54916,370.75969
43,73,355.5874,370.772
43,74,355.62122,370.77265
43,75,355.6505,370.77329
43,76,355.6754,370.77394
43,77,355.69626,370.77458
43,78,355.71378,370.77523
43,79,355.72873,370.77587
43,80,355.74228,370.77652
43,81,355.75565,370.77716
43,82,355.76947,370.77781
43,83,355.78372,370.77845
43,84,355.7984,370.7791
43,85,355.81348,370.77974
43,86,355.82895,370.78039
43,87,355.84482,370.78103
43,88,355.861,370.78168
43,89,355.87753,370.78232
43,90,355.89438,370.78297
43,91,355.91156,370.78361
43,92,355.92896,370.78426
43,93,355.94666,370.7849
43,94,355.96463,370.78555
43,95,355.98282,370.78619
43,96,356.0012,370.78684
43,97,356.01978,370.78748
43,98,356.03854,370.78813
43,99,356.05746,370.78877
43,100,356.07654,370.78942
43,101,356.09576,370.79006
43,102,356.11505,370.79071
43,103,356.1344,370.79135
43,104,356.1539,370.792
43,105,356.17346,370.79265
43,106,356.193,370.79329
43,107,356.2126,370.79394
43,108,356.23218,370.79458
43,109,356.25174,370.79523
43,110,356.2712,370.79587
43,111,356.2906,370.79652
43,112,356.3098,370.79716
43,113,356.3289,370.79781
43,114,356.34778,370.79845
43,115,356.36646,370.7991
43,116,356.38498,370.79974
43,117,356.40332,370.80039
43,118,356.42145,370.80103
43,119,356.43942,370.80168
43,120,356.45718,370.80232
43,121,356.47476,370.80297
43,122,356.49207,370.80361
43,123,356.50922,370.80426
43,124,356.5261,370.8049
43,125,356.54276,370.80555
43,126,356.55927,370.80619
43,127,356.57547,370.80684
43,128,356.59143,370.80748
43,129,356.60718,370.80813
43,130,356.62265,370.80877
43,131,356.63788,370.80942
43,132,356.65286,370.81006
43,133,356.66757,370.81071
43,134,356.682,370.81135
43,135,356.69623,370.812
43,136,356.7101,370.8126
43,137,356.72375,370.81313
43,138,356.7371,370.8136
43,139,356.75015,370.814
43,140,356.76297,370.81436
43,141,356.77557,370.81467
43,142,356.788,370.81496
43,143,356.80032,370.81523
43,144,356.8126,370.81548
43,145,356.8249,370.81573
43,146,356.8373,370.81599
43,147,356.8499,370.81626
43,148,356.86285,370.81655
43,149,356.87604,370.81688
43,150,356.8897,370.81726
43,151,356.9039,370.81768
43,152,356.91864,370.81816
43,153,356.93405,370.81872
43,154,356.9502,370.81935
43,155,356.96716,370.82007
43,156,356.98502,370.82089
43,157,357.00385,370.82181
43,158,357.02374,370.82285
43,159,357.04474,370.82401
43,160,357.067,370.8253
43,161,357.09048,370.82674
43,162,357.11536,370.82833
43,163,357.1417,370.83008
43,164,357.1695,370.832
43,165,357.1989,370.84339
43,166,357.23013,370.87294
43,167,357.26343,370.91975
43,168,357.29944,370.9829
43,169,357.33878,371.06149
43,170,357.38217,371.15462
43,171,357.43042,371.26137
43,172,357.4844,371.38084
43,173,357.54425,371.51211
43,174,357.60974,371.65429
43,175,357.68045,371.80647
43,176,357.7561,371.96773
43,177,357.8364,372.13718
43,178,357.92093,372.31389
43,179,358.00946,372.49698
43,180,358.10165,372.68552
43,181,358.19714,372.87861
43,182,358.29565,373.07535
43,183,358.39682,373.27482
43,184,358.50037,373.47613
43,185,358.606,373.67835
43,186,358.7133,373.88059
43,187,358.82202,374.08193
43,188,358.93185,374.28148
43,189,359.0425,374.47832
43,190,359.15363,374.67154
43,191,359.26492,374.86024
43,192,359.3761,375.04351
43,193,359.4868,375.22044
43,194,359.59683,375.39013
43,195,359.70578,375.55167
43,196,359.81342,375.70884000000007
43,197,359.91946,375.86604
43,198,360.02383,376.02327
43,199,360.12643,376.18053
43,200,360.22736,376.3378000000001
43,201,360.32684,376.4951
43,202,360.42517,376.65242
43,203,360.5228,376.80975
43,204,360.62,376.9671
43,205,360.71667,377.12446
43,206,360.813,377.28184
43,207,360.9089,377.43922
43,208,361.00436,377.59661000000006
43,209,361.09952,377.754
43,210,361.19437,377.9114
43,211,361.28885,378.0688
43,212,361.38306,378.2262
43,213,361.47702,378.38359
43,214,361.5707,378.54098
43,215,361.6642,378.69836
43,216,361.75745,378.85573
43,217,361.85056,379.01309
43,218,361.9435,379.17044
43,219,362.03632,379.32777
43,220,362.12897,379.48509
43,221,362.22156,379.64238
43,222,362.31406,379.79966
43,223,362.40656,379.95691
43,224,362.49896,380.11413
43,225,362.5914,380.27133
43,226,362.68384,380.43109
43,227,362.77634,380.59562
43,228,362.86902,380.76438
43,229,362.96194,380.93682
43,230,363.05524,381.11241
43,231,363.14893,381.29058
43,232,363.24313,381.47081
43,233,363.338,381.65253000000007
43,234,363.4334,381.83521
43,235,363.52927,382.0183
43,236,363.62546,382.20125
43,237,363.72183,382.38352
43,238,363.81827,382.56456
43,239,363.9147,382.74383
43,240,364.01093,382.92077
43,241,364.10687,383.09485
43,242,364.2024,383.26552
43,243,364.29736,383.43224
43,244,364.39172,383.59444
43,245,364.48526,383.7516
43,246,364.57794,383.90317
43,247,364.66968,384.04859
43,248,364.76022,384.18733
43,249,364.84958,384.31883
43,250,364.93762,384.44256
43,251,365.02423,384.55796
43,252,365.10922,384.66449
43,253,365.1926,384.76161
43,254,365.2741,384.84876
43,255,365.35382,384.92541
43,256,365.43146,384.991
43,257,365.50702,385.0479
43,258,365.58038,385.09885
43,259,365.65152,385.14384
43,260,365.7204,385.18286
43,261,365.7871,385.21593
43,262,365.85178,385.24304
43,263,365.9144,385.26419
43,264,365.97528,385.27939
43,265,366.03452,385.28862
43,266,366.09207,385.29189
43,267,366.14807,385.28921
43,268,366.2025,385.28056
43,269,366.2554,385.26596
43,270,366.30682,385.2454
43,271,366.35675,385.21888
43,272,366.4052,385.1864
43,273,366.4523,385.14796
43,274,366.49796,385.10356
43,275,366.54224,385.05321
43,276,366.5852,384.99689
43,277,366.62686,384.93462
43,278,366.6672,384.86639
43,279,366.7063,384.79219
43,280,366.74414,384.71204
43,281,366.78076,384.62593
43,282,366.81613,384.53386
43,283,366.85034,384.43584
43,284,366.8834,384.33185
43,285,366.9153,384.2219
44,0,352.20398,359.5727
44,1,352.2338,359.61023
44,2,352.26385,359.64922
44,3,352.29425,359.6898
44,4,352.3249,359.73213
44,5,352.35583,359.77636
44,6,352.38702,359.82265
44,7,352.41852,359.87115
44,8,352.45035,359.922
44,9,352.48242,359.97536
44,10,352.5148,360.03138
44,11,352.54752,360.09021
44,12,352.5805,360.152
44,13,352.61383,360.2221
44,14,352.64758,360.30532
44,15,352.682,360.40099
44,16,352.71756,360.50846
44,17,352.75476,360.62707
44,18,352.79413,360.75615
44,19,352.8363,360.89506
44,20,352.88196,361.04313
44,21,352.93124,361.1997
44,22,352.98395,361.36412
44,23,353.0398,361.53572
44,24,353.0986,361.71384
44,25,353.1601,361.89784
44,26,353.22406,362.08704
44,27,353.29025,362.28079
44,28,353.35846,362.47843
44,29,353.4284,362.67931
44,30,353.49985,362.88276
44,31,353.5726,363.08812
44,32,353.6464,363.29474
44,33,353.72104,363.50196
44,34,353.79626,363.70911
44,35,353.87183,363.91554
44,36,353.94754,364.1206
44,37,354.0231,364.32361
44,38,354.0984,364.52393
44,39,354.17307,364.72089
44,40,354.24698,364.91384
44,41,354.31985,365.10211
44,42,354.3915,365.28505
44,43,354.46164,365.462
44,44,354.5301,365.64163
44,45,354.5968,365.83226
44,46,354.66196,366.03268
44,47,354.726,366.2417
44,48,354.78967,366.45813
44,49,354.85364,366.68076
44,50,354.9189,366.9084
44,51,354.98645,367.13985
44,52,355.05667,367.37391
44,53,355.12915,367.60938
44,54,355.20355,367.84508
44,55,355.27948,368.07979
44,56,355.35663,368.31233
44,57,355.43454,368.54149
44,58,355.51294,368.76608
44,59,355.59143,368.9849
44,60,355.66965,369.19676
44,61,355.74725,369.40045
44,62,355.82382,369.59477
44,63,355.8991,369.77854
44,64,355.97272,369.95055
44,65,356.04422,370.10961
44,66,356.11334,370.25451
44,67,356.1797,370.38407
44,68,356.24292,370.49708
44,69,356.3027,370.59234
44,70,356.35867,370.66866
44,71,356.41043,370.72484
44,72,356.4577,370.75969
44,73,356.5001,370.772
44,74,356.53726,370.77265
44,75,356.56903,370.77329
44,76,356.59555,370.77394
44,77,356.61722,370.77458
44,78,356.63483,370.77523
44,79,356.64923,370.77587
44,80,356.66174,370.77652
44,81,356.67383,370.77716
44,82,356.68625,370.77781
44,83,356.69907,370.77845
44,84,356.71222,370.7791
44,85,356.72568,370.77974
44,86,356.73947,370.78039
44,87,356.75357,370.78103
44,88,356.76794,370.78168
44,89,356.78262,370.78232
44,90,356.79752,370.78297
44,91,356.8127,370.78361
44,92,356.82806,370.78426
44,93,356.84372,370.7849
44,94,356.85953,370.78555
44,95,356.87555,370.78619
44,96,356.89175,370.78684
44,97,356.90814,370.78748
44,98,356.92465,370.78813
44,99,356.94128,370.78877
44,100,356.95804,370.78942
44,101,356.97495,370.79006
44,102,356.9919,370.79071
44,103,357.00897,370.79135
44,104,357.0261,370.792
44,105,357.04327,370.79265
44,106,357.06046,370.79329
44,107,357.0777,370.79394
44,108,357.0948,370.79458
44,109,357.11182,370.79523
44,110,357.12866,370.79587
44,111,357.14523,370.79652
44,112,357.16165,370.79716
44,113,357.17773,370.79781
44,114,357.19357,370.79845
44,115,357.20914,370.7991
44,116,357.2245,370.79974
44,117,357.2396,370.80039
44,118,357.25446,370.80103
44,119,357.26913,370.80168
44,120,357.28357,370.80232
44,121,357.2978,370.80297
44,122,357.31183,370.80361
44,123,357.32568,370.80426
44,124,357.33936,370.8049
44,125,357.35284,370.80555
44,126,357.36618,370.80619
44,127,357.37933,370.80684
44,128,357.39236,370.80748
44,129,357.4052,370.80813
44,130,357.41797,370.80877
44,131,357.43057,370.80942
44,132,357.44308,370.81006
44,133,357.45544,370.81071
44,134,357.46774,370.81135
44,135,357.47992,370.812
44,136,357.492,370.8126
44,137,357.50406,370.81313
44,138,357.516,370.8136
44,139,357.52786,370.814
44,140,357.5397,370.81436
44,141,357.5515,370.81467
44,142,357.5634,370.81496
44,143,357.57526,370.81523
44,144,357.58725,370.81548
44,145,357.59937,370.81573
44,146,357.61172,370.81599
44,147,357.62436,370.81626
44,148,357.63736,370.81655
44,149,357.65073,370.81688
44,150,357.66455,370.81726
44,151,357.67886,370.81768
44,152,357.69382,370.81816
44,153,357.70938,370.81872
44,154,357.7256,370.81935
44,155,357.74258,370.82007
44,156,357.76038,370.82089
44,157,357.77902,370.82181
44,158,357.7986,370.82285
44,159,357.81915,370.82401
44,160,357.84076,370.8253
44,161,357.86346,370.82674
44,162,357.88733,370.82833
44,163,357.9124,370.83008
44,164,357.93872,370.832
44,165,357.96643,370.84339
44,166,357.99564,370.87294
44,167,358.02682,370.91975
44,168,358.06052,370.9829
44,169,358.09756,371.06149
44,170,358.13873,371.15462
44,171,358.18497,371.26137
44,172,358.23734,371.38084
44,173,358.2961,371.51211
44,174,358.36096,371.65429
44,175,358.43158,371.80647
44,176,358.50754,371.96773
44,177,358.5886,372.13718
44,178,358.67432,372.31389
44,179,358.76443,372.49698
44,180,358.85855,372.68552
44,181,358.95636,372.87861
44,182,359.05746,373.07535
44,183,359.1616,373.27482
44,184,359.26837,373.47613
44,185,359.3774,373.67835
44,186,359.48843,373.88059
44,187,359.60107,374.08193
44,188,359.715,374.28148
44,189,359.82993,374.47832
44,190,359.9454,374.67154
44,191,360.06122,374.86024
44,192,360.17694,375.04351
44,193,360.2923,375.22044
44,194,360.40695,375.39013
44,195,360.52054,375.55167
44,196,360.63278,375.70884000000007
44,197,360.74338,375.86604
44,198,360.85217,376.02327
44,199,360.95914,376.18053
44,200,361.06433,376.3378000000001
44,201,361.16797,376.4951
44,202,361.27045,376.65242
44,203,361.37222,376.80975
44,204,361.47357,376.9671
44,205,361.57455,377.12446
44,206,361.67517,377.28184
44,207,361.77545,377.43922
44,208,361.87543,377.59661000000006
44,209,361.9751,377.754
44,210,362.07443,377.9114
44,211,362.17355,378.0688
44,212,362.2724,378.2262
44,213,362.371,378.38359
44,214,362.4694,378.54098
44,215,362.5676,378.69836
44,216,362.66562,378.85573
44,217,362.7635,379.01309
44,218,362.8612,379.17044
44,219,362.9588,379.32777
44,220,363.0563,379.48509
44,221,363.15366,379.64238
44,222,363.25098,379.79966
44,223,363.34824,379.95691
44,224,363.44547,380.11413
44,225,363.54266,380.27133
44,226,363.63983,380.43109
44,227,363.73706,380.59562
44,228,363.83432,380.76438
44,229,363.9316,380.93682
44,230,364.02902,381.11241
44,231,364.1266,381.29058
44,232,364.22443,381.47081
44,233,364.32272,381.65253000000007
44,234,364.42145,381.83521
44,235,364.5205,382.0183
44,236,364.61984,382.20125
44,237,364.71936,382.38352
44,238,364.81897,382.56456
44,239,364.91855,382.74383
44,240,365.01804,382.92077
44,241,365.11737,383.09485
44,242,365.2164,383.26552
44,243,365.31503,383.43224
44,244,365.41327,383.59444
44,245,365.51096,383.7516
44,246,365.60803,383.90317
44,247,365.70438,384.04859
44,248,365.79993,384.18733
44,249,365.8946,384.31883
44,250,365.9883,384.44256
44,251,366.08102,384.55796
44,252,366.17255,384.66449
44,253,366.2629,384.76161
44,254,366.35196,384.84876
44,255,366.4396,384.92541
44,256,366.5258,384.991
44,257,366.61044,385.0479
44,258,366.69345,385.09885
44,259,366.77475,385.14384
44,260,366.85428,385.18286
44,261,366.93207,385.21593
44,262,367.00806,385.24304
44,263,367.0825,385.26419
44,264,367.1555,385.27939
44,265,367.2272,385.28862
44,266,367.29773,385.29189
44,267,367.36703,385.28921
44,268,367.43512,385.28056
44,269,367.50208,385.26596
44,270,367.56793,385.2454
44,271,367.63263,385.21888
44,272,367.69626,385.1864
44,273,367.75885,385.14796
44,274,367.8204,385.10356
44,275,367.88095,385.05321
44,276,367.9405,384.99689
44,277,367.9991,384.93462
44,278,368.05676,384.86639
44,279,368.1135,384.79219
44,280,368.16934,384.71204
44,281,368.2243,384.62593
44,282,368.27844,384.53386
44,283,368.3317,384.43584
44,284,368.3842,384.33185
44,285,368.4359,384.2219
45,0,354.69595,359.5727
45,1,354.7173,359.61023
45,2,354.73886,359.64922
45,3,354.76083,359.6898
45,4,354.7831,359.73213
45,5,354.80588,359.77636
45,6,354.82916,359.82265
45,7,354.85297,359.87115
45,8,354.8774,359.922
45,9,354.9025,359.97536
45,10,354.9283,360.03138
45,11,354.95493,360.09021
45,12,354.98233,360.152
45,13,355.01062,360.2221
45,14,355.03998,360.30532
45,15,355.0708,360.40099
45,16,355.10364,360.50846
45,17,355.13916,360.62707
45,18,355.1781,360.75615
45,19,355.22128,360.89506
45,20,355.2694,361.04313
45,21,355.32275,361.1997
45,22,355.3809,361.36412
45,23,355.4436,361.53572
45,24,355.51053,361.71384
45,25,355.58142,361.89784
45,26,355.65588,362.08704
45,27,355.73367,362.28079
45,28,355.81445,362.47843
45,29,355.89792,362.67931
45,30,355.98373,362.88276
45,31,356.07162,363.08812
45,32,356.16125,363.29474
45,33,356.25235,363.50196
45,34,356.3446,363.70911
45,35,356.43762,363.91554
45,36,356.5312,364.1206
45,37,356.62497,364.32361
45,38,356.71863,364.52393
45,39,356.8119,364.72089
45,40,356.90448,364.91384
45,41,356.99603,365.10211
45,42,357.08624,365.28505
45,43,357.1748,365.462
45,44,357.26147,365.64163
45,45,357.34607,365.83226
45,46,357.4288,366.03268
45,47,357.51013,366.2417
45,48,357.59097,366.45813
45,49,357.6723,366.68076
45,50,357.75537,366.9084
45,51,357.84152,367.13985
45,52,357.93118,367.37391
45,53,358.02383,367.60938
45,54,358.11908,367.84508
45,55,358.2164,368.07979
45,56,358.31528,368.31233
45,57,358.41528,368.54149
45,58,358.5159,368.76608
45,59,358.61664,368.9849
45,60,358.71707,369.19676
45,61,358.8167,369.40045
45,62,358.91507,369.59477
45,63,359.01166,369.77854
45,64,359.10608,369.95055
45,65,359.1978,370.10961
45,66,359.28638,370.25451
45,67,359.37134,370.38407
45,68,359.4522,370.49708
45,69,359.5286,370.59234
45,70,359.59998,370.66866
45,71,359.66586,370.72484
45,72,359.72583,370.75969
45,73,359.77945,370.772
45,74,359.82617,370.77265
45,75,359.86575,370.77329
45,76,359.89813,370.77394
45,77,359.9237,370.77458
45,78,359.94336,370.77523
45,79,359.95837,370.77587
45,80,359.97058,370.77652
45,81,359.98215,370.77716
45,82,359.99417,370.77781
45,83,360.00674,370.77845
45,84,360.0198,370.7791
45,85,360.03333,370.77974
45,86,360.04724,370.78039
45,87,360.06158,370.78103
45,88,360.07632,370.78168
45,89,360.09143,370.78232
45,90,360.1069,370.78297
45,91,360.1227,370.78361
45,92,360.13876,370.78426
45,93,360.15515,370.7849
45,94,360.1718,370.78555
45,95,360.18866,370.78619
45,96,360.20575,370.78684
45,97,360.22305,370.78748
45,98,360.2405,370.78813
45,99,360.25815,370.78877
45,100,360.27588,370.78942
45,101,360.29376,370.79006
45,102,360.3117,370.79071
45,103,360.32974,370.79135
45,104,360.34784,370.792
45,105,360.36594,370.79265
45,106,360.38403,370.79329
45,107,360.402,370.79394
45,108,360.41974,370.79458
45,109,360.43732,370.79523
45,110,360.4546,370.79587
45,111,360.47156,370.79652
45,112,360.4883,370.79716
45,113,360.50488,370.79781
45,114,360.52124,370.79845
45,115,360.53745,370.7991
45,116,360.55344,370.79974
45,117,360.56924,370.80039
45,118,360.5849,370.80103
45,119,360.60034,370.80168
45,120,360.61566,370.80232
45,121,360.63083,370.80297
45,122,360.64578,370.80361
45,123,360.6606,370.80426
45,124,360.6753,370.8049
45,125,360.68985,370.80555
45,126,360.70425,370.80619
45,127,360.7185,370.80684
45,128,360.73267,370.80748
45,129,360.7467,370.80813
45,130,360.7606,370.80877
45,131,360.77438,370.80942
45,132,360.78806,370.81006
45,133,360.80164,370.81071
45,134,360.8151,370.81135
45,135,360.82846,370.812
45,136,360.84177,370.8126
45,137,360.85498,370.81313
45,138,360.8681,370.8136
45,139,360.88113,370.814
45,140,360.89407,370.81436
45,141,360.907,370.81467
45,142,360.9198,370.81496
45,143,360.93262,370.81523
45,144,360.94547,370.81548
45,145,360.95834,370.81573
45,146,360.97137,370.81599
45,147,360.98462,370.81626
45,148,360.9981,370.81655
45,149,361.01184,370.81688
45,150,361.026,370.81726
45,151,361.04053,370.81768
45,152,361.0556,370.81816
45,153,361.07117,370.81872
45,154,361.0873,370.81935
45,155,361.1041,370.82007
45,156,361.12164,370.82089
45,157,361.13992,370.82181
45,158,361.159,370.82285
45,159,361.179,370.82401
45,160,361.19986,370.8253
45,161,361.22177,370.82674
45,162,361.24472,370.82833
45,163,361.26874,370.83008
45,164,361.2939,370.832
45,165,361.32034,370.84339
45,166,361.34814,370.87294
45,167,361.3777,370.91975
45,168,361.40973,370.9829
45,169,361.4452,371.06149
45,170,361.48526,371.15462
45,171,361.53134,371.26137
45,172,361.585,371.38084
45,173,361.6467,371.51211
45,174,361.71603,371.65429
45,175,361.7926,371.80647
45,176,361.8759,371.96773
45,177,361.96555,372.13718
45,178,362.0611,372.31389
45,179,362.16208,372.49698
45,180,362.26804,372.68552
45,181,362.3786,372.87861
45,182,362.4933,373.07535
45,183,362.6117,373.27482
45,184,362.73334,373.47613
45,185,362.85782,373.67835
45,186,362.9847,373.88059
45,187,363.11356,374.08193
45,188,363.24396,374.28148
45,189,363.37543,374.47832
45,190,363.5076,374.67154
45,191,363.64005,374.86024
45,192,363.7723,375.04351
45,193,363.904,375.22044
45,194,364.03464,375.39013
45,195,364.1639,375.55167
45,196,364.29126,375.70884000000007
45,197,364.4164,375.86604
45,198,364.539,376.02327
45,199,364.65894,376.18053
45,200,364.77628,376.3378000000001
45,201,364.89142,376.4951
45,202,365.00485,376.65242
45,203,365.11746,376.80975
45,204,365.2297,376.9671
45,205,365.3416,377.12446
45,206,365.4532,377.28184
45,207,365.56448,377.43922
45,208,365.67548,377.59661000000006
45,209,365.78622,377.754
45,210,365.89676,377.9114
45,211,366.0071,378.0688
45,212,366.11725,378.2262
45,213,366.22723,378.38359
45,214,366.33707,378.54098
45,215,366.44678,378.69836
45,216,366.55643,378.85573
45,217,366.666,379.01309
45,218,366.7755,379.17044
45,219,366.88498,379.32777
45,220,366.99448,379.48509
45,221,367.10397,379.64238
45,222,367.21353,379.79966
45,223,367.32312,379.95691
45,224,367.4328,380.11413
45,225,367.54257,380.27133
45,226,367.65253,380.43109
45,227,367.7625,380.59562
45,228,367.8725,380.76438
45,229,367.98242,380.93682
45,230,368.09238,381.11241
45,231,368.20264,381.29058
45,232,368.31348,381.47081
45,233,368.42548,381.65253000000007
45,234,368.53873,381.83521
45,235,368.65308,382.0183
45,236,368.7683,382.20125
45,237,368.88416,382.38352
45,238,369.00055,382.56456
45,239,369.11722,382.74383
45,240,369.234,382.92077
45,241,369.35068,383.09485
45,242,369.4671,383.26552
45,243,369.58304,383.43224
45,244,369.6983,383.59444
45,245,369.81277,383.7516
45,246,369.9262,383.90317
45,247,370.03845,384.04859
45,248,370.14935,384.18733
45,249,370.25867,384.31883
45,250,370.36624,384.44256
45,251,370.47195,384.55796
45,252,370.57553,384.66449
45,253,370.6769,384.76161
45,254,370.77582,384.84876
45,255,370.87216,384.92541
45,256,370.9657,384.991
45,257,371.05627,385.0479
45,258,371.14362,385.09885
45,259,371.22745,385.14384
45,260,371.3075,385.18286
45,261,371.38367,385.21593
45,262,371.45593,385.24304
45,263,371.52478,385.26419
45,264,371.59067,385.27939
45,265,371.65402,385.28862
45,266,371.7149,385.29189
45,267,371.7733,385.28921
45,268,371.82928,385.28056
45,269,371.88284,385.26596
45,270,371.9341,385.2454
45,271,371.98306,385.21888
45,272,372.02975,385.1864
45,273,372.07416,385.14796
45,274,372.11642,385.10356
45,275,372.1565,385.05321
45,276,372.19443,384.99689
45,277,372.23026,384.93462
45,278,372.264,384.86639
45,279,372.29572,384.79219
45,280,372.32538,384.71204
45,281,372.3531,384.62593
45,282,372.37885,384.53386
45,283,372.40265,384.43584
45,284,372.42456,384.33185
45,285,372.44458,384.2219
46,0,353.96185,359.5727
46,1,353.99005,359.61023
46,2,354.0186,359.64922
46,3,354.0476,359.6898
46,4,354.07718,359.73213
46,5,354.10742,359.77636
46,6,354.1384,359.82265
46,7,354.1702,359.87115
46,8,354.2029,359.922
46,9,354.23666,359.97536
46,10,354.27148,360.03138
46,11,354.30753,360.09021
46,12,354.34482,360.152
46,13,354.38348,360.2221
46,14,354.4238,360.30532
46,15,354.4662,360.40099
46,16,354.51144,360.50846
46,17,354.56046,360.62707
46,18,354.61426,360.75615
46,19,354.67398,360.89506
46,20,354.74072,361.04313
46,21,354.81485,361.1997
46,22,354.89597,361.36412
46,23,354.98355,361.53572
46,24,355.07727,361.71384
46,25,355.17667,361.89784
46,26,355.28128,362.08704
46,27,355.3907,362.28079
46,28,355.5045,362.47843
46,29,355.62225,362.67931
46,30,355.74353,362.88276
46,31,355.86792,363.08812
46,32,355.99496,363.29474
46,33,356.12427,363.50196
46,34,356.25537,363.70911
46,35,356.38794,363.91554
46,36,356.52142,364.1206
46,37,356.65552,364.32361
46,38,356.78973,364.52393
46,39,356.92365,364.72089
46,40,357.05692,364.91384
46,41,357.18903,365.10211
46,42,357.3196,365.28505
46,43,357.44824,365.462
46,44,357.57452,365.64163
46,45,357.6983,365.83226
46,46,357.81985,366.03268
46,47,357.93997,366.2417
46,48,358.0597,366.45813
46,49,358.1805,366.68076
46,50,358.30414,366.9084
46,51,358.4324,367.13985
46,52,358.56595,367.37391
46,53,358.70395,367.60938
46,54,358.84573,367.84508
46,55,358.99048,368.07979
46,56,359.13745,368.31233
46,57,359.28598,368.54149
46,58,359.43524,368.76608
46,59,359.5845,368.9849
46,60,359.73303,369.19676
46,61,359.8801,369.40045
46,62,360.02496,369.59477
46,63,360.1669,369.77854
46,64,360.30518,369.95055
46,65,360.4391,370.10961
46,66,360.5678,370.25451
46,67,360.69073,370.38407
46,68,360.80707,370.49708
46,69,360.91608,370.59234
46,70,361.0171,370.66866
46,71,361.10934,370.72484
46,72,361.19217,370.75969
46,73,361.2648,370.772
46,74,361.32648,370.77265
46,75,361.37686,370.77329
46,76,361.4161,370.77394
46,77,361.44504,370.77458
46,78,361.46494,370.77523
46,79,361.4779,370.77587
46,80,361.48645,370.77652
46,81,361.49362,370.77716
46,82,361.501,370.77781
46,83,361.5087,370.77845
46,84,361.5166,370.7791
46,85,361.52472,370.77974
46,86,361.53308,370.78039
46,87,361.54166,370.78103
46,88,361.55045,370.78168
46,89,361.5594,370.78232
46,90,361.56854,370.78297
46,91,361.57785,370.78361
46,92,361.5873,370.78426
46,93,361.59692,370.7849
46,94,361.6067,370.78555
46,95,361.6166,370.78619
46,96,361.6266,370.78684
46,97,361.63675,370.78748
46,98,361.64694,370.78813
46,99,361.6573,370.78877
46,100,361.66766,370.78942
46,101,361.67813,370.79006
46,102,361.68866,370.79071
46,103,361.69925,370.79135
46,104,361.70987,370.792
46,105,361.72052,370.79265
46,106,361.73117,370.79329
46,107,361.74185,370.79394
46,108,361.75247,370.79458
46,109,361.76306,370.79523
46,110,361.77362,370.79587
46,111,361.78406,370.79652
46,112,361.79446,370.79716
46,113,361.80478,370.79781
46,114,361.8151,370.79845
46,115,361.8253,370.7991
46,116,361.83545,370.79974
46,117,361.84552,370.80039
46,118,361.8555,370.80103
46,119,361.86545,370.80168
46,120,361.87524,370.80232
46,121,361.885,370.80297
46,122,361.89468,370.80361
46,123,361.90424,370.80426
46,124,361.91367,370.8049
46,125,361.923,370.80555
46,126,361.93225,370.80619
46,127,361.94138,370.80684
46,128,361.9504,370.80748
46,129,361.9593,370.80813
46,130,361.96805,370.80877
46,131,361.97668,370.80942
46,132,361.9852,370.81006
46,133,361.99356,370.81071
46,134,362.0018,370.81135
46,135,362.0099,370.812
46,136,362.01782,370.8126
46,137,362.0256,370.81313
46,138,362.0332,370.8136
46,139,362.04068,370.814
46,140,362.048,370.81436
46,141,362.05515,370.81467
46,142,362.0621,370.81496
46,143,362.06897,370.81523
46,144,362.07574,370.81548
46,145,362.08246,370.81573
46,146,362.08917,370.81599
46,147,362.09592,370.81626
46,148,362.10278,370.81655
46,149,362.10977,370.81688
46,150,362.11694,370.81726
46,151,362.12436,370.81768
46,152,362.13205,370.81816
46,153,362.14005,370.81872
46,154,362.14844,370.81935
46,155,362.15726,370.82007
46,156,362.1665,370.82089
46,157,362.17627,370.82181
46,158,362.18655,370.82285
46,159,362.1975,370.82401
46,160,362.20908,370.8253
46,161,362.22137,370.82674
46,162,362.23438,370.82833
46,163,362.24817,370.83008
46,164,362.26285,370.832
46,165,362.27835,370.84339
46,166,362.29504,370.87294
46,167,362.3136,370.91975
46,168,362.33517,370.9829
46,169,362.3611,371.06149
46,170,362.39325,371.15462
46,171,362.43344,371.26137
46,172,362.48386,371.38084
46,173,362.54514,371.51211
46,174,362.61676,371.65429
46,175,362.6981,371.80647
46,176,362.7885,371.96773
46,177,362.88742,372.13718
46,178,362.99414,372.31389
46,179,363.10812,372.49698
46,180,363.22876,372.68552
46,181,363.35544,372.87861
46,182,363.48752,373.07535
46,183,363.6244,373.27482
46,184,363.76544,373.47613
46,185,363.91013,373.67835
46,186,364.05774,373.88059
46,187,364.2078,374.08193
46,188,364.35962,374.28148
46,189,364.51263,374.47832
46,190,364.6662,374.67154
46,191,364.8198,374.86024
46,192,364.97278,375.04351
46,193,365.12457,375.22044
46,194,365.2746,375.39013
46,195,365.4222,375.55167
46,196,365.56696,375.70884000000007
46,197,365.70822,375.86604
46,198,365.84586,376.02327
46,199,365.97986,376.18053
46,200,366.11044,376.3378000000001
46,201,366.23822,376.4951
46,202,366.364,376.65242
46,203,366.4889,376.80975
46,204,366.6135,376.9671
46,205,366.73782,377.12446
46,206,366.86188,377.28184
46,207,366.98566,377.43922
46,208,367.10925,377.59661000000006
46,209,367.2326,377.754
46,210,367.35574,377.9114
46,211,367.47864,378.0688
46,212,367.60138,378.2262
46,213,367.7239,378.38359
46,214,367.8463,378.54098
46,215,367.9685,378.69836
46,216,368.09058,378.85573
46,217,368.2125,379.01309
46,218,368.33426,379.17044
46,219,368.45596,379.32777
46,220,368.5775,379.48509
46,221,368.69897,379.64238
46,222,368.82034,379.79966
46,223,368.94168,379.95691
46,224,369.0629,380.11413
46,225,369.18408,380.27133
46,226,369.3052,380.43109
46,227,369.42636,380.59562
46,228,369.54767,380.76438
46,229,369.66934,380.93682
46,230,369.79175,381.11241
46,231,369.9152,381.29058
46,232,370.04016,381.47081
46,233,370.16714,381.65253000000007
46,234,370.2961,381.83521
46,235,370.42685,382.0183
46,236,370.559,382.20125
46,237,370.69217,382.38352
46,238,370.8261,382.56456
46,239,370.96042,382.74383
46,240,371.09482,382.92077
46,241,371.22897,383.09485
46,242,371.36255,383.26552
46,243,371.49524,383.43224
46,244,371.62674,383.59444
46,245,371.75668,383.7516
46,246,371.8848,383.90317
46,247,372.01074,384.04859
46,248,372.13422,384.18733
46,249,372.25488,384.31883
46,250,372.3725,384.44256
46,251,372.48666,384.55796
46,252,372.5971,384.66449
46,253,372.70355,384.76161
46,254,372.80563,384.84876
46,255,372.90305,384.92541
46,256,372.99554,384.991
46,257,373.08273,385.0479
46,258,373.1644,385.09885
46,259,373.2404,385.14384
46,260,373.31067,385.18286
46,261,373.37534,385.21593
46,262,373.43475,385.24304
46,263,373.48938,385.26419
46,264,373.5399,385.27939
46,265,373.5867,385.28862
46,266,373.62982,385.29189
46,267,373.66922,385.28921
46,268,373.705,385.28056
46,269,373.7371,385.26596
46,270,373.76556,385.2454
46,271,373.79044,385.21888
46,272,373.8117,385.1864
46,273,373.82935,385.14796
46,274,373.8434,385.10356
46,275,373.85394,385.05321
46,276,373.86087,384.99689
46,277,373.8643,384.93462
46,278,373.86414,384.86639
46,279,373.86044,384.79219
46,280,373.85324,384.71204
46,281,373.8425,384.62593
46,282,373.82828,384.53386
46,283,373.81055,384.43584
46,284,373.78928,384.33185
46,285,373.76456,384.2219
47,0,355.90884,359.5727
47,1,355.93835,359.61023
47,2,355.96838,359.64922
47,3,355.99905,359.6898
47,4,356.03043,359.73213
47,5,356.06253,359.77636
47,6,356.0954,359.82265
47,7,356.12918,359.87115
47,8,356.1639,359.922
47,9,356.19968,359.97536
47,10,356.23648,360.03138
47,11,356.27444,360.09021
47,12,356.3136,360.152
47,13,356.35403,360.2221
47,14,356.39603,360.30532
47,15,356.44003,360.40099
47,16,356.48697,360.50846
47,17,356.53766,360.62707
47,18,356.59323,360.75615
47,19,356.65463,360.89506
47,20,356.72302,361.04313
47,21,356.79868,361.1997
47,22,356.8811,361.36412
47,23,356.96988,361.53572
47,24,357.06458,361.71384
47,25,357.16476,361.89784
47,26,357.27005,362.08704
47,27,357.3799,362.28079
47,28,357.49402,362.47843
47,29,357.61185,362.67931
47,30,357.733,362.88276
47,31,357.85703,363.08812
47,32,357.98355,363.29474
47,33,358.11206,363.50196
47,34,358.24222,363.70911
47,35,358.3735,363.91554
47,36,358.5055,364.1206
47,37,358.63782,364.32361
47,38,358.77005,364.52393
47,39,358.9017,364.72089
47,40,359.03238,364.91384
47,41,359.16168,365.10211
47,42,359.2891,365.28505
47,43,359.4143,365.462
47,44,359.5368,365.64163
47,45,359.6566,365.83226
47,46,359.77393,366.03268
47,47,359.8898,366.2417
47,48,360.00534,366.45813
47,49,360.12204,366.68076
47,50,360.24142,366.9084
47,51,360.36526,367.13985
47,52,360.49402,367.37391
47,53,360.62692,367.60938
47,54,360.76334,367.84508
47,55,360.90244,368.07979
47,56,361.04358,368.31233
47,57,361.18597,368.54149
47,58,361.329,368.76608
47,59,361.47186,368.9849
47,60,361.61395,369.19676
47,61,361.75443,369.40045
47,62,361.89273,369.59477
47,63,362.02805,369.77854
47,64,362.1597,369.95055
47,65,362.28705,370.10961
47,66,362.4093,370.25451
47,67,362.52582,370.38407
47,68,362.63593,370.49708
47,69,362.73895,370.59234
47,70,362.8341,370.66866
47,71,362.9208,370.72484
47,72,362.9983,370.75969
47,73,363.06595,370.772
47,74,363.123,370.77265
47,75,363.1691,370.77329
47,76,363.20468,370.77394
47,77,363.2306,370.77458
47,78,363.24835,370.77523
47,79,363.25998,370.77587
47,80,363.26773,370.77652
47,81,363.27432,370.77716
47,82,363.2812,370.77781
47,83,363.28824,370.77845
47,84,363.29553,370.7791
47,85,363.303,370.77974
47,86,363.3106,370.78039
47,87,363.31845,370.78103
47,88,363.32648,370.78168
47,89,363.33466,370.78232
47,90,363.34296,370.78297
47,91,363.35144,370.78361
47,92,363.36005,370.78426
47,93,363.36877,370.7849
47,94,363.3776,370.78555
47,95,363.38657,370.78619
47,96,363.39563,370.78684
47,97,363.4048,370.78748
47,98,363.414,370.78813
47,99,363.4233,370.78877
47,100,363.4327,370.78942
47,101,363.4421,370.79006
47,102,363.45157,370.79071
47,103,363.46106,370.79135
47,104,363.4706,370.792
47,105,363.48016,370.79265
47,106,363.48972,370.79329
47,107,363.49927,370.79394
47,108,363.5087,370.79458
47,109,363.51807,370.79523
47,110,363.52725,370.79587
47,111,363.5363,370.79652
47,112,363.5451,370.79716
47,113,363.5537,370.79781
47,114,363.56204,370.79845
47,115,363.57022,370.7991
47,116,363.5782,370.79974
47,117,363.586,370.80039
47,118,363.59357,370.80103
47,119,363.601,370.80168
47,120,363.6083,370.80232
47,121,363.6155,370.80297
47,122,363.62253,370.80361
47,123,363.62946,370.80426
47,124,363.63626,370.8049
47,125,363.643,370.80555
47,126,363.64963,370.80619
47,127,363.6562,370.80684
47,128,363.66272,370.80748
47,129,363.6692,370.80813
47,130,363.67566,370.80877
47,131,363.68207,370.80942
47,132,363.68848,370.81006
47,133,363.69485,370.81071
47,134,363.7013,370.81135
47,135,363.70776,370.812
47,136,363.71426,370.8126
47,137,363.72076,370.81313
47,138,363.7274,370.8136
47,139,363.73404,370.814
47,140,363.74078,370.81436
47,141,363.7476,370.81467
47,142,363.75455,370.81496
47,143,363.7616,370.81523
47,144,363.7688,370.81548
47,145,363.77618,370.81573
47,146,363.78375,370.81599
47,147,363.79153,370.81626
47,148,363.79956,370.81655
47,149,363.8079,370.81688
47,150,363.8165,370.81726
47,151,363.82544,370.81768
47,152,363.83472,370.81816
47,153,363.84436,370.81872
47,154,363.85443,370.81935
47,155,363.86493,370.82007
47,156,363.87585,370.82089
47,157,363.88727,370.82181
47,158,363.89917,370.82285
47,159,363.9116,370.82401
47,160,363.92462,370.8253
47,161,363.93823,370.82674
47,162,363.9524,370.82833
47,163,363.96722,370.83008
47,164,363.9827,370.832
47,165,363.99887,370.84339
47,166,364.01596,370.87294
47,167,364.03485,370.91975
47,168,364.0567,370.9829
47,169,364.0829,371.06149
47,170,364.1152,371.15462
47,171,364.1553,371.26137
47,172,364.205,371.38084
47,173,364.26492,371.51211
47,174,364.33447,371.65429
47,175,364.41306,371.80647
47,176,364.50015,371.96773
47,177,364.59518,372.13718
47,178,364.6975,372.31389
47,179,364.8066,372.49698
47,180,364.92188,372.68552
47,181,365.0428,372.87861
47,182,365.16873,373.07535
47,183,365.29913,373.27482
47,184,365.43347,373.47613
47,185,365.57114,373.67835
47,186,365.71155,373.88059
47,187,365.85422,374.08193
47,188,365.99847,374.28148
47,189,366.14386,374.47832
47,190,366.2897,374.67154
47,191,366.43558,374.86024
47,192,366.58084,375.04351
47,193,366.725,375.22044
47,194,366.86746,375.39013
47,195,367.00763,375.55167
47,196,367.14508,375.70884000000007
47,197,367.27927,375.86604
47,198,367.4101,376.02327
47,199,367.5377,376.18053
47,200,367.6623,376.3378000000001
47,201,367.7845,376.4951
47,202,367.90506,376.65242
47,203,368.02487,376.80975
47,204,368.14447,376.9671
47,205,368.26385,377.12446
47,206,368.38303,377.28184
47,207,368.502,377.43922
47,208,368.62082,377.59661000000006
47,209,368.73944,377.754
47,210,368.8579,377.9114
47,211,368.9762,378.0688
47,212,369.09433,378.2262
47,213,369.21234,378.38359
47,214,369.33023,378.54098
47,215,369.448,378.69836
47,216,369.56564,378.85573
47,217,369.6832,379.01309
47,218,369.80066,379.17044
47,219,369.918,379.32777
47,220,370.0353,379.48509
47,221,370.15256,379.64238
47,222,370.2697,379.79966
47,223,370.38684,379.95691
47,224,370.50394,380.11413
47,225,370.621,380.27133
47,226,370.73807,380.43109
47,227,370.8551,380.59562
47,228,370.97232,380.76438
47,229,371.08987,380.93682
47,230,371.208,381.11241
47,231,371.32703,381.29058
47,232,371.4471,381.47081
47,233,371.56866,381.65253000000007
47,234,371.6916,381.83521
47,235,371.8156,382.0183
47,236,371.94058,382.20125
47,237,372.06613,382.38352
47,238,372.19208,382.56456
47,239,372.3182,382.74383
47,240,372.44418,382.92077
47,241,372.5699,383.09485
47,242,372.695,383.26552
47,243,372.81937,383.43224
47,244,372.94266,383.59444
47,245,373.06467,383.7516
47,246,373.18515,383.90317
47,247,373.30392,384.04859
47,248,373.42072,384.18733
47,249,373.53534,384.31883
47,250,373.64758,384.44256
47,251,373.7571,384.55796
47,252,373.8638,384.66449
47,253,373.9674,384.76161
47,254,374.0677,384.84876
47,255,374.1644,384.92541
47,256,374.25735,384.991
47,257,374.34634,385.0479
47,258,374.4311,385.09885
47,259,374.5116,385.14384
47,260,374.58786,385.18286
47,261,374.65997,385.21593
47,262,374.72824,385.24304
47,263,374.79306,385.26419
47,264,374.8548,385.27939
47,265,374.91367,385.28862
47,266,374.96982,385.29189
47,267,375.02313,385.28921
47,268,375.07373,385.28056
47,269,375.12155,385.26596
47,270,375.16663,385.2454
47,271,375.209,385.21888
47,272,375.24866,385.1864
47,273,375.2856,385.14796
47,274,375.3199,385.10356
47,275,375.3515,385.05321
47,276,375.38046,384.99689
47,277,375.40674,384.93462
47,278,375.43036,384.86639
47,279,375.4514,384.79219
47,280,375.46973,384.71204
47,281,375.4855,384.62593
47,282,375.49863,384.53386
47,283,375.5091,384.43584
47,284,375.517,384.33185
47,285,375.52228,384.2219
48,0,355.1892,359.5727
48,1,355.21777,359.61023
48,2,355.2465,359.64922
48,3,355.2755,359.6898
48,4,355.3049,359.73213
48,5,355.33475,359.77636
48,6,355.36508,359.82265
48,7,355.39603,359.87115
48,8,355.4276,359.922
48,9,355.45993,359.97536
48,10,355.49307,360.03138
48,11,355.5271,360.09021
48,12,355.56213,360.152
48,13,355.5981,360.2221
48,14,355.63544,360.30532
48,15,355.67453,360.40099
48,16,355.71613,360.50846
48,17,355.76093,360.62707
48,18,355.8098,360.75615
48,19,355.86362,360.89506
48,20,355.92307,361.04313
48,21,355.98834,361.1997
48,22,356.05917,361.36412
48,23,356.13513,361.53572
48,24,356.2159,361.71384
48,25,356.30124,361.89784
48,26,356.39062,362.08704
48,27,356.48386,362.28079
48,28,356.5805,362.47843
48,29,356.68027,362.67931
48,30,356.78284,362.88276
48,31,356.8878,363.08812
48,32,356.99478,363.29474
48,33,357.10358,363.50196
48,34,357.21378,363.70911
48,35,357.325,363.91554
48,36,357.437,364.1206
48,37,357.54938,364.32361
48,38,357.66177,364.52393
48,39,357.77386,364.72089
48,40,357.8853,364.91384
48,41,357.99582,365.10211
48,42,358.105,365.28505
48,43,358.21255,365.462
48,44,358.3181,365.64163
48,45,358.4217,365.83226
48,46,358.5236,366.03268
48,47,358.62473,366.2417
48,48,358.72598,366.45813
48,49,358.82858,366.68076
48,50,358.9338,366.9084
48,51,359.04297,367.13985
48,52,359.15643,367.37391
48,53,359.2736,367.60938
48,54,359.3938,367.84508
48,55,359.51642,368.07979
48,56,359.64093,368.31233
48,57,359.7666,368.54149
48,58,359.89288,368.76608
48,59,360.01917,368.9849
48,60,360.14484,369.19676
48,61,360.26926,369.40045
48,62,360.39185,369.59477
48,63,360.512,369.77854
48,64,360.6291,369.95055
48,65,360.74255,370.10961
48,66,360.85175,370.25451
48,67,360.9561,370.38407
48,68,361.055,370.49708
48,69,361.14783,370.59234
48,70,361.23404,370.66866
48,71,361.31302,370.72484
48,72,361.38412,370.75969
48,73,361.44678,370.772
48,74,361.50043,370.77265
48,75,361.54474,370.77329
48,76,361.58008,370.77394
48,77,361.60727,370.77458
48,78,361.62756,370.77523
48,79,361.64264,370.77587
48,80,361.65457,370.77652
48,81,361.66562,370.77716
48,82,361.67706,370.77781
48,83,361.68884,370.77845
48,84,361.701,370.7791
48,85,361.7134,370.77974
48,86,361.72617,370.78039
48,87,361.7392,370.78103
48,88,361.75256,370.78168
48,89,361.76617,370.78232
48,90,361.78003,370.78297
48,91,361.7942,370.78361
48,92,361.8085,370.78426
48,93,361.82303,370.7849
48,94,361.8378,370.78555
48,95,361.85272,370.78619
48,96,361.86783,370.78684
48,97,361.8831,370.78748
48,98,361.89847,370.78813
48,99,361.914,370.78877
48,100,361.92966,370.78942
48,101,361.9454,370.79006
48,102,361.96124,370.79071
48,103,361.97714,370.79135
48,104,361.9931,370.792
48,105,362.0091,370.79265
48,106,362.02512,370.79329
48,107,362.0411,370.79394
48,108,362.05707,370.79458
48,109,362.07294,370.79523
48,110,362.08875,370.79587
48,111,362.1045,370.79652
48,112,362.12018,370.79716
48,113,362.13586,370.79781
48,114,362.15152,370.79845
48,115,362.16714,370.7991
48,116,362.18268,370.79974
48,117,362.19818,370.80039
48,118,362.2136,370.80103
48,119,362.2289,370.80168
48,120,362.24414,370.80232
48,121,362.25922,370.80297
48,122,362.27423,370.80361
48,123,362.28906,370.80426
48,124,362.30377,370.8049
48,125,362.3183,370.80555
48,126,362.3327,370.80619
48,127,362.3469,370.80684
48,128,362.36087,370.80748
48,129,362.37466,370.80813
48,130,362.38824,370.80877
48,131,362.40158,370.80942
48,132,362.41467,370.81006
48,133,362.42755,370.81071
48,134,362.44012,370.81135
48,135,362.45245,370.812
48,136,362.46448,370.8126
48,137,362.4762,370.81313
48,138,362.48764,370.8136
48,139,362.49875,370.814
48,140,362.50955,370.81436
48,141,362.52005,370.81467
48,142,362.53024,370.81496
48,143,362.5402,370.81523
48,144,362.55002,370.81548
48,145,362.5597,370.81573
48,146,362.56934,370.81599
48,147,362.57904,370.81626
48,148,362.5889,370.81655
48,149,362.59894,370.81688
48,150,362.60925,370.81726
48,151,362.6199,370.81768
48,152,362.63098,370.81816
48,153,362.64255,370.81872
48,154,362.6547,370.81935
48,155,362.66745,370.82007
48,156,362.68094,370.82089
48,157,362.69522,370.82181
48,158,362.7104,370.82285
48,159,362.7265,370.82401
48,160,362.7436,370.8253
48,161,362.76178,370.82674
48,162,362.78113,370.82833
48,163,362.8017,370.83008
48,164,362.8236,370.832
48,165,362.8469,370.84339
48,166,362.8719,370.87294
48,167,362.89935,370.91975
48,168,362.93033,370.9829
48,169,362.96613,371.06149
48,170,363.00812,371.15462
48,171,363.0579,371.26137
48,172,363.1169,371.38084
48,173,363.18567,371.51211
48,174,363.26364,371.65429
48,175,363.35025,371.80647
48,176,363.445,371.96773
48,177,363.54733,372.13718
48,178,363.6567,372.31389
48,179,363.77252,372.49698
48,180,363.89435,372.68552
48,181,364.02155,372.87861
48,182,364.1536,373.07535
48,183,364.28998,373.27482
48,184,364.43018,373.47613
48,185,364.57358,373.67835
48,186,364.71976,373.88059
48,187,364.868,374.08193
48,188,365.01797,374.28148
48,189,365.169,374.47832
48,190,365.32065,374.67154
48,191,365.4723,374.86024
48,192,365.6235,375.04351
48,193,365.77365,375.22044
48,194,365.92224,375.39013
48,195,366.06882,375.55167
48,196,366.21277,375.70884000000007
48,197,366.35373,375.86604
48,198,366.4915,376.02327
48,199,366.62613,376.18053
48,200,366.7579,376.3378000000001
48,201,366.88724,376.4951
48,202,367.0149,376.65242
48,203,367.14166,376.80975
48,204,367.2681,376.9671
48,205,367.39413,377.12446
48,206,367.51993,377.28184
48,207,367.64532,377.43922
48,208,367.77048,377.59661000000006
48,209,367.89536,377.754
48,210,368.02,377.9114
48,211,368.14438,378.0688
48,212,368.26855,378.2262
48,213,368.3925,378.38359
48,214,368.51627,378.54098
48,215,368.6399,378.69836
48,216,368.76334,378.85573
48,217,368.8867,379.01309
48,218,369.0099,379.17044
48,219,369.13306,379.32777
48,220,369.2561,379.48509
48,221,369.3791,379.64238
48,222,369.50204,379.79966
48,223,369.62497,379.95691
48,224,369.7479,380.11413
48,225,369.87082,380.27133
48,226,369.99377,380.43109
48,227,370.1168,380.59562
48,228,370.24002,380.76438
48,229,370.36365,380.93682
48,230,370.4879,381.11241
48,231,370.6132,381.29058
48,232,370.73984,381.47081
48,233,370.86838,381.65253000000007
48,234,370.99878,381.83521
48,235,371.13077,382.0183
48,236,371.264,382.20125
48,237,371.3983,382.38352
48,238,371.5332,382.56456
48,239,371.66852,382.74383
48,240,371.80392,382.92077
48,241,371.93912,383.09485
48,242,372.07382,383.26552
48,243,372.20773,383.43224
48,244,372.3405,383.59444
48,245,372.47192,383.7516
48,246,372.60168,383.90317
48,247,372.72946,384.04859
48,248,372.855,384.18733
48,249,372.978,384.31883
48,250,373.0982,384.44256
48,251,373.21524,384.55796
48,252,373.32895,384.66449
48,253,373.43893,384.76161
48,254,373.54498,384.84876
48,255,373.64676,384.92541
48,256,373.74402,384.991
48,257,373.8365,385.0479
48,258,373.92386,385.09885
48,259,374.006,385.14384
48,260,374.08286,385.18286
48,261,374.1546,385.21593
48,262,374.22144,385.24304
48,263,374.28384,385.26419
48,264,374.34247,385.27939
48,265,374.39764,385.28862
48,266,374.44943,385.29189
48,267,374.49783,385.28921
48,268,374.5429,385.28056
48,269,374.58463,385.26596
48,270,374.62308,385.2454
48,271,374.65823,385.21888
48,272,374.69012,385.1864
48,273,374.71884,385.14796
48,274,374.7443,385.10356
48,275,374.7666,385.05321
48,276,374.78574,384.99689
48,277,374.80173,384.93462
48,278,374.8146,384.86639
48,279,374.82437,384.79219
48,280,374.83105,384.71204
48,281,374.8347,384.62593
48,282,374.83527,384.53386
48,283,374.83282,384.43584
48,284,374.8274,384.33185
48,285,374.8189,384.2219
49,0,356.28223,359.5727
49,1,356.3028,359.61023
49,2,356.3237,359.64922
49,3,356.34506,359.6898
49,4,356.36694,359.73213
49,5,356.38953,359.77636
49,6,356.4129,359.82265
49,7,356.43713,359.87115
49,8,356.4624,359.922
49,9,356.48877,359.97536
49,10,356.51636,360.03138
49,11,356.5453,360.09021
49,12,356.57565,360.152
49,13,356.6076,360.2221
49,14,356.6414,360.30532
49,15,356.67752,360.40099
49,16,356.71692,360.50846
49,17,356.76038,360.62707
49,18,356.80887,360.75615
49,19,356.86343,360.89506
49,20,356.92502,361.04313
49,21,356.9939,361.1997
49,22,357.06967,361.36412
49,23,357.1519,361.53572
49,24,357.24014,361.71384
49,25,357.334,361.89784
49,26,357.43314,362.08704
49,27,357.537,362.28079
49,28,357.64526,362.47843
49,29,357.75748,362.67931
49,30,357.8732,362.88276
49,31,357.99207,363.08812
49,32,358.11368,363.29474
49,33,358.23755,363.50196
49,34,358.36334,363.70911
49,35,358.4906,363.91554
49,36,358.6189,364.1206
49,37,358.74786,364.32361
49,38,358.87708,364.52393
49,39,359.0061,364.72089
49,40,359.13455,364.91384
49,41,359.262,365.10211
49,42,359.38803,365.28505
49,43,359.51233,365.462
49,44,359.63434,365.64163
49,45,359.75406,365.83226
49,46,359.8718,366.03268
49,47,359.98843,366.2417
49,48,360.10504,366.45813
49,49,360.223,366.68076
49,50,360.3438,366.9084
49,51,360.46924,367.13985
49,52,360.59967,367.37391
49,53,360.7345,367.60938
49,54,360.87292,367.84508
49,55,361.01422,368.07979
49,56,361.15765,368.31233
49,57,361.3025,368.54149
49,58,361.44803,368.76608
49,59,361.59357,368.9849
49,60,361.73828,369.19676
49,61,361.88156,369.40045
49,62,362.02267,369.59477
49,63,362.16083,369.77854
49,64,362.29535,369.95055
49,65,362.42554,370.10961
49,66,362.5507,370.25451
49,67,362.67004,370.38407
49,68,362.78293,370.49708
49,69,362.8886,370.59234
49,70,362.98642,370.66866
49,71,363.07556,370.72484
49,72,363.1554,370.75969
49,73,363.22522,370.772
49,74,363.28424,370.77265
49,75,363.33218,370.77329
49,76,363.3693,370.77394
49,77,363.39642,370.77458
49,78,363.41495,370.77523
49,79,363.4269,370.77587
49,80,363.43472,370.77652
49,81,363.4413,370.77716
49,82,363.44824,370.77781
49,83,363.45554,370.77845
49,84,363.46313,370.7791
49,85,363.47098,370.77974
49,86,363.47916,370.78039
49,87,363.4876,370.78103
49,88,363.49628,370.78168
49,89,363.50522,370.78232
49,90,363.51437,370.78297
49,91,363.52374,370.78361
49,92,363.53333,370.78426
49,93,363.5431,370.7849
49,94,363.553,370.78555
49,95,363.56314,370.78619
49,96,363.57333,370.78684
49,97,363.58374,370.78748
49,98,363.59418,370.78813
49,99,363.60477,370.78877
49,100,363.61545,370.78942
49,101,363.62616,370.79006
49,102,363.63696,370.79071
49,103,363.6478,370.79135
49,104,363.6587,370.792
49,105,363.66956,370.79265
49,106,363.68042,370.79329
49,107,363.69125,370.79394
49,108,363.70206,370.79458
49,109,363.71268,370.79523
49,110,363.72327,370.79587
49,111,363.73376,370.79652
49,112,363.74426,370.79716
49,113,363.7548,370.79781
49,114,363.7653,370.79845
49,115,363.77582,370.7991
49,116,363.7863,370.79974
49,117,363.79678,370.80039
49,118,363.80725,370.80103
49,119,363.8176,370.80168
49,120,363.828,370.80232
49,121,363.83826,370.80297
49,122,363.8485,370.80361
49,123,363.85864,370.80426
49,124,363.86877,370.8049
49,125,363.8787,370.80555
49,126,363.8886,370.80619
49,127,363.8984,370.80684
49,128,363.90805,370.80748
49,129,363.9176,370.80813
49,130,363.927,370.80877
49,131,363.93628,370.80942
49,132,363.9454,370.81006
49,133,363.95438,370.81071
49,134,363.96317,370.81135
49,135,363.97183,370.812
49,136,363.98026,370.8126
49,137,363.98853,370.81313
49,138,363.9966,370.8136
49,139,364.00446,370.814
49,140,364.0121,370.81436
49,141,364.0195,370.81467
49,142,364.0267,370.81496
49,143,364.03366,370.81523
49,144,364.04047,370.81548
49,145,364.04712,370.81573
49,146,364.0537,370.81599
49,147,364.06027,370.81626
49,148,364.0668,370.81655
49,149,364.07343,370.81688
49,150,364.08014,370.81726
49,151,364.087,370.81768
49,152,364.0941,370.81816
49,153,364.1014,370.81872
49,154,364.109,370.81935
49,155,364.11694,370.82007
49,156,364.12527,370.82089
49,157,364.13403,370.82181
49,158,364.14328,370.82285
49,159,364.153,370.82401
49,160,364.16336,370.8253
49,161,364.17432,370.82674
49,162,364.1859,370.82833
49,163,364.1982,370.83008
49,164,364.21127,370.832
49,165,364.22516,370.84339
49,166,364.2401,370.87294
49,167,364.257,370.91975
49,168,364.27686,370.9829
49,169,364.30124,371.06149
49,170,364.3318,371.15462
49,171,364.37036,371.26137
49,172,364.41898,371.38084
49,173,364.47824,371.51211
49,174,364.54764,371.65429
49,175,364.62656,371.80647
49,176,364.71436,371.96773
49,177,364.8104,372.13718
49,178,364.91418,372.31389
49,179,365.02502,372.49698
49,180,365.1424,372.68552
49,181,365.2656,372.87861
49,182,365.3941,373.07535
49,183,365.52725,373.27482
49,184,365.6645,373.47613
49,185,365.80524,373.67835
49,186,365.94885,373.88059
49,187,366.09476,374.08193
49,188,366.24234,374.28148
49,189,366.39102,374.47832
49,190,366.54022,374.67154
49,191,366.68936,374.86024
49,192,366.8378,375.04351
49,193,366.985,375.22044
49,194,367.13034,375.39013
49,195,367.27325,375.55167
49,196,367.41324,375.70884000000007
49,197,367.5497,375.86604
49,198,367.6825,376.02327
49,199,367.8116,376.18053
49,200,367.9374,376.3378000000001
49,201,368.06042,376.4951
49,202,368.1815,376.65242
49,203,368.30167,376.80975
49,204,368.4216,376.9671
49,205,368.5413,377.12446
49,206,368.66077,377.28184
49,207,368.7801,377.43922
49,208,368.8992,377.59661000000006
49,209,369.0181,377.754
49,210,369.1369,377.9114
49,211,369.25552,378.0688
49,212,369.37402,378.2262
49,213,369.49243,378.38359
49,214,369.61072,378.54098
49,215,369.7289,378.69836
49,216,369.84702,378.85573
49,217,369.9651,379.01309
49,218,370.08313,379.17044
49,219,370.20108,379.32777
49,220,370.31906,379.48509
49,221,370.43704,379.64238
49,222,370.555,379.79966
49,223,370.673,379.95691
49,224,370.79105,380.11413
49,225,370.90912,380.27133
49,226,371.02725,380.43109
49,227,371.1455,380.59562
49,228,371.264,380.76438
49,229,371.383,380.93682
49,230,371.50275,381.11241
49,231,371.6237,381.29058
49,232,371.7464,381.47081
49,233,371.87134,381.65253000000007
49,234,371.99875,381.83521
49,235,372.1281,382.0183
49,236,372.25916,382.20125
49,237,372.39145,382.38352
49,238,372.52466,382.56456
49,239,372.6584,382.74383
49,240,372.79227,382.92077
49,241,372.9259,383.09485
49,242,373.05902,383.26552
49,243,373.19116,383.43224
49,244,373.322,383.59444
49,245,373.45117,383.7516
49,246,373.57825,383.90317
49,247,373.70303,384.04859
49,248,373.825,384.18733
49,249,373.94388,384.31883
49,250,374.05933,384.44256
49,251,374.17093,384.55796
49,252,374.27835,384.66449
49,253,374.38123,384.76161
49,254,374.47925,384.84876
49,255,374.57202,384.92541
49,256,374.6592,384.991
49,257,374.7404,385.0479
49,258,374.81537,385.09885
49,259,374.8838,385.14384
49,260,374.94565,385.18286
49,261,375.0011,385.21593
49,262,375.0503,385.24304
49,263,375.09393,385.26419
49,264,375.13272,385.27939
49,265,375.16724,385.28862
49,266,375.1974,385.29189
49,267,375.22324,385.28921
49,268,375.24487,385.28056
49,269,375.2622,385.26596
49,270,375.27542,385.2454
49,271,375.2844,385.21888
49,272,375.2892,385.1864
49,273,375.28992,385.14796
49,274,375.2865,385.10356
49,275,375.27893,385.05321
49,276,375.26733,384.99689
49,277,375.25168,384.93462
49,278,375.23196,384.86639
49,279,375.20822,384.79219
49,280,375.18048,384.71204
49,281,375.14874,384.62593
49,282,375.1131,384.53386
49,283,375.07343,384.43584
49,284,375.02982,384.33185
49,285,374.9823,384.2219
50,0,351.717,359.5727
50,1,351.7391,359.61023
50,2,351.76175,359.64922
50,3,351.78497,359.6898
50,4,351.8088,359.73213
50,5,351.83328,359.77636
50,6,351.85846,359.82265
50,7,351.88434,359.87115
50,8,351.911,359.922
50,9,351.93848,359.97536
50,10,351.96677,360.03138
50,11,351.99594,360.09021
50,12,352.02603,360.152
50,13,352.05707,360.2221
50,14,352.08926,360.30532
50,15,352.12308,360.40099
50,16,352.15915,360.50846
50,17,352.1983,360.62707
50,18,352.2414,360.75615
50,19,352.28918,360.89506
50,20,352.34238,361.04313
50,21,352.40118,361.1997
50,22,352.4652,361.36412
50,23,352.53415,361.53572
50,24,352.6076,361.71384
50,25,352.68524,361.89784
50,26,352.76675,362.08704
50,27,352.85175,362.28079
50,28,352.9399,362.47843
50,29,353.03082,362.67931
50,30,353.1242,362.88276
50,31,353.2197,363.08812
50,32,353.31696,363.29474
50,33,353.41562,363.50196
50,34,353.51535,363.70911
50,35,353.61578,363.91554
50,36,353.7166,364.1206
50,37,353.81747,364.32361
50,38,353.918,364.52393
50,39,354.01785,364.72089
50,40,354.11673,364.91384
50,41,354.21426,365.10211
50,42,354.3101,365.28505
50,43,354.40387,365.462
50,44,354.49527,365.64163
50,45,354.58423,365.83226
50,46,354.671,366.03268
50,47,354.75644,366.2417
50,48,354.84146,366.45813
50,49,354.92728,366.68076
50,50,355.01508,366.9084
50,51,355.10614,367.13985
50,52,355.20074,367.37391
50,53,355.29843,367.60938
50,54,355.39862,367.84508
50,55,355.5008,368.07979
50,56,355.60446,368.31233
50,57,355.7091,368.54149
50,58,355.81415,368.76608
50,59,355.91922,368.9849
50,60,356.02368,369.19676
50,61,356.12704,369.40045
50,62,356.22888,369.59477
50,63,356.32858,369.77854
50,64,356.42566,369.95055
50,65,356.5196,370.10961
50,66,356.60995,370.25451
50,67,356.69617,370.38407
50,68,356.7777,370.49708
50,69,356.85416,370.59234
50,70,356.92493,370.66866
50,71,356.98956,370.72484
50,72,357.04755,370.75969
50,73,357.09836,370.772
50,74,357.14148,370.77265
50,75,357.1767,370.77329
50,76,357.2042,370.77394
50,77,357.2247,370.77458
50,78,357.23944,370.77523
50,79,357.24985,370.77587
50,80,357.25772,370.77652
50,81,357.265,370.77716
50,82,357.2726,370.77781
50,83,357.2806,370.77845
50,84,357.28894,370.7791
50,85,357.29758,370.77974
50,86,357.3065,370.78039
50,87,357.3157,370.78103
50,88,357.3252,370.78168
50,89,357.33496,370.78232
50,90,357.34494,370.78297
50,91,357.35513,370.78361
50,92,357.36557,370.78426
50,93,357.3762,370.7849
50,94,357.38693,370.78555
50,95,357.39795,370.78619
50,96,357.40906,370.78684
50,97,357.4203,370.78748
50,98,357.43164,370.78813
50,99,357.4431,370.78877
50,100,357.45468,370.78942
50,101,357.46628,370.79006
50,102,357.47797,370.79071
50,103,357.48972,370.79135
50,104,357.5015,370.792
50,105,357.51328,370.79265
50,106,357.52502,370.79329
50,107,357.53668,370.79394
50,108,357.54816,370.79458
50,109,357.55942,370.79523
50,110,357.57034,370.79587
50,111,357.58096,370.79652
50,112,357.59125,370.79716
50,113,357.60117,370.79781
50,114,357.6108,370.79845
50,115,357.62015,370.7991
50,116,357.62915,370.79974
50,117,357.63797,370.80039
50,118,357.64655,370.80103
50,119,357.6549,370.80168
50,120,357.6631,370.80232
50,121,357.67108,370.80297
50,122,357.67892,370.80361
50,123,357.6867,370.80426
50,124,357.69434,370.8049
50,125,357.7019,370.80555
50,126,357.70944,370.80619
50,127,357.71692,370.80684
50,128,357.72437,370.80748
50,129,357.73184,370.80813
50,130,357.73938,370.80877
50,131,357.74692,370.80942
50,132,357.75455,370.81006
50,133,357.7623,370.81071
50,134,357.77017,370.81135
50,135,357.7782,370.812
50,136,357.78635,370.8126
50,137,357.79468,370.81313
50,138,357.80322,370.8136
50,139,357.81198,370.814
50,140,357.82095,370.81436
50,141,357.83017,370.81467
50,142,357.83954,370.81496
50,143,357.84918,370.81523
50,144,357.85904,370.81548
50,145,357.86914,370.81573
50,146,357.87952,370.81599
50,147,357.8902,370.81626
50,148,357.90115,370.81655
50,149,357.91248,370.81688
50,150,357.9241,370.81726
50,151,357.93607,370.81768
50,152,357.94843,370.81816
50,153,357.96118,370.81872
50,154,357.97433,370.81935
50,155,357.9879,370.82007
50,156,358.00195,370.82089
50,157,358.01642,370.82181
50,158,358.03137,370.82285
50,159,358.0468,370.82401
50,160,358.06274,370.8253
50,161,358.07928,370.82674
50,162,358.09625,370.82833
50,163,358.11386,370.83008
50,164,358.13202,370.832
50,165,358.1508,370.84339
50,166,358.17032,370.87294
50,167,358.19125,370.91975
50,168,358.21442,370.9829
50,169,358.24103,371.06149
50,170,358.27234,371.15462
50,171,358.30975,371.26137
50,172,358.3544,371.38084
50,173,358.40683,371.51211
50,174,358.46652,371.65429
50,175,358.5331,371.80647
50,176,358.6061,371.96773
50,177,358.68515,372.13718
50,178,358.76974,372.31389
50,179,358.85953,372.49698
50,180,358.95404,372.68552
50,181,359.0529,372.87861
50,182,359.1556,373.07535
50,183,359.2618,373.27482
50,184,359.37106,373.47613
50,185,359.48294,373.67835
50,186,359.59702,373.88059
50,187,359.71292,374.08193
50,188,359.83014,374.28148
50,189,359.94833,374.47832
50,190,360.06708,374.67154
50,191,360.18594,374.86024
50,192,360.3045,375.04351
50,193,360.42236,375.22044
50,194,360.53915,375.39013
50,195,360.65436,375.55167
50,196,360.76767,375.70884000000007
50,197,360.87866,375.86604
50,198,360.98724,376.02327
50,199,361.09338,376.18053
50,200,361.19736,376.3378000000001
50,201,361.29953,376.4951
50,202,361.40042,376.65242
50,203,361.50073,376.80975
50,204,361.6008,376.9671
50,205,361.70068,377.12446
50,206,361.80035,377.28184
50,207,361.89987,377.43922
50,208,361.99918,377.59661000000006
50,209,362.0984,377.754
50,210,362.19742,377.9114
50,211,362.29633,378.0688
50,212,362.39514,378.2262
50,213,362.4938,378.38359
50,214,362.59244,378.54098
50,215,362.69098,378.69836
50,216,362.78946,378.85573
50,217,362.8879,379.01309
50,218,362.98633,379.17044
50,219,363.08472,379.32777
50,220,363.1831,379.48509
50,221,363.2815,379.64238
50,222,363.3799,379.79966
50,223,363.47842,379.95691
50,224,363.5769,380.11413
50,225,363.6755,380.27133
50,226,363.77414,380.43109
50,227,363.87286,380.59562
50,228,363.97162,380.76438
50,229,364.0704,380.93682
50,230,364.16934,381.11241
50,231,364.26862,381.29058
50,232,364.3684,381.47081
50,233,364.46896,381.65253000000007
50,234,364.57022,381.83521
50,235,364.67218,382.0183
50,236,364.7746,382.20125
50,237,364.8774,382.38352
50,238,364.98038,382.56456
50,239,365.08347,382.74383
50,240,365.18646,382.92077
50,241,365.28928,383.09485
50,242,365.39175,383.26552
50,243,365.49374,383.43224
50,244,365.59512,383.59444
50,245,365.69577,383.7516
50,246,365.79556,383.90317
50,247,365.89432,384.04859
50,248,365.99194,384.18733
50,249,366.08835,384.31883
50,250,366.18332,384.44256
50,251,366.27682,384.55796
50,252,366.36862,384.66449
50,253,366.45862,384.76161
50,254,366.54678,384.84876
50,255,366.63287,384.92541
50,256,366.7168,384.991
50,257,366.79843,385.0479
50,258,366.87762,385.09885
50,259,366.95416,385.14384
50,260,367.02798,385.18286
50,261,367.09906,385.21593
50,262,367.16748,385.24304
50,263,367.2335,385.26419
50,264,367.29742,385.27939
50,265,367.35947,385.28862
50,266,367.41965,385.29189
50,267,367.47797,385.28921
50,268,367.53458,385.28056
50,269,367.58936,385.26596
50,270,367.64246,385.2454
50,271,367.69388,385.21888
50,272,367.74362,385.1864
50,273,367.79175,385.14796
50,274,367.8383,385.10356
50,275,367.8833,385.05321
50,276,367.92676,384.99689
50,277,367.96872,384.93462
50,278,368.00922,384.86639
50,279,368.04828,384.79219
50,280,368.08597,384.71204
50,281,368.12222,384.62593
50,282,368.15723,384.53386
50,283,368.19086,384.43584
50,284,368.2232,384.33185
50,285,368.25427,384.2219
