time_index,mean,std,p05,p25,p50,p75,p95,actual
0,965.5904,1.4028391,963.6394,964.6605,965.4551,966.5205,967.679,944.9395475700555
1,965.83154,1.3988196,963.88617,964.9098,965.70123,966.7573,967.92346,945.1381589251093
2,966.0701,1.3950697,964.1273,965.15643,965.9446,966.99146,968.165,945.3369753641944
3,966.3061,1.3915418,964.3659,965.396,966.2017,967.2328,968.40356,945.5360652486547
4,966.5396,1.3882387,964.6019,965.61957,966.45624,967.4792,968.63934,945.7354969398335
5,966.77045,1.3851305,964.8353,965.8408,966.6797,967.72253,968.8722,945.9353387990748
6,966.9989,1.3821957,965.0663,966.0598,966.90076,967.9783,969.1023,946.1356591877222
7,967.2248,1.3794218,965.29474,966.27655,967.11945,968.2414,969.32947,946.3365264671196
8,967.4483,1.376777,965.5208,966.4912,967.33594,968.4866,969.55396,946.5380089986106
9,967.6694,1.3742596,965.7444,966.7037,967.5502,968.688,969.77563,946.7401751435392
10,967.88806,1.3718562,965.9656,966.914,967.7606,968.88745,969.9946,946.9430932632489
11,968.1044,1.3695304,966.1844,967.12225,967.9428,969.0849,970.2108,947.1468317190836
12,968.31836,1.3672712,966.40094,967.3284,968.1238,969.2805,970.4243,947.3514588723868
13,968.5301,1.3650584,966.6152,967.5305,968.3086,969.4774,970.63525,947.5570430845025
14,968.7395,1.3628671,966.8272,967.72986,968.5055,969.68005,970.84344,947.7636527167742
15,968.9467,1.3607159,967.03687,967.93225,968.70087,969.8805,971.0491,947.9713561305459
16,969.15173,1.3585631,967.2444,968.15173,968.89465,970.07886,971.2516,948.1802216871613
17,969.35455,1.3563911,967.4498,968.3689,969.087,970.27515,971.4516,948.3903177479639
18,969.5552,1.3541946,967.653,968.5766,969.2779,970.46936,971.6493,948.6017126742977
19,969.75366,1.3519558,967.8541,968.7889,969.4673,970.66144,971.8447,948.8144748275063
20,969.95013,1.3496722,968.0531,969.009,969.65533,970.85754,972.0379,949.0286725689336
21,970.14453,1.3473135,968.2437,969.2146,969.8419,971.05176,972.2289,949.2443742599232
22,970.33685,1.3448775,968.432,969.4109,970.02734,971.2438,972.4172,949.4616482618188
23,970.52716,1.342352,968.6184,969.60034,970.2113,971.4337,972.6027,949.6805629359643
24,970.7156,1.339721,968.80316,969.78455,970.39404,971.62146,972.7859,949.9011866437033
25,970.90204,1.3369907,968.98615,969.9668,970.58496,971.80725,972.9667,950.1235877463797
26,971.08655,1.3341362,969.1674,970.14716,970.7739,971.991,973.14514,950.3478346053371
27,971.26917,1.3311536,969.347,970.3256,970.9603,972.1727,973.3213,950.5739955819193
28,971.45,1.3280352,969.52496,970.50226,971.1444,972.3526,973.4951,950.8021390374702
29,971.6289,1.32477,969.7013,970.6771,971.3259,972.53046,973.6667,951.032333333333
30,971.8061,1.3213552,969.8761,970.85016,971.5051,972.70636,973.83606,951.2645784695085
31,971.9812,1.3177651,970.0491,971.02106,971.68146,972.8801,974.0131,951.498601000621
32,972.1531,1.3139422,970.2191,971.19653,971.85376,973.0504,974.1864,951.7340591199522
33,972.3209,1.3098674,970.3855,971.38104,972.0211,973.2167,974.3543,951.9706110207835
34,972.4849,1.3055546,970.54834,971.5622,972.1838,973.3787,974.5169,952.2079148963956
35,972.6451,1.3010248,970.7077,971.7313,972.3417,973.5369,974.67444,952.4456289400703
36,972.8015,1.2963017,970.8635,971.89575,972.495,973.69104,974.82697,952.6834113450886
37,972.95404,1.2914367,971.0158,972.0539,972.6438,973.8414,974.97473,952.9209203047322
38,973.10297,1.2864015,971.1648,972.20575,972.7883,973.98785,975.1178,953.1578140122821
39,973.2482,1.2812772,971.3103,972.3545,972.93933,974.1306,975.2562,953.3937506610196
40,973.3899,1.2760551,971.45245,972.50006,973.0886,974.2697,975.3904,953.6283884442258
41,973.52814,1.2707683,971.5913,972.6425,973.2349,974.40515,975.5202,953.8613855551823
42,973.66284,1.2654531,971.7269,972.78015,973.3783,974.537,975.6459,954.0924001871701
43,973.7941,1.2601056,971.85925,972.90955,973.5186,974.6655,975.7676,954.3210905334707
44,973.92206,1.2547897,971.98846,973.0337,973.65594,974.7905,975.88544,954.5471147873654
45,974.04663,1.2495013,972.11444,973.163,973.7903,974.91223,975.99963,954.7701311421356
46,974.168,1.2442764,972.23724,973.282,973.92163,975.0286,976.1102,954.9897977910623
47,974.28625,1.2391331,972.35706,973.39435,974.0499,975.1426,976.2174,955.2057729274266
48,974.40125,1.2340876,972.47375,973.5025,974.1751,975.2549,976.32135,955.4177147445106
49,974.5133,1.2291609,972.5875,973.6135,974.2973,975.36316,976.4221,955.6252814355948
50,974.6222,1.2243778,972.6982,973.7227,974.4164,975.46765,976.5199,955.8281311939606
51,974.7282,1.2197515,972.80597,973.8286,974.53235,975.56934,976.61487,956.0259222128896
52,974.83124,1.2152911,972.9108,973.9317,974.6452,975.65594,976.7071,956.2183126856629
53,974.93146,1.2110193,973.0129,974.032,974.755,975.74164,976.79675,956.4049608055618
54,975.02893,1.2069474,973.1134,974.1294,974.8519,975.82886,976.88403,956.5855247658678
55,975.12354,1.2030809,973.2239,974.2241,974.94354,975.9137,976.969,956.7596627598618
56,975.2156,1.199429,973.33075,974.31604,975.03265,975.9962,977.0541,956.9270329808254
57,975.30493,1.1960417,973.43414,974.4051,975.1194,976.0804,977.1382,957.0872936220396
58,975.3917,1.1928703,973.5321,974.4916,975.20374,976.1648,977.22,957.2401028767858
59,975.47595,1.1899545,973.62634,974.5752,975.28577,976.24677,977.2996,957.3851189383455
60,975.55774,1.1872978,973.7171,974.6562,975.3657,976.3264,977.3771,957.5219999999998
61,975.6372,1.1849128,973.8043,974.73444,975.4435,976.40344,977.45245,957.6505206144534
62,975.7128,1.1827499,973.88654,974.80835,975.5178,976.4772,977.5244,957.7709207721043
63,975.78033,1.1807427,973.9593,974.8728,975.58417,976.54877,977.588,957.8835568227745
64,975.8371,1.1788489,974.0199,974.9255,975.63995,976.6122,977.6405,957.9887851162852
65,975.88367,1.1770773,974.0691,974.97107,975.6857,976.6676,977.6824,958.0869620024578
66,975.9205,1.1754777,974.1074,975.00964,975.72327,976.71106,977.71564,958.1784438311141
67,975.9481,1.1740834,974.13544,975.0451,975.7589,976.7426,977.75165,958.2635869520757
68,975.96716,1.1728966,974.15393,975.0696,975.7868,976.7398,977.7804,958.342747715164
69,975.9782,1.1719943,974.16327,975.0859,975.8077,976.74,977.8023,958.4162824702008
70,975.9817,1.1714014,974.1642,975.095,975.82587,976.75305,977.8179,958.4845475670071
71,975.9782,1.171151,974.15735,975.09735,975.83936,976.7609,977.82745,958.5478993554052
72,975.96826,1.1712738,974.1431,975.09357,975.8408,976.76324,977.83167,958.6066941852162
73,975.9524,1.1717857,974.1224,975.0842,975.83484,976.7604,977.8308,958.6612884062616
74,975.9313,1.1727377,974.09564,975.0696,975.8401,976.75287,977.8255,958.7120383683632
75,975.9052,1.1741475,974.0635,975.0459,975.80945,976.74115,977.81604,958.7593004213425
76,975.875,1.1760032,974.0265,975.01105,975.7936,976.7217,977.8029,958.8034309150207
77,975.841,1.1783472,973.98535,974.97235,975.77435,976.69446,977.78656,958.8447861992199
78,975.8039,1.1811565,973.9406,974.9303,975.7523,976.6641,977.7676,958.8837226237611
79,975.76416,1.1844307,973.8928,974.8849,975.7278,976.6311,977.7462,958.9205965384663
80,975.7223,1.1881651,973.8427,974.8319,975.7083,976.59607,977.7231,958.9557642931569
81,975.67883,1.192343,973.79584,974.77734,975.6648,976.56287,977.6972,958.9895822376542
82,975.63446,1.196915,973.7541,974.7217,975.6425,976.5288,977.66907,959.0224067217802
83,975.58954,1.2018706,973.7117,974.6654,975.6006,976.49414,977.64044,959.0545940953564
84,975.54486,1.2071586,973.6693,974.60944,975.556,976.4595,977.6118,959.0865007082041
85,975.5006,1.2127483,973.62744,974.55414,975.49585,976.4254,977.5837,959.1184829101447
86,975.45764,1.2185541,973.58673,974.50024,975.4335,976.3732,977.55634,959.1508970510001
87,975.4164,1.2245439,973.54767,974.44824,975.37317,976.3181,977.53033,959.1840994805918
88,975.37744,1.2306446,973.51086,974.3989,975.3157,976.2656,977.50616,959.2184465487413
89,975.3412,1.2368004,973.4768,974.3528,975.2617,976.22296,977.48425,959.25429460527
90,975.3083,1.2429248,973.4461,974.3103,975.21106,976.18713,977.465,959.2919999999997
91,975.2793,1.2489624,973.41925,974.2892,975.1685,976.1553,977.4489,959.331843074843
92,975.25366,1.2549331,973.39575,974.27625,975.1473,976.1268,977.43555,959.3738001400778
93,975.2282,1.2611609,973.37274,974.2637,975.1263,976.10785,977.4226,959.4177714980726
94,975.2009,1.267904,973.3379,974.2502,975.1035,976.1098,977.4085,959.4636574511964
95,975.1722,1.2751408,973.2995,974.22705,975.0792,976.1114,977.39343,959.511358301818
96,975.1421,1.2828473,973.25964,974.1963,975.0538,976.1263,977.37744,959.5607743523058
97,975.1111,1.2910432,973.2184,974.1646,975.02734,976.1433,977.36096,959.6118059050294
98,975.0793,1.2996762,973.1763,974.13226,975.0001,976.1609,977.3441,959.6643532623574
99,975.04706,1.308727,973.13354,974.0995,974.9725,976.1519,977.327,959.7183167266583
100,975.0147,1.3181744,973.08997,974.0591,974.9447,976.13794,977.31,959.7735966003012
101,974.98236,1.3279648,973.04315,974.00836,974.9169,976.12415,977.2932,959.8300931856548
102,974.9504,1.3380691,972.9966,973.9579,974.8895,976.1109,977.27716,959.8877067850883
103,974.9191,1.3484427,972.9507,973.9081,974.8627,976.0982,977.2636,959.94633770097
104,974.88873,1.35903,972.9057,973.85657,974.82837,976.0985,977.251,960.0058862356691
105,974.8596,1.3697567,972.8622,973.7898,974.78894,976.0956,977.23926,960.0662526915543
106,974.83185,1.3805958,972.8202,973.72485,974.7511,976.0677,977.2288,960.1273373709946
107,974.80585,1.391462,972.7803,973.68634,974.7151,976.0416,977.2197,960.1890405763586
108,974.782,1.4022791,972.7427,973.6574,974.6814,976.0176,977.21216,960.251262610015
109,974.76025,1.4129977,972.6991,973.6268,974.65027,975.99664,977.20654,960.3139037743332
110,974.74115,1.423532,972.65607,973.59827,974.62195,975.9961,977.20276,960.3768643716813
111,974.72485,1.4337845,972.6168,973.56213,974.5968,975.99677,977.2011,960.440044704429
112,974.7117,1.4437162,972.5816,973.5397,974.57513,975.977,977.20184,960.5033450749445
113,974.7019,1.4532331,972.5509,973.5117,974.5628,975.9667,977.20514,960.5666657855966
114,974.6957,1.4622551,972.525,973.4885,974.56006,975.9629,977.19604,960.6299071387547
115,974.6934,1.4706936,972.5045,973.47925,974.56104,975.9629,977.18896,960.6929694367869
116,974.6954,1.4784685,972.4896,973.47864,974.56604,975.96674,977.18634,960.7557529820626
117,974.7018,1.4855099,972.4808,973.48285,974.5754,975.97485,977.1886,960.8181580769506
118,974.71295,1.4917301,972.4784,973.492,974.58923,975.9883,977.1958,960.8800850238191
119,974.7291,1.4970458,972.4828,973.5065,974.608,976.00684,977.2085,960.9414341250377
120,974.7506,1.5013928,972.4944,973.5265,974.6254,976.0303,977.2268,961.0021056829751
121,974.77765,1.5046961,972.5136,973.55237,974.6494,976.05884,977.25116,961.0619999999998
122,974.81055,1.5068667,972.5408,973.58435,974.6803,976.09265,977.2817,961.121048085435
123,974.84875,1.5080303,972.57526,973.6221,974.71747,976.13135,977.31793,961.1793037764209
124,974.89,1.5086577,972.61383,973.66266,974.7583,976.1729,977.35736,961.2368516170512
125,974.9327,1.5091097,972.65405,973.70416,974.80066,976.2157,977.3983,961.2937761514206
126,974.97656,1.509406,972.6959,973.74695,974.8446,976.2598,977.44055,961.3501619236232
127,975.0217,1.5095323,972.73926,973.7909,974.8899,976.30493,977.4841,961.406093477753
128,975.068,1.509534,972.7838,973.8358,974.9366,976.35126,977.52875,961.4616553579044
129,975.1153,1.5093833,972.8299,973.8819,974.9844,976.39856,977.5745,961.5169321081715
130,975.1636,1.5090935,972.8771,973.92896,975.0333,976.4467,977.6213,961.5720082726486
131,975.2127,1.5086993,972.9253,973.9768,975.08325,976.4957,977.669,961.6269683954299
132,975.26276,1.5081809,972.9746,974.02545,975.13416,976.5454,977.71747,961.6818970206094
133,975.31335,1.5075678,973.0248,974.0749,975.18585,976.59576,977.7668,961.7368786922816
134,975.3647,1.506865,973.07574,974.1249,975.2382,976.6467,977.8167,961.7919979545405
135,975.4165,1.5060623,973.12744,974.17554,975.29126,976.69824,977.8672,961.8473393514804
136,975.4688,1.5051894,973.1797,974.2267,975.34485,976.7501,977.9182,961.9029874271954
137,975.5215,1.5042515,973.23254,974.27826,975.3988,976.8023,977.96954,961.9590267257798
138,975.57446,1.5032458,973.2857,974.3302,975.4531,976.85486,978.02124,962.0155417913278
139,975.6277,1.5021856,973.3393,974.38245,975.5077,976.9075,978.0731,962.0726171679335
140,975.681,1.501094,973.393,974.4348,975.56226,976.96027,978.1251,962.1303373996914
141,975.7343,1.4999521,973.4469,974.48737,975.61694,977.01306,978.1772,962.188787030695
142,975.78766,1.4987956,973.50073,974.54004,975.67163,977.0658,978.22925,962.2480506050397
143,975.8409,1.4976053,973.5545,974.5926,975.7261,977.1184,978.2811,962.3082126668185
144,975.8938,1.4964076,973.60815,974.64514,975.7803,977.1708,978.33276,962.369357760126
145,975.9465,1.4952058,973.66144,974.6975,975.83405,977.22284,978.3841,962.4315704290569
146,975.99884,1.4940109,973.71436,974.7496,975.88745,977.27454,978.4351,962.4949352177047
147,976.0507,1.4928247,973.7669,974.80145,975.9403,977.3257,978.48566,962.5595366701642
148,976.1019,1.4916636,973.8187,974.8529,975.9924,977.3764,978.53546,962.6254593305292
149,976.15265,1.4905189,973.87,974.90393,976.04376,977.4264,978.5848,962.6927877428939
150,976.20264,1.4894142,973.92053,974.95435,976.09436,977.47577,978.6333,962.7616064513528
151,976.2518,1.4883482,973.9701,975.00415,976.14386,977.52435,978.68097,962.8319999999998
152,976.30005,1.4873378,974.01874,975.05383,976.1924,977.572,978.7278,962.9039973928897
153,976.3477,1.486371,974.0666,975.1036,976.24005,977.61896,978.7738,962.9774054739187
154,976.39545,1.4854531,974.11456,975.15344,976.28784,977.6662,978.81995,963.0519755469434
155,976.444,1.4845449,974.1631,975.20404,976.3362,977.7142,978.8668,963.1274589158206
156,976.49304,1.4836477,974.2122,975.2552,976.38513,977.7627,978.9141,963.2036068844069
157,976.5426,1.4827579,974.2617,975.3068,976.4345,977.81165,978.9619,963.2801707565591
158,976.59235,1.4818755,974.3116,975.3587,976.48413,977.86084,979.00995,963.3569018361336
159,976.64233,1.4810083,974.36145,975.4109,976.53394,977.9102,979.05817,963.4335514269873
160,976.6923,1.4801353,974.4115,975.463,976.58374,977.9597,979.1064,963.5098708329767
161,976.74225,1.4792603,974.46136,975.51514,976.6335,978.00903,979.15454,963.5856113579587
162,976.79193,1.4783815,974.5111,975.567,976.68304,978.0582,979.20245,963.6605243057897
163,976.8413,1.4775152,974.5605,975.61847,976.7323,978.10706,979.2501,963.7343609803264
164,976.89026,1.4766306,974.6095,975.66956,976.781,978.1553,979.2973,963.806872685426
165,976.9384,1.4757346,974.6579,975.72,976.8292,978.203,979.3439,963.8778107249443
166,976.98596,1.4748355,974.7062,975.7696,976.8767,978.24994,979.38983,963.9469264027385
167,977.0326,1.4739232,974.75366,975.81836,976.92334,978.29596,979.43494,964.0139710226654
168,977.0782,1.4729804,974.8003,975.8661,976.9691,978.34094,979.47906,964.0786958885813
169,977.1227,1.4720166,974.8458,975.9127,977.0138,978.3849,979.52216,964.140852304343
170,977.1658,1.4710419,974.89026,975.95795,977.05725,978.4274,979.5641,964.2001915738072
171,977.2076,1.4700437,974.9334,976.00183,977.0994,978.4686,979.6046,964.2564650008308
172,977.2478,1.4690143,974.9751,976.0442,977.14014,978.5083,979.64386,964.3094238892697
173,977.2863,1.4679438,975.01526,976.08484,977.1792,978.54614,979.6815,964.3588195429816
174,977.32306,1.4668381,975.05383,976.1236,977.2168,978.5823,979.7174,964.4044032658225
175,977.3578,1.4656996,975.0906,976.16046,977.2524,978.61646,979.7516,964.4459263616492
176,977.39056,1.4645241,975.1255,976.1952,977.28613,978.64856,979.7839,964.4831401343183
177,977.4211,1.4632981,975.1584,976.2277,977.31775,978.67834,979.814,964.5157958876869
178,977.4492,1.4620479,975.18915,976.2578,977.3473,978.7059,979.8421,964.543644925611
179,977.4749,1.4607346,975.2177,976.2855,977.3745,978.73096,979.8678,964.5664385519476
180,977.49805,1.4593762,975.24384,976.31055,977.3993,978.75336,979.8911,964.5839280705538
181,977.5184,1.45798,975.26746,976.33185,977.4215,978.7731,979.912,964.5958647852854
182,977.5359,1.4565247,975.2886,976.3489,977.441,978.7898,979.9301,964.6019999999997
183,977.5503,1.4550339,975.3069,976.36285,977.45776,978.8036,979.94543,964.6022801861712
184,977.5617,1.4534994,975.3223,976.3734,977.4716,978.81433,979.95795,964.5974324857474
185,977.57007,1.4519184,975.33514,976.3809,977.48267,978.822,979.9678,964.588379208293
186,977.5759,1.4503022,975.34564,976.38556,977.49133,978.82715,979.9751,964.5760426633736
187,977.5797,1.4486731,975.35425,976.3881,977.49817,978.83014,979.9806,964.561345160554
188,977.58185,1.4470353,975.36145,976.389,977.5034,978.8316,979.9846,964.5452090093997
189,977.58295,1.4454068,975.36755,976.39575,977.5077,978.832,979.9876,964.528556519476
190,977.58344,1.4437875,975.37317,976.40204,977.5115,978.83167,979.9901,964.512310000348
191,977.5838,1.4421815,975.3787,976.4082,977.515,978.8313,979.9925,964.4973917615807
192,977.5846,1.440597,975.38464,976.4147,977.5189,978.83136,979.9952,964.4847241127397
193,977.58624,1.4390597,975.39124,976.42194,977.52234,978.8323,979.9988,964.4752293633898
194,977.58923,1.4375522,975.3992,976.4304,977.52563,978.83453,980.0011,964.4698298230967
195,977.59406,1.4360768,975.40875,976.4407,977.5309,978.8387,980.00397,964.4694478014253
196,977.60126,1.4346564,975.4205,976.4529,977.5383,978.84515,980.0092,964.4750056079407
197,977.61127,1.4332764,975.43475,976.4678,977.5486,978.8545,980.0173,964.4874255522083
198,977.62463,1.4319403,975.4521,976.4856,977.5622,978.8671,980.0285,964.5076299437934
199,977.6418,1.4306538,975.47284,976.50696,977.5796,978.88367,980.04346,964.5365410922611
200,977.6632,1.429415,975.4975,976.5322,977.6012,978.9044,980.0627,964.5750813071766
201,977.68945,1.4282243,975.52655,976.56177,977.62756,978.93005,980.0867,964.6241728981049
202,977.72095,1.4271004,975.56036,976.5961,977.6592,978.96094,980.1157,964.6847381746118
203,977.7582,1.4260188,975.5994,976.6358,977.69653,978.9977,980.15045,964.7576994462617
204,977.8018,1.4250034,975.6442,976.681,977.7402,979.04065,980.19135,964.8439790226206
205,977.8521,1.4240582,975.6951,976.7324,977.7904,979.09045,980.23895,964.9444992132534
206,977.90967,1.4231886,975.75256,976.79047,977.8479,979.1475,980.2936,965.0601823277251
207,977.975,1.422405,975.8171,976.85547,977.9131,979.21234,980.35583,965.191950675601
208,978.0485,1.4217259,975.8891,976.928,977.98645,979.2854,980.42615,965.3407265664467
209,978.1308,1.4211817,975.96906,977.00836,978.06836,979.36725,980.50507,965.5074323098269
210,978.2223,1.4207752,976.0573,977.09717,978.15955,979.45844,980.593,965.6929902153073
211,978.3234,1.420538,976.1545,977.1948,978.2603,979.55927,980.6905,965.8983225924527
212,978.4348,1.4205216,976.26086,977.3017,978.3712,979.67035,980.79803,966.1243517508284
213,978.557,1.4207522,976.3771,977.41833,978.4922,979.7923,980.9161,966.3719999999996
214,978.69037,1.4212947,976.50336,977.5452,978.6196,979.9254,981.0451,966.6418677314678
215,978.8386,1.4215714,976.6444,977.68677,978.7616,980.0696,981.1878,966.9332676644779
216,979.01166,1.4196848,976.8127,977.86127,978.9302,980.2334,981.35156,967.2451906002109
217,979.21533,1.414497,977.01556,978.07574,979.13196,980.4252,981.5405,967.576627339848
218,979.44775,1.4062324,977.2509,978.32086,979.3651,980.6433,981.75323,967.9265686845706
219,979.70734,1.3951508,977.51685,978.5926,979.6278,980.8862,981.9884,968.2940054355596
220,979.99243,1.3815361,977.81146,978.9049,979.91815,981.15247,982.24475,968.677928393996
221,980.3013,1.3657116,978.13934,979.241,980.23413,981.4404,982.5208,969.0773283610615
222,980.63226,1.3479899,978.4979,979.5696,980.559,981.7486,982.8153,969.4911961379364
223,980.98364,1.3287178,978.8809,979.93616,980.89557,982.07684,983.1269,969.9185225258024
224,981.3538,1.3082335,979.2848,980.3328,981.2473,982.4269,983.45776,970.3582983258406
225,981.741,1.2869228,979.7048,980.74817,981.6083,982.7925,983.80493,970.8095143392319
226,982.1436,1.265134,980.14276,981.1785,981.99786,983.1687,984.16547,971.2711613671577
227,982.5598,1.2432226,980.5966,981.6061,982.3926,983.5183,984.5378,971.7422302107988
228,982.98804,1.2215797,981.07733,982.0222,982.7897,983.9224,984.9509,972.2217116713365
229,983.4265,1.2005315,981.56274,982.4813,983.19226,984.3649,985.38635,972.708596549952
230,983.87354,1.1804434,982.02625,982.9556,983.63245,984.7875,985.83026,973.2018756478262
231,984.32733,1.1616144,982.4967,983.44635,984.0698,985.2163,986.2809,973.7005397661409
232,984.78625,1.1443361,982.9725,983.9507,984.5193,985.66077,986.688,974.2035797060762
233,985.24854,1.128868,983.4519,984.4471,984.9957,986.11096,987.1111,974.709986268814
234,985.7124,1.115404,983.9432,984.9449,985.4997,986.5489,987.58673,975.2187502555352
235,986.1763,1.1041279,984.4504,985.4422,986.0045,986.9581,988.0446,975.7288624674209
236,986.6383,1.0951118,984.95526,985.9304,986.44183,987.36755,988.50116,976.2393137056522
237,987.0966,1.0884023,985.4324,986.4049,986.9463,987.7935,988.9547,976.7490947714102
238,987.5497,1.083985,985.8938,986.87415,987.45056,988.27246,989.4037,977.2571964658764
239,987.9956,1.0817904,986.3473,987.31067,987.9485,988.735,989.8465,977.7626095902314
240,988.4327,1.0816923,986.7565,987.7169,988.4175,989.19495,990.2849,978.2643249456567
241,988.85913,1.0835137,987.1549,988.1119,988.8417,989.61707,990.73334,978.7613333333329
242,989.27313,1.0870582,987.5423,988.5232,989.2611,989.9635,991.17,979.2527874462239
243,989.67487,1.0920815,987.9188,988.9536,989.6916,990.2899,991.5951,979.7384875444195
244,990.0694,1.0981941,988.287,989.3561,990.1008,990.647,992.0128,980.2183957797929
245,990.46045,1.1052088,988.6517,989.75024,990.50665,991.0044,992.4265,980.6924743042161
246,990.84827,1.1130705,989.0132,990.12756,990.9093,991.3689,992.837,981.1606852695617
247,991.2329,1.12178,989.3766,990.50116,991.3087,991.7366,993.2436,981.6229908277023
248,991.6142,1.1312982,989.7519,990.87134,991.6987,992.1196,993.6466,982.0793531305104
249,991.9925,1.1415951,990.12286,991.23804,992.03076,992.502,994.04596,982.5297343298585
250,992.3677,1.1526546,990.48645,991.6013,992.35724,992.8984,994.44183,982.9740965776191
251,992.73975,1.1644619,990.84546,991.9614,992.7284,993.2919,994.8343,983.4124020256647
252,993.109,1.1769848,991.1861,992.31824,993.098,993.68243,995.2233,983.8446128258676
253,993.4752,1.190208,991.53564,992.672,993.4365,994.07947,995.609,984.2706911301007
254,993.83875,1.2040951,991.8826,993.0382,993.7644,994.48157,995.9915,984.6905990902364
255,994.1994,1.2186451,992.2271,993.403,994.1168,994.85736,996.37085,985.104298858147
256,994.5574,1.2338358,992.5691,993.7528,994.4385,995.2052,996.75305,985.5117525857049
257,994.91266,1.2496414,992.90857,994.10864,994.79364,995.56506,997.1482,985.9129224247833
258,995.2653,1.2660458,993.24414,994.44543,995.1737,995.95087,997.5333,986.3077705272541
259,995.6155,1.2830312,993.57684,994.7548,995.5516,996.33887,997.9012,986.6962590449899
260,995.96313,1.300576,993.9073,995.0839,995.92737,996.72455,998.2664,987.0783501298633
261,996.30835,1.318689,994.2357,995.4103,996.301,997.10815,998.6292,987.4540059337467
262,996.65125,1.3373169,994.56213,995.7274,996.64343,997.48956,998.9896,987.8231886085127
263,996.9918,1.356481,994.88654,996.05835,996.99536,997.86884,999.3493,988.1858603060336
264,997.33014,1.3761572,995.20905,996.40125,997.3575,998.24603,999.71204,988.5419831781824
265,997.6663,1.3963103,995.5296,996.7304,997.70074,998.6147,1000.0722,988.8915193768313
266,998.0003,1.4169626,995.8483,997.054,998.0362,998.97626,1000.4299,989.2344310538526
267,998.33234,1.4380895,996.1652,997.37604,998.3666,999.33545,1000.78094,989.5706803611193
268,998.66235,1.459678,996.4804,997.6964,998.708,999.6718,1001.1214,989.9002294505032
269,998.9904,1.4817193,996.7938,998.0154,999.03894,999.99536,1001.4596,990.2230404738776
270,999.3166,1.5042,997.1056,998.33276,999.36816,1000.3168,1001.7954,990.5390755831145
271,999.641,1.5271258,997.41583,998.64044,999.6956,1000.63617,1002.13086,990.8482969300867
272,999.9636,1.5504906,997.7244,998.9407,1000.0216,1000.9536,1002.4643,991.1506666666664
273,1000.2846,1.5742707,998.0023,999.2399,1000.3461,1001.2692,1002.7954,991.4463947953477
274,1000.6051,1.59848,998.2728,999.5492,1000.6704,1001.58734,1003.12537,991.7366827211109
275,1000.92883,1.6231195,998.5472,999.86316,1000.9979,1001.9425,1003.45734,992.0229796995571
276,1001.2584,1.6481279,998.82855,1000.18414,1001.33105,1002.31665,1003.7936,992.3067349862885
277,1001.59424,1.6735063,999.112,1000.51074,1001.66846,1002.6969,1004.1344,992.5893978369062
278,1001.9361,1.6992272,999.39996,1000.82513,1002.0149,1003.08325,1004.4816,992.8724175070117
279,1002.2844,1.7252523,999.69525,1001.13617,1002.3843,1003.4758,1004.8382,993.157243252207
280,1002.6392,1.7515482,999.998,1001.4534,1002.7603,1003.8746,1005.2001,993.4453243280931
281,1003.0008,1.7780787,1000.3082,1001.7771,1003.1432,1004.2681,1005.5677,993.7381099902719
282,1003.3691,1.804799,1000.6262,1002.10754,1003.53296,1004.63617,1005.9412,994.0370494943452
283,1003.7444,1.8316655,1000.952,1002.46106,1003.9299,1005.01086,1006.321,994.343592095914
284,1004.1269,1.8586233,1001.286,1002.8275,1004.334,1005.39246,1006.7073,994.6591870505804
285,1004.51654,1.885617,1001.62805,1003.20154,1004.7455,1005.78094,1007.1002,994.9852836139453
286,1004.91376,1.9125689,1001.9786,1003.5835,1005.1644,1006.18823,1007.50024,995.323331041611
287,1005.3186,1.9394376,1002.3376,1003.9734,1005.5752,1006.61285,1007.90753,995.6747785891787
288,1005.7312,1.9661462,1002.7052,1004.37146,1005.9872,1007.05286,1008.3241,996.04107551225
289,1006.1516,1.9926171,1003.0816,1004.7711,1006.40735,1007.50903,1008.7485,996.4236710664264
290,1006.58014,2.018783,1003.4671,1005.177,1006.83575,1007.97205,1009.18085,996.8240145073094
291,1007.01697,2.044558,1003.83923,1005.59204,1007.2727,1008.4454,1009.6216,997.2435550905009
292,1007.46216,2.069886,1004.2212,1006.0166,1007.71814,1008.9346,1010.07086,997.6837420716022
293,1007.91595,2.0946674,1004.6254,1006.4593,1008.1725,1009.4297,1010.52893,998.1460247062149
294,1008.37836,2.1188447,1005.0444,1006.91846,1008.63574,1009.9308,1010.99603,998.6318522499405
295,1008.8498,2.142324,1005.47455,1007.3713,1009.10803,1010.44025,1011.4724,999.1426739583806
296,1009.33014,2.1650314,1005.9165,1007.83154,1009.5896,1010.955,1011.9677,999.6799390871369
297,1009.8197,2.1868994,1006.37036,1008.31573,1010.0806,1011.47455,1012.47485,1000.2450968918109
298,1010.31866,2.207845,1006.8366,1008.80963,1010.5812,1011.99854,1012.99036,1000.8395966280041
299,1010.8271,2.2278042,1007.3157,1009.3134,1011.09155,1012.527,1013.5142,1001.464887551318
300,1011.34534,2.2467146,1007.80786,1009.8273,1011.6117,1013.0596,1014.04663,1002.122418917354
301,1011.87335,2.2644985,1008.31366,1010.3513,1012.14197,1013.59607,1014.5883,1002.813639981714
302,1012.4115,2.2811255,1008.8333,1010.8857,1012.6825,1014.13635,1015.1441,1003.54
303,1012.9597,2.2965147,1009.3673,1011.4306,1013.2334,1014.68256,1015.7106,1004.30247079435
304,1013.519,2.3107278,1009.9164,1011.9868,1013.79553,1015.23627,1016.28687,1005.100114453055
305,1014.0915,2.3238883,1010.48224,1012.5565,1014.37115,1015.7983,1016.8757,1005.9315156309422
306,1014.6783,2.3361917,1011.0654,1013.1409,1014.96136,1016.37067,1017.479,1006.795258982839
307,1015.2793,2.347657,1011.6656,1013.7397,1015.5661,1016.9532,1018.0949,1007.689929163574
308,1015.89417,2.3583572,1012.2824,1014.35266,1016.18494,1017.5459,1018.7232,1008.614110827974
309,1016.5226,2.368333,1012.91534,1014.9794,1016.81775,1018.14874,1019.37134,1009.5663886308669
310,1017.1643,2.3776453,1013.54407,1015.6094,1017.4641,1018.77203,1020.03864,1010.54534722708
311,1017.8191,2.386354,1014.1856,1016.25574,1018.1238,1019.45044,1020.7189,1011.549571271441
312,1018.4866,2.3944917,1014.84076,1016.94104,1018.7965,1020.1448,1021.4119,1012.5776454187788
313,1019.1666,2.4021444,1015.5093,1017.64044,1019.47925,1020.85535,1022.11743,1013.628154323919
314,1019.8588,2.4093215,1016.19073,1018.34686,1020.1508,1021.56665,1022.835,1014.699682641691
315,1020.563,2.4160995,1016.8848,1019.06274,1020.8337,1022.23816,1023.566,1015.790815026921
316,1021.2787,2.4225214,1017.5911,1019.7719,1021.5283,1022.9237,1024.3094,1016.9001361344378
317,1022.00586,2.4286084,1018.30945,1020.4768,1022.26276,1023.6311,1025.0642,1018.0262306190681
318,1022.7441,2.4344306,1019.03937,1021.19293,1023.00806,1024.3496,1025.8297,1019.1676831356399
319,1023.49304,2.4400036,1019.7805,1021.9115,1023.7641,1025.0962,1026.6057,1020.323078338981
320,1024.2524,2.445386,1020.5325,1022.6397,1024.5304,1025.898,1027.3921,1021.4910008839191
321,1025.0222,2.450585,1021.2951,1023.37823,1025.3068,1026.71,1028.1882,1022.670035425282
322,1025.8019,2.4556313,1022.0679,1024.127,1026.093,1027.532,1028.9938,1023.8587666178961
323,1026.5911,2.4605675,1022.8485,1024.8856,1026.8885,1028.3635,1029.8083,1025.05577911659
324,1027.3896,2.4654033,1023.6358,1025.654,1027.6675,1029.2045,1030.6317,1026.259657576192
325,1028.1974,2.4701438,1024.4324,1026.4722,1028.4359,1030.0205,1031.4634,1027.468986651529
326,1029.0138,2.4748209,1025.2378,1027.312,1029.2476,1030.8278,1032.3032,1028.682350997428
327,1029.8386,2.4794261,1026.052,1028.1288,1030.0803,1031.6707,1033.1505,1029.898335268718
328,1030.6716,2.4839787,1026.8745,1028.9531,1030.9045,1032.5215,1034.0052,1031.115524120225
329,1031.5126,2.4884653,1027.7051,1029.7859,1031.7368,1033.3798,1034.8668,1032.332502206779
330,1032.361,2.4928982,1028.5435,1030.6267,1032.5764,1034.2454,1035.735,1033.547854183205
331,1033.2167,2.4972723,1029.3892,1031.4755,1033.4235,1035.1179,1036.6093,1034.760164704332
332,1034.0793,2.5015788,1030.2418,1032.3319,1034.2773,1035.997,1037.4893,1035.968018424988
333,1034.9486,2.5057876,1031.1014,1033.2273,1035.138,1036.8823,1038.3746,1037.17
334,1035.8243,2.5099084,1031.9675,1034.1451,1035.9974,1037.7737,1039.2651,1038.364965240215
335,1036.7051,2.5139601,1032.8389,1035.0648,1036.8376,1038.6373,1040.1597,1039.552854580559
336,1037.5883,2.5180879,1033.7125,1035.9861,1037.6812,1039.4972,1041.0557,1040.733879611977
337,1038.4719,2.522382,1034.5864,1036.9075,1038.5413,1040.357,1041.9537,1041.908251925414
338,1039.3556,2.5268373,1035.4604,1037.8286,1039.408,1041.217,1042.8561,1043.076183111816
339,1040.2393,2.5313854,1036.3342,1038.7494,1040.2755,1042.0769,1043.7577,1044.237884762128
340,1041.1227,2.5360491,1037.2076,1039.6697,1041.1433,1042.9363,1044.6586,1045.393568467294
341,1042.0055,2.540789,1038.0806,1040.589,1042.0312,1043.7952,1045.5585,1046.543445818261
342,1042.8878,2.5455823,1038.9529,1041.4857,1042.9214,1044.6533,1046.457,1047.687728405972
343,1043.7692,2.5504177,1039.8242,1042.3811,1043.8105,1045.5107,1047.3544,1048.826627821374
344,1044.6494,2.5552564,1040.6946,1043.2607,1044.6986,1046.3668,1048.2501,1049.960355655412
345,1045.5286,2.5601006,1041.5636,1044.1233,1045.5852,1047.2217,1049.1442,1051.089123499031
346,1046.406,2.564894,1042.4314,1044.9486,1046.4701,1048.0751,1050.0361,1052.213142943175
347,1047.2819,2.569681,1043.2974,1045.7727,1047.3531,1048.9268,1050.9261,1053.332625578791
348,1048.1558,2.574398,1044.1616,1046.5951,1048.2339,1049.7766,1051.8137,1054.447782996823
349,1049.0277,2.579041,1045.0391,1047.4158,1049.1124,1050.6245,1052.6989,1055.558826788217
350,1049.8971,2.5835886,1045.9148,1048.2343,1049.9883,1051.47,1053.5813,1056.665968543918
351,1050.7642,2.5880365,1046.7885,1049.0505,1050.8612,1052.3132,1054.4666,1057.76941985487
352,1051.6284,2.5923765,1047.6599,1049.8643,1051.731,1053.1538,1055.3531,1058.86939231202
353,1052.4897,2.5965803,1048.5289,1050.6752,1052.5974,1053.9916,1056.2368,1059.966097506312
354,1053.348,2.6006339,1049.3954,1051.479,1053.4604,1054.8263,1057.1171,1061.059747028691
355,1054.2028,2.6045308,1050.2592,1052.2751,1054.3196,1055.658,1057.9941,1062.150552470103
356,1055.0542,2.608272,1051.12,1053.124,1055.1746,1056.4861,1058.8677,1063.238725421493
357,1055.9017,2.6118352,1051.9777,1053.9722,1056.0254,1057.3108,1059.7375,1064.324477473806
358,1056.7454,2.6152005,1052.832,1054.8165,1056.8816,1058.1316,1060.6035,1065.408020217988
359,1057.5848,2.6183858,1053.6831,1055.6569,1057.73,1058.9486,1061.4656,1066.489565244982
360,1058.4199,2.6213675,1054.5304,1056.493,1058.574,1059.7614,1062.3235,1067.569324145736
361,1059.2504,2.6241531,1055.3713,1057.3246,1059.3986,1060.574,1063.177,1068.647508511193
362,1060.0762,2.626717,1056.1917,1058.1516,1060.1943,1061.3834,1064.0261,1069.724329932299
363,1060.8969,2.629059,1057.0039,1058.9735,1060.9847,1062.1879,1064.8706,1070.8
364,1061.7124,2.6311922,1057.8116,1059.7904,1061.7825,1062.987,1065.7102,1071.87468054275
365,1062.523,2.6331258,1058.6147,1060.6023,1062.5803,1063.781,1066.5452,1072.948334339044
366,1063.3291,2.6349182,1059.4143,1061.4094,1063.3735,1064.5709,1067.3762,1074.020874404888
367,1064.1316,2.6365952,1060.2108,1062.2128,1064.1632,1065.3574,1068.2063,1075.092213756287
368,1064.9304,2.6381845,1061.0043,1063.0122,1064.9492,1066.1406,1069.034,1076.162265409246
369,1065.726,2.6397107,1061.7949,1063.8079,1065.7317,1066.9207,1069.8588,1077.230942379771
370,1066.5181,2.6411543,1062.5826,1064.5999,1066.5168,1067.711,1070.6804,1078.298157683865
371,1067.3069,2.6425397,1063.3677,1065.3739,1067.3241,1068.5012,1071.499,1079.363824337535
372,1068.0927,2.6438744,1064.1501,1066.138,1068.1208,1069.2878,1072.315,1080.427855356786
373,1068.8754,2.6451867,1064.9299,1066.899,1068.9135,1070.0712,1073.128,1081.490163757623
374,1069.6552,2.6464505,1065.7074,1067.6572,1069.7021,1070.8513,1073.9385,1082.550662556051
375,1070.4321,2.647714,1066.4824,1068.4338,1070.468,1071.6321,1074.7463,1083.609264768075
376,1071.2065,2.6489513,1067.2551,1069.2224,1071.229,1072.4138,1075.5515,1084.6658834097
377,1071.9781,2.6502106,1068.0256,1070.0083,1071.988,1073.193,1076.3545,1085.720431496931
378,1072.7474,2.6514742,1068.794,1070.7917,1072.7823,1073.9695,1077.1549,1086.772822045775
379,1073.5143,2.6527674,1069.5603,1071.5726,1073.575,1074.7437,1077.9375,1087.822968072235
380,1074.2789,2.6540875,1070.3246,1072.3513,1074.3658,1075.5155,1078.7091,1088.870782592317
381,1075.0414,2.6554594,1071.087,1073.1277,1075.1302,1076.285,1079.4783,1089.916178622027
382,1075.8018,2.6568704,1071.8477,1073.9021,1075.8843,1077.0526,1080.2454,1090.959069177368
383,1076.5602,2.658335,1072.5779,1074.6746,1076.6366,1077.8181,1081.0104,1091.999367274348
384,1077.3169,2.6598706,1073.306,1075.4452,1077.3857,1078.5817,1081.7733,1093.036985928969
385,1078.0718,2.6614747,1074.0326,1076.214,1078.1327,1079.3435,1082.5345,1094.071838157239
386,1078.8252,2.663152,1074.7565,1076.9812,1078.878,1080.1038,1083.294,1095.103836975161
387,1079.5769,2.6649013,1075.4752,1077.7471,1079.6218,1080.8623,1084.0519,1096.132895398742
388,1080.3274,2.6667507,1076.1927,1078.5115,1080.3644,1081.6198,1084.8083,1097.158926443986
389,1081.0765,2.6686773,1076.9092,1079.2745,1081.1056,1082.3755,1085.5635,1098.181843126898
390,1081.8246,2.6706977,1077.6248,1080.0334,1081.8457,1083.1302,1086.3173,1099.201558463484
391,1082.5715,2.6728094,1078.3518,1080.7834,1082.585,1083.884,1087.0701,1100.217985469748
392,1083.3175,2.6750178,1079.0947,1081.5089,1083.3231,1084.645,1087.8278,1101.231037161697
393,1084.0626,2.6773186,1079.8368,1082.2272,1084.0607,1085.4054,1088.5865,1102.240626555335
394,1084.8071,2.6797216,1080.5781,1082.9447,1084.7975,1086.1652,1089.3444,1103.246666666666
395,1085.5509,2.682215,1081.3188,1083.6619,1085.5339,1086.9244,1090.1014,1104.249187810611
396,1086.2894,2.6853375,1082.0537,1084.3733,1086.2651,1087.6782,1090.8534,1105.248689497737
397,1087.0078,2.6907847,1082.7664,1085.062,1086.9769,1088.4115,1091.5873,1106.245788537528
398,1087.697,2.6995816,1083.4475,1085.7174,1087.6609,1089.1154,1092.2949,1107.241101739467
399,1088.3593,2.7115514,1084.099,1086.3422,1088.3193,1089.7919,1092.9786,1108.235245913035
400,1088.9967,2.726458,1084.7235,1086.9387,1088.954,1090.4441,1093.64,1109.228837867717
401,1089.6116,2.7441192,1085.3234,1087.5094,1089.5671,1091.0793,1094.2814,1110.222494412994
402,1090.2059,2.7643545,1085.9008,1088.0565,1090.1608,1091.6942,1094.9043,1111.21683235835
403,1090.7821,2.7869468,1086.4581,1088.5828,1090.737,1092.2913,1095.5135,1112.212468513266
404,1091.3422,2.8117452,1086.9976,1089.0962,1091.2979,1092.8723,1096.1113,1113.210019687227
405,1091.8882,2.8385296,1087.5394,1089.6202,1091.8455,1093.4478,1096.7227,1114.210102689713
406,1092.4226,2.8671148,1088.0896,1090.1216,1092.3821,1094.0159,1097.3253,1115.213334330209
407,1092.9474,2.8973114,1088.6288,1090.6228,1092.9095,1094.5747,1097.921,1116.220331418196
408,1093.4647,2.9289098,1089.1604,1091.1274,1093.43,1095.1266,1098.5132,1117.231710763158
409,1093.9769,2.9617245,1089.6868,1091.626,1093.9457,1095.6915,1099.1028,1118.248089174577
410,1094.4861,2.9955218,1090.2102,1092.1208,1094.4585,1096.2471,1099.6909,1119.270083461936
411,1094.9943,3.0301251,1090.733,1092.6143,1094.9707,1096.746,1100.2794,1120.298310434717
412,1095.5039,3.0653112,1091.2573,1093.1089,1095.4841,1097.2549,1100.8699,1121.333386902404
413,1096.0171,3.1008632,1091.7855,1093.607,1096.0012,1097.78,1101.4641,1122.375929674478
414,1096.5356,3.1365497,1092.3201,1094.1111,1096.5238,1098.3108,1102.0638,1123.426555560423
415,1097.0624,3.172194,1092.8629,1094.6234,1097.0542,1098.8567,1102.6498,1124.485881369722
416,1097.599,3.207515,1093.4166,1095.1465,1097.5942,1099.4258,1103.2417,1125.554523911856
417,1098.1478,3.2423346,1093.9834,1095.6826,1098.1464,1099.9897,1103.8438,1126.63309999631
418,1098.711,3.2764168,1094.5654,1096.2345,1098.7124,1100.5684,1104.4575,1127.722226432564
419,1099.2908,3.3095024,1095.1652,1096.8042,1099.2852,1101.1635,1105.0846,1128.822520030103
420,1099.8893,3.341411,1095.7751,1097.39,1099.8759,1101.7776,1105.7267,1129.934597598409
421,1100.5088,3.3719172,1096.3938,1097.9971,1100.4869,1102.4185,1106.3853,1131.059075946964
422,1101.1514,3.4007735,1097.0203,1098.6292,1101.1205,1103.085,1107.0643,1132.196571885251
423,1101.8192,3.427762,1097.6685,1099.289,1101.7786,1103.7769,1107.7645,1133.347702222753
424,1102.5144,3.4526734,1098.3447,1099.9786,1102.4636,1104.4968,1108.4866,1134.513083768953
425,1103.2393,3.4752789,1099.0513,1100.7007,1103.1774,1105.2466,1109.2318,1135.693333333333
426,1103.996,3.495386,1099.7903,1101.4576,1103.9221,1106.0288,1110.0021,1136.888588694867
427,1104.8093,3.5100741,1100.5883,1102.2769,1104.7222,1106.8691,1110.8156,1138.09707151049
428,1105.7518,3.510763,1101.52,1103.2394,1105.6487,1107.84,1111.7247,1139.316524406629
429,1106.8643,3.4926326,1102.6273,1104.3914,1106.7424,1108.9812,1112.7585,1140.544690009711
430,1108.1329,3.4574747,1103.8962,1105.718,1107.9899,1110.2797,1113.9064,1141.779310946162
431,1109.5442,3.407163,1105.3126,1107.2427,1109.3665,1111.7214,1115.1577,1143.018129842409
432,1111.0841,3.3436973,1106.8624,1108.8938,1110.8662,1113.2932,1116.5804,1144.258889324878
433,1112.739,3.269227,1108.5311,1110.61,1112.4854,1114.9812,1118.1344,1145.499332019995
434,1114.4949,3.185889,1110.305,1112.2777,1114.26,1116.7719,1119.783,1146.737200554188
435,1116.338,3.096042,1112.1697,1114.137,1116.1248,1118.6036,1121.5106,1147.970237553882
436,1118.2544,3.002058,1114.1107,1116.1167,1118.044,1120.4523,1123.3004,1149.196185645505
437,1120.2303,2.9063234,1116.1143,1118.1422,1120.0413,1122.3572,1125.1389,1150.412787455483
438,1122.2522,2.811338,1118.2417,1120.2065,1122.0654,1124.2795,1126.9856,1151.617785610242
439,1124.3059,2.7195497,1120.454,1122.3135,1124.0178,1125.9457,1128.8605,1152.808922736209
440,1126.378,2.6333554,1122.688,1124.5022,1126.0981,1128.0408,1130.7643,1153.98394145981
441,1128.455,2.5549667,1124.928,1126.5696,1128.2129,1130.1583,1132.596,1155.140584407472
442,1130.5231,2.4863462,1127.1545,1128.71,1130.2211,1132.2725,1134.4187,1156.276594205622
443,1132.5691,2.429086,1129.1976,1130.8589,1132.3369,1134.3628,1136.2529,1157.389713480686
444,1134.58,2.3842854,1131.1769,1132.9705,1134.3612,1136.3406,1138.0607,1158.47768485909
445,1136.5421,2.35242,1133.0106,1134.8995,1136.3926,1138.2828,1139.8782,1159.538250967261
446,1138.443,2.3333695,1134.6909,1136.6135,1138.4644,1140.1974,1141.9938,1160.569154431626
447,1140.2694,2.326333,1136.2961,1138.4686,1140.4185,1142.0925,1144.0464,1161.568137878611
448,1142.0088,2.3299575,1137.8164,1140.2543,1142.0681,1143.8442,1145.7959,1162.532943934643
449,1143.6486,2.342422,1139.3622,1141.938,1143.6249,1145.475,1147.447,1163.461315226148
450,1145.176,2.3616245,1140.8512,1143.4758,1145.0898,1146.9951,1148.9973,1164.350994379553
451,1146.5789,2.3852973,1142.2197,1144.886,1146.5737,1148.4077,1150.4271,1165.199724021283
452,1147.8447,2.4111526,1143.3314,1146.2393,1147.9076,1149.6855,1151.7112,1166.005246777767
453,1148.9613,2.437046,1144.303,1147.4252,1149.0784,1150.7598,1152.7587,1166.76530527543
454,1149.9161,2.4610634,1145.1813,1148.4274,1150.0725,1151.6649,1153.6628,1167.477642140698
455,1150.6969,2.48161,1145.9457,1149.2316,1150.8765,1152.4448,1154.4133,1168.14
456,1151.2914,2.4974926,1146.5135,1149.8167,1151.4768,1153.0894,1154.9996,1168.750856021183
457,1151.7156,2.508518,1146.9025,1150.2338,1151.8923,1153.5575,1155.4341,1169.311625537791
458,1152.0547,2.5169914,1147.2047,1150.5503,1152.2177,1153.93,1155.7896,1169.824458424789
459,1152.3726,2.524989,1147.4897,1150.8484,1152.5234,1154.279,1156.1218,1170.291504557144
460,1152.6703,2.5324686,1147.7582,1151.1287,1152.8108,1154.5822,1156.4316,1170.71491380982
461,1152.9487,2.5394006,1148.011,1151.3923,1153.0803,1154.8552,1156.7202,1171.096836057783
462,1153.2089,2.5458214,1148.2488,1151.6399,1153.333,1155.1108,1156.9888,1171.439421176
463,1153.4515,2.5517087,1148.4724,1151.8724,1153.5697,1155.3508,1157.2382,1171.744819039435
464,1153.678,2.5570476,1148.6827,1152.0907,1153.7914,1155.5757,1157.4695,1172.015179523055
465,1153.8888,2.5619028,1148.8804,1152.3036,1153.9988,1155.7855,1157.6837,1172.252652501826
466,1154.0853,2.5662713,1149.0663,1152.5052,1154.1956,1155.9813,1157.882,1172.459387850712
467,1154.2681,2.5701706,1149.2413,1152.6929,1154.3784,1156.1641,1158.0653,1172.63753544468
468,1154.4384,2.5736318,1149.406,1152.8676,1154.5487,1156.3346,1158.2347,1172.789245158696
469,1154.597,2.5766904,1149.5613,1153.0303,1154.7074,1156.4939,1158.3914,1172.916666867725
470,1154.7449,2.579362,1149.708,1153.182,1154.8552,1156.6427,1158.5361,1173.021950446732
471,1154.883,2.5816886,1149.8468,1153.3236,1154.9934,1156.7821,1158.67,1173.107245770684
472,1155.0123,2.5837142,1149.9786,1153.4562,1155.1224,1156.913,1158.7943,1173.174702714547
473,1155.1338,2.5854561,1150.1041,1153.5807,1155.2438,1157.0364,1158.9098,1173.226471153285
474,1155.2483,2.586954,1150.2241,1153.698,1155.3582,1157.1528,1159.0177,1173.264700961866
475,1155.3568,2.588254,1150.3394,1153.8091,1155.4664,1157.2635,1159.1189,1173.291542015253
476,1155.4603,2.5893908,1150.4507,1153.915,1155.5698,1157.3694,1159.2145,1173.309144188414
477,1155.5596,2.5903802,1150.559,1154.0166,1155.669,1157.4712,1159.3055,1173.319657356314
478,1155.6558,2.5912654,1150.6647,1154.1151,1155.7649,1157.575,1159.393,1173.325231393918
479,1155.7496,2.5920813,1150.7688,1154.2141,1155.8586,1157.6775,1159.478,1173.328016176192
480,1155.8424,2.5928516,1150.8723,1154.3165,1155.9512,1157.7788,1159.5614,1173.330161578102
481,1155.9347,2.5936174,1150.9756,1154.4188,1156.0435,1157.88,1159.6445,1173.333817474614
482,1156.0277,2.5943997,1151.0796,1154.5216,1156.1362,1157.9817,1159.7281,1173.341133740694
483,1156.1221,2.5952141,1151.1852,1154.6259,1156.2327,1158.085,1159.8134,1173.354260251306
484,1156.219,2.5961108,1151.2932,1154.7322,1156.3322,1158.1906,1159.9012,1173.375346881417
485,1156.3193,2.5970986,1151.4042,1154.84,1156.4348,1158.295,1159.9928,1173.406543505994
486,1156.424,2.5981936,1151.519,1154.9515,1156.5415,1158.3881,1160.0889,1173.45
487,1156.5339,2.5994337,1151.6385,1155.068,1156.6531,1158.4885,1160.191,1173.507408537886
488,1156.65,2.6008456,1151.7633,1155.1898,1156.7697,1158.5967,1160.2996,1173.578630492037
489,1156.7725,2.6024864,1151.8933,1155.3174,1156.8916,1158.7124,1160.415,1173.663069534321
490,1156.9009,2.6043403,1152.0282,1155.4502,1157.016,1158.8354,1160.537,1173.760129336609
491,1157.0352,2.6064165,1152.1677,1155.5881,1157.1444,1158.9701,1160.6649,1173.869213570769
492,1157.1748,2.6087034,1152.3116,1155.731,1157.284,1159.1172,1160.7988,1173.98972590867
493,1157.3196,2.6111925,1152.4596,1155.878,1157.4287,1159.2706,1160.9382,1174.121070022181
494,1157.4691,2.6138365,1152.6113,1156.0293,1157.5781,1159.4293,1161.0828,1174.262649583171
495,1157.6232,2.6166549,1152.7667,1156.1846,1157.7319,1159.5919,1161.232,1174.413868263509
496,1157.7812,2.6196225,1152.9252,1156.3433,1157.8898,1159.7579,1161.3859,1174.574129735063
497,1157.9431,2.622743,1153.0865,1156.5038,1158.0514,1159.9269,1161.5437,1174.742837669704
498,1158.1084,2.6259682,1153.2507,1156.6658,1158.2163,1160.0989,1161.7054,1174.9193957393
499,1158.2769,2.6293397,1153.4172,1156.8304,1158.3829,1160.2734,1161.8706,1175.10320761572
500,1158.4482,2.632804,1153.5859,1156.9978,1158.5509,1160.4446,1162.0388,1175.293676970833
501,1158.6218,2.6363466,1153.7563,1157.1675,1158.721,1160.6172,1162.21,1175.490207476508
502,1158.7979,2.6399863,1153.9283,1157.3394,1158.8931,1160.792,1162.3834,1175.692202804614
503,1158.9756,2.6436992,1154.1018,1157.5127,1159.0667,1160.9719,1162.5591,1175.89906662702
504,1159.1548,2.6474814,1154.276,1157.6876,1159.2416,1161.1534,1162.7365,1176.110202615595
505,1159.3352,2.651296,1154.4512,1157.8635,1159.4175,1161.336,1162.9153,1176.325014442208
506,1159.5164,2.6551728,1154.6266,1158.045,1159.594,1161.5195,1163.0952,1176.542905778728
507,1159.6982,2.6590838,1154.8022,1158.2307,1159.771,1161.7034,1163.276,1176.763280297025
508,1159.8801,2.662996,1154.9778,1158.4165,1159.948,1161.8873,1163.457,1176.985541668966
509,1160.062,2.666927,1155.153,1158.602,1160.1246,1162.0714,1163.6384,1177.209093566421
510,1160.2434,2.6708536,1155.3275,1158.7827,1160.3008,1162.2576,1163.8195,1177.43333966126
511,1160.4241,2.6747518,1155.5011,1158.9614,1160.4761,1162.4427,1163.9998,1177.65768362535
512,1160.6036,2.6786475,1155.6733,1159.1388,1160.6501,1162.627,1164.1793,1177.881529130562
513,1160.7817,2.6825182,1155.8444,1159.3146,1160.8229,1162.8097,1164.3578,1178.104279848764
514,1160.9581,2.6863265,1156.0134,1159.4885,1160.9937,1162.9899,1164.5345,1178.325339451825
515,1161.1324,2.6900802,1156.1804,1159.6603,1161.1625,1163.1655,1164.7095,1178.544111611614
516,1161.3043,2.6937726,1156.3452,1159.8296,1161.3289,1163.3385,1164.8822,1178.76
517,1161.4736,2.697378,1156.5073,1159.9961,1161.4926,1163.5084,1165.0522,1178.972519106779
518,1161.639,2.7008886,1156.6656,1160.1584,1161.6523,1163.6743,1165.2189,1179.181626693454
519,1161.7976,2.7041943,1156.8171,1160.314,1161.8054,1163.8329,1165.3795,1179.387391339455
520,1161.948,2.7072055,1156.9602,1160.4602,1161.9501,1163.982,1165.5326,1179.589881624213
521,1162.0906,2.7099671,1157.095,1160.5977,1162.0867,1164.1224,1165.6787,1179.789166127158
522,1162.2257,2.7124872,1157.2222,1160.7273,1162.2156,1164.2544,1165.8182,1179.985313427718
523,1162.3539,2.714765,1157.3422,1160.8492,1162.3374,1164.3788,1165.9514,1180.178392105325
524,1162.4755,2.7168229,1157.4553,1160.968,1162.4528,1164.4994,1166.0789,1180.368470739409
525,1162.5911,2.7186716,1157.5624,1161.0842,1162.5618,1164.614,1166.2008,1180.555617909399
526,1162.7009,2.720336,1157.6636,1161.1948,1162.665,1164.7228,1166.3176,1180.739902194726
527,1162.8057,2.7218266,1157.7596,1161.3003,1162.763,1164.8262,1166.4298,1180.921392174819
528,1162.9055,2.723168,1157.8507,1161.4014,1162.8561,1164.9314,1166.5376,1181.10015642911
529,1163.0012,2.7243488,1157.9375,1161.498,1162.9448,1165.0326,1166.6414,1181.276263537027
530,1163.0929,2.7254105,1158.0204,1161.5912,1163.0295,1165.1301,1166.7418,1181.449782078001
531,1163.1812,2.7263534,1158.0999,1161.6807,1163.1191,1165.2244,1166.839,1181.620780631463
532,1163.2665,2.7271814,1158.1764,1161.7676,1163.2075,1165.3159,1166.9335,1181.789327776841
533,1163.3492,2.7279458,1158.2504,1161.8517,1163.2935,1165.405,1167.0255,1181.955492093566
534,1163.4298,2.7286034,1158.3224,1161.9338,1163.3777,1165.4922,1167.1156,1182.119342161069
535,1163.5088,2.7292056,1158.393,1162.0143,1163.4601,1165.5775,1167.2039,1182.280946558778
536,1163.5864,2.7297635,1158.4624,1162.0935,1163.5414,1165.6617,1167.2911,1182.440373866125
537,1163.6633,2.7302454,1158.5312,1162.1719,1163.6221,1165.7452,1167.3774,1182.59769266254
538,1163.7397,2.7307029,1158.6,1162.2489,1163.7021,1165.8284,1167.4634,1182.752971527451
539,1163.8164,2.731159,1158.669,1162.3248,1163.7822,1165.9115,1167.5492,1182.90627904029
540,1163.8934,2.7315724,1158.7389,1162.4011,1163.8629,1165.995,1167.6353,1183.057683780487
541,1163.9714,2.7319727,1158.81,1162.4785,1163.9442,1166.0793,1167.7222,1183.207254327471
542,1164.0509,2.7323897,1158.8829,1162.557,1164.0267,1166.165,1167.81,1183.355059260673
543,1164.1323,2.7328155,1158.958,1162.6375,1164.1108,1166.2522,1167.8994,1183.501167159523
544,1164.2158,2.733243,1159.0359,1162.7198,1164.1969,1166.3416,1167.9906,1183.64564660345
545,1164.302,2.7337134,1159.1168,1162.8049,1164.2854,1166.4331,1168.0841,1183.788566171886
546,1164.3914,2.7341797,1159.2014,1162.893,1164.3765,1166.5277,1168.1799,1183.929994444259
547,1164.4844,2.7346957,1159.2902,1162.9845,1164.4707,1166.6255,1168.279,1184.07
548,1164.5814,2.7352514,1159.3834,1163.0797,1164.5686,1166.727,1168.3813,1184.208665393426
549,1164.6825,2.7358093,1159.4814,1163.179,1164.67,1166.8324,1168.4873,1184.3461290784
550,1164.7869,2.7362309,1159.5837,1163.2816,1164.7748,1166.9414,1168.5964,1184.482543483673
551,1164.8938,2.736456,1159.6895,1163.3867,1164.8823,1167.0535,1168.7081,1184.618061037997
552,1165.0029,2.7364817,1159.7986,1163.494,1164.9924,1167.1687,1168.8224,1184.75283417012
553,1165.1143,2.73632,1159.9108,1163.6036,1165.105,1167.2866,1168.9391,1184.887015308794
554,1165.2277,2.735996,1160.0259,1163.7153,1165.2197,1167.4073,1169.058,1185.020756882769
555,1165.343,2.7355132,1160.1438,1163.829,1165.3368,1167.5306,1169.179,1185.154211320797
556,1165.46,2.7349112,1160.2642,1163.9446,1165.4558,1167.6562,1169.3019,1185.287531051626
557,1165.5787,2.7341826,1160.387,1164.0616,1165.5768,1167.784,1169.4268,1185.420868504009
558,1165.6991,2.7333634,1160.512,1164.1807,1165.6995,1167.9141,1169.5532,1185.554376106695
559,1165.8207,2.7324557,1160.6389,1164.3008,1165.8237,1168.0459,1169.6813,1185.688206288435
560,1165.9436,2.731476,1160.7677,1164.4224,1165.9495,1168.1796,1169.8109,1185.82251147798
561,1166.0676,2.7304585,1160.898,1164.5452,1166.0764,1168.3148,1169.9417,1185.95744410408
562,1166.1926,2.7294092,1161.0298,1164.6691,1166.2048,1168.4409,1170.0736,1186.093156595486
563,1166.3185,2.7283509,1161.1627,1164.7937,1166.334,1168.5671,1170.2067,1186.229801380948
564,1166.4451,2.727291,1161.2968,1164.9193,1166.4641,1168.6927,1170.3406,1186.367530889217
565,1166.5723,2.726231,1161.4316,1165.0457,1166.5951,1168.8081,1170.4752,1186.506497549043
566,1166.7,2.7252424,1161.567,1165.1724,1166.7266,1168.9235,1170.6106,1186.646853789177
567,1166.8279,2.7242637,1161.703,1165.2996,1166.8586,1169.0386,1170.7463,1186.788752038369
568,1166.956,2.7233658,1161.8394,1165.4271,1166.991,1169.1537,1170.8824,1186.93234472537
569,1167.0844,2.7225723,1161.9756,1165.5548,1167.1235,1169.2686,1171.0188,1187.077784278931
570,1167.2124,2.7218583,1162.1119,1165.6825,1167.2561,1169.3832,1171.1553,1187.225223127802
571,1167.3403,2.721254,1162.2478,1165.81,1167.3887,1169.4972,1171.2917,1187.374813700734
572,1167.468,2.7207713,1162.3833,1165.9375,1167.5208,1169.6107,1171.428,1187.526708426477
573,1167.5952,2.7204578,1162.5181,1166.0645,1167.6527,1169.7238,1171.564,1187.681059733781
574,1167.7217,2.7202687,1162.6521,1166.191,1167.7842,1169.8359,1171.6993,1187.838020051398
575,1167.8475,2.7202716,1162.785,1166.3138,1167.9148,1169.9473,1171.8342,1187.997741808078
576,1167.9725,2.720456,1162.9167,1166.4314,1168.0448,1170.0579,1171.9684,1188.160377432571
577,1168.0966,2.7208438,1163.047,1166.5479,1168.1738,1170.1675,1172.1018,1188.326079353628
578,1168.2195,2.7214222,1163.1757,1166.663,1168.3018,1170.276,1172.2341,1188.495
579,1168.3411,2.7222774,1163.3025,1166.7767,1168.4285,1170.3833,1172.3654,1188.667190195056
580,1168.4614,2.7233334,1163.4276,1166.8888,1168.5541,1170.4896,1172.4955,1188.842294340648
581,1168.5806,2.7246447,1163.5509,1166.9978,1168.6785,1170.5947,1172.6246,1189.019855233245
582,1168.6991,2.726147,1163.673,1167.1061,1168.802,1170.6993,1172.753,1189.199415669317
583,1168.8168,2.7278147,1163.7942,1167.2136,1168.9249,1170.8035,1172.8809,1189.380518445335
584,1168.9341,2.7296422,1163.9144,1167.3259,1169.0474,1170.9072,1173.008,1189.562706357769
585,1169.0513,2.731579,1164.034,1167.4468,1169.1697,1171.0109,1173.1354,1189.745522203089
586,1169.1683,2.7335691,1164.1536,1167.5675,1169.2917,1171.1146,1173.2625,1189.928508777764
587,1169.2854,2.7356105,1164.2731,1167.6881,1169.4138,1171.2188,1173.3895,1190.111208878265
588,1169.4028,2.7376664,1164.3927,1167.8091,1169.5361,1171.3232,1173.517,1190.293165301062
589,1169.5208,2.7396777,1164.513,1167.9304,1169.6589,1171.4285,1173.6448,1190.473920842626
590,1169.6393,2.7416277,1164.6338,1168.0525,1169.7823,1171.5347,1173.7733,1190.653018299426
591,1169.7587,2.7434945,1164.7596,1168.1755,1169.9065,1171.6417,1173.9025,1190.830000467933
592,1169.8793,2.7452095,1164.891,1168.2997,1170.0315,1171.7502,1174.0326,1191.004410144616
593,1170.0009,2.7467656,1165.0237,1168.4253,1170.1578,1171.8601,1174.1638,1191.175790125946
594,1170.124,2.7481248,1165.1581,1168.5525,1170.2854,1171.9739,1174.2964,1191.343683208393
595,1170.2485,2.7492363,1165.2942,1168.6816,1170.4143,1172.0906,1174.4302,1191.507632188427
596,1170.3751,2.7500794,1165.4323,1168.8127,1170.5449,1172.2092,1174.5657,1191.667179862518
597,1170.5034,2.7506118,1165.5729,1168.9443,1170.6775,1172.3301,1174.7029,1191.821869027137
598,1170.634,2.7508094,1165.7158,1169.0721,1170.8119,1172.4534,1174.8422,1191.971242478753
599,1170.7668,2.7506373,1165.8615,1169.2017,1170.9485,1172.5791,1174.9833,1192.114843013836
600,1170.9022,2.7500575,1166.0101,1169.3334,1171.0875,1172.7078,1175.1267,1192.252213428857
601,1171.0403,2.7490265,1166.1565,1169.4672,1171.229,1172.8394,1175.2726,1192.382896520286
602,1171.1813,2.7475395,1166.3044,1169.6034,1171.3733,1172.9741,1175.421,1192.506435084592
603,1171.3252,2.7455251,1166.4554,1169.742,1171.5203,1173.1122,1175.5723,1192.622371918247
604,1171.4724,2.743007,1166.6093,1169.8833,1171.6704,1173.2537,1175.7263,1192.73024981772
605,1171.6229,2.7399113,1166.7665,1170.0272,1171.8239,1173.3989,1175.8834,1192.829611579481
606,1171.7772,2.736219,1166.9271,1170.1707,1171.9805,1173.5483,1176.0438,1192.92
607,1171.9352,2.7319164,1167.0914,1170.3135,1172.1409,1173.7015,1176.2075,1193.001099302309
608,1172.0969,2.7269893,1167.2593,1170.4587,1172.3047,1173.8589,1176.3745,1193.073159415683
609,1172.2616,2.7214725,1167.4299,1170.6057,1172.4713,1174.0203,1176.5442,1193.136571695957
610,1172.429,2.7154083,1167.6029,1170.7554,1172.6332,1174.1848,1176.7158,1193.191727498968
611,1172.5988,2.7087882,1167.778,1170.9105,1172.7952,1174.3527,1176.8894,1193.239018180552
612,1172.7708,2.7017043,1167.9518,1171.0665,1172.9587,1174.5236,1177.0648,1193.278835096545
613,1172.945,2.6941779,1168.1274,1171.2235,1173.1238,1174.6974,1177.242,1193.311569602784
614,1173.1213,2.686269,1168.3049,1171.3906,1173.2904,1174.874,1177.4208,1193.337613055103
615,1173.2996,2.6779687,1168.4841,1171.5729,1173.4583,1175.0533,1177.601,1193.357356809341
616,1173.4797,2.6693656,1168.6649,1171.7574,1173.6273,1175.2352,1177.7827,1193.371192221332
617,1173.6615,2.6604848,1168.8473,1171.9443,1173.7976,1175.4192,1177.9658,1193.379510646913
618,1173.845,2.651341,1169.0486,1172.1332,1173.969,1175.6056,1178.1503,1193.382703441919
619,1174.0299,2.6420054,1169.2543,1172.3242,1174.1414,1175.794,1178.3358,1193.381161962188
620,1174.2163,2.6325133,1169.4617,1172.5168,1174.3147,1175.9425,1178.5226,1193.375277563554
621,1174.4039,2.6228828,1169.6703,1172.7113,1174.489,1176.0922,1178.7102,1193.365441601855
622,1174.5928,2.6131537,1169.8804,1172.9072,1174.6641,1176.2653,1178.8988,1193.352045432927
623,1174.7826,2.6033838,1170.0914,1173.0853,1174.8397,1176.4478,1179.0881,1193.335480412604
624,1174.9734,2.593601,1170.3037,1173.2634,1175.0272,1176.6416,1179.2783,1193.316137896725
625,1175.165,2.5838244,1170.517,1173.442,1175.2261,1176.836,1179.4691,1193.294409241124
626,1175.3573,2.574117,1170.7308,1173.6212,1175.4258,1177.0361,1179.629,1193.270685801637
627,1175.5503,2.564479,1170.9456,1173.8007,1175.6262,1177.2456,1179.7809,1193.245358934102
628,1175.7438,2.5549607,1171.1608,1174.0165,1175.8271,1177.4558,1179.9329,1193.218819994354
629,1175.9376,2.545568,1171.3765,1174.2341,1176.0286,1177.6665,1180.085,1193.191460338229
630,1176.1318,2.5363765,1171.5924,1174.4521,1176.2303,1177.8777,1180.237,1193.163671321564
631,1176.326,2.527352,1171.8086,1174.6705,1176.4323,1178.0891,1180.3892,1193.135844300193
632,1176.5205,2.5185673,1172.0249,1174.8889,1176.6343,1178.3005,1180.5414,1193.108370629955
633,1176.7148,2.5100124,1172.2412,1175.1073,1176.8362,1178.5118,1180.6936,1193.081641666684
634,1176.9089,2.5017254,1172.4572,1175.3254,1177.0377,1178.7231,1180.8458,1193.056048766217
635,1177.1029,2.4937344,1172.673,1175.5432,1177.2239,1178.9338,1180.9979,1193.03198328439
636,1177.2965,2.4860141,1172.8884,1175.7605,1177.4095,1179.1521,1181.15,1193.009836577039
637,1177.4895,2.4786308,1173.1034,1175.977,1177.5946,1179.3704,1181.302,1192.99
638,1177.682,2.4715755,1173.3176,1176.1927,1177.7792,1179.5466,1181.4539,1192.972777863249
639,1177.874,2.4648497,1173.5314,1176.4077,1177.9631,1179.7073,1181.6057,1192.95812629332
640,1178.0659,2.4584558,1173.7457,1176.6221,1178.1471,1179.8684,1181.7712,1192.945914370887
641,1178.2583,2.4523692,1173.9791,1176.8364,1178.3313,1180.052,1181.9507,1192.936011176623
642,1178.451,2.4466064,1174.2124,1177.0511,1178.5159,1180.2537,1182.1309,1192.928285791201
643,1178.6442,2.441124,1174.4454,1177.2659,1178.7009,1180.4554,1182.3118,1192.922607295297
644,1178.838,2.4359448,1174.6785,1177.4795,1178.8865,1180.6578,1182.4935,1192.918844769582
645,1179.0322,2.4310322,1174.9097,1177.6906,1179.0725,1180.8403,1182.676,1192.916867294731
646,1179.2272,2.4263806,1175.1394,1177.9022,1179.2592,1181.0277,1182.8594,1192.916543951418
647,1179.4227,2.4219773,1175.3691,1178.1141,1179.4464,1181.2156,1183.0435,1192.917743820315
648,1179.619,2.4178379,1175.5991,1178.3268,1179.6344,1181.4039,1183.2283,1192.920335982098
649,1179.816,2.413916,1175.8295,1178.5398,1179.8398,1181.593,1183.4138,1192.924189517438
650,1180.0139,2.4102209,1176.0602,1178.7454,1180.0542,1181.7828,1183.6003,1192.929173507011
651,1180.2125,2.4067492,1176.2914,1178.9496,1180.2421,1181.9734,1183.7877,1192.93515703149
652,1180.4121,2.403475,1176.523,1179.1545,1180.4222,1182.1648,1183.9758,1192.942009171547
653,1180.6125,2.400424,1176.7552,1179.3557,1180.6206,1182.3574,1184.1649,1192.949599007858
654,1180.8141,2.3975725,1176.988,1179.554,1180.8236,1182.5566,1184.3549,1192.957795621095
655,1181.0166,2.3949084,1177.2216,1179.7534,1181.0161,1182.7568,1184.5455,1192.966468091932
656,1181.2201,2.3924432,1177.4558,1179.9539,1181.21,1182.958,1184.7372,1192.975485501043
657,1181.4248,2.3901522,1177.6909,1180.1555,1181.4048,1183.1604,1184.9298,1192.984716929102
658,1181.6305,2.3880622,1177.9219,1180.3508,1181.6008,1183.3638,1185.1233,1192.994031456782
659,1181.8376,2.3861296,1178.1475,1180.547,1181.7981,1183.5685,1185.3176,1193.003298164756
660,1182.0459,2.3843765,1178.374,1180.7444,1181.9974,1183.7744,1185.513,1193.012386133699
661,1182.2555,2.38279,1178.5927,1180.9429,1182.2098,1183.9818,1185.7091,1193.021164444284
662,1182.4663,2.381393,1178.8049,1181.1487,1182.4236,1184.1906,1185.9064,1193.029502177185
663,1182.6787,2.3801444,1179.0187,1181.3816,1182.6389,1184.4032,1186.1045,1193.037268413075
664,1182.8923,2.3790998,1179.2388,1181.6162,1182.8555,1184.6277,1186.3038,1193.044332232627
665,1183.1075,2.3782141,1179.4619,1181.8525,1183.0735,1184.8538,1186.5061,1193.050562716517
666,1183.3242,2.3774889,1179.6866,1182.0784,1183.2932,1185.0812,1186.7095,1193.055828945416
667,1183.5425,2.3769362,1179.9131,1182.3062,1183.5155,1185.3104,1186.9137,1193.06
668,1183.7622,2.3765702,1180.1359,1182.5356,1183.7417,1185.5411,1187.119,1193.062985181129
669,1183.9854,2.3763573,1180.362,1182.769,1183.9714,1185.7751,1187.3268,1193.064854670415
670,1184.2166,2.3762856,1180.5958,1183.0111,1184.2097,1186.0024,1187.542,1193.06571886966
671,1184.4589,2.3763614,1180.8239,1183.2551,1184.4592,1186.2068,1187.768,1193.065688180662
672,1184.7114,2.3766007,1181.0575,1183.5061,1184.7191,1186.4214,1188.0032,1193.064873005222
673,1184.9729,2.3769875,1181.3197,1183.7666,1184.9883,1186.6456,1188.2471,1193.063383745141
674,1185.2426,2.3775866,1181.5897,1184.0356,1185.2655,1186.8784,1188.4985,1193.061330802218
675,1185.5194,2.3783524,1181.867,1184.3005,1185.5286,1187.1187,1188.7565,1193.058824578254
676,1185.8024,2.3793483,1182.1484,1184.5663,1185.7821,1187.3782,1189.0199,1193.055975475048
677,1186.0903,2.3805149,1182.4352,1184.8278,1186.0408,1187.6736,1189.288,1193.052893894402
678,1186.3826,2.381919,1182.7262,1185.0874,1186.3035,1187.974,1189.5596,1193.049690238114
679,1186.678,2.3835273,1183.0201,1185.3502,1186.5693,1188.2775,1189.8339,1193.046474907986
680,1186.9756,2.3853483,1183.3156,1185.6082,1186.8376,1188.583,1190.1096,1193.043358305817
681,1187.2744,2.387373,1183.6012,1185.8638,1187.1073,1188.8896,1190.3866,1193.040450833407
682,1187.5735,2.3896244,1183.8875,1186.1302,1187.3774,1189.1964,1190.6932,1193.037862892557
683,1187.8718,2.392043,1184.1733,1186.4346,1187.647,1189.5023,1190.9984,1193.035704885067
684,1188.1685,2.394662,1184.4578,1186.716,1187.9209,1189.8215,1191.3011,1193.034087212737
685,1188.4624,2.3974388,1184.7382,1186.9945,1188.2097,1190.1394,1191.6005,1193.033120277368
686,1188.7527,2.400375,1185.0148,1187.282,1188.4949,1190.453,1191.8953,1193.032914480758
687,1189.0383,2.4034345,1185.2871,1187.5946,1188.7755,1190.7612,1192.1844,1193.033580224708
688,1189.3185,2.4066157,1185.5537,1187.8981,1189.0507,1191.0629,1192.467,1193.03522791102
689,1189.5922,2.4098847,1185.814,1188.1903,1189.3193,1191.3572,1192.742,1193.037967941492
690,1189.8582,2.4132214,1186.0665,1188.4758,1189.5803,1191.6428,1193.0082,1193.041910717925
691,1190.1158,2.4165952,1186.3107,1188.7487,1189.8329,1191.919,1193.2648,1193.047166642119
692,1190.3641,2.4200075,1186.545,1188.9985,1190.0818,1192.1963,1193.5106,1193.053846115874
693,1190.602,2.4234095,1186.769,1189.2397,1190.3325,1192.4609,1193.7448,1193.062059540991
694,1190.8286,2.4267702,1186.9814,1189.471,1190.5712,1192.7115,1193.9661,1193.071917319269
695,1191.043,2.4300828,1187.1813,1189.6874,1190.7964,1192.947,1194.1753,1193.083529852509
696,1191.244,2.4333155,1187.3677,1189.8888,1191.0076,1193.1663,1194.3716,1193.097007542511
697,1191.431,2.4364789,1187.5394,1190.0781,1191.2036,1193.3679,1194.5522,1193.112460791074
698,1191.6028,2.4395382,1187.6957,1190.2548,1191.3832,1193.551,1194.7161,1193.13
699,1191.7585,2.442459,1187.8353,1190.4176,1191.5457,1193.7144,1194.8618,1193.149703580689
700,1191.8997,2.4452822,1187.9598,1190.5677,1191.6923,1193.8599,1194.9915,1193.171521982949
701,1192.033,2.4480088,1188.077,1190.7091,1191.835,1193.9958,1195.1128,1193.195373666186
702,1192.1636,2.4506898,1188.1902,1190.8433,1191.9767,1194.1292,1195.2413,1193.22117708981
703,1192.2915,2.4533205,1188.2977,1190.9746,1192.1152,1194.2594,1195.3767,1193.248850713228
704,1192.4167,2.4558783,1188.4034,1191.103,1192.2507,1194.3739,1195.5089,1193.278312995848
705,1192.5392,2.4583678,1188.5072,1191.2285,1192.383,1194.4766,1195.6381,1193.309482397078
706,1192.6589,2.4608147,1188.6089,1191.3511,1192.5122,1194.5771,1195.7643,1193.342277376326
707,1192.7758,2.4631627,1188.7086,1191.467,1192.6382,1194.6755,1195.8872,1193.376616392999
708,1192.8899,2.4654574,1188.8062,1191.5747,1192.7611,1194.7717,1196.0071,1193.412417906507
709,1193.0011,2.467662,1188.909,1191.6802,1192.8806,1194.8757,1196.1237,1193.449600376256
710,1193.1095,2.4698071,1189.0104,1191.7827,1192.9968,1194.9789,1196.2372,1193.488082261655
711,1193.215,2.47187,1189.1093,1191.883,1193.1099,1195.0792,1196.3473,1193.527782022112
712,1193.3176,2.4738731,1189.2054,1191.9802,1193.2197,1195.1769,1196.4543,1193.568618117034
713,1193.4172,2.4757962,1189.2992,1192.0701,1193.3262,1195.2717,1196.5582,1193.61050900583
714,1193.5138,2.477666,1189.3903,1192.1577,1193.4293,1195.3638,1196.6588,1193.653373147907
715,1193.6075,2.479444,1189.4786,1192.2432,1193.5325,1195.453,1196.756,1193.697129002674
716,1193.698,2.4811976,1189.5643,1192.3258,1193.6318,1195.5393,1196.8501,1193.741695029538
717,1193.7856,2.4828799,1189.6473,1192.406,1193.728,1195.6229,1196.9408,1193.786989687908
718,1193.8701,2.4844995,1189.7274,1192.4838,1193.8206,1195.707,1197.0281,1193.83293143719
719,1193.9515,2.4860697,1189.8048,1192.5587,1193.9097,1195.789,1197.112,1193.879438736795
720,1194.0298,2.4875984,1189.8794,1192.631,1193.9951,1195.8677,1197.1929,1193.926430046128
721,1194.105,2.4890804,1189.951,1192.7006,1194.0773,1195.9434,1197.2699,1193.973823824599
722,1194.177,2.4905186,1190.0198,1192.7672,1194.1558,1196.0156,1197.3438,1194.021538531614
723,1194.2457,2.4919374,1190.0856,1192.8312,1194.2307,1196.0847,1197.4142,1194.069492626583
724,1194.3112,2.493312,1190.1484,1192.8921,1194.3022,1196.1506,1197.4812,1194.117604568912
725,1194.3734,2.494683,1190.2083,1192.9498,1194.3701,1196.2135,1197.5447,1194.165792818011
726,1194.4324,2.4960206,1190.2651,1193.0046,1194.4346,1196.273,1197.6047,1194.213975833286
727,1194.488,2.4973655,1190.3187,1193.0563,1194.4955,1196.3292,1197.6613,1194.262072074147
728,1194.5403,2.498708,1190.3694,1193.1047,1194.5529,1196.3823,1197.7142,1194.31
729,1194.5894,2.5000517,1190.4169,1193.1498,1194.6067,1196.4319,1197.7637,1194.357685542444
730,1194.6355,2.5014262,1190.4615,1193.1923,1194.6575,1196.479,1197.8109,1194.405084521836
731,1194.6809,2.5028255,1190.5057,1193.2339,1194.7078,1196.5254,1197.8613,1194.452160230726
732,1194.7269,2.5042748,1190.5504,1193.2759,1194.7588,1196.5725,1197.9126,1194.49887596166
733,1194.7736,2.5058136,1190.5955,1193.3181,1194.8108,1196.6204,1197.9646,1194.545195007186
734,1194.8208,2.5073833,1190.6412,1193.361,1194.8635,1196.6688,1198.0175,1194.591080659853
735,1194.8687,2.5090208,1190.6874,1193.4028,1194.9167,1196.7179,1198.0709,1194.636496212209
736,1194.917,2.5107222,1190.7339,1193.4443,1194.971,1196.7676,1198.1252,1194.681404956801
737,1194.9658,2.5124712,1190.781,1193.486,1195.0256,1196.8177,1198.1808,1194.725770186177
738,1195.0151,2.514315,1190.8284,1193.5277,1195.0809,1196.8685,1198.2375,1194.769555192886
739,1195.0648,2.5161824,1190.876,1193.5698,1195.137,1196.9198,1198.2948,1194.812723269475
740,1195.115,2.5181022,1190.9241,1193.6118,1195.1934,1196.9714,1198.3525,1194.855237708493
741,1195.1655,2.5201042,1190.9724,1193.6539,1195.2505,1197.0234,1198.4109,1194.897061802487
742,1195.2163,2.522138,1191.019,1193.6962,1195.3079,1197.076,1198.4697,1194.938158844005
743,1195.2675,2.5242386,1191.0631,1193.7383,1195.3657,1197.1289,1198.5289,1194.978492125595
744,1195.3188,2.5264094,1191.1073,1193.7805,1195.4241,1197.1821,1198.5886,1195.018024939806
745,1195.3705,2.528631,1191.1516,1193.8226,1195.4829,1197.2356,1198.6549,1195.056720579185
746,1195.4224,2.5309055,1191.196,1193.8647,1195.5419,1197.2894,1198.7229,1195.09454233628
747,1195.4744,2.5332458,1191.2405,1193.9081,1195.6012,1197.3434,1198.7913,1195.131453503638
748,1195.5265,2.535624,1191.285,1193.9601,1195.6608,1197.3976,1198.8599,1195.167417373809
749,1195.5789,2.538064,1191.3295,1194.0121,1195.7206,1197.4519,1198.9287,1195.20239723934
750,1195.6312,2.540561,1191.3739,1194.064,1195.7805,1197.5063,1198.9978,1195.236356392779
751,1195.6835,2.5431125,1191.4183,1194.1158,1195.8401,1197.561,1199.067,1195.269258126674
752,1195.736,2.5457277,1191.4626,1194.1676,1195.8931,1197.6171,1199.1365,1195.301065733573
753,1195.7885,2.5483735,1191.5068,1194.2192,1195.9436,1197.6733,1199.2059,1195.331742506023
754,1195.8408,2.551088,1191.5509,1194.2705,1195.9941,1197.7295,1199.2754,1195.361251736573
755,1195.8931,2.5538325,1191.5947,1194.3215,1196.0447,1197.7833,1199.345,1195.389556717771
756,1195.9452,2.556636,1191.6384,1194.3689,1196.095,1197.8362,1199.4144,1195.416620742165
757,1195.9972,2.5594945,1191.6819,1194.4158,1196.1454,1197.8889,1199.4839,1195.442407102302
758,1196.0491,2.562396,1191.7251,1194.4624,1196.1956,1197.9414,1199.5532,1195.466879090731
759,1196.1008,2.565341,1191.768,1194.5089,1196.2456,1197.9939,1199.6223,1195.49
760,1196.1522,2.5683353,1191.8107,1194.578,1196.2954,1198.0463,1199.6912,1195.511777889966
761,1196.2034,2.5713568,1191.8529,1194.6381,1196.345,1198.1023,1199.7599,1195.532399889729
762,1196.2543,2.5744314,1191.8949,1194.6948,1196.3943,1198.1604,1199.8284,1195.552097895695
763,1196.3048,2.5775437,1191.9366,1194.7513,1196.4404,1198.218,1199.897,1195.571103804275
764,1196.3551,2.5806916,1191.978,1194.8076,1196.4841,1198.2733,1199.9655,1195.589649511876
765,1196.4053,2.5838683,1192.0193,1194.8634,1196.5278,1198.3245,1200.0336,1195.607966914907
766,1196.4553,2.587075,1192.0603,1194.9191,1196.5713,1198.3757,1200.1016,1195.626287909776
767,1196.5051,2.5902765,1192.1012,1194.9746,1196.6145,1198.4266,1200.1692,1195.644844392891
768,1196.5548,2.5935185,1192.142,1195.0298,1196.6704,1198.4773,1200.2367,1195.663868260662
769,1196.6042,2.5967574,1192.1826,1195.0851,1196.728,1198.5281,1200.3038,1195.683591409495
770,1196.6538,2.600003,1192.2233,1195.1401,1196.7854,1198.58,1200.371,1195.704245735801
771,1196.7031,2.60325,1192.264,1195.1953,1196.8428,1198.632,1200.4379,1195.726063135987
772,1196.7524,2.6065106,1192.3048,1195.2504,1196.8999,1198.6837,1200.4965,1195.749275506462
773,1196.8018,2.6097274,1192.3457,1195.3054,1196.9568,1198.7291,1200.5471,1195.774114743634
774,1196.851,2.6129606,1192.3866,1195.3606,1197.0134,1198.7703,1200.5988,1195.800812743912
775,1196.9003,2.6161506,1192.4277,1195.4158,1197.0701,1198.8118,1200.6519,1195.829601403704
776,1196.9496,2.6193182,1192.4691,1195.4712,1197.1213,1198.8566,1200.7051,1195.860712619418
777,1196.999,2.6224406,1192.5107,1195.5269,1197.1713,1198.906,1200.7585,1195.894378287463
778,1197.0485,2.6255252,1192.5526,1195.5825,1197.2212,1198.9556,1200.8121,1195.930830304247
779,1197.098,2.6286082,1192.5947,1195.6318,1197.2714,1199.0051,1200.866,1195.97030056618
780,1197.1477,2.6315749,1192.6375,1195.6807,1197.3215,1199.0547,1200.9198,1196.013020969668
781,1197.1976,2.6345181,1192.6804,1195.7299,1197.3718,1199.1047,1200.9741,1196.059223411122
782,1197.2476,2.6373813,1192.7239,1195.7797,1197.4224,1199.156,1201.0286,1196.109139786948
783,1197.2979,2.6401806,1192.7678,1195.8301,1197.4731,1199.2073,1201.0835,1196.163001993555
784,1197.3483,2.6429136,1192.8123,1195.8813,1197.524,1199.2585,1201.1387,1196.221041927353
785,1197.399,2.6455498,1192.8573,1195.9332,1197.5752,1199.3098,1201.1943,1196.283491484749
786,1197.45,2.6480904,1192.903,1195.986,1197.6267,1199.3608,1201.2504,1196.350582562152
787,1197.5013,2.650546,1192.9492,1196.0396,1197.6785,1199.4121,1201.3068,1196.42254705597
788,1197.5529,2.6528766,1192.9962,1196.094,1197.7305,1199.4633,1201.3636,1196.499616862612
789,1197.6049,2.655138,1193.0438,1196.1494,1197.7828,1199.5144,1201.4211,1196.582023878486
790,1197.6571,2.6572692,1193.0918,1196.2058,1197.8356,1199.5657,1201.4791,1196.67
791,1197.7098,2.6592832,1193.1407,1196.2633,1197.8887,1199.6168,1201.5377,1196.763704748602
792,1197.7645,2.6610935,1193.1921,1196.3228,1197.9434,1199.67,1201.5983,1196.863008145894
793,1197.8264,2.6624708,1193.2513,1196.3877,1198.0042,1199.7314,1201.666,1196.967707838517
794,1197.8988,2.6632826,1193.3217,1196.4597,1198.0739,1199.8052,1201.7434,1197.077601473111
795,1197.9811,2.6635637,1193.4023,1196.5387,1198.1521,1199.8907,1201.8302,1197.192486696317
796,1198.0728,2.6633346,1193.4927,1196.6241,1198.2385,1199.9891,1201.9258,1197.312161154777
797,1198.1733,2.662667,1193.5918,1196.716,1198.3325,1200.0984,1202.0298,1197.436422495131
798,1198.282,2.6616004,1193.6993,1196.8132,1198.4337,1200.2174,1202.1416,1197.56506836402
799,1198.3986,2.6601954,1193.8151,1196.9164,1198.5415,1200.3458,1202.2606,1197.697896408084
800,1198.5222,2.6585238,1193.938,1197.0244,1198.6555,1200.4828,1202.3866,1197.834704273965
801,1198.6525,2.6566043,1194.068,1197.1373,1198.7753,1200.6277,1202.5187,1197.975289608304
802,1198.789,2.6545339,1194.2042,1197.2546,1198.9001,1200.7932,1202.6477,1198.119450057741
803,1198.9309,2.6523626,1194.3462,1197.4069,1199.03,1200.9436,1202.7742,1198.266983268917
804,1199.078,2.6501288,1194.4934,1197.5657,1199.1641,1201.0995,1202.9043,1198.417686888474
805,1199.2295,2.6479216,1194.6453,1197.7295,1199.3037,1201.2451,1203.0435,1198.571358563051
806,1199.3849,2.6457598,1194.8013,1197.898,1199.4451,1201.4252,1203.1875,1198.72779593929
807,1199.5436,2.6436884,1194.9525,1198.0701,1199.6055,1201.5939,1203.3206,1198.886796663832
808,1199.7052,2.6417768,1195.1036,1198.2456,1199.7794,1201.7654,1203.4463,1199.048158383317
809,1199.8691,2.6400292,1195.257,1198.4236,1199.9388,1201.9397,1203.5734,1199.211678744386
810,1200.0348,2.638482,1195.412,1198.6038,1200.1025,1202.1157,1203.7014,1199.377155393681
811,1200.2017,2.6371996,1195.5682,1198.7853,1200.2798,1202.2928,1203.8303,1199.544385977842
812,1200.3693,2.6361482,1195.7252,1198.9675,1200.4575,1202.4707,1203.9846,1199.713168143509
813,1200.537,2.6353528,1195.8824,1199.15,1200.631,1202.6488,1204.1451,1199.883299537324
814,1200.7045,2.6348228,1196.0393,1199.332,1200.783,1202.8262,1204.305,1200.054577805928
815,1200.8708,2.6345801,1196.1954,1199.5131,1200.9341,1203.0023,1204.4642,1200.226800595962
816,1201.0359,2.6345818,1196.3502,1199.6925,1201.084,1203.177,1204.6218,1200.399765554065
817,1201.199,2.6348512,1196.5033,1199.8696,1201.2322,1203.349,1204.7778,1200.57327032688
818,1201.3595,2.635323,1196.6542,1200.0438,1201.3782,1203.5121,1204.9314,1200.747112561047
819,1201.5171,2.636028,1196.8022,1200.2146,1201.5215,1203.6716,1205.0822,1200.921089903207
820,1201.671,2.63689,1196.9471,1200.367,1201.6616,1203.827,1205.2297,1201.095
821,1201.8209,2.6379216,1197.0883,1200.5021,1201.7983,1203.9778,1205.3734,1201.26864624412
822,1201.9681,2.6390774,1197.2269,1200.632,1201.9329,1204.1255,1205.5149,1201.441855012466
823,1202.1184,2.6404164,1197.3687,1200.7557,1202.0703,1204.2764,1205.6594,1201.614458427989
824,1202.2758,2.6419845,1197.5172,1200.8851,1202.2141,1204.4346,1205.8103,1201.786288613642
825,1202.4391,2.6437695,1197.6719,1201.0424,1202.364,1204.5992,1205.9669,1201.957177692375
826,1202.6078,2.6458337,1197.8319,1201.1904,1202.5188,1204.7698,1206.13,1202.126957787141
827,1202.7812,2.6481397,1197.9968,1201.3403,1202.6782,1204.9454,1206.2988,1202.29546102089
828,1202.9587,2.6507146,1198.1655,1201.4937,1202.8414,1205.1255,1206.4712,1202.462519516575
829,1203.1394,2.6535592,1198.3424,1201.6469,1203.0077,1205.3104,1206.6604,1202.627965397147
830,1203.3226,2.6566548,1198.5331,1201.8014,1203.1765,1205.5001,1206.872,1202.791630785557
831,1203.5077,2.6600199,1198.7257,1201.9575,1203.3472,1205.6919,1207.0883,1202.953347804757
832,1203.6938,2.6636305,1198.9197,1202.1145,1203.5352,1205.8848,1207.3074,1203.112948577698
833,1203.8805,2.6674516,1199.114,1202.3164,1203.7361,1206.0781,1207.5267,1203.270265227333
834,1204.0667,2.6714656,1199.3081,1202.5326,1203.9365,1206.2712,1207.7452,1203.425129876611
835,1204.2518,2.6756935,1199.501,1202.7014,1204.1237,1206.431,1207.9624,1203.577374648486
836,1204.4353,2.680046,1199.6907,1202.8613,1204.3059,1206.6008,1208.1771,1203.726831665909
837,1204.6163,2.6845317,1199.8766,1203.0194,1204.4856,1206.7731,1208.3885,1203.87333305183
838,1204.7942,2.6890807,1200.0591,1203.1748,1204.6624,1206.9557,1208.5958,1204.016710929202
839,1204.9681,2.6936722,1200.2375,1203.327,1204.8352,1207.1342,1208.7982,1204.156797420977
840,1205.1375,2.698254,1200.411,1203.4756,1205.0035,1207.3076,1208.9949,1204.293424650105
841,1205.3016,2.702795,1200.5791,1203.6199,1205.1667,1207.4756,1209.1848,1204.426424739539
842,1205.4597,2.7072263,1200.7406,1203.7592,1205.3239,1207.637,1209.3672,1204.555629812229
843,1205.6112,2.7115164,1200.8949,1203.8931,1205.4744,1207.7913,1209.5413,1204.680871991128
844,1205.7552,2.715608,1201.0415,1204.0209,1205.6176,1207.9379,1209.7062,1204.801983399186
845,1205.8912,2.7194324,1201.1792,1204.1422,1205.7495,1208.0804,1209.8608,1204.918796159356
846,1206.0184,2.7229757,1201.3076,1204.2546,1205.8673,1208.2144,1210.0049,1205.031142394589
847,1206.1361,2.7261713,1201.4259,1204.3582,1205.9767,1208.338,1210.1371,1205.138854227836
848,1206.2437,2.7289362,1201.5332,1204.4486,1206.0769,1208.4507,1210.2566,1205.241763782049
849,1206.3403,2.7312777,1201.6288,1204.5306,1206.1675,1208.5516,1210.3628,1205.33970318018
850,1206.4253,2.7331076,1201.712,1204.6042,1206.2477,1208.6401,1210.4547,1205.432504545179
851,1206.4982,2.7344131,1201.782,1204.6691,1206.317,1208.7153,1210.5314,1205.52
852,1206.5579,2.7351563,1201.838,1204.7245,1206.3745,1208.7767,1210.5922,1205.602090373324
853,1206.6058,2.7353795,1201.8812,1204.7712,1206.4216,1208.8252,1210.6383,1205.678951316761
854,1206.647,2.7353694,1201.9172,1204.8132,1206.4625,1208.8662,1210.6764,1205.75082718765
855,1206.6857,2.7352881,1201.9507,1204.8533,1206.5012,1208.9043,1210.7114,1205.817962343331
856,1206.7218,2.7351437,1201.9818,1204.8914,1206.5376,1208.9395,1210.7438,1205.880601141146
857,1206.7557,2.7349408,1202.0107,1204.9279,1206.5718,1208.972,1210.7734,1205.938987938435
858,1206.7874,2.7347124,1202.0376,1204.9625,1206.6042,1209.0021,1210.8004,1205.993367092537
859,1206.8169,2.7344215,1202.0624,1204.9957,1206.6346,1209.0297,1210.8251,1206.043982960792
860,1206.8446,2.7340994,1202.0853,1205.0276,1206.6633,1209.0552,1210.8475,1206.091079900543
861,1206.8706,2.7337308,1202.1066,1205.058,1206.6906,1209.0786,1210.868,1206.134902269127
862,1206.8948,2.7333324,1202.1261,1205.0872,1206.7162,1209.1,1210.8866,1206.175694423885
863,1206.9175,2.7329097,1202.1442,1205.1152,1206.7405,1209.1196,1210.9033,1206.213700722159
864,1206.9387,2.7324479,1202.161,1205.1423,1206.7634,1209.1376,1210.9185,1206.249165521288
865,1206.9587,2.7319815,1202.1765,1205.1685,1206.7853,1209.1542,1210.9321,1206.282333178612
866,1206.9775,2.7314997,1202.1909,1205.1936,1206.8062,1209.1694,1210.9446,1206.313448051471
867,1206.9955,2.730987,1202.2046,1205.2181,1206.826,1209.1835,1210.9558,1206.342754497207
868,1207.0125,2.7304761,1202.217,1205.242,1206.8452,1209.1965,1210.9661,1206.370496873159
869,1207.0288,2.729969,1202.229,1205.2653,1206.8638,1209.2089,1210.9755,1206.396919536666
870,1207.0444,2.7294564,1202.2404,1205.2882,1206.8816,1209.2203,1210.9841,1206.422266845071
871,1207.0596,2.7289493,1202.2512,1205.3107,1206.8992,1209.2312,1210.9924,1206.446783155712
872,1207.0743,2.7284439,1202.2618,1205.333,1206.9165,1209.2418,1211.0002,1206.47071282593
873,1207.089,2.727955,1202.2721,1205.3551,1206.9335,1209.2521,1211.0077,1206.494300213065
874,1207.1035,2.7274761,1202.2825,1205.3772,1206.9504,1209.2622,1211.0154,1206.517789674458
875,1207.1182,2.7270148,1202.2927,1205.3984,1206.9675,1209.2723,1211.023,1206.541425567449
876,1207.1329,2.726579,1202.3032,1205.4186,1206.9844,1209.2827,1211.0308,1206.565452249378
877,1207.148,2.7261574,1202.314,1205.439,1206.9993,1209.2935,1211.0391,1206.590114077585
878,1207.1636,2.7257843,1202.3251,1205.4597,1207.0146,1209.3047,1211.0477,1206.61565540941
879,1207.1796,2.725444,1202.3369,1205.481,1207.0303,1209.3167,1211.0574,1206.642320602194
880,1207.1964,2.725113,1202.3494,1205.5027,1207.0469,1209.3292,1211.0675,1206.670354013277
881,1207.2141,2.7248323,1202.3627,1205.5253,1207.0642,1209.3429,1211.0789,1206.7
882,1207.2328,2.7245934,1202.377,1205.5487,1207.0825,1209.3577,1211.0913,1206.731440079356
883,1207.2524,2.7243733,1202.3921,1205.573,1207.1019,1209.3735,1211.1049,1206.764604406954
884,1207.273,2.7242,1202.4081,1205.5981,1207.1221,1209.3927,1211.1195,1206.799360298058
885,1207.294,2.7240312,1202.4247,1205.6238,1207.1428,1209.4142,1211.1345,1206.83557506793
886,1207.3157,2.7238646,1202.4417,1205.6497,1207.1641,1209.4363,1211.1503,1206.873116031834
887,1207.3378,2.7237139,1202.4591,1205.6759,1207.1859,1209.4591,1211.1664,1206.911850505032
888,1207.3604,2.7235653,1202.4769,1205.7026,1207.2081,1209.4823,1211.183,1206.951645802788
889,1207.3833,2.7234368,1202.495,1205.7297,1207.2307,1209.506,1211.2,1206.992369240364
890,1207.4065,2.7233145,1202.5134,1205.7556,1207.2537,1209.53,1211.2172,1207.033888133024
891,1207.43,2.723196,1202.5321,1205.7815,1207.2769,1209.5613,1211.2346,1207.07606979603
892,1207.4536,2.723094,1202.5509,1205.8075,1207.3002,1209.5939,1211.2523,1207.118781544646
893,1207.4775,2.7229848,1202.57,1205.8337,1207.3237,1209.6267,1211.2701,1207.161890694135
894,1207.5015,2.722894,1202.5889,1205.8601,1207.3472,1209.6595,1211.2881,1207.205264559759
895,1207.5253,2.7228239,1202.6101,1205.8864,1207.3708,1209.6924,1211.306,1207.248770456781
896,1207.5492,2.722738,1202.6316,1205.9126,1207.3943,1209.7252,1211.3239,1207.292275700466
897,1207.5729,2.722657,1202.6532,1205.9387,1207.4178,1209.7578,1211.3417,1207.335647606074
898,1207.5964,2.7226005,1202.6746,1205.9624,1207.4412,1209.7903,1211.3594,1207.378753488871
899,1207.6199,2.7225351,1202.6958,1205.9854,1207.4642,1209.8224,1211.3768,1207.421460664118
900,1207.643,2.7224538,1202.7168,1206.0078,1207.487,1209.8542,1211.394,1207.463636447078
901,1207.6656,2.7224097,1202.7374,1206.0299,1207.5094,1209.8855,1211.411,1207.505148153015
902,1207.6879,2.7223556,1202.7576,1206.0516,1207.5315,1209.9164,1211.4275,1207.545863097192
903,1207.7097,2.7222817,1202.7775,1206.073,1207.553,1209.9379,1211.4435,1207.585648594871
904,1207.731,2.7222319,1202.7969,1206.0948,1207.5741,1209.9578,1211.4592,1207.624371961317
905,1207.7517,2.7221704,1202.8157,1206.1215,1207.5947,1209.9772,1211.4742,1207.66190051179
906,1207.7719,2.7220902,1202.8339,1206.1473,1207.6145,1209.9958,1211.4885,1207.698101561555
907,1207.7911,2.7220352,1202.8507,1206.1725,1207.6337,1210.014,1211.5023,1207.732842425875
908,1207.8097,2.7219708,1202.867,1206.1967,1207.6521,1210.0312,1211.5155,1207.765990420013
909,1207.8274,2.7218976,1202.8822,1206.2198,1207.6697,1210.0477,1211.5277,1207.797412859231
910,1207.8442,2.7218192,1202.8967,1206.2421,1207.6865,1210.0635,1211.5392,1207.826977058793
911,1207.8602,2.721728,1202.9105,1206.2632,1207.7023,1210.0792,1211.5518,1207.854550333962
912,1207.8751,2.7216303,1202.9232,1206.2833,1207.717,1210.094,1211.5647,1207.88
913,1207.889,2.7215173,1202.935,1206.2996,1207.7308,1210.1078,1211.5765,1207.903266155844
914,1207.9015,2.721402,1202.9457,1206.3074,1207.7434,1210.1201,1211.587,1207.924580035123
915,1207.9125,2.7212853,1202.9548,1206.3134,1207.7543,1210.131,1211.5961,1207.944245655138
916,1207.9216,2.721168,1202.962,1206.3175,1207.7634,1210.1399,1211.6033,1207.962567033191
917,1207.9292,2.7210543,1202.9678,1206.3203,1207.771,1210.1472,1211.6091,1207.979848186584
918,1207.9354,2.72094,1202.9722,1206.3213,1207.7771,1210.1532,1211.6135,1207.996393132619
919,1207.9404,2.7208407,1202.9753,1206.3209,1207.782,1210.1578,1211.6172,1208.012505888599
920,1207.9446,2.7207508,1202.9774,1206.3193,1207.7859,1210.1615,1211.6198,1208.028490471823
921,1207.9478,2.720677,1202.9786,1206.3169,1207.7888,1210.1644,1211.6215,1208.044650899595
922,1207.9504,2.7205982,1202.9792,1206.314,1207.7914,1210.1667,1211.6228,1208.061291189216
923,1207.9526,2.7205632,1202.9807,1206.3137,1207.7933,1210.1686,1211.6239,1208.078715357988
924,1207.9546,2.7205398,1202.9819,1206.3156,1207.795,1210.1702,1211.6248,1208.097227423213
925,1207.9565,2.7205245,1202.983,1206.3174,1207.7966,1210.1719,1211.6257,1208.117131402193
926,1207.9586,2.7205596,1202.9841,1206.3193,1207.7985,1210.1736,1211.6271,1208.13873131223
927,1207.961,2.7206197,1202.9855,1206.3213,1207.8005,1210.1757,1211.6289,1208.162331170625
928,1207.9641,2.7206912,1202.9872,1206.324,1207.8032,1210.1785,1211.6313,1208.18823499468
929,1207.968,2.7208126,1202.9894,1206.3273,1207.8065,1210.1819,1211.6348,1208.216746801698
930,1207.9727,2.720962,1202.9926,1206.3312,1207.8107,1210.1863,1211.639,1208.24817060898
931,1207.9785,2.7211692,1202.9966,1206.3362,1207.8159,1210.1919,1211.6448,1208.282810433827
932,1207.9858,2.7214098,1203.0016,1206.3425,1207.8225,1210.1989,1211.6519,1208.320970293542
933,1207.9945,2.7217026,1203.008,1206.3501,1207.8306,1210.2075,1211.6606,1208.362954205426
934,1208.0049,2.7220535,1203.016,1206.3594,1207.8403,1210.2178,1211.6713,1208.409066186782
935,1208.0172,2.7224433,1203.0256,1206.3702,1207.8517,1210.23,1211.684,1208.459610254911
936,1208.0317,2.7229178,1203.0371,1206.383,1207.8643,1210.2445,1211.6989,1208.514890427116
937,1208.0485,2.7234406,1203.0507,1206.3981,1207.8744,1210.2612,1211.7162,1208.575210720697
938,1208.0679,2.7240431,1203.0664,1206.4154,1207.8867,1210.2806,1211.7362,1208.640875152956
939,1208.0897,2.7247076,1203.0846,1206.4352,1207.9014,1210.3026,1211.759,1208.712187741197
940,1208.1145,2.725456,1203.1053,1206.4575,1207.9185,1210.3275,1211.7863,1208.789452502719
941,1208.1425,2.726288,1203.129,1206.4828,1207.9384,1210.3557,1211.8173,1208.872973454826
942,1208.1736,2.7272174,1203.1555,1206.511,1207.9609,1210.3872,1211.8516,1208.963054614819
943,1208.2083,2.7282555,1203.1852,1206.5426,1207.9867,1210.4222,1211.8896,1209.06
944,1208.2465,2.72939,1203.2181,1206.5774,1208.0156,1210.461,1211.9316,1209.164008368175
945,1208.2892,2.7306547,1203.2551,1206.6166,1208.0486,1210.5045,1211.9785,1209.274857439165
946,1208.3386,2.732131,1203.298,1206.6615,1208.0918,1210.5549,1212.0326,1209.392219673296
947,1208.3956,2.7338438,1203.3477,1206.7136,1208.1428,1210.6138,1212.0952,1209.515767530894
948,1208.46,2.735786,1203.404,1206.7726,1208.2008,1210.6803,1212.1661,1209.645173472285
949,1208.5312,2.7379365,1203.4666,1206.8379,1208.2653,1210.7543,1212.2448,1209.780109957793
950,1208.609,2.740289,1203.5349,1206.909,1208.3359,1210.8352,1212.3306,1209.920249447746
951,1208.6929,2.7428138,1203.6088,1206.986,1208.4121,1210.9226,1212.4231,1210.065264402467
952,1208.7823,2.7455118,1203.6876,1207.0681,1208.4934,1211.0159,1212.522,1210.214827282284
953,1208.8771,2.7483783,1203.7712,1207.1552,1208.5798,1211.1147,1212.6267,1210.368610547521
954,1208.9767,2.7513924,1203.8593,1207.2466,1208.6709,1211.219,1212.7367,1210.526286658505
955,1209.0807,2.7545354,1203.9513,1207.342,1208.766,1211.3279,1212.8517,1210.687528075561
956,1209.1887,2.7577815,1204.0471,1207.4414,1208.8649,1211.4453,1212.971,1210.852007259015
957,1209.3004,2.7611723,1204.1461,1207.544,1208.9673,1211.5669,1213.0944,1211.019396669192
958,1209.4152,2.7646637,1204.2479,1207.6495,1209.0751,1211.6917,1213.2212,1211.189368766418
959,1209.5328,2.7682216,1204.3544,1207.7577,1209.1892,1211.8193,1213.351,1211.361596011019
960,1209.6527,2.7718804,1204.466,1207.8679,1209.3086,1211.9498,1213.4833,1211.53575086332
961,1209.7747,2.7755942,1204.5797,1207.9801,1209.4305,1212.0822,1213.6178,1211.711505783648
962,1209.8981,2.7793562,1204.6951,1208.0938,1209.5542,1212.2161,1213.7539,1211.888533232327
963,1210.0227,2.7831552,1204.8115,1208.2083,1209.679,1212.3513,1213.8912,1212.066505669683
964,1210.1481,2.7869802,1204.9288,1208.3237,1209.8047,1212.4873,1214.0292,1212.245095556043
965,1210.2737,2.7908223,1205.0464,1208.4395,1209.9304,1212.6195,1214.1675,1212.423975351731
966,1210.3992,2.7946548,1205.164,1208.555,1210.0564,1212.749,1214.3054,1212.602817517073
967,1210.5242,2.798481,1205.281,1208.6771,1210.1819,1212.8778,1214.4427,1212.781294512396
968,1210.6483,2.8022394,1205.3973,1208.8174,1210.3064,1213.0056,1214.5789,1212.959078798024
969,1210.7711,2.8059666,1205.5125,1208.9559,1210.4294,1213.1317,1214.7134,1213.135842834284
970,1210.8923,2.809629,1205.6259,1209.092,1210.551,1213.2561,1214.846,1213.311259081501
971,1211.0112,2.8131852,1205.7372,1209.2253,1210.6702,1213.3778,1214.9758,1213.485
972,1211.1277,2.8166378,1205.8463,1209.3555,1210.787,1213.4968,1215.1028,1213.656793672646
973,1211.2415,2.8199937,1205.9525,1209.4819,1210.9009,1213.6127,1215.2266,1213.826590672455
974,1211.3525,2.8232675,1206.0565,1209.6053,1211.0122,1213.7262,1215.3473,1213.994397194981
975,1211.4617,2.8264847,1206.1584,1209.7261,1211.1213,1213.8387,1215.4658,1214.160219435778
976,1211.5687,2.829629,1206.2585,1209.8446,1211.2285,1213.949,1215.582,1214.324063590402
977,1211.674,2.832721,1206.3569,1209.9609,1211.334,1214.0575,1215.6963,1214.485935854407
978,1211.7775,2.8357618,1206.4539,1210.0754,1211.4377,1214.1642,1215.8086,1214.645842423346
979,1211.8795,2.8387694,1206.5492,1210.188,1211.54,1214.269,1215.9192,1214.803789492775
980,1211.9801,2.8417313,1206.6433,1210.2991,1211.6409,1214.3727,1216.0283,1214.959783258248
981,1212.0797,2.8446593,1206.7365,1210.4087,1211.7406,1214.4705,1216.136,1215.11382991532
982,1212.1781,2.8475733,1206.8285,1210.5161,1211.8391,1214.5667,1216.2426,1215.265935659544
983,1212.2755,2.8504622,1206.9197,1210.6222,1211.9369,1214.6619,1216.348,1215.416106686476
984,1212.3723,2.8533278,1207.0101,1210.7275,1212.0339,1214.7565,1216.4526,1215.56434919167
985,1212.4685,2.8562038,1207.1001,1210.8322,1212.1301,1214.8505,1216.5566,1215.710669370679
986,1212.5642,2.8590531,1207.1897,1210.9363,1212.2261,1214.9495,1216.6602,1215.85507341906
987,1212.6597,2.861914,1207.2789,1211.0403,1212.3217,1215.0482,1216.7632,1215.997567532366
988,1212.7549,2.8647895,1207.368,1211.1437,1212.4171,1215.1466,1216.8661,1216.138157906151
989,1212.8501,2.8676603,1207.4572,1211.2468,1212.5125,1215.2451,1216.969,1216.276850735971
990,1212.9456,2.8705597,1207.5464,1211.3503,1212.6082,1215.3435,1217.072,1216.413652217379
991,1213.0413,2.8734832,1207.636,1211.4541,1212.7041,1215.4421,1217.1753,1216.548568545929
992,1213.1375,2.8764422,1207.726,1211.5586,1212.8003,1215.5413,1217.2792,1216.681605917178
993,1213.2343,2.879433,1207.8164,1211.6636,1212.8972,1215.6407,1217.3837,1216.812770526678
994,1213.3318,2.8824363,1207.9078,1211.7697,1212.9949,1215.7397,1217.489,1216.942068569985
995,1213.4302,2.8855205,1207.9998,1211.8767,1213.0935,1215.8391,1217.5952,1217.069506242652
996,1213.5298,2.8886528,1208.0929,1211.9851,1213.1931,1215.9415,1217.7028,1217.195089740235
997,1213.6305,2.891828,1208.187,1212.0946,1213.2928,1216.0446,1217.8114,1217.318825258287
998,1213.7325,2.8950722,1208.2826,1212.1936,1213.3911,1216.1484,1217.9218,1217.440718992364
999,1213.8362,2.898396,1208.3794,1212.291,1213.4906,1216.2539,1218.0336,1217.560777138019
1000,1213.9415,2.9017951,1208.4778,1212.3873,1213.5916,1216.3612,1218.1473,1217.679005890807
1001,1214.0485,2.905283,1208.5779,1212.4849,1213.6938,1216.4705,1218.263,1217.795411446283
1002,1214.1576,2.9088519,1208.6799,1212.5837,1213.7979,1216.5818,1218.3807,1217.91
1003,1214.2687,2.9125366,1208.7837,1212.684,1213.9036,1216.6956,1218.501,1218.02278984082
1004,1214.3821,2.9163177,1208.8895,1212.7861,1214.011,1216.8114,1218.6234,1218.133847630826
1005,1214.4971,2.9202,1208.9972,1212.8871,1214.1256,1216.9293,1218.7479,1218.243252125406
1006,1214.6139,2.9241798,1209.1061,1212.9883,1214.2477,1217.049,1218.8741,1218.351082079949
1007,1214.732,2.9282563,1209.2163,1213.0903,1214.3713,1217.1702,1219.0021,1218.457416249846
1008,1214.8517,2.9323926,1209.3278,1213.1935,1214.4963,1217.2928,1219.1313,1218.562333390485
1009,1214.9725,2.9366372,1209.4404,1213.2976,1214.6227,1217.4169,1219.2622,1218.665912257254
1010,1215.0947,2.9409313,1209.5541,1213.4025,1214.7504,1217.5421,1219.3942,1218.768231605543
1011,1215.2179,2.9453168,1209.6687,1213.508,1214.8792,1217.6687,1219.5273,1218.869370190742
1012,1215.3422,2.9497795,1209.7842,1213.6145,1215.0034,1217.7963,1219.6617,1218.969406768239
1013,1215.4672,2.9543173,1209.9004,1213.7246,1215.1316,1217.9247,1219.797,1219.068420093423
1014,1215.5931,2.9589016,1210.0175,1213.8386,1215.2607,1218.0541,1219.9331,1219.166488921683
1015,1215.7197,2.9635615,1210.135,1213.9478,1215.3906,1218.1843,1220.0712,1219.263692008409
1016,1215.847,2.9682856,1210.2532,1214.063,1215.5212,1218.3152,1220.2101,1219.36010810899
1017,1215.9749,2.9730625,1210.3717,1214.1787,1215.6523,1218.4473,1220.3496,1219.455815978814
1018,1216.103,2.977885,1210.4907,1214.2947,1215.7838,1218.5829,1220.4895,1219.550894373271
1019,1216.2317,2.9827566,1210.61,1214.4109,1215.9158,1218.7188,1220.6299,1219.64542204775
1020,1216.3605,2.9876697,1210.7294,1214.5273,1216.0479,1218.8551,1220.7704,1219.73947775764
1021,1216.4895,2.992628,1210.849,1214.6439,1216.1802,1218.9916,1220.9111,1219.83314025833
1022,1216.6185,2.9976125,1210.9688,1214.7605,1216.3126,1219.1279,1221.052,1219.926488305209
1023,1216.7476,3.0026233,1211.0881,1214.8771,1216.4451,1219.2646,1221.1927,1220.019600653666
1024,1216.8765,3.0076458,1211.2076,1214.9935,1216.5771,1219.4009,1221.3334,1220.112556059091
1025,1217.0051,3.012716,1211.3269,1215.1096,1216.7092,1219.5371,1221.4738,1220.205433276872
1026,1217.1334,3.017787,1211.4458,1215.2257,1216.8408,1219.6725,1221.6138,1220.298311062398
1027,1217.2614,3.0228539,1211.5642,1215.3555,1216.9722,1219.8029,1221.7532,1220.391268171059
1028,1217.3888,3.0279057,1211.6825,1215.4972,1217.1028,1219.9327,1221.8921,1220.484383358244
1029,1217.5157,3.0329769,1211.7999,1215.6381,1217.2329,1220.062,1222.0304,1220.577735379341
1030,1217.642,3.0380325,1211.9169,1215.778,1217.3623,1220.1904,1222.1678,1220.67140298974
1031,1217.7673,3.0430562,1212.0331,1215.917,1217.4908,1220.3184,1222.3046,1220.76546494483
1032,1217.8918,3.0480554,1212.1486,1216.0547,1217.6185,1220.4451,1222.4401,1220.86
1033,1218.0155,3.0530233,1212.2631,1216.1906,1217.7451,1220.5712,1222.5746,1220.955065262029
1034,1218.1383,3.0579536,1212.3771,1216.3243,1217.8712,1220.6963,1222.7083,1221.050631243254
1035,1218.262,3.062826,1212.4917,1216.4587,1217.998,1220.822,1222.8424,1221.1466468074
1036,1218.387,3.0676136,1212.6083,1216.5951,1218.1265,1220.9487,1222.9775,1221.243060818196
1037,1218.5133,3.0723462,1212.7264,1216.7329,1218.2566,1221.0769,1223.114,1221.339822139367
1038,1218.6411,3.0770211,1212.8463,1216.8724,1218.3882,1221.206,1223.2515,1221.436879634641
1039,1218.7701,3.0816374,1212.9675,1217.0135,1218.5214,1221.336,1223.39,1221.534182167743
1040,1218.9005,3.0862067,1213.0902,1217.156,1218.6559,1221.4674,1223.5294,1221.631678602401
1041,1219.0319,3.0907252,1213.2142,1217.2915,1218.7917,1221.5996,1223.6699,1221.72931780234
1042,1219.1644,3.0951912,1213.3396,1217.4229,1218.9288,1221.7327,1223.8112,1221.827048631288
1043,1219.2981,3.0996313,1213.4661,1217.5497,1219.0671,1221.8665,1223.9532,1221.924819952971
1044,1219.4326,3.10402,1213.5935,1217.6774,1219.2064,1222.0011,1224.0962,1222.022580631116
1045,1219.568,3.1084025,1213.7222,1217.8059,1219.3467,1222.1365,1224.2399,1222.12027952945
1046,1219.7043,3.1127563,1213.8516,1217.9353,1219.488,1222.2725,1224.3842,1222.217865511698
1047,1219.8414,3.1170962,1213.9819,1218.0654,1219.6302,1222.4092,1224.5292,1222.315287441588
1048,1219.9792,3.1213977,1214.113,1218.1962,1219.7732,1222.5464,1224.6747,1222.412494182847
1049,1220.1177,3.125705,1214.2449,1218.3276,1219.9169,1222.6841,1224.8207,1222.509434599199
1050,1220.2567,3.1300125,1214.3773,1218.4597,1220.0612,1222.8221,1224.9673,1222.606057554374
1051,1220.3962,3.134328,1214.5101,1218.5923,1220.2059,1222.9607,1225.1143,1222.702311912097
1052,1220.5364,3.1386337,1214.6436,1218.7256,1220.3513,1223.0995,1225.2616,1222.798146536094
1053,1220.6768,3.1429331,1214.7773,1218.8594,1220.4971,1223.2385,1225.4092,1222.893510290092
1054,1220.8176,3.147282,1214.9114,1218.9937,1220.6431,1223.3779,1225.5571,1222.988352037819
1055,1220.9587,3.1516228,1215.0457,1219.1282,1220.7893,1223.5173,1225.7053,1223.082620642999
1056,1221.1001,3.155998,1215.1799,1219.2633,1220.9358,1223.6569,1225.8536,1223.176264969361
1057,1221.2416,3.1604075,1215.3145,1219.3987,1221.0823,1223.799,1226.0021,1223.269233880631
1058,1221.3832,3.1648371,1215.4489,1219.5344,1221.229,1223.9417,1226.1506,1223.361476240535
1059,1221.5248,3.1693356,1215.583,1219.6704,1221.3755,1224.0844,1226.2992,1223.4529409128
1060,1221.6664,3.1738503,1215.717,1219.813,1221.5219,1224.2269,1226.4478,1223.543576761152
1061,1221.8079,3.1784234,1215.8508,1219.9502,1221.668,1224.3694,1226.5962,1223.633332649319
1062,1221.9491,3.183045,1215.9843,1220.0874,1221.8137,1224.5115,1226.7445,1223.722157441026
1063,1222.0903,3.1877315,1216.1172,1220.2261,1221.9595,1224.6534,1226.8926,1223.81
1064,1222.2311,3.1924815,1216.2496,1220.3661,1222.1038,1224.7949,1227.0405,1223.896847156538
1065,1222.3727,3.197296,1216.3826,1220.5071,1222.2437,1224.937,1227.1892,1223.982837607211
1066,1222.5181,3.202174,1216.5194,1220.6519,1222.3872,1225.083,1227.3417,1224.068148015162
1067,1222.6694,3.2070804,1216.6622,1220.8018,1222.5364,1225.23,1227.4996,1224.152955043531
1068,1222.8258,3.2120433,1216.8105,1220.9567,1222.6909,1225.379,1227.6626,1224.23743535546
1069,1222.9869,3.2170277,1216.9636,1221.1158,1222.8538,1225.5317,1227.8301,1224.321765614092
1070,1223.152,3.2220373,1217.1208,1221.2784,1223.0203,1225.6879,1228.0012,1224.406122482567
1071,1223.3204,3.2270837,1217.2817,1221.4442,1223.1925,1225.8469,1228.1755,1224.490682624027
1072,1223.4916,3.2321565,1217.4453,1221.6123,1223.3749,1226.008,1228.3527,1224.575622701614
1073,1223.6649,3.2372441,1217.6113,1221.7822,1223.5596,1226.171,1228.5319,1224.661119378469
1074,1223.8397,3.2423491,1217.779,1221.9534,1223.7456,1226.3352,1228.7123,1224.747349317735
1075,1224.0155,3.2474709,1217.9478,1222.1222,1223.9329,1226.5001,1228.8938,1224.834489182551
1076,1224.1915,3.2525856,1218.1168,1222.2898,1224.1201,1226.6653,1229.0754,1224.922715636061
1077,1224.3673,3.2577083,1218.2858,1222.4568,1224.3071,1226.8303,1229.2568,1225.012205341406
1078,1224.5421,3.2628157,1218.454,1222.6227,1224.4933,1226.9944,1229.4373,1225.103134961727
1079,1224.7155,3.2679143,1218.6206,1222.7871,1224.6777,1227.1572,1229.6162,1225.195681160167
1080,1224.8866,3.2729695,1218.7853,1222.9493,1224.8601,1227.3185,1229.7932,1225.290020599866
1081,1225.055,3.2779975,1218.9473,1223.109,1225.0396,1227.4773,1229.9675,1225.386329943965
1082,1225.2202,3.2829888,1219.106,1223.2656,1225.2156,1227.6335,1230.1387,1225.484785855608
1083,1225.3815,3.2879088,1219.2609,1223.4185,1225.3867,1227.7864,1230.306,1225.585564997935
1084,1225.5381,3.2927492,1219.4111,1223.567,1225.5503,1227.9354,1230.4688,1225.688844034089
1085,1225.6897,3.297537,1219.5564,1223.7107,1225.7083,1228.0803,1230.6267,1225.794799627209
1086,1225.8354,3.3022273,1219.696,1223.849,1225.86,1228.2205,1230.7793,1225.903608440439
1087,1225.975,3.3068066,1219.8291,1223.9816,1226.005,1228.3552,1230.9255,1226.01544713692
1088,1226.1075,3.3112617,1219.9554,1224.1077,1226.1426,1228.4844,1231.0651,1226.130492379793
1089,1226.2325,3.3156247,1220.0742,1224.2267,1226.2719,1228.6073,1231.1975,1226.2489208322
1090,1226.3494,3.319825,1220.1848,1224.3381,1226.3923,1228.7234,1231.322,1226.370909157283
1091,1226.4575,3.3239052,1220.2866,1224.4417,1226.5034,1228.8324,1231.4381,1226.496634018183
1092,1226.5563,3.3278286,1220.379,1224.5366,1226.6045,1228.9336,1231.5453,1226.626272078041
1093,1226.6453,3.3316007,1220.4615,1224.6223,1226.6948,1229.0266,1231.6428,1226.76
1094,1226.7236,3.3351934,1220.5334,1224.6982,1226.7736,1229.1113,1231.7303,1226.897933086009
1095,1226.7926,3.3386524,1220.5958,1224.7655,1226.8423,1229.1895,1231.8086,1227.039941193247
1096,1226.857,3.3420446,1220.6542,1224.828,1226.9065,1229.264,1231.8828,1227.185832817701
1097,1226.9209,3.3453567,1220.7123,1224.8885,1226.9705,1229.3383,1231.9565,1227.335416455359
1098,1226.984,3.348621,1220.7705,1224.9476,1227.0342,1229.4122,1232.0298,1227.488500602207
1099,1227.0466,3.3518317,1220.8287,1225.005,1227.0977,1229.4858,1232.1025,1227.644893754233
1100,1227.1086,3.3549862,1220.887,1225.0609,1227.1609,1229.5593,1232.175,1227.804404407423
1101,1227.17,3.3581018,1220.945,1225.1154,1227.2239,1229.6324,1232.2468,1227.966841057766
1102,1227.231,3.3611624,1221.003,1225.1685,1227.2866,1229.7054,1232.3185,1228.132012201248
1103,1227.2913,3.364203,1221.061,1225.2202,1227.3494,1229.7781,1232.3896,1228.299726333855
1104,1227.3511,3.367215,1221.1189,1225.2743,1227.4116,1229.8505,1232.4603,1228.469791951577
1105,1227.4105,3.370188,1221.1768,1225.3339,1227.4736,1229.9227,1232.5309,1228.642017550399
1106,1227.4695,3.3731444,1221.2346,1225.3927,1227.5356,1229.9946,1232.6008,1228.816211626308
1107,1227.528,3.3760755,1221.2924,1225.4509,1227.5973,1230.0664,1232.6707,1228.992182675292
1108,1227.586,3.379003,1221.35,1225.5087,1227.6588,1230.138,1232.74,1229.169739193339
1109,1227.6439,3.381906,1221.4076,1225.5659,1227.7202,1230.2092,1232.8092,1229.348689676434
1110,1227.7013,3.3848176,1221.4652,1225.6228,1227.7812,1230.2803,1232.878,1229.528842620565
1111,1227.7583,3.3877265,1221.5225,1225.6791,1227.8423,1230.3513,1232.9465,1229.71000652172
1112,1227.8151,3.390648,1221.5798,1225.7351,1227.9031,1230.4219,1233.0149,1229.891989875885
1113,1227.8715,3.3935585,1221.6371,1225.7905,1227.9636,1230.4924,1233.0829,1230.074601179048
1114,1227.9276,3.3964927,1221.6942,1225.846,1228.0242,1230.5516,1233.1508,1230.257648927195
1115,1227.9836,3.3994377,1221.7512,1225.9004,1228.0845,1230.6083,1233.2184,1230.440941616315
1116,1228.0394,3.4023893,1221.8082,1225.9507,1228.1473,1230.6648,1233.2858,1230.624287742393
1117,1228.0948,3.405366,1221.865,1226.0005,1228.2202,1230.721,1233.353,1230.807495801417
1118,1228.1503,3.408359,1221.9216,1226.0503,1228.2932,1230.7771,1233.42,1230.990374289375
1119,1228.2054,3.4113941,1221.9783,1226.1,1228.3657,1230.833,1233.4869,1231.172731702253
1120,1228.2605,3.4144406,1222.0347,1226.1494,1228.4384,1230.8888,1233.5537,1231.354376536039
1121,1228.3154,3.4175296,1222.091,1226.1987,1228.5083,1230.9446,1233.6204,1231.53511728672
1122,1228.3704,3.4206321,1222.1472,1226.2482,1228.5732,1231.0,1233.6869,1231.714762450282
1123,1228.4252,3.4237711,1222.2032,1226.2975,1228.638,1231.0555,1233.7532,1231.893120522713
1124,1228.48,3.4269378,1222.2592,1226.3469,1228.7024,1231.1111,1233.8197,1232.07
1125,1228.5347,3.4301524,1222.315,1226.3962,1228.7668,1231.1666,1233.8859,1232.245263252297
1126,1228.5895,3.433397,1222.3705,1226.4456,1228.8232,1231.222,1233.952,1232.418988146423
1127,1228.6443,3.436668,1222.426,1226.4951,1228.8726,1231.2777,1234.0181,1232.591306423362
1128,1228.6991,3.439978,1222.4813,1226.5447,1228.9221,1231.3333,1234.0842,1232.762349824099
1129,1228.754,3.4433293,1222.5365,1226.5944,1228.9716,1231.3889,1234.1504,1232.932250089621
1130,1228.8091,3.4467063,1222.5917,1226.6443,1229.021,1231.4447,1234.2166,1233.101138960913
1131,1228.8641,3.4501314,1222.6467,1226.6941,1229.0707,1231.5007,1234.2828,1233.269148178958
1132,1228.9193,3.4535809,1222.7018,1226.7443,1229.1204,1231.5566,1234.3491,1233.436409484744
1133,1228.9747,3.4570503,1222.7568,1226.7946,1229.1702,1231.6128,1234.4154,1233.603054619255
1134,1229.0302,3.4605527,1222.8119,1226.845,1229.2202,1231.6692,1234.4818,1233.769215323476
1135,1229.0858,3.464098,1222.8671,1226.8958,1229.2703,1231.7256,1234.5485,1233.935023338392
1136,1229.1416,3.4676707,1222.9222,1226.9465,1229.3204,1231.7823,1234.6151,1234.100610404989
1137,1229.1976,3.471258,1222.9777,1226.9976,1229.3708,1231.8392,1234.6821,1234.266108264252
1138,1229.2538,3.474884,1223.033,1227.049,1229.4214,1231.8965,1234.7491,1234.431648657166
1139,1229.3102,3.4785647,1223.0885,1227.1005,1229.4722,1231.9537,1234.8165,1234.597363324716
1140,1229.3668,3.4822657,1223.1442,1227.147,1229.5232,1232.0114,1234.8865,1234.763384007888
1141,1229.4237,3.485967,1223.2001,1227.1919,1229.5759,1232.0693,1234.9592,1234.929842447666
1142,1229.481,3.4897406,1223.2561,1227.2372,1229.635,1232.1276,1235.0322,1235.096870385037
1143,1229.5386,3.4935303,1223.3124,1227.2827,1229.6945,1232.186,1235.1056,1235.264599560985
1144,1229.5962,3.4973617,1223.369,1227.3284,1229.7542,1232.2449,1235.1793,1235.433161716495
1145,1229.6544,3.5012167,1223.4259,1227.3745,1229.8142,1232.3042,1235.2533,1235.602688592552
1146,1229.7129,3.5051172,1223.483,1227.4297,1229.8743,1232.3638,1235.3276,1235.773311930143
1147,1229.7717,3.5090542,1223.5404,1227.4934,1229.9349,1232.4237,1235.4025,1235.945163470252
1148,1229.8308,3.5130212,1223.5983,1227.5575,1229.9958,1232.484,1235.4778,1236.118374953864
1149,1229.8905,3.5170262,1223.6565,1227.6221,1230.0571,1232.5447,1235.5535,1236.293078121965
1150,1229.9504,3.5210645,1223.7151,1227.687,1230.1189,1232.606,1235.6296,1236.469404715539
1151,1230.0107,3.525152,1223.7742,1227.7524,1230.1809,1232.6676,1235.7064,1236.647486475573
1152,1230.0717,3.5292797,1223.8336,1227.8184,1230.2434,1232.7297,1235.7837,1236.82745514305
1153,1230.1329,3.5334492,1223.8936,1227.8845,1230.3064,1232.7922,1235.8616,1237.009442458957
1154,1230.1947,3.5376687,1223.9539,1227.9514,1230.3699,1232.8553,1235.9401,1237.193580164279
1155,1230.2568,3.5419233,1224.0148,1228.0188,1230.4338,1232.9188,1236.0192,1237.38
1156,1230.3196,3.5462165,1224.0763,1228.0868,1230.4983,1232.9829,1236.099,1237.568759735959
1157,1230.3834,3.5505435,1224.1389,1228.1533,1230.5637,1233.0481,1236.1799,1237.7596212574
1158,1230.4502,3.55476,1224.2046,1228.221,1230.6322,1233.1165,1236.2633,1237.952272478422
1159,1230.5211,3.5587325,1224.2749,1228.2925,1230.7046,1233.1892,1236.3502,1238.146401313121
1160,1230.5958,3.5625248,1224.3494,1228.3674,1230.7809,1233.2659,1236.4402,1238.341695675597
1161,1230.6743,3.56612,1224.4277,1228.4458,1230.8606,1233.3467,1236.5333,1238.537843479945
1162,1230.7562,3.5695643,1224.5098,1228.5273,1230.9438,1233.4309,1236.6292,1238.734532640264
1163,1230.8412,3.5728242,1224.5955,1228.6118,1231.0293,1233.5186,1236.7275,1238.931451070651
1164,1230.9292,3.5759275,1224.6842,1228.6989,1231.115,1233.6094,1236.8284,1239.128286685203
1165,1231.0199,3.578907,1224.776,1228.7883,1231.2041,1233.703,1236.9314,1239.32472739802
