time_index,mean,std,p05,p25,p50,p75,p95,actual
0,694.8775,1.7299378,692.23517,693.8296,694.8287,695.81323,697.63586,674.1392824027828
1,695.02423,1.7262888,692.38165,693.9475,694.97565,695.93726,697.7782,674.3357946002761
2,695.1697,1.7227516,692.52716,694.0647,695.121,696.06055,697.9191,674.5325519930916
3,695.31396,1.7193172,692.6718,694.19495,695.26514,696.1868,698.05865,674.7296363130034
4,695.4571,1.7159522,692.81555,694.36005,695.4177,696.3146,698.19684,674.9271292917855
5,695.5991,1.7126498,692.95844,694.5237,695.56354,696.44147,698.33374,675.1251126612119
6,695.74,1.7094306,693.1004,694.6859,695.7024,696.5676,698.46936,675.3236681530568
7,695.87976,1.7062252,693.2376,694.8061,695.8402,696.6931,698.61847,675.5228774990943
8,696.0185,1.7030461,693.3593,694.93646,695.9806,696.8178,698.7677,675.7228224310983
9,696.1562,1.6998875,693.4807,695.065,696.12744,696.9419,698.91547,675.923584680843
10,696.2929,1.6967214,693.6019,695.1863,696.2733,697.0653,699.0616,676.1252459801024
11,696.4286,1.6935275,693.7412,695.3203,696.41656,697.1881,699.2062,676.3278880606506
12,696.5633,1.6903126,693.88196,695.4503,696.54425,697.3103,699.3493,676.5315926542615
13,696.697,1.6870546,694.02216,695.575,696.67126,697.432,699.4909,676.7364414927096
14,696.8299,1.6837527,694.1616,695.6992,696.7975,697.55536,699.6311,676.9425163077685
15,696.96185,1.6803759,694.3007,695.82263,696.923,697.6826,699.7698,677.1498988312125
16,697.09296,1.6769189,694.4392,695.94543,697.0479,697.8093,699.90704,677.3586707948156
17,697.2232,1.6733859,694.57715,696.0677,697.1721,697.93536,700.04297,677.5689139303518
18,697.3527,1.6697338,694.7147,696.1894,697.2958,698.06085,700.17737,677.7807099695951
19,697.4814,1.6659901,694.85187,696.31055,697.41895,698.1857,700.31055,677.9941406443199
20,697.6093,1.6620995,694.98584,696.4311,697.54144,698.31006,700.44226,678.2092876863001
21,697.7365,1.6580898,695.118,696.5512,697.66486,698.43396,700.5727,678.4262328273096
22,697.863,1.6539391,695.2499,696.6709,697.79785,698.5572,700.7018,678.6450577991227
23,697.9888,1.6496358,695.39575,696.7901,697.92993,698.6802,700.82965,678.8658443335132
24,698.1139,1.6451601,695.54584,696.90894,698.06323,698.8025,700.95624,679.0886741622555
25,698.23834,1.6405146,695.6955,697.02734,698.20264,698.92456,701.0815,679.3136290171234
26,698.36224,1.6356964,695.84467,697.14355,698.34094,699.0382,701.20557,679.540790629891
27,698.4856,1.6306882,695.9935,697.2588,698.4784,699.1472,701.3284,679.7702407323326
28,698.60834,1.6254808,696.14197,697.374,698.6131,699.25586,701.45013,680.0020610562219
29,698.73065,1.6200713,696.2901,697.49347,698.7444,699.3656,701.5706,680.2363333333333
30,698.85236,1.6144537,696.438,697.61597,698.8745,699.4807,701.69006,680.4730575636665
31,698.9735,1.6085823,696.5853,697.73804,699.00336,699.5949,701.80804,680.7119068201256
32,699.0934,1.6024013,696.73175,697.8592,699.1297,699.7075,701.92395,680.9524724438398
33,699.2117,1.5958657,696.8766,697.9791,699.2536,699.818,702.03723,681.1943457759392
34,699.3283,1.5890238,697.01996,698.0976,699.37494,699.9299,702.1479,681.4371181575533
35,699.4432,1.5818686,697.1616,698.2147,699.4938,700.0399,702.2559,681.6803809298119
36,699.5564,1.5744562,697.30164,698.33044,699.6102,700.1474,702.3615,681.9237254338444
37,699.6679,1.5667925,697.4398,698.4446,699.7241,700.25256,702.4646,682.1667430107806
38,699.7775,1.5589305,697.5761,698.5572,699.8356,700.3553,702.5652,682.4090250017504
39,699.8854,1.5508614,697.7105,698.6682,699.9447,700.4558,702.6632,682.6501627478831
40,699.9914,1.5426548,697.8429,698.7776,700.0513,700.55383,702.7589,682.8897475903087
41,700.09546,1.5343213,697.9732,698.8852,700.1556,700.65186,702.85223,683.1273708701567
42,700.19763,1.525901,698.1014,698.991,700.2573,700.74866,702.9432,683.3626239285568
43,700.2979,1.5174199,698.22736,699.0951,700.3568,700.84326,703.03174,683.5950981066387
44,700.3961,1.5088847,698.3511,699.19727,700.4539,700.9354,703.118,683.824384745532
45,700.4924,1.5003686,698.47235,699.3033,700.54407,701.02527,703.202,684.0500751863666
46,700.5865,1.4918694,698.59125,699.41284,700.63214,701.11304,703.28375,684.271760770272
47,700.6786,1.4834292,698.70764,699.5277,700.7181,701.19836,703.36334,684.4890328383776
48,700.7685,1.4750783,698.8191,699.63855,700.8019,701.2815,703.4407,684.7014827318137
49,700.8563,1.4668446,698.9209,699.7469,700.8926,701.3637,703.51587,684.9087017917095
50,700.94196,1.4587603,699.0204,699.8526,700.9845,701.4447,703.589,685.1102813591949
51,701.0253,1.4508522,699.1174,699.9557,701.0685,701.5234,703.66,685.3058127753994
52,701.1065,1.4431324,699.21185,700.0561,701.1471,701.59985,703.7289,685.4948873814528
53,701.1853,1.4356546,699.3015,700.1536,701.2235,701.6741,703.7958,685.6770965184846
54,701.2618,1.4284452,699.3883,700.2482,701.3015,701.7462,703.86066,685.8520315276248
55,701.336,1.4215071,699.4724,700.3271,701.3779,701.81616,703.9236,686.0192837500028
56,701.4077,1.4149023,699.5538,700.4034,701.4518,701.884,703.98456,686.1784445267484
57,701.4771,1.4086256,699.63214,700.47723,701.5232,701.9497,704.04364,686.3291051989913
58,701.544,1.4027288,699.7076,700.5455,701.5896,702.0133,704.1008,686.4708571078611
59,701.60846,1.3972173,699.7799,700.6102,701.6527,702.0748,704.1562,686.6032915944874
60,701.6703,1.392136,699.8491,700.67267,701.7134,702.13434,704.20966,686.726
61,701.7296,1.3875091,699.91504,700.7326,701.772,702.1918,704.2615,686.8387126775118
62,701.78485,1.3832436,699.9764,700.78894,701.8264,702.24603,704.3098,686.9417160280692
63,701.83124,1.3789947,700.0295,700.83716,701.87134,702.2935,704.35004,687.0354354647013
64,701.8658,1.3745774,700.0719,700.87494,701.9053,702.3319,704.379,687.1202964004384
65,701.88904,1.3700486,700.10425,700.90265,701.9286,702.3617,704.39734,687.1967242483091
66,701.90173,1.3654165,700.12695,700.9209,701.9413,702.3833,704.40546,687.2651444213436
67,701.9045,1.3607647,700.1407,700.9303,701.944,702.38745,704.40405,687.325982332571
68,701.89764,1.3561494,700.1458,700.9312,701.9428,702.3913,704.39374,687.3796633950211
69,701.8821,1.3516046,700.14233,700.92426,701.9268,702.39935,704.37506,687.4266130217234
70,701.85834,1.3472202,700.1175,700.91003,701.8874,702.3972,704.34863,687.4672566257074
71,701.827,1.343048,700.0812,700.8889,701.83923,702.3848,704.31494,687.5020196200023
72,701.78876,1.339128,700.0375,700.86163,701.78784,702.36707,704.27466,687.5313274176382
73,701.7441,1.335533,699.9868,700.8286,701.73157,702.34436,704.2283,687.5556054316442
74,701.6936,1.3322887,699.9301,700.78174,701.66907,702.3172,704.1765,687.57527907505
75,701.63806,1.3294734,699.8678,700.7089,701.6008,702.2859,704.11993,687.590773760885
76,701.5779,1.3270962,699.8006,700.6233,701.52966,702.22437,704.05896,687.6025149021789
77,701.51385,1.3252205,699.7292,700.5293,701.4553,702.1574,703.9944,687.610927911961
78,701.4465,1.3238345,699.65424,700.49805,701.37744,702.08716,703.92664,687.6164382032609
79,701.37634,1.3229814,699.57635,700.4393,701.29663,702.0142,703.8564,687.6194711891083
80,701.30414,1.3226523,699.4962,700.34906,701.21375,701.9392,703.7841,687.6204522825326
81,701.23047,1.3228694,699.4145,700.2658,701.1344,701.86273,703.7106,687.6198068965633
82,701.1559,1.3236027,699.3319,700.1723,701.06494,701.7893,703.63617,687.6179604442299
83,701.08093,1.3248397,699.2489,700.1294,700.99097,701.7282,703.5506,687.6153383385621
84,701.00635,1.3265415,699.1663,700.0835,700.9087,701.6596,703.45087,687.6123659925892
85,700.9327,1.3286917,699.0847,700.0326,700.8485,701.5901,703.3524,687.6094688193408
86,700.86053,1.331237,699.0048,699.98285,700.76917,701.5258,703.2559,687.6070722318465
87,700.79047,1.3341188,698.9272,699.93463,700.68286,701.46735,703.16205,687.6056016431356
88,700.72314,1.337298,698.85254,699.88086,700.59973,701.4138,703.0716,687.6054824662381
89,700.6591,1.3406875,698.78143,699.8292,700.5205,701.36316,702.9851,687.6071401141829
90,700.59906,1.3442396,698.71466,699.78094,700.4457,701.316,702.9033,687.6109999999999
91,700.54346,1.3478549,698.6527,699.73663,700.37286,701.27264,702.8299,687.6173986501444
92,700.49164,1.3515487,698.59485,699.6957,700.3252,701.23267,702.77136,687.6263170447745
93,700.4398,1.3555088,698.53705,699.6549,700.2573,701.19275,702.71265,687.637647277474
94,700.3855,1.3598979,698.4764,699.6121,700.18585,701.1509,702.651,687.651281441827
95,700.3289,1.364721,698.4133,699.56757,700.1195,701.1071,702.5868,687.6671116314171
96,700.2704,1.3700045,698.348,699.5216,700.0509,701.06195,702.52045,687.6850299398288
97,700.2104,1.3757564,698.2811,699.4744,699.9805,701.01556,702.4586,687.7049284606456
98,700.14923,1.3819579,698.19495,699.42645,699.90857,700.96826,702.39624,687.7266992874515
99,700.0873,1.3886051,698.1044,699.36536,699.8357,700.9204,702.33295,687.7502345138303
100,700.02484,1.3957002,698.01294,699.2838,699.76514,700.8722,702.2691,687.7754262333664
101,699.9623,1.4032129,697.92114,699.2336,699.7191,700.8241,702.2109,687.802166539643
102,699.8999,1.4111183,697.8241,699.1881,699.67346,700.7762,702.1641,687.8303475262446
103,699.8382,1.4193698,697.7275,699.1433,699.6284,700.72894,702.118,687.8598612867548
104,699.7774,1.4279296,697.62555,699.09875,699.5844,700.68256,702.07275,687.8905999147576
105,699.7179,1.4367435,697.5153,699.0337,699.5415,700.6373,702.02856,687.9224555038372
106,699.6601,1.4457746,697.4075,698.96857,699.5002,700.5969,702.0079,687.9553201475771
107,699.60425,1.4549387,697.3024,698.9056,699.42676,700.5586,701.98846,687.9890859395614
108,699.5507,1.464191,697.201,698.8525,699.35266,700.52234,701.9706,688.0236449733741
109,699.4998,1.4734371,697.1036,698.8151,699.2818,700.4883,701.9543,688.058889342599
110,699.452,1.4826155,697.01074,698.76794,699.2146,700.4569,701.93994,688.0947111408201
111,699.40765,1.4916627,696.92316,698.70874,699.1623,700.4298,701.9276,688.131002461621
112,699.36694,1.5004693,696.8414,698.65393,699.11475,700.40717,701.91754,688.1676553985862
113,699.3303,1.5089698,696.76587,698.5973,699.0718,700.39484,701.9098,688.2045620452994
114,699.2981,1.5170832,696.6974,698.5461,699.0334,700.3864,701.9047,688.2416144953442
115,699.27075,1.524715,696.6363,698.5089,699.00024,700.3706,701.90234,688.2787048423049
116,699.2484,1.5317837,696.5833,698.47754,698.97266,700.359,701.89075,688.3157251797653
117,699.2316,1.5382129,696.539,698.45264,698.95105,700.35254,701.8764,688.3525676013094
118,699.22064,1.5439066,696.5039,698.4344,698.9357,700.3522,701.86743,688.3891242005209
119,699.21576,1.5487775,696.48724,698.4234,698.9271,700.3568,701.8641,688.425287070984
120,699.2175,1.5527655,696.4819,698.4199,698.9256,700.3667,701.86676,688.4609483062823
121,699.226,1.5557705,696.4852,698.42456,698.9316,700.3821,701.87573,688.496
122,699.2418,1.557743,696.49786,698.4375,698.94543,700.40405,701.8914,688.5303693112213
123,699.26416,1.5587566,696.5189,698.4581,698.96643,700.4317,701.913,688.5641236610331
124,699.2901,1.5593326,696.54443,698.48285,698.99146,700.4621,701.9381,688.5973655360219
125,699.31744,1.5597755,696.57153,698.50903,699.01794,700.4906,701.9645,688.6301974227752
126,699.346,1.560111,696.6002,698.5367,699.0459,700.51953,701.9922,688.6627218078795
127,699.37585,1.5603384,696.63025,698.5657,699.0761,700.54974,702.02106,688.6950411779222
128,699.407,1.5604585,696.66174,698.59595,699.10846,700.5811,702.0511,688.7272580194901
129,699.4391,1.5604722,696.69446,698.62744,699.1419,700.6136,702.0822,688.7594748191705
130,699.47217,1.5603886,696.7284,698.66016,699.1763,700.64716,702.1143,688.7917940635504
131,699.50635,1.5602065,696.7635,698.69385,699.21155,700.68176,702.14734,688.824318239216
132,699.5413,1.5599263,696.7996,698.72864,699.2477,700.7173,702.1812,688.8571498327556
133,699.5772,1.5595564,696.8368,698.7642,699.2845,700.75366,702.2159,688.8903913307553
134,699.6138,1.5591017,696.87494,698.8007,699.322,700.7908,702.2512,688.9241452198023
135,699.6511,1.5585588,696.91394,698.838,699.3601,700.82874,702.28723,688.9585139864838
136,699.68896,1.5579259,696.9537,698.87604,699.3987,700.8673,702.3237,688.9936001173867
137,699.7274,1.5572255,696.99414,698.9147,699.43774,700.90643,702.3607,689.029506099098
138,699.7664,1.5564412,697.0353,698.9539,699.4772,700.9461,702.39825,689.0663344182046
139,699.8058,1.5555828,697.077,698.99365,699.51697,700.98627,702.43604,689.1041875612938
140,699.84546,1.5546602,697.1192,699.0338,699.557,701.02673,702.47406,689.1431680149524
141,699.8855,1.5536793,697.1618,699.0742,699.59717,701.0676,702.5123,689.1833782657675
142,699.9257,1.5526173,697.20483,699.11505,699.6375,701.10876,702.55066,689.224920800326
143,699.966,1.5515026,697.2481,699.15607,699.67786,701.15,702.5891,689.2678981052152
144,700.0064,1.5503178,697.2916,699.19714,699.7181,701.1914,702.62744,689.3124126670215
145,700.0469,1.5490867,697.33527,699.23834,699.7583,701.2329,702.6658,689.3585669723326
146,700.08716,1.5478044,697.37897,699.2795,699.79834,701.27435,702.7039,689.4064635077353
147,700.12744,1.5464787,697.4227,699.32056,699.838,701.31573,702.74176,689.4562047598164
148,700.1675,1.5450939,697.4663,699.3615,699.87744,701.357,702.7793,689.5078932151631
149,700.2072,1.5436664,697.50977,699.4022,699.9165,701.39795,702.8164,689.5616313603624
150,700.24664,1.5422028,697.5531,699.4426,699.95496,701.43866,702.85315,689.6175216820013
151,700.28564,1.5406958,697.59607,699.48267,699.99304,701.479,702.8893,689.6756666666666
152,700.32416,1.5391606,697.6386,699.5223,700.0304,701.5189,702.9248,689.7360915860976
153,700.36237,1.5375863,697.68097,699.5615,700.0673,701.55853,702.95984,689.7985128526411
154,700.40076,1.5359882,697.72375,699.6011,700.10443,701.59845,702.9951,689.8625696637959
155,700.43994,1.534401,697.7671,699.64124,700.1421,701.6391,703.0309,689.9279012170604
156,700.47943,1.5328029,697.81104,699.68195,700.18024,701.6803,703.06714,689.9941467099337
157,700.5195,1.5312091,697.8554,699.72296,700.21875,701.72186,703.1037,690.0609453399143
158,700.5597,1.5296099,697.9001,699.76434,700.25757,701.7639,703.14056,690.1279363045015
159,700.6001,1.5280113,697.9449,699.8058,700.2964,701.8082,703.1775,690.1947588011936
160,700.64056,1.5264193,697.98975,699.8473,700.3353,701.85254,703.21454,690.26105202749
161,700.68085,1.524831,698.0345,699.8887,700.37415,701.89685,703.25146,690.3264551808887
162,700.721,1.5232377,698.07904,699.92993,700.41364,701.93555,703.2882,690.3906074588891
163,700.76086,1.5216601,698.1232,699.9708,700.4534,701.97314,703.32465,690.4531480589898
164,700.8003,1.5200763,698.16705,700.01135,700.4928,702.01025,703.3607,690.5137161786894
165,700.8391,1.5185124,698.21014,700.0514,700.53174,702.047,703.3963,690.5719510154867
166,700.8773,1.5169574,698.25256,700.0906,700.56995,702.0848,703.4313,690.6274917668808
167,700.9148,1.5153974,698.2942,700.12915,700.60754,702.1218,703.4656,690.6799776303701
168,700.95123,1.5138553,698.3348,700.16675,700.6443,702.15796,703.499,690.7290478034539
169,700.9867,1.5123186,698.3743,700.20337,700.6802,702.1931,703.5316,690.7743414836306
170,701.0211,1.5107933,698.41266,700.2389,700.71497,702.2272,703.5631,690.8154978683987
171,701.0542,1.5092816,698.4496,700.27313,700.74854,702.26,703.5935,690.8521561552577
172,701.08594,1.5077661,698.4851,700.306,700.78094,702.29144,703.6227,690.883955541706
173,701.1161,1.5062748,698.5189,700.3374,700.812,702.3214,703.65045,690.910535225242
174,701.1448,1.5047837,698.5511,700.3672,700.84155,702.34985,703.67676,690.9315344033653
175,701.17163,1.503307,698.58136,700.3953,700.8695,702.37665,703.7016,690.9465922735742
176,701.1967,1.5018522,698.6097,700.42163,700.8959,702.40155,703.7232,690.9553480333675
177,701.2198,1.5004128,698.6358,700.446,700.9204,702.42456,703.743,690.9574408802441
178,701.2408,1.4989809,698.6597,700.4682,700.943,702.4455,703.7607,690.9525100117028
179,701.2595,1.4975735,698.68134,700.4883,700.9636,702.46436,703.77637,690.9401946252422
180,701.276,1.496176,698.7004,700.5061,700.9822,702.48083,703.78986,690.9201339183612
181,701.2901,1.4947995,698.71686,700.52155,700.9984,702.495,703.801,690.8919670885588
182,701.3016,1.4934654,698.7306,700.5344,701.0123,702.50433,703.80975,690.8553333333333
183,701.31036,1.492127,698.7414,700.54456,701.0238,702.51025,703.8159,690.8101566156008
184,701.31647,1.4908378,698.74927,700.552,701.03284,702.5133,703.8195,690.7574999599444
185,701.3198,1.4895732,698.7543,700.5569,701.0394,702.5134,703.8205,690.6987111563644
186,701.3209,1.4883593,698.7568,700.55945,701.04395,702.51306,703.8194,690.6351379948612
187,701.32025,1.4871448,698.7573,700.5601,701.04675,702.513,703.8165,690.5681282654348
188,701.31805,1.4859872,698.7582,700.5595,701.0483,702.5094,703.8123,690.4990297580853
189,701.31494,1.4848455,698.7636,700.55786,701.04895,702.4971,703.80725,690.4291902628129
190,701.3113,1.483717,698.76855,700.5558,701.0491,702.48413,703.8015,690.3599575696181
191,701.3075,1.482621,698.7734,700.55347,701.04913,702.47095,703.79584,690.2926794685009
192,701.3041,1.4815367,698.7785,700.5515,701.04956,702.4581,703.7904,690.2287037494616
193,701.3014,1.4804487,698.7843,700.5522,701.0506,702.4482,703.7857,690.1693782025004
194,701.3,1.4793653,698.79114,700.5591,701.05273,702.44,703.78217,690.1160506176174
195,701.30023,1.4782782,698.79944,700.56726,701.0565,702.4338,703.7802,690.0700687848131
196,701.3025,1.4771651,698.80945,700.57697,701.0621,702.43,703.7802,690.0327804940874
197,701.30725,1.4760383,698.8216,700.5886,701.06995,702.4293,703.7826,690.0055335354406
198,701.31506,1.4748675,698.8364,700.6024,701.08057,702.4321,703.78784,689.989675698873
199,701.32623,1.4736627,698.854,700.6188,701.09424,702.43713,703.79626,689.9865547743848
200,701.34125,1.4724087,698.87494,700.63806,701.1114,702.44666,703.80835,689.9975185519761
201,701.36053,1.4710891,698.89954,700.6605,701.13245,702.46173,703.8244,690.0239148216473
202,701.3845,1.4696983,698.92816,700.6865,701.15784,702.48285,703.845,690.0670913733982
203,701.4137,1.4682286,698.9612,700.7163,701.18787,702.5106,703.8704,690.1283959972296
204,701.44836,1.4666915,698.999,700.7503,701.2231,702.5455,703.90125,690.2091764831412
205,701.4891,1.4650549,699.042,700.7888,701.2637,702.58875,703.9377,690.3107806211335
206,701.5363,1.4633241,699.0906,700.8322,701.31024,702.6421,703.9803,690.4345562012066
207,701.59045,1.4615185,699.145,700.88074,701.36316,702.6999,704.0295,690.5818510133607
208,701.652,1.4596052,699.2058,700.9348,701.42267,702.7653,704.08563,690.7540128475963
209,701.72125,1.4576275,699.27325,700.9947,701.4894,702.84094,704.1492,690.9523894939133
210,701.79877,1.4555669,699.3478,701.0681,701.5635,702.92773,704.22046,691.1783287423118
211,701.88495,1.4534578,699.4298,701.15497,701.64557,703.0252,704.3001,691.4331783827923
212,701.9803,1.4512994,699.51965,701.251,701.73596,703.13403,704.3884,691.7182862053551
213,702.0852,1.4491352,699.6177,701.35645,701.83514,703.2367,704.4857,692.035
214,702.20026,1.4469959,699.7407,701.47186,701.9435,703.35425,704.59265,692.384182284088
215,702.3295,1.4442645,699.8821,701.60236,702.0653,703.4886,704.71234,692.7647544844214
216,702.48584,1.4390879,700.0559,701.7591,702.22186,703.644,704.85394,693.1751527551634
217,702.67664,1.4302981,700.27203,701.9531,702.4133,703.8119,705.0232,693.6138132504772
218,702.9001,1.4181191,700.5281,702.18445,702.6365,704.01245,705.21857,694.0791721245255
219,703.1543,1.4028453,700.8217,702.45056,702.8895,704.2441,705.4386,694.5696655314713
220,703.43726,1.3847691,701.1507,702.74817,703.1707,704.503,705.6818,695.0837296254778
221,703.7473,1.3642114,701.51263,703.06726,703.4796,704.7874,705.9468,695.619800560708
222,704.0825,1.3415558,701.90186,703.3965,703.8267,705.0996,706.23206,696.1763144913249
223,704.4409,1.3171481,702.2969,703.73926,704.1987,705.43164,706.5361,696.7517075714916
224,704.8208,1.2914193,702.71136,704.09924,704.5936,705.7864,706.8574,697.3444159553709
225,705.22015,1.2647531,703.20074,704.47784,705.0127,706.1591,707.1947,697.952875797126
226,705.637,1.2375995,703.71063,704.893,705.45544,706.548,707.5793,698.5755232509198
227,706.0697,1.2103834,704.23883,705.3382,705.91565,706.9518,707.9829,699.2107944709154
228,706.5161,1.1835492,704.76904,705.77423,706.39124,707.3424,708.39966,699.8571256112758
229,706.9743,1.1575037,705.2821,706.1833,706.8618,707.77216,708.8313,700.5129528261641
230,707.4425,1.1326778,705.80096,706.6154,707.3259,708.2114,709.27386,701.1767122697433
231,707.9185,1.109473,706.3276,707.0759,707.82214,708.6583,709.7325,701.8468400961763
232,708.4006,1.088225,706.86084,707.53577,708.3091,709.11096,710.21716,702.5217724596262
233,708.8865,1.0692314,707.3984,707.9954,708.77985,709.5673,710.73224,703.199945514256
234,709.3744,1.0527333,707.9139,708.4879,709.24524,710.0365,711.2403,703.8797954142286
235,709.8621,1.0389229,708.41394,709.0509,709.76245,710.50354,711.7527,704.5597583137073
236,710.34766,1.0278338,708.9119,709.5816,710.29456,710.9593,712.2623,705.2382703668549
237,710.829,1.0194906,709.43176,710.0882,710.78467,711.4114,712.767,705.9137677278347
238,711.3039,1.013792,709.9622,710.5741,711.2665,711.85815,713.26447,706.5846865508092
239,711.77045,1.0105273,710.4353,711.0693,711.7457,712.2974,713.75226,707.2494629899419
240,712.2264,1.0094738,710.85034,711.52563,712.20996,712.7157,714.2282,707.9065331993955
241,712.6696,1.0102733,711.26575,711.97974,712.6611,713.1462,714.69,708.5543333333333
242,713.09796,1.0125619,711.6897,712.4047,713.1305,713.55164,715.1353,709.191620711019
243,713.5118,1.0160502,712.0969,712.8143,713.5736,713.94714,715.56445,709.818437312121
244,713.9175,1.0208116,712.4963,713.1959,713.9646,714.36597,715.9848,710.4351462814078
245,714.3205,1.0269697,712.88,713.5905,714.3528,714.7909,716.40204,711.042110763649
246,714.72064,1.0345212,713.25085,714.0078,714.73834,715.2231,716.7898,711.639693903613
247,715.1182,1.0434424,713.619,714.40063,715.13043,715.6686,717.1752,712.228258846069
248,715.5131,1.053696,713.9846,714.7861,715.4966,716.1214,717.5585,712.808168735786
249,715.90564,1.0652556,714.3476,715.16974,715.87415,716.5321,717.9397,713.3797867175332
250,716.29565,1.0780761,714.7082,715.55164,716.2947,716.9411,718.3189,713.9434759360793
251,716.68335,1.0921263,715.0663,715.9269,716.7275,717.2775,718.69617,714.4995995361933
252,717.0687,1.1073673,715.42224,716.29114,717.13,717.6122,719.0717,715.0485206626443
253,717.452,1.123746,715.77594,716.6534,717.5399,717.96606,719.4455,715.5906024602012
254,717.83325,1.1412423,716.1275,717.0138,717.91455,718.3188,719.8176,716.1262080736332
255,718.2124,1.1598114,716.4598,717.3722,718.30225,718.6933,720.1883,716.655700647709
256,718.58966,1.1793882,716.78955,717.7289,718.7077,719.1,720.5575,717.1794433271975
257,718.96515,1.199948,717.1134,718.0839,719.07275,719.505,720.92535,717.697799256868
258,719.3388,1.2214515,717.4748,718.4374,719.4289,719.9082,721.29193,718.2111315814896
259,719.7109,1.2438557,717.83575,718.78375,719.8126,720.3098,721.6575,718.719803445831
260,720.0813,1.2671274,718.1708,719.1161,720.1935,720.7225,722.0219,719.2241779946613
261,720.4503,1.2912238,718.48834,719.4469,720.5603,721.14685,722.38544,719.7246183727494
262,720.8179,1.316102,718.8022,719.79224,720.9218,721.5696,722.7799,720.2214877248641
263,721.1842,1.3417467,719.1147,720.1546,721.2804,721.9927,723.1845,720.715149195775
264,721.5493,1.3680972,719.4259,720.48035,721.61426,722.3696,723.5885,721.2059659302506
265,721.91327,1.3951567,719.73596,720.79736,721.9475,722.7731,723.995,721.6943010730599
266,722.2762,1.4228549,720.0449,721.14154,722.28687,723.2065,724.40765,722.1805177689719
267,722.6382,1.4511992,720.3529,721.4867,722.62744,723.6401,724.8198,722.6649791627558
268,722.99927,1.4801519,720.66,721.831,722.9671,724.0726,725.2316,723.1480483991804
269,723.35974,1.5096769,720.9662,722.1747,723.30597,724.504,725.6432,723.6300886230149
270,723.7195,1.5397737,721.2716,722.53284,723.64417,724.9346,726.05457,724.1114629790281
271,724.0787,1.5703884,721.57806,722.8852,723.98175,725.3161,726.46576,724.5925346119891
272,724.43744,1.601522,721.8982,723.23254,724.319,725.7241,726.877,725.0736666666664
273,724.7958,1.6331594,722.2175,723.579,724.65576,726.1052,727.28827,725.5552317721832
274,725.15485,1.665353,722.53723,723.92554,724.99316,726.4652,727.7113,726.0376404950747
275,725.5178,1.6983253,722.86,724.2748,725.3341,726.8352,728.1481,726.5213128862301
276,725.88696,1.7321535,723.1881,724.62854,725.6805,727.21094,728.5914,727.0066689965383
277,726.262,1.7667407,723.5215,724.98706,726.03235,727.5925,729.0411,727.494128876889
278,726.64307,1.8019954,723.8602,725.3503,726.3898,727.97974,729.497,727.9841125781708
279,727.02985,1.8378199,724.2043,725.7183,726.7539,728.3726,729.949,728.4770401512731
280,727.42236,1.874111,724.55365,726.0912,727.1322,728.7722,730.3829,728.9733316470846
281,727.82056,1.91078,724.9085,726.45074,727.5166,729.18567,730.8224,729.4734071164947
282,728.2243,1.9477044,725.26886,726.7988,727.90686,729.6046,731.26733,729.9776866103928
283,728.6336,1.984776,725.6346,727.1516,728.30286,730.0289,731.7174,730.4865901796675
284,729.0482,2.0219247,726.0059,727.508,728.71765,730.45844,732.1726,731.0005378752082
285,729.46814,2.058991,726.38275,727.86505,729.15015,730.89636,732.63275,731.5199497479039
286,729.8933,2.0959148,726.7652,728.2279,729.5879,731.3465,733.0991,732.0452458486436
287,730.3236,2.1325252,727.1533,728.6003,730.0306,731.80145,733.5764,732.576846228317
288,730.7589,2.1687431,727.5471,729.0167,730.47784,732.26105,734.0582,733.1151709378122
289,731.1992,2.2044468,727.9366,729.41974,730.9295,732.7252,734.5442,733.6606400280191
290,731.64435,2.2395241,728.3251,729.8356,731.38513,733.1937,735.0342,734.2136735498268
291,732.0943,2.273852,728.71985,730.2781,731.8445,733.6697,735.52783,734.7746915541242
292,732.5489,2.3073275,729.121,730.725,732.3073,734.15027,736.0251,735.3441140918002
293,733.00806,2.3398056,729.52856,731.17633,732.7732,734.63477,736.5256,735.922361213744
294,733.47174,2.3712018,729.9426,731.6317,733.242,735.1228,737.0291,736.5098529708451
295,733.93976,2.4013891,730.36334,732.0913,733.71326,735.61456,737.5355,737.1070094139923
296,734.4122,2.430251,730.7907,732.5547,734.1869,736.1096,738.0445,737.7142505940745
297,734.88873,2.4576921,731.2249,733.022,734.6624,736.608,738.5558,738.3319965619814
298,735.36945,2.4835904,731.66595,733.4928,735.1395,737.1094,739.0691,738.9606673686017
299,735.8541,2.5078406,732.114,733.9673,735.6179,737.6138,739.5843,739.6006830648246
300,736.3427,2.5303617,732.56903,734.4449,736.09735,738.1229,740.1046,740.2524637015391
301,736.83514,2.5510488,733.0314,734.92584,736.5775,738.6372,740.6333,740.9164293296346
302,737.3313,2.5698142,733.50085,735.40985,737.05786,739.15436,741.16406,741.5929999999998
303,737.831,2.5865698,733.97766,735.89087,737.53845,739.6655,741.69635,742.2824663925933
304,738.335,2.6013632,734.4624,736.37244,738.01965,740.1847,742.23096,742.9846017036507
305,738.8454,2.6145217,734.95703,736.8595,738.504,740.70483,742.77014,743.699049758476
306,739.3638,2.626321,735.46246,737.3535,739.0006,741.2287,743.3158,744.4254543823741
307,739.89,2.6368732,735.9786,737.8749,739.50616,741.7226,743.8679,745.1634594006495
308,740.4241,2.646224,736.5054,738.42365,740.0172,742.2391,744.4264,745.9127086386068
309,740.96594,2.6545029,737.04254,738.983,740.53394,742.78894,744.9913,746.6728459215503
310,741.51556,2.66178,737.5899,739.5527,741.0564,743.3535,745.5625,747.4435150747851
311,742.0728,2.668164,738.1474,740.1325,741.5845,743.92554,746.1402,748.2243599236153
312,742.63776,2.6737256,738.71484,740.72235,742.1184,744.50476,746.7242,749.0150242933457
313,743.2103,2.678558,739.292,741.29333,742.6581,745.0914,747.31464,749.815152009281
314,743.7904,2.682733,739.87885,741.8474,743.20374,745.6852,747.91144,750.6243868967251
315,744.378,2.6863458,740.47516,742.3832,743.76105,746.288,748.5146,751.4423727809832
316,744.97296,2.6894655,741.08075,742.9546,744.353,746.9043,749.12415,752.2687534873601
317,745.5754,2.6921635,741.6955,743.5737,744.9524,747.52484,749.74,753.1031728411594
318,746.18506,2.69453,742.31915,744.18286,745.5591,748.1383,750.3622,753.9452746676865
319,746.8021,2.6966252,742.9516,744.8002,746.173,748.7585,750.9908,754.7947027922455
320,747.4264,2.6985,743.5927,745.42554,746.79407,749.38525,751.6279,755.6511010401414
321,748.0578,2.7002141,744.24225,746.05884,747.4359,750.0186,752.27545,756.5141132366783
322,748.6964,2.701829,744.9002,746.69324,748.0876,750.65857,752.9294,757.3833832071612
323,749.3421,2.7033966,745.5537,747.32886,748.7489,751.3053,753.60925,758.2585547768944
324,749.99475,2.7049565,746.1975,747.9848,749.42163,751.97314,754.3087,759.1392717711825
325,750.6545,2.7065232,746.84894,748.6483,750.1015,752.66284,755.01404,760.02517801533
326,751.32104,2.7081742,747.5079,749.31915,750.7883,753.3598,755.69073,760.9159173346416
327,751.99445,2.7099082,748.17426,749.9973,751.48206,754.06384,756.3562,761.8111335544218
328,752.67474,2.7117338,748.8481,750.68274,752.1825,754.7749,757.03485,762.7104704999754
329,753.3618,2.7136807,749.52924,751.37537,752.8895,755.4929,757.7196,763.6135719966064
330,754.05554,2.715763,750.214,752.0751,753.603,756.2261,758.4107,764.5200818696198
331,754.7559,2.7179766,750.9049,752.78033,754.3229,756.9789,759.10803,765.4296439443202
332,755.4629,2.7203069,751.603,753.4867,755.0211,757.7381,759.8115,766.3419020460121
333,756.1764,2.7227793,752.3082,754.2,755.6969,758.50366,760.52136,767.2564999999997
334,756.8964,2.7253442,753.0542,754.912,756.3794,759.2752,761.24,768.1730410447939
335,757.6222,2.7280438,753.81885,755.61414,757.06824,760.0529,761.97986,769.0909660717269
336,758.3518,2.7309465,754.54645,756.32086,757.81396,760.8196,762.7232,770.0096753853372
337,759.0835,2.7341123,755.26666,757.0686,758.57574,761.55225,763.46857,770.9285692901631
338,759.8172,2.7375126,755.9758,757.80853,759.3386,762.2666,764.21063,771.847048090743
339,760.55255,2.7411287,756.6644,758.51953,760.10266,762.98285,764.95325,772.7645120916154
340,761.28925,2.7449124,757.3551,759.2235,760.86725,763.7008,765.6971,773.6803615973184
341,762.02686,2.748871,758.0579,759.9558,761.6067,764.42004,766.44183,774.5939969123904
342,762.7654,2.7529626,758.7754,760.71344,762.3365,765.1403,767.187,775.5048183413703
343,763.5043,2.757176,759.4935,761.46954,763.06665,765.8614,767.9326,776.4122261887956
344,764.24335,2.7614775,760.2123,762.2259,763.7969,766.58276,768.678,777.3156207592052
345,764.98224,2.7658663,760.93115,762.9822,764.527,767.3043,769.42285,778.2144023571373
346,765.7207,2.770322,761.6498,763.738,765.2893,768.0255,770.167,779.1079712871303
347,766.4584,2.7748294,762.3681,764.4901,766.051,768.7462,770.91003,779.9957278537227
348,767.195,2.7793682,763.08575,765.22345,766.79553,769.4659,771.65155,780.8770723614526
349,767.93024,2.7839336,763.8023,765.94073,767.52563,770.1844,772.39124,781.7514051148584
350,768.6637,2.788517,764.51746,766.6558,768.25415,770.90125,773.11615,782.6181264184788
351,769.39514,2.7931185,765.23096,767.36896,768.9808,771.61615,773.8281,783.4766365768515
352,770.12427,2.7977026,765.9425,768.0798,769.70514,772.32886,774.53827,784.3263358945155
353,770.85077,2.8022857,766.65173,768.7878,770.427,773.0424,775.24585,785.166624676009
354,771.5743,2.8068762,767.3583,769.4879,771.14606,773.7577,775.9649,785.99690322587
355,772.2944,2.8114333,768.06195,770.1738,771.87366,774.4698,776.69684,786.8165718486374
356,773.0109,2.8159797,768.7623,770.8572,772.59906,775.1784,777.42487,787.6250308488492
357,773.72345,2.8205066,769.45905,771.54846,773.32056,775.88324,778.1485,788.4216805310439
358,774.4317,2.8250272,770.1519,772.23,774.038,776.584,778.86743,789.2059211997597
359,775.13525,2.8295221,770.8405,772.91656,774.751,777.2803,779.58136,789.9771531595351
360,775.8338,2.8340235,771.5244,773.5979,775.4593,777.9718,780.29,790.7347767149085
361,776.5271,2.838519,772.20337,774.27356,776.1625,778.6581,780.993,791.4781921704183
362,777.2148,2.8430083,772.87714,774.9906,776.86035,779.339,781.69006,792.2067998306026
363,777.8963,2.8475275,773.54517,775.7166,777.5525,780.014,782.3808,792.9199999999998
364,778.57166,2.8520617,774.20734,776.43634,778.23865,780.68286,783.065,793.6173915055865
365,779.2406,2.8566747,774.8636,777.1194,778.9188,781.3457,783.7427,794.2993672640911
366,779.9045,2.8614674,775.51495,777.7573,779.594,782.004,784.4152,794.96651871468
367,780.5641,2.8664951,776.1623,778.4419,780.26514,782.65906,785.0836,795.6194372965198
368,781.2196,2.8717816,776.8059,779.11633,780.9322,783.3108,785.74805,796.2587144487768
369,781.87115,2.8773036,777.44586,779.77277,781.59534,783.9594,786.4086,796.8849416106177
370,782.51904,2.8830633,778.08234,780.4194,782.2549,784.60504,787.0694,797.4987102212087
371,783.1633,2.8890598,778.71545,781.0606,782.91077,785.2478,787.73,798.1006117197167
372,783.80414,2.895299,779.34546,781.6904,783.57166,785.8748,788.38696,798.6912375453078
373,784.4417,2.901746,779.97235,782.3163,784.2322,786.47546,789.04047,799.2711791371486
374,785.0762,2.9084265,780.59644,782.9385,784.88947,787.07306,789.6907,799.8410279344056
375,785.70764,2.9153464,781.2179,783.5572,785.5124,787.6696,790.3378,800.4013753762453
376,786.3363,2.9224699,781.83673,784.1726,786.14954,788.26587,790.982,800.9528129018342
377,786.9625,2.9298127,782.45325,784.785,786.797,788.86035,791.62335,801.4959319503387
378,787.5861,2.9373562,783.06757,785.3945,787.4422,789.4846,792.262,802.0313239609254
379,788.2075,2.945113,783.6798,786.00134,788.08545,790.11725,792.89825,802.5595803727606
380,788.8268,2.9530582,784.2902,786.6057,788.7266,790.7483,793.53204,803.0812926250111
381,789.44415,2.9611917,784.8989,787.2079,789.366,791.3779,794.16376,803.5970521568431
382,790.05975,2.9695253,785.50604,787.808,790.0039,792.009,794.8107,804.1074504074232
383,790.67377,2.9780297,786.1119,788.4063,790.6402,792.63904,795.45764,804.6130788159176
384,791.2864,2.9867036,786.7165,789.00305,791.27527,793.2682,796.1028,805.1145288214934
385,791.8977,2.9955354,787.32007,789.5984,791.90906,793.89624,796.7462,805.6123918633165
386,792.5081,3.0045152,787.9228,790.225,792.5418,794.5237,797.3882,806.1072593805537
387,793.11755,3.0136333,788.5249,790.8667,793.1422,795.1504,798.0288,806.5997228123714
388,793.72626,3.0229003,789.12646,791.5079,793.7231,795.7767,798.66833,807.0903735979361
389,794.33453,3.032282,789.7277,792.14856,794.3033,796.4025,799.3069,807.579803176414
390,794.94244,3.0417604,790.32886,792.789,794.93823,797.0282,799.9315,808.068602986972
391,795.5502,3.051359,790.93,793.4293,795.5767,797.65375,800.5504,808.5573644687763
392,796.15796,3.0610223,791.5314,794.0697,796.2154,798.2873,801.16907,809.0466790609939
393,796.766,3.070759,792.1332,794.6944,796.8495,798.9248,801.7877,809.5371382027906
394,797.3744,3.08057,792.73553,795.31476,797.4645,799.5626,802.4064,810.0293333333332
395,797.98346,3.0904186,793.3386,795.93604,798.0801,800.2008,803.0253,810.5237808134684
396,798.59,3.100884,793.9388,796.55383,798.69293,800.83704,803.6427,811.0206966907638
397,799.18536,3.1138833,794.5243,797.1558,799.2943,801.4644,804.25354,811.5202219344676
398,799.7645,3.1307173,795.08746,797.7344,799.87915,802.0829,804.8554,812.0224975138276
399,800.3286,3.1511369,795.6296,798.29144,800.44885,802.66864,805.4491,812.5276643980918
400,800.87897,3.1749318,796.1437,798.85547,801.0097,803.2311,806.03546,813.0358635565084
401,801.4169,3.201904,796.6218,799.4055,801.5691,803.77563,806.61536,813.5472359583247
402,801.94366,3.231814,797.0826,799.93756,802.1198,804.3104,807.18964,814.0619225727895
403,802.46063,3.2644851,797.52905,800.4593,802.663,804.8365,807.759,814.5800643691501
404,802.96906,3.2996898,797.9631,800.97217,803.1998,805.35675,808.3244,815.1018023166548
405,803.47034,3.3372169,798.38617,801.47754,803.7313,805.8835,808.88666,815.6272773845516
406,803.9657,3.3768582,798.8002,801.94806,804.25867,806.40497,809.4466,816.156630542088
407,804.45654,3.4183965,799.2066,802.4057,804.78284,806.92255,810.0027,816.6900027585128
408,804.9441,3.461598,799.60724,802.85913,805.30505,807.43744,810.5478,817.2275350030733
409,805.42975,3.5062423,800.00397,803.3097,805.82654,807.9506,811.09283,817.7693682450174
410,805.9149,3.5520904,800.3983,803.75903,806.3484,808.4635,811.6387,818.3156434535936
411,806.4009,3.5989308,800.79205,804.20844,806.8481,808.9773,812.1863,818.8665015980495
412,806.889,3.6464963,801.1868,804.65967,807.33093,809.4933,812.7366,819.422083647633
413,807.38055,3.694563,801.58453,805.10565,807.81714,810.0126,813.2905,819.9825305715922
414,807.877,3.7428753,801.9868,805.54297,808.30786,810.53644,813.84906,820.5479833391753
415,808.3797,3.7912073,802.3954,805.9865,808.81104,811.06616,814.41315,821.1185829196296
416,808.89,3.8392792,802.8271,806.4378,809.35,811.6077,814.9837,821.694470282204
417,809.40924,3.8868606,803.2887,806.89844,809.8981,812.17413,815.56177,822.2757863961456
418,809.93884,3.9336941,803.76245,807.37,810.45667,812.74963,816.14825,822.8626722307029
419,810.48016,3.9795084,804.25006,807.854,811.0271,813.3353,816.744,823.4552687551236
420,811.03467,4.024065,804.75336,808.3523,811.6107,813.9324,817.35016,824.0537169386556
421,811.6037,4.0671105,805.27405,808.8662,812.209,814.54193,817.9677,824.658157750547
422,812.18866,4.1083884,805.8142,809.39746,812.82324,815.1652,818.59753,825.268732160046
423,812.79095,4.147642,806.3753,809.9476,813.45483,815.8032,819.2406,825.8855811364002
424,813.4119,4.1846185,806.9594,810.5183,814.10535,816.45734,819.89795,826.5088456488577
425,814.0532,4.219098,807.5681,811.1113,814.776,817.1393,820.57056,827.1386666666664
426,814.716,4.2508063,808.2035,811.7283,815.4684,817.8217,821.2594,827.7749802227906
427,815.41797,4.27657,808.8875,812.391,816.1994,818.52295,821.978,828.4169026050604
428,816.2054,4.2863727,809.68164,813.1548,817.0139,819.31744,822.7566,829.0633451650209
429,817.1029,4.274304,810.61993,814.0486,817.89734,820.23206,823.6085,829.7132192542184
430,818.1021,4.2422285,811.69135,815.06244,818.86975,821.20984,824.5277,830.3654362241989
431,819.1943,4.1921706,812.885,816.1863,819.9331,822.167,825.5078,831.018907426508
432,820.3711,4.1262193,814.1898,817.405,821.13745,823.245,826.54266,831.6725442126922
433,821.6236,4.0465946,815.59485,818.72546,822.3985,824.454,827.6257,832.325257934297
434,822.9431,3.9556558,817.0889,820.1155,823.80383,825.7033,828.75073,832.9759599428685
435,824.32104,3.8558705,818.6607,821.5808,825.1764,826.99194,829.916,833.6235615899525
436,825.74835,3.7497752,820.29913,823.10333,826.5378,828.4985,831.1225,834.266974227095
437,827.21625,3.6400762,821.98126,824.6747,827.96124,829.8407,832.2411,834.905109205842
438,828.7157,3.529508,823.49365,826.28455,829.51953,831.12885,833.363,835.5368778777392
439,830.23773,3.4208615,825.02814,827.9225,830.97437,832.6487,834.6681,836.1611915943329
440,831.77325,3.3169386,826.5506,829.57794,832.5316,834.0978,836.2071,836.7769617071685
441,833.31323,3.220421,828.11646,831.2403,834.1864,835.4597,837.808,837.3830995677924
442,834.84845,3.133785,829.6288,832.90344,835.7074,837.041,839.2968,837.9785165277503
443,836.3697,3.0591764,831.1161,834.5436,837.0564,838.5947,840.7184,838.5621239385885
444,837.8679,2.998222,832.5807,836.11633,838.3566,840.10175,842.19525,839.1328331518522
445,839.33374,2.9519894,834.0589,837.5681,839.5814,841.26245,843.7285,839.6895555190879
446,840.75806,2.920783,835.5512,838.8909,840.796,842.682,845.2236,840.2312023918415
447,842.13165,2.90413,836.991,840.2329,841.93176,844.2095,846.48065,840.7566851216586
448,843.44525,2.9008818,838.4505,841.5855,843.10693,845.74207,847.776,841.2649150600851
449,844.68964,2.9091928,839.9644,842.905,844.16754,847.1417,849.06116,841.7548035586676
450,845.8557,2.926763,841.23535,844.2785,845.1782,848.4231,850.2737,842.2252619689513
451,846.9342,2.950982,842.33777,845.3955,846.16675,849.54285,851.4002,842.6752016424824
452,847.916,2.9791386,843.3375,846.29456,847.1316,850.4514,852.42737,843.1035339308072
453,848.79193,3.0086112,844.2243,847.0697,848.06384,851.2673,853.3458,843.5091701854709
454,849.5528,3.0369792,844.98773,847.8693,848.7833,851.9829,854.15295,843.8910217580197
455,850.18945,3.0622394,845.6177,848.4934,849.42163,852.6263,854.8277,844.2479999999998
456,850.69275,3.0829365,846.1038,848.9789,849.909,853.1385,855.3577,844.5793771162043
457,851.0754,3.098987,846.4597,849.3387,850.2819,853.52747,855.7692,844.885868724416
458,851.39594,3.1125016,846.75055,849.6349,850.5917,853.85364,856.11694,845.1685512956653
459,851.69617,3.1250088,847.02405,849.9136,850.8901,854.15894,856.4418,845.4285013009824
460,851.9769,3.136514,847.28094,850.1756,851.1875,854.44434,856.74493,845.6667952113976
461,852.2392,3.1470017,847.5222,850.4215,851.46326,854.71094,857.0272,845.8845094979407
462,852.4839,3.1565123,847.7484,850.65234,851.71844,854.95935,857.28973,846.0827206316427
463,852.712,3.1650429,847.9604,850.86865,851.9541,855.1908,857.5335,846.2625050835333
464,852.92413,3.1726358,848.15906,851.0715,852.17126,855.40607,857.7595,846.4249393246425
465,853.1216,3.17932,848.34503,851.26154,852.3711,855.6061,857.96875,846.5710998260015
466,853.305,3.1851423,848.5192,851.4395,852.55457,855.79193,858.1623,846.7020630586397
467,853.4754,3.1901498,848.6824,851.6064,852.72473,855.9643,858.3412,846.8189054935877
468,853.63367,3.194378,848.83527,851.7628,852.8816,856.1244,858.50635,846.9227036018756
469,853.78076,3.1979,848.9787,851.9097,853.02496,856.27295,858.65894,847.0145338545336
470,853.91766,3.2007525,849.1134,852.04785,853.1559,856.41095,858.79987,847.0954727225921
471,854.0451,3.2030058,849.24023,852.178,853.2754,856.5394,858.9301,847.1665966770814
472,854.1641,3.204722,849.36,852.301,853.3848,856.6592,859.0509,847.2289821890316
473,854.2757,3.2059302,849.47345,852.4177,853.485,856.7713,859.1631,847.2837057294728
474,854.3807,3.2067077,849.58136,852.5288,853.5864,856.8766,859.26776,847.3318437694355
475,854.48,3.207111,849.68463,852.63525,853.6854,856.9761,859.36597,847.3744727799499
476,854.5746,3.2072048,849.7839,852.7369,853.7794,857.0707,859.45874,847.4126692320461
477,854.6653,3.2070312,849.88,852.83044,853.86926,857.1613,859.547,847.4475095967545
478,854.7532,3.206656,849.9739,852.9215,853.95605,857.249,859.6319,847.4800703451054
479,854.8391,3.206123,850.0661,853.011,854.0405,857.3346,859.7144,847.5114279481287
480,854.924,3.2055042,850.15765,853.0997,854.1239,857.41907,859.7956,847.5426588768551
481,855.0087,3.2048254,850.2492,853.1885,854.20715,857.5034,859.87646,847.5748396023146
482,855.0943,3.2041469,850.3416,853.27826,854.2911,857.5884,859.958,847.609046595537
483,855.18164,3.203533,850.4356,853.36993,854.39014,857.67523,860.0414,847.6463563275536
484,855.27155,3.2029905,850.5321,853.4711,854.4922,857.76465,860.1275,847.6878452693937
485,855.36505,3.2026033,850.63184,853.5693,854.5895,857.8577,860.2174,847.7345898920878
486,855.4632,3.2023945,850.73553,853.67487,854.68933,857.9553,860.3122,847.7876666666665
487,855.5667,3.2023938,850.844,853.7892,854.79443,858.05835,860.4139,847.8479173832891
488,855.67633,3.2026727,850.95795,853.90906,854.9055,858.1677,860.5269,847.9152451086326
489,855.79205,3.2033288,851.07715,854.03406,855.0222,858.2832,860.64624,847.9893182285039
490,855.9132,3.2044034,851.201,854.16345,855.1439,858.4044,860.77136,848.0698051287088
491,856.03955,3.2058713,851.32935,854.2971,855.2704,858.531,860.90186,848.1563741950546
492,856.1708,3.2077174,851.4619,854.43475,855.40125,858.66266,861.03754,848.2486938133471
493,856.3067,3.2099113,851.59845,854.57605,855.5365,858.7991,861.17816,848.3464323693934
494,856.44696,3.2124276,851.7388,854.7209,855.67554,858.94,861.32324,848.4492582489993
495,856.59125,3.2152534,851.88245,854.86896,855.81836,859.0852,861.47266,848.556839837972
496,856.7394,3.2183573,852.02936,855.02,855.9646,859.2343,861.62604,848.6688455221174
497,856.891,3.2217207,852.1792,855.1739,856.114,859.387,861.7831,848.7849436872423
498,857.0458,3.2253277,852.33167,855.33026,856.2664,859.5431,861.9434,848.9048027191532
499,857.2035,3.2291641,852.48663,855.4889,856.4214,859.70215,862.1069,849.0280910036565
500,857.3639,3.233194,852.6437,855.6515,856.57886,859.86395,862.27313,849.1544769265586
501,857.52673,3.2374024,852.8027,855.8192,856.7384,860.0209,862.44183,849.2836288736662
502,857.6916,3.2417734,852.9634,855.98816,856.8999,860.17944,862.6127,849.4152152307852
503,857.8582,3.2462873,853.1254,856.1581,857.0629,860.34045,862.78546,849.5489043837232
504,858.0263,3.2509294,853.28864,856.3286,857.2274,860.5038,862.9598,849.6843647182856
505,858.1957,3.2556589,853.4527,856.49976,857.3928,860.66895,863.1354,849.8212646202794
506,858.366,3.2604778,853.61743,856.6711,857.5592,860.8355,863.31195,849.959272475511
507,858.53705,3.2653778,853.7824,856.84247,857.7262,861.0034,863.4892,850.0980566697871
508,858.7084,3.2703083,853.9477,857.0136,857.89343,861.1721,863.6668,850.2372855889137
509,858.87976,3.2752726,854.1127,857.1843,858.0607,861.34143,863.8445,850.3766276186975
510,859.051,3.280248,854.27734,857.3543,858.2296,861.5109,864.022,850.5157511449452
511,859.2218,3.2852156,854.4412,857.52344,858.3985,861.6803,864.19885,850.6543245534632
512,859.3918,3.2901344,854.6043,857.6914,858.5664,861.8491,864.37494,850.7920162300577
513,859.5607,3.2950196,854.7661,857.8579,858.73315,862.01733,864.5499,850.9284945605357
514,859.7283,3.299842,854.9265,858.0228,858.8983,862.18445,864.72345,851.0634279307031
515,859.8943,3.3045793,855.0852,858.1859,859.06177,862.35004,864.89526,851.1964847263667
516,860.0583,3.3092177,855.24194,858.34686,859.22327,862.5139,865.06506,851.3273333333332
517,860.22015,3.3137145,855.3965,858.5055,859.3823,862.67566,865.2325,851.455722292774
518,860.37885,3.3180623,855.5477,858.6606,859.5381,862.83466,865.3966,851.5817207673214
519,860.53235,3.3221326,855.6936,858.8092,859.68835,862.9894,865.5551,851.7054780749733
520,860.6796,3.325883,855.8328,858.9501,859.8318,863.1393,865.7069,851.8271435337272
521,860.82104,3.329331,855.96576,859.0834,859.9721,863.28467,865.8523,851.9468664615806
522,860.9568,3.3324785,856.0928,859.2096,860.1087,863.42566,865.99176,852.0647961765314
523,861.08734,3.3353586,856.2141,859.3294,860.2402,863.5627,866.12695,852.1810819965773
524,861.2131,3.337997,856.33044,859.4431,860.367,863.69586,866.2589,852.2958732397157
525,861.3343,3.340385,856.44196,859.55115,860.4893,863.8255,866.38617,852.4093192239443
526,861.45135,3.3425486,856.54913,859.6632,860.6076,863.9518,866.50903,852.5215692672608
527,861.5645,3.3445044,856.65234,859.7728,860.72217,864.07513,866.62787,852.6327726876625
528,861.6743,3.3462718,856.75183,859.87897,860.83344,864.19574,866.74304,852.7430788031475
529,861.781,3.3478794,856.84814,859.98206,860.9415,864.3137,866.8549,852.8526369317132
530,861.88495,3.3493195,856.9416,860.0825,861.0578,864.4192,866.96387,852.9615963913573
531,861.9864,3.3506286,857.03253,860.1806,861.1725,864.5202,867.0702,853.0701065000773
532,862.0859,3.3517866,857.1215,860.2768,861.2854,864.6191,867.17426,853.1783165758708
533,862.1836,3.3528447,857.20874,860.3714,861.3969,864.71606,867.2764,853.2863759367358
534,862.2799,3.3538022,857.2946,860.4648,861.5072,864.8117,867.3771,853.3944339006697
535,862.3753,3.3546653,857.3796,860.5573,861.6017,864.90625,867.4765,853.5026397856699
536,862.47,3.3554466,857.4641,860.6495,861.69507,865.0,867.5751,853.6111429097342
537,862.56445,3.3561635,857.54834,860.73596,861.7881,865.0935,867.67316,853.7200925908605
538,862.65894,3.356818,857.6329,860.82086,861.8812,865.1869,867.7711,853.8296381470461
539,862.7537,3.357425,857.718,860.90656,861.97473,865.2807,867.86926,853.9399288962891
540,862.84937,3.3579786,857.8042,860.9931,862.0691,865.3752,867.9681,854.0511141565863
541,862.9461,3.3585033,857.8917,861.08124,862.16455,865.4708,868.0677,854.163343245936
542,863.0443,3.3589916,857.981,861.187,862.2615,865.5679,868.16864,854.2767654823356
543,863.1443,3.359467,858.0725,861.2957,862.3645,865.6666,868.2712,854.3915301837827
544,863.24646,3.3599036,858.1665,861.4062,862.48016,865.76764,868.3757,854.5077866682752
545,863.3512,3.3603346,858.2635,861.5188,862.59753,865.87115,868.4826,854.6256842538104
546,863.45874,3.360752,858.3638,861.63385,862.71686,865.9775,868.59216,854.745372258386
547,863.5695,3.3611703,858.4678,861.75165,862.8385,866.08716,868.7048,854.8669999999997
548,863.6839,3.3615718,858.57587,861.87244,862.96277,866.2003,868.8208,854.9906494189663
549,863.80225,3.3619137,858.6885,861.9968,863.09015,866.31744,868.94055,855.1161329448679
550,863.9252,3.3619306,858.8059,862.1264,863.22205,866.4387,869.0642,855.2431956296036
551,864.05273,3.361479,858.92816,862.26184,863.3595,866.5644,869.1917,855.3715825250729
552,864.18475,3.3605914,859.0549,862.4029,863.50195,866.6941,869.32294,855.5010386831749
553,864.32086,3.3592803,859.1857,862.547,863.6494,866.82764,869.45746,855.6313091558093
554,864.4609,3.3575857,859.32056,862.69385,863.8014,866.9647,869.5953,855.762138994875
555,864.6044,3.3555348,859.4589,862.8412,863.9577,867.10504,869.7359,855.8932732522715
556,864.7512,3.3531706,859.60065,862.9877,864.118,867.2484,869.8793,856.0244569798976
557,864.9012,3.3504972,859.7454,863.1375,864.282,867.3946,870.0252,856.1554352296533
558,865.0539,3.3475735,859.8929,863.2905,864.4424,867.54333,870.1734,856.2859530534373
559,865.20905,3.3444197,860.0427,863.4462,864.60046,867.6942,870.32367,856.4157555031494
560,865.3664,3.3410537,860.1947,863.6045,864.76074,867.8473,870.4757,856.5445876306884
561,865.5257,3.3375359,860.3485,863.76495,864.923,868.002,870.62933,856.6721944879539
562,865.6867,3.3338633,860.50397,863.9273,865.0869,868.15826,870.7843,856.7983211268446
563,865.84906,3.33009,860.6605,864.0914,865.2522,868.3158,870.9404,856.9227125992608
564,866.0125,3.3262274,860.8182,864.25665,865.4188,868.47424,871.0974,857.0451139571009
565,866.1768,3.3223228,860.9763,864.42303,865.5863,868.63354,871.2551,857.1652702522646
566,866.3416,3.318396,861.1349,864.5901,865.7667,868.7932,871.41327,857.2829265366508
567,866.5068,3.3144987,861.2936,864.7576,865.9498,868.9531,871.57166,857.3978278621593
568,866.67194,3.3106332,861.4519,864.9253,866.1333,869.1199,871.73,857.5097192806888
569,866.8368,3.3068476,861.60974,865.0876,866.3168,869.28925,871.88806,857.6183458441392
570,867.00116,3.3031561,861.7668,865.2481,866.50006,869.4583,872.0457,857.7234526044094
571,867.1647,3.2995994,861.92267,865.4077,866.68286,869.62683,872.20264,857.8247846133987
572,867.327,3.2962232,862.07715,865.56616,866.86487,869.79456,872.3587,857.9220869230064
573,867.48804,3.2930171,862.22986,865.7231,867.0458,869.9611,872.51355,858.015104585132
574,867.6474,3.2900276,862.3806,865.8783,867.22534,870.1264,872.667,858.1035826516744
575,867.8049,3.2872999,862.529,866.0314,867.4033,870.29004,872.8189,858.1872661745332
576,867.9601,3.2848344,862.67474,866.1821,867.57935,870.45166,872.9722,858.2659002056075
577,868.1128,3.2826877,862.81757,866.3302,867.75146,870.61127,873.1244,858.3392297967966
578,868.26276,3.2808585,862.95715,866.47534,867.91833,870.76544,873.27405,858.407
579,868.4096,3.2793908,863.0934,866.6194,868.0824,870.9049,873.42096,858.4691806591684
580,868.5533,3.278293,863.22577,866.7664,868.24365,871.0465,873.5649,858.5266407864605
581,868.694,3.277593,863.35474,866.9104,868.4015,871.1858,873.70624,858.5804741860861
582,868.8323,3.2772145,863.4809,867.05164,868.54736,871.32294,873.8453,858.6317746622558
583,868.9685,3.2771285,863.6048,867.1909,868.6913,871.4586,873.9827,858.6816360191797
584,869.10345,3.2772849,863.7271,867.3287,868.83386,871.59314,874.11884,858.731152061068
585,869.2374,3.2776327,863.8483,867.4707,868.97534,871.74097,874.25415,858.7814165921308
586,869.3711,3.2781167,863.9692,867.6229,869.0957,871.89343,874.38916,858.8335234165781
587,869.5048,3.278721,864.09,867.7751,869.2154,872.0461,874.5243,858.8885663386204
588,869.6393,3.2793767,864.2117,867.9126,869.33575,872.19934,874.65326,858.9476391624678
589,869.7749,3.280018,864.3347,868.04144,869.4573,872.35364,874.7817,859.0118356923302
590,869.9122,3.2806306,864.4596,868.1636,869.5806,872.50934,874.9118,859.0822497324184
591,870.0517,3.2811503,864.587,868.30035,869.70624,872.6671,875.04407,859.1599750869422
592,870.194,3.2815094,864.7175,868.4385,869.8347,872.8273,875.17896,859.2461055601117
593,870.3395,3.2816854,864.8517,868.5691,869.96655,872.9904,875.31696,859.3417349561371
594,870.4888,3.2816112,864.9902,868.7033,870.1023,873.15686,875.45856,859.4479570792287
595,870.6423,3.2812445,865.1335,868.84326,870.24255,873.3271,875.60425,859.5658657335968
596,870.8006,3.2805398,865.2824,868.9949,870.3878,873.4816,875.75464,859.6965547234516
597,870.96436,3.2794225,865.4373,869.1522,870.5387,873.6256,875.9101,859.8411178530029
598,871.1339,3.2778726,865.59894,869.3159,870.6957,873.7756,876.0711,860.000648926461
599,871.30975,3.275816,865.7678,869.4865,870.85925,873.932,876.2382,860.1762417480367
600,871.49255,3.2732172,865.9446,869.6647,871.0349,874.09534,876.412,860.3689901219394
601,871.6828,3.2700288,866.12964,869.85077,871.226,874.2662,876.5928,860.5799878523796
602,871.8809,3.2661998,866.3239,870.0455,871.4247,874.44495,876.7811,860.8103287435675
603,872.0876,3.2616613,866.52783,870.2495,871.6314,874.63214,876.9776,861.0611065997134
604,872.3032,3.256403,866.74194,870.46326,871.8467,874.82837,877.1827,861.3334152250272
605,872.52826,3.2503526,866.967,870.6874,872.0709,875.03406,877.39685,861.6283484237194
606,872.7634,3.2434702,867.20337,870.9224,872.3047,875.2497,877.6205,861.9469999999999
607,873.00916,3.2357337,867.45184,871.16895,872.5485,875.4759,877.8543,862.2901112586692
608,873.26556,3.2270982,867.7125,871.42725,872.8025,875.71277,878.0982,862.657013506888
609,873.53156,3.2176447,867.98444,871.696,873.0654,875.95996,878.3515,863.0466855524077
610,873.8063,3.2074492,868.2666,871.98535,873.3364,876.21674,878.613,863.4581062029787
611,874.08923,3.1965492,868.5585,872.2868,873.615,876.48267,878.8823,863.8902542663524
612,874.38,3.1850011,868.8596,872.5795,873.9094,876.7574,879.1593,864.3421085502795
613,874.67834,3.1728578,869.1696,872.88184,874.229,877.0404,879.4435,864.8126478625112
614,874.9838,3.1601467,869.48804,873.20636,874.5565,877.3314,879.73456,865.3008510107985
615,875.2961,3.1469243,869.81445,873.539,874.8914,877.63,880.0321,865.8056968028923
616,875.61475,3.1332388,870.14844,873.8793,875.2334,877.9357,880.3358,866.3261640465435
617,875.93945,3.1191273,870.48956,874.22687,875.5657,878.24817,880.6453,866.861231549503
618,876.26984,3.1046448,870.8373,874.5812,875.87427,878.567,880.96027,867.4098781195225
619,876.60565,3.0898287,871.1913,874.94183,876.1882,878.8917,881.28033,867.9710825643521
620,876.9462,3.0747442,871.5511,875.3084,876.51874,879.222,881.6051,868.5438236917432
621,877.2915,3.0594215,871.91626,875.6805,876.8531,879.5574,881.9342,869.1270803094469
622,877.64087,3.0439327,872.2863,876.05756,877.1909,879.89746,882.26746,869.7198312252139
623,877.99414,3.028281,872.6608,876.43494,877.532,880.2418,882.60425,870.3210552467951
624,878.35077,3.0125518,873.0394,876.8088,877.8759,880.5901,882.9444,870.9297311819419
625,878.71063,2.9967747,873.42163,877.17975,878.22766,880.9419,883.28754,871.5448378384052
626,879.0731,2.9809742,873.807,877.55383,878.6071,881.29663,883.63324,872.1653540239357
627,879.438,2.9652438,874.19507,877.93054,878.9891,881.6542,883.9812,872.7902585462845
628,879.80475,2.9495604,874.5854,878.30945,879.373,882.01385,884.331,873.4185302132028
629,880.1732,2.9340086,874.9776,878.6775,879.7586,882.339,884.6824,874.0491478324413
630,880.5428,2.9186177,875.3712,879.0323,880.1454,882.65845,885.03485,874.6810902117512
631,880.91327,2.9034147,875.76575,879.38794,880.5332,882.9785,885.3882,875.3133361588833
632,881.28424,2.8884401,876.16077,879.74414,880.9214,883.29895,885.74194,875.9448644815888
633,881.65533,2.8737395,876.55597,880.1004,881.3098,883.61945,886.0947,876.5746539876185
634,882.0261,2.8593197,876.95074,880.4534,881.69794,883.9462,886.44055,877.2016834847235
635,882.39624,2.8452342,877.34467,880.80225,882.07574,884.2948,886.78577,877.8249317806547
636,882.7653,2.8314922,877.7373,881.1502,882.4403,884.6875,887.1301,878.4433776831632
637,883.13306,2.818136,878.1284,881.4968,882.80365,885.091,887.4738,879.0559999999998
638,883.4991,2.8051813,878.5172,881.84174,883.1655,885.49243,887.83997,879.6620184060042
639,883.86304,2.7926357,878.90375,882.2185,883.5257,885.89154,888.20416,880.2616160443692
640,884.22546,2.7804964,879.2883,882.604,883.88464,886.23645,888.56665,880.8552169253767
641,884.58685,2.7687368,879.6714,882.98804,884.24255,886.5616,888.9281,881.4432450593077
642,884.94745,2.7573497,880.0532,883.37085,884.62354,886.8859,889.2887,882.0261244564439
643,885.307,2.7463207,880.4338,883.75256,885.016,887.2098,889.6484,882.604279127067
644,885.6661,2.7356365,880.8135,884.1245,885.4075,887.5331,890.00726,883.1781330814587
645,886.02454,2.7252896,881.1924,884.4942,885.79834,887.856,890.3658,883.7481103298999
646,886.38257,2.7152739,881.5705,884.86334,886.1886,888.1787,890.72375,884.3146348826722
647,886.7404,2.7055748,881.94824,885.23206,886.5784,888.5179,891.08154,884.8781307500577
648,887.09796,2.6961925,882.3255,885.58795,886.96796,888.8811,891.4391,885.4390219423375
649,887.4556,2.6870997,882.7027,885.9707,887.3573,889.2837,891.7857,885.9977324697932
650,887.81335,2.6783206,883.0797,886.3534,887.74664,889.6867,892.1263,886.5546863427062
651,888.1713,2.6698222,883.457,886.7362,888.1351,890.0214,892.46716,887.1103075713582
652,888.52966,2.661591,883.83453,887.11926,888.50946,890.3331,892.80853,887.6650201660307
653,888.8886,2.653661,884.21246,887.5027,888.88416,890.68054,893.1506,888.219248137005
654,889.2481,2.6459951,884.5911,887.8828,889.255,891.0627,893.4934,888.773415494563
655,889.60834,2.6385977,884.9704,888.2615,889.6158,891.4453,893.83704,889.3279462489858
656,889.9696,2.631475,885.3507,888.6383,889.9773,891.79114,894.18176,889.8832644105551
657,890.3318,2.624599,885.73206,889.0083,890.33984,892.1346,894.5276,890.4397939895524
658,890.69525,2.617983,886.1146,889.3795,890.7035,892.4789,894.87463,890.9979589962592
659,891.05994,2.6116378,886.49854,889.7627,891.06824,892.8242,895.223,891.5581834409572
660,891.4261,2.6055214,886.8842,890.1535,891.4345,893.1719,895.5729,892.1208913339276
661,891.7938,2.5996897,887.2714,890.54596,891.8023,893.52966,895.9243,892.6865066854523
662,892.1632,2.594111,887.6606,890.94025,892.1775,893.88873,896.2775,893.2554535058123
663,892.53455,2.5887835,888.0518,891.3365,892.5692,894.2497,896.63257,893.8281558052896
664,892.9077,2.5837147,888.4451,891.73486,892.963,894.61774,896.98956,894.4050375941655
665,893.283,2.57893,888.8409,892.1356,893.35895,894.98737,897.34863,894.9865228827214
666,893.66064,2.574391,889.23914,892.5388,893.75726,895.3588,897.7099,895.573035681239
667,894.0405,2.5701268,889.6401,892.9446,894.1406,895.73224,898.0735,896.165
668,894.423,2.5661368,890.0438,893.33936,894.5112,896.10754,898.4395,896.7626297439509
669,894.80994,2.562403,890.4525,893.7074,894.8853,896.487,898.81,897.3652983967016
670,895.20734,2.5587697,890.8724,894.0802,895.25964,896.8765,899.1908,897.9721693365271
671,895.6182,2.5551972,891.3063,894.4652,895.6465,897.2795,899.58484,898.5824059417016
672,896.0412,2.5517502,891.7531,894.861,896.0808,897.69464,899.99097,899.1951715905004
673,896.4748,2.548466,892.2111,895.26654,896.53125,898.1205,900.40765,899.8096296611988
674,896.9178,2.5454001,892.6791,895.69824,896.99097,898.55554,900.8337,900.424943532071
675,897.36865,2.5425954,893.1555,896.1542,897.45844,898.9983,901.2677,901.0402765813923
676,897.8262,2.5401075,893.6388,896.6171,897.9321,899.4475,901.72705,901.6547921874375
677,898.28876,2.5379856,894.1277,897.08563,898.3994,899.9015,902.19354,902.2676537284814
678,898.7551,2.536241,894.6206,897.5583,898.84357,900.359,902.6645,902.8780245827993
679,899.2239,2.5349178,895.11615,898.03,899.2903,900.81854,903.1468,903.4850681286658
680,899.69366,2.5340402,895.6128,898.4913,899.7841,901.30707,903.6303,904.087947744356
681,900.16296,2.5336301,896.10913,898.952,900.27014,901.7479,904.153,904.6858268081446
682,900.6305,2.5336711,896.59656,899.411,900.7364,902.19574,904.6825,905.2778686983064
683,901.0948,2.5342007,897.08,899.8669,901.2081,902.64795,905.20795,905.8632367931166
684,901.55444,2.5351958,897.5587,900.3153,901.6776,903.09595,905.7277,906.4410944708499
685,902.0081,2.5366611,898.03125,900.75397,902.14075,903.5374,906.24023,907.0106051097815
686,902.4543,2.538583,898.48,901.20184,902.5964,903.97064,906.7438,907.5709320881859
687,902.8917,2.5409284,898.9114,901.66516,903.0431,904.39453,907.2367,908.1212387843384
688,903.319,2.5436783,899.3327,902.1174,903.4794,904.80743,907.7174,908.6606885765136
689,903.73456,2.546825,899.7425,902.54785,903.904,905.208,908.1843,909.1884448429865
690,904.1371,2.5503178,900.1393,902.94855,904.3153,905.5947,908.63574,909.7036709620321
691,904.5252,2.554138,900.5218,903.3271,904.68616,905.9665,909.0701,910.2055303119251
692,904.8975,2.5582368,900.8887,903.67834,905.03564,906.3277,909.4857,910.6931862709406
693,905.2525,2.5626032,901.2383,904.0124,905.3695,906.6721,909.88104,911.1658022173534
694,905.5888,2.5671716,901.55646,904.3279,905.6867,906.99817,910.25433,911.6225415294388
695,905.90515,2.5719366,901.84375,904.6234,905.9859,907.30475,910.60394,912.062567585471
696,906.2,2.5768666,902.11096,904.89453,906.2661,907.59045,910.92834,912.4850437637252
697,906.47186,2.581924,902.3567,905.1405,906.52594,907.8539,911.2259,912.8891334424767
698,906.71954,2.5870714,902.5796,905.3637,906.7643,908.0936,911.4949,913.274
699,906.9416,2.5923529,902.77856,905.5629,906.97986,908.3084,911.7338,913.6390824466096
700,907.1398,2.5976865,902.95544,905.7401,907.1743,908.5001,911.9447,913.9849223207783
701,907.32416,2.603006,903.11957,905.9049,907.3555,908.6872,912.1392,914.3123367930185
702,907.5019,2.60829,903.2775,906.0698,907.5294,908.8755,912.3265,914.6221430338427
703,907.6732,2.6135046,903.42944,906.2181,907.69604,909.0566,912.5065,914.9151582137629
704,907.83826,2.618653,903.5757,906.3688,907.8559,909.2307,912.6795,915.1921995032918
705,907.99725,2.6236973,903.7163,906.5137,908.0141,909.398,912.8458,915.4540840729414
706,908.1504,2.6286407,903.8516,906.65375,908.15857,909.5589,913.0056,915.7016290932244
707,908.2977,2.633484,903.9817,906.78925,908.29736,909.7135,913.159,915.935651734653
708,908.43964,2.6382177,904.10693,906.9203,908.4308,909.862,913.3064,916.1569691677395
709,908.5762,2.642821,904.22736,907.04694,908.5591,910.00494,913.4478,916.3663985629966
710,908.7076,2.647295,904.3432,907.1693,908.6824,910.1533,913.58356,916.5647570909359
711,908.834,2.6516564,904.45465,907.2874,908.7911,910.2958,913.71387,916.7528619220706
712,908.9557,2.6558766,904.56195,907.40045,908.88904,910.4327,913.839,916.9315302269125
713,909.07275,2.6599755,904.66534,907.508,908.9834,910.5641,913.959,917.101579175974
714,909.18536,2.6639397,904.7649,907.61163,909.07446,910.6903,914.0742,917.2638259397678
715,909.2938,2.6677737,904.8609,907.7116,909.1623,910.8117,914.1849,917.419087688806
716,909.39813,2.671471,904.9535,907.80804,909.2604,910.92847,914.2911,917.568181593601
717,909.49866,2.6750448,905.043,907.90106,909.3602,911.04065,914.3932,917.7119248246651
718,909.5955,2.6784859,905.1295,907.99084,909.4566,911.1488,914.4913,917.8511345525106
719,909.6889,2.6818004,905.21326,908.0774,909.5498,911.2529,914.58563,917.9866279476502
720,909.77893,2.6850028,905.29443,908.161,909.63367,911.35345,914.6766,918.1192221805958
721,909.86584,2.6880832,905.3732,908.24194,909.7081,911.45044,914.7641,918.2497344218598
722,909.9498,2.6910546,905.4498,908.32007,909.78046,911.54425,914.8486,918.3789818419551
723,910.03107,2.6939156,905.52454,908.39575,909.85156,911.63525,914.9302,918.5077816113935
724,910.10974,2.696667,905.5974,908.469,909.9298,911.7234,915.0091,918.6369509006876
725,910.1861,2.6993341,905.66876,908.54004,910.0066,911.8091,915.08563,918.7673068803493
726,910.26025,2.7019112,905.7387,908.609,910.0818,911.89264,915.15985,918.8996667208919
727,910.3323,2.7044,905.80756,908.676,910.15576,911.97424,915.23206,919.0348475928267
728,910.4026,2.7068217,905.87537,908.74133,910.2289,912.05286,915.3025,919.1736666666666
729,910.4712,2.709178,905.9424,908.80493,910.3013,912.1178,915.37134,919.3167844630942
730,910.5388,2.711493,906.009,908.8675,910.3735,912.1821,915.4392,919.464234903472
731,910.6071,2.7138696,906.076,908.93054,910.4467,912.24695,915.5078,919.6158952593328
732,910.6768,2.7163382,906.1444,908.9948,910.5216,912.3132,915.57806,919.7716428022102
733,910.748,2.7188988,906.2141,909.06036,910.59814,912.3806,915.6499,919.9313548036362
734,910.8206,2.7215648,906.28516,909.1271,910.6763,912.4493,915.7233,920.0949085351446
735,910.8946,2.724321,906.3573,909.19507,910.75586,912.51904,915.7982,920.2621812682679
736,910.96985,2.727187,906.43066,909.2639,910.8368,912.59,915.8746,920.4330502745391
737,911.0464,2.7301269,906.50525,909.3338,910.91925,912.66205,915.9523,920.607392825491
738,911.1241,2.7331948,906.58075,909.4017,911.003,912.73505,916.03143,920.7850861926566
739,911.20294,2.736346,906.6573,909.47046,911.08777,912.809,916.1118,920.9660076475691
740,911.28296,2.739571,906.73486,909.54,911.1671,912.88385,916.19336,921.1500344617613
741,911.364,2.742912,906.8133,909.6104,911.2479,912.9596,916.2762,921.3370439067659
742,911.4459,2.746342,906.8926,909.6815,911.3297,913.0362,916.3601,921.5269132541158
743,911.52893,2.7498734,906.9785,909.7533,911.4124,913.11346,916.4451,921.7195197753441
744,911.61273,2.7534776,907.0661,909.82574,911.49585,913.1915,916.5312,921.914740741984
745,911.69745,2.757179,907.15454,909.8988,911.5802,913.27026,916.61816,922.112453425568
746,911.7829,2.7609763,907.2438,909.97253,911.6685,913.3496,916.7061,922.3125350976293
747,911.8691,2.7648723,907.33386,910.04663,911.7577,913.42944,916.795,922.5148630297006
748,911.95593,2.7688344,907.42474,910.12134,911.84753,913.5099,916.8846,922.719314493315
749,912.04346,2.772904,907.51624,910.1963,911.9381,913.5908,916.975,922.9257667600053
750,912.1315,2.777044,907.6084,910.2718,912.0292,913.6755,917.0661,923.1340971013047
751,912.2201,2.7812798,907.7012,910.34753,912.1207,913.7654,917.15784,923.3441827887459
752,912.3092,2.7855892,907.794,910.42365,912.2129,913.8559,917.2503,923.5559010938618
753,912.3987,2.789977,907.8766,910.5,912.3054,913.9468,917.3432,923.7691292881855
754,912.4885,2.7944648,907.95966,910.5766,912.3983,914.0379,917.4367,923.9837446432498
755,912.57874,2.7990112,908.0428,910.65326,912.4916,914.1294,917.5306,924.1996244305876
756,912.6691,2.803644,908.1365,910.7301,912.585,914.2211,917.6249,924.4166459217321
757,912.7598,2.808352,908.2339,910.80695,912.6787,914.313,917.7196,924.6346863882156
758,912.8507,2.8131385,908.3316,910.8839,912.7726,914.40576,917.8146,924.8536231015721
759,912.94165,2.8179948,908.4296,910.9608,912.8666,914.50165,917.9098,925.0733333333334
760,913.0326,2.8229194,908.5278,911.03766,912.95325,914.5976,918.0052,925.2936733618092
761,913.1236,2.8279057,908.62604,911.1143,913.0322,914.69354,918.10077,925.5144154924131
762,913.21454,2.832966,908.72437,911.1909,913.1111,914.7895,918.19635,925.7353110373358
763,913.3055,2.8380795,908.82275,911.26733,913.1897,914.8854,918.29205,925.9561113087665
764,913.3962,2.8432472,908.9211,911.3436,913.2682,914.981,918.3877,926.1765676188958
765,913.4867,2.848437,909.0192,911.4197,913.3465,915.0765,918.48315,926.3964312799135
766,913.577,2.8536806,909.1172,911.4954,913.4343,915.1717,918.57837,926.6154536040095
767,913.6671,2.858928,909.21484,911.57104,913.52264,915.2666,918.67334,926.8333859033745
768,913.7568,2.8642077,909.31213,911.6464,913.6105,915.36127,918.76794,927.0499794901979
769,913.8462,2.8694968,909.4079,911.72144,913.6981,915.45544,918.8621,927.2649856766698
770,913.93506,2.8747659,909.50134,911.79626,913.7853,915.5492,918.9558,927.4781557749806
771,914.0236,2.8800457,909.5942,911.87964,913.8721,915.6426,919.04895,927.68924109732
772,914.11163,2.8853052,909.6866,911.9718,913.9584,915.7353,919.1415,927.8979929558784
773,914.19904,2.8905158,909.7783,912.0632,914.0443,915.82745,919.2333,928.1041626628455
774,914.2859,2.8957076,909.8694,912.1537,914.13025,915.91895,919.3242,928.3075015304115
775,914.372,2.900824,909.9597,912.2433,914.21643,916.0098,919.41425,928.5077608707667
776,914.4576,2.9059064,910.04926,912.3319,914.302,916.0999,919.50354,928.7046919961009
777,914.54236,2.9109125,910.13794,912.41956,914.38696,916.18933,919.59174,928.8980462186038
778,914.6264,2.9158301,910.22577,912.506,914.47107,916.27783,919.6788,929.087574850466
779,914.70953,2.92066,910.3127,912.59106,914.55457,916.36536,919.7647,929.2730292038773
780,914.7918,2.9253936,910.39856,912.67505,914.6376,916.4521,919.8494,929.4541605910279
781,914.8732,2.930013,910.48334,912.75757,914.722,916.53784,919.93286,929.6307203241078
782,914.9536,2.9345083,910.567,912.83856,914.7977,916.6225,920.01495,929.8024597153068
783,915.033,2.9388757,910.6496,912.9181,914.8722,916.7061,920.0956,929.9691300768152
784,915.1114,2.9430907,910.7309,912.996,914.94824,916.7886,920.17456,930.130482720823
785,915.1886,2.9471605,910.811,913.07214,915.026,916.8699,920.25214,930.2862689595202
786,915.2648,2.951067,910.88965,913.1465,915.1028,916.94995,920.32794,930.436240105097
787,915.3396,2.9548028,910.96704,913.219,915.17865,917.0288,920.40204,930.5801474697433
788,915.41327,2.9583454,911.04297,913.2897,915.25354,917.1063,920.47437,930.7177423656493
789,915.4857,2.9617002,911.1174,913.35815,915.3275,917.1824,920.54486,930.848776105005
790,915.5567,2.9648538,911.1902,913.4247,915.4004,917.25714,920.61334,930.9730000000001
791,915.6264,2.967792,911.2614,913.48895,915.4723,917.3304,920.6798,931.0902558573553
792,915.6978,2.9703043,911.33453,913.5541,915.546,917.405,920.7478,931.2007474619111
793,915.78125,2.9717937,911.41986,913.6302,915.63086,917.49,920.83,931.3047690930395
794,915.883,2.9718728,911.52435,913.7238,915.7321,917.59106,920.9345,931.4026150301107
795,916.002,2.9706483,911.6468,913.834,915.84894,917.70734,921.0602,931.4945795524968
796,916.1376,2.9682217,911.7862,913.9597,915.9806,917.83704,921.2057,931.5809569395681
797,916.28845,2.9646833,911.9415,914.1002,916.126,917.9781,921.3699,931.6620414706962
798,916.45374,2.960178,912.1118,914.2544,916.28894,918.13116,921.5515,931.7381274252523
799,916.6325,2.9548345,912.29596,914.4181,916.4894,918.2955,921.74945,931.8095090826074
800,916.82367,2.9487782,912.493,914.58844,916.7051,918.47015,921.96246,931.876480722133
801,917.02625,2.942144,912.70184,914.7687,916.93494,918.6544,922.18933,931.9393366231998
802,917.2394,2.9350717,912.9215,914.958,917.17773,918.8474,922.4288,931.9983710651793
803,917.46185,2.927693,913.1508,915.15564,917.43225,919.06573,922.6796,932.0538783274428
804,917.6929,2.9201314,913.38904,915.3605,917.6971,919.2936,922.93066,932.1061526893608
805,917.9314,2.9125197,913.63495,915.57184,917.97125,919.5287,923.1795,932.1554884303054
806,918.1765,2.9049737,913.88666,915.7888,918.2534,919.77094,923.44086,932.2021798296469
807,918.42694,2.8976076,914.1439,916.0105,918.53815,920.0554,923.693,932.2465211667569
808,918.682,2.8905206,914.4057,916.23596,918.83,920.2921,923.9458,932.2888067210067
809,918.9406,2.8837984,914.67114,916.49506,919.13245,920.5319,924.2019,932.3293307717672
810,919.2017,2.8775182,914.9391,916.8248,919.438,920.77405,924.4606,932.3683875984095
811,919.4645,2.8717556,915.20856,917.15686,919.7163,921.01746,924.7206,932.4062714803052
812,919.72766,2.8665597,915.4786,917.4742,919.97485,921.2614,924.98114,932.4432766968253
813,919.99054,2.8619642,915.7481,917.7452,920.2654,921.5049,925.24115,932.4796975273406
814,920.25195,2.8579993,916.0076,918.0151,920.55426,921.7473,925.4995,932.5158282512227
815,920.5109,2.8546834,916.2643,918.2827,920.82404,921.98755,925.7555,932.5519631478426
816,920.76654,2.8519888,916.5176,918.5471,921.0469,922.22485,926.008,932.5883964965712
817,921.0179,2.8499365,916.7665,918.8074,921.29095,922.4584,926.256,932.6254225767805
818,921.26373,2.848465,917.00995,919.0623,921.55286,922.6872,926.49835,932.6633356678407
819,921.50336,2.84754,917.2471,919.3209,921.78186,922.91046,926.7344,932.7024300491237
820,921.73553,2.8471472,917.4768,919.60583,921.98004,923.12726,926.9631,932.743
821,921.9595,2.8471737,917.69824,919.87006,922.17126,923.33685,927.18317,932.7852785350555
822,922.1775,2.8475752,917.9135,920.1069,922.35785,923.5414,927.39734,932.8292536097296
823,922.39966,2.8483613,918.13226,920.3474,922.54846,923.7498,927.5885,932.874851914677
824,922.63275,2.8496106,918.3619,920.59827,922.7489,923.96796,927.78754,932.9220001405516
825,922.8755,2.851359,918.6013,920.8583,922.9582,924.1946,927.9952,932.9706249780077
826,923.12665,2.8536582,918.84924,921.1265,923.1753,924.43744,928.2103,933.0206531176995
827,923.38525,2.8565052,919.1046,921.40155,923.4199,924.6975,928.43207,933.0720112502811
828,923.65,2.8599339,919.3663,921.68243,923.6806,924.96356,928.6594,933.1246260664066
829,923.9199,2.86394,919.6289,921.96796,923.9458,925.25323,928.8915,933.1784242567304
830,924.1937,2.8685308,919.8979,922.25696,924.21454,925.5654,929.1272,933.233332511906
831,924.4704,2.873696,920.1825,922.5255,924.4857,925.8842,929.3656,933.2892775225887
832,924.7488,2.8794088,920.46924,922.7699,924.7583,926.13574,929.60565,933.3461859794319
833,925.0276,2.8856335,920.7556,923.0145,925.0311,926.4285,929.8465,933.4039845730895
834,925.3058,2.8923614,921.022,923.25867,925.3031,926.7715,930.08704,933.4625999942164
835,925.5823,2.8994877,921.2783,923.5013,925.58057,927.1048,930.3284,933.5219589334661
836,925.85583,2.9069898,921.54926,923.7213,925.8712,927.35986,930.59216,933.5819880814933
837,926.12537,2.9147947,921.81616,923.9288,926.1677,927.65045,930.8524,933.6426141289517
838,926.3898,2.9228258,922.078,924.1328,926.48206,927.89,931.1078,933.7037637664959
839,926.6478,2.9310026,922.33356,924.33246,926.7881,928.11865,931.35724,933.7653636847795
840,926.8984,2.9392326,922.58167,924.52716,927.0846,928.34106,931.59973,933.8273405744575
841,927.1403,2.9474206,922.8213,924.7159,927.36334,928.5564,931.834,933.8896211261833
842,927.37256,2.955476,923.05115,924.89795,927.5919,928.76355,932.059,933.9521320306112
843,927.594,2.9632838,923.2702,925.07263,927.8098,928.9616,932.27655,934.0147999783957
844,927.8033,2.970757,923.4773,925.239,928.016,929.1496,932.49994,934.0775516601906
845,927.99945,2.9777894,923.67114,925.39624,928.2093,929.3265,932.7194,934.1403137666503
846,928.18134,2.9842594,923.85077,925.5437,928.3887,929.4912,932.92224,934.2030129884287
847,928.34784,2.9900796,924.015,925.6804,928.553,929.6428,933.10736,934.2655760161803
848,928.4977,2.995154,924.1626,925.80566,928.701,929.7803,933.2732,934.327929540559
849,928.62976,2.9993825,924.29254,925.9187,928.8318,929.90265,933.41864,934.3900002522195
850,928.74304,3.002684,924.40356,926.0186,928.9338,930.0089,933.54236,934.4517148418148
851,928.8363,3.0049682,924.4946,926.1046,929.02014,930.0981,933.6429,934.5130000000001
852,928.90845,3.0061784,924.5645,926.176,929.0912,930.16986,933.71906,934.5738007413262
853,928.9613,3.0063791,924.61523,926.2341,929.1481,930.22534,933.773,934.6341353759314
854,929.00415,3.0060382,924.6559,926.2848,929.1975,930.2715,933.8153,934.6940405378512
855,929.0435,3.0056121,924.69324,926.3327,929.24414,930.31445,933.8539,934.7535528611213
856,929.07983,3.0050647,924.72766,926.3779,929.28394,930.3545,933.88916,934.8127089797766
857,929.1131,3.0044188,924.75903,926.42065,929.31775,930.39185,933.92145,934.871545527853
858,929.1437,3.0036855,924.7878,926.461,929.3487,930.4265,933.9506,934.9300991393856
859,929.1716,3.002858,924.814,926.499,929.37695,930.45953,933.97687,934.9884064484099
860,929.197,3.001974,924.8378,926.535,929.40265,930.4909,934.00037,935.0465040889611
861,929.22015,3.0009937,924.85956,926.569,929.426,930.5204,934.0213,935.1044286950751
862,929.2413,2.999987,924.8791,926.6013,929.44714,930.5481,934.0399,935.1622169007867
863,929.2605,2.9988997,924.89703,926.63184,929.4663,930.5743,934.0564,935.2199053401317
864,929.2779,2.997769,924.9131,926.661,929.48376,930.59906,934.071,935.2775306471453
865,929.29376,2.9966161,924.92773,926.6888,929.49963,930.6225,934.08374,935.3351294558632
866,929.3083,2.9954252,924.9411,926.71533,929.5139,930.64484,934.095,935.3927384003206
867,929.32166,2.99423,924.95325,926.74084,929.5271,930.66626,934.105,935.4503941145529
868,929.3339,2.9930003,924.9644,926.76544,929.5391,930.68677,934.1137,935.5081332325955
869,929.3454,2.9917827,924.97485,926.78937,929.5503,930.70667,934.1217,935.5659923884839
870,929.3562,2.9905498,924.9846,926.8127,929.5608,930.72595,934.12885,935.6240082162535
871,929.36646,2.989333,924.99396,926.83545,929.5707,930.74493,934.1354,935.6822173499394
872,929.37646,2.9881246,925.003,926.85803,929.5803,930.7637,934.1417,935.7406564235775
873,929.3864,2.98695,925.01184,926.88043,929.5898,930.7824,934.1478,935.7993620712031
874,929.3963,2.985807,925.0208,926.9028,929.59924,930.80115,934.1542,935.8583709268512
875,929.4065,2.9846818,925.03,926.92523,929.6089,930.8201,934.1607,935.9177196245575
876,929.4171,2.9836094,925.0397,926.9481,929.619,930.8395,934.1677,935.9774447983574
877,929.4283,2.9825685,925.0499,926.97144,929.6297,930.8594,934.1754,936.0375830822863
878,929.44025,2.9815943,925.0609,926.9953,929.6411,930.8799,934.1841,936.0981711103797
879,929.4531,2.9806738,925.0728,927.01996,929.65155,930.90137,934.19366,936.159245516673
880,929.4671,2.979807,925.0858,927.0454,929.65295,930.9237,934.2047,936.220842935201
881,929.4824,2.979018,925.1001,927.0719,929.656,930.94727,934.21716,936.2830000000001
882,929.4992,2.978297,925.11584,927.09973,929.661,930.97205,934.2313,936.3457320524712
883,929.5175,2.9776375,925.13306,927.12866,929.66766,930.9981,934.2472,936.4089692634803
884,929.5368,2.9770374,925.1511,927.1585,929.6754,931.0251,934.2641,936.4726205112597
885,929.5566,2.97643,925.1698,927.1891,929.6837,931.0524,934.2816,936.5365946740415
886,929.5768,2.9758356,925.18884,927.2202,929.6926,931.06635,934.2995,936.6008006300572
887,929.5976,2.9752624,925.2083,927.25195,929.70197,931.08075,934.3179,936.6651472575396
888,929.6186,2.9746945,925.22815,927.28406,929.7116,931.09546,934.3365,936.7295434347204
889,929.6399,2.9741495,925.2482,927.3165,929.7217,931.11035,934.35626,936.7938980398317
890,929.6615,2.9736342,925.2684,927.34924,929.73193,931.12555,934.38043,936.8581199511057
891,929.6832,2.9730947,925.2888,927.38226,929.74243,931.14087,934.4047,936.9221180467746
892,929.7051,2.9725938,925.30927,927.4154,929.753,931.1563,934.4291,936.98580120507
893,929.72687,2.9720953,925.3297,927.44855,929.7637,931.1719,934.4534,937.0490783042243
894,929.74866,2.971617,925.3501,927.48175,929.7744,931.18726,934.47766,937.1118582224694
895,929.7704,2.9711325,925.3705,927.51483,929.78503,931.2027,934.5019,937.1740498380377
896,929.79193,2.970682,925.39056,927.54767,929.8009,931.2179,934.5259,937.2355620291611
897,929.81323,2.9702423,925.41046,927.5803,929.82416,931.23303,934.5496,937.2963036740715
898,929.8342,2.969786,925.4302,927.61273,929.84705,931.2478,934.573,937.3561836510014
899,929.8549,2.9693534,925.4494,927.64465,929.8697,931.2622,934.596,937.4151108381824
900,929.87506,2.9689262,925.46826,927.6761,929.89185,931.27637,934.6185,937.4729941138467
901,929.89484,2.9685156,925.48663,927.70703,929.91345,931.29004,934.64056,937.5297423562267
902,929.914,2.9681044,925.50446,927.7373,929.93445,931.3032,934.6619,937.5852644435541
903,929.9325,2.967697,925.52167,927.7669,929.9548,931.31586,934.6827,937.6394692540613
904,929.9504,2.9673026,925.53827,927.7958,929.9744,931.3279,934.70276,937.6922656659801
905,929.9675,2.966906,925.5541,927.82367,929.99316,931.33923,934.722,937.7435625575424
906,929.98376,2.9665139,925.56915,927.8507,930.0111,931.35,934.7403,937.7932688069809
907,929.99915,2.966123,925.5833,927.87683,930.0281,931.35974,934.7576,937.8412932925272
908,930.0136,2.9657366,925.5967,927.90173,930.04407,931.3688,934.77405,937.8875448924135
909,930.02704,2.9653392,925.60895,927.92554,930.05896,931.37683,934.7893,937.9319324848718
910,930.03937,2.9649477,925.62024,927.9481,930.07275,931.384,934.8035,937.9743649481344
911,930.0506,2.9645445,925.6305,927.96936,930.0852,931.3927,934.81647,938.0147511604333
912,930.0606,2.9641333,925.63947,927.98926,930.0963,931.4041,934.82806,938.0530000000002
913,930.0694,2.9637353,925.64734,928.00775,930.1062,931.41516,934.8384,938.0890922319868
914,930.07666,2.9633157,925.6539,928.02454,930.1145,931.42957,934.84717,938.1232961692222
915,930.0823,2.962904,925.6586,928.0394,930.1211,931.44214,934.8543,938.1559520114539
916,930.0861,2.9625165,925.6596,928.05225,930.12604,931.4537,934.8597,938.1873999584308
917,930.08844,2.9621406,925.6579,928.0636,930.1296,931.4672,934.8635,938.2179802099001
918,930.0896,2.9617767,925.65485,928.07336,930.1319,931.47925,934.8662,938.2480329656108
919,930.0896,2.9614334,925.6506,928.07837,930.1333,931.49005,934.86786,938.2778984253106
920,930.0888,2.9611175,925.64545,928.0823,930.1339,931.4998,934.8688,938.3079167887477
921,930.0874,2.9608278,925.64087,928.0856,930.1341,931.5088,934.8691,938.3384282556702
922,930.08563,2.9605603,925.6375,928.0885,930.13403,931.51746,934.8691,938.3697730258262
923,930.0837,2.9603167,925.63403,928.0913,930.13385,931.52576,934.8691,938.402291298964
924,930.0817,2.9601192,925.6304,928.0941,930.1339,931.5342,934.86914,938.4363232748317
925,930.08014,2.959947,925.62683,928.0973,930.13446,931.54297,934.8697,938.4722091531772
926,930.079,2.9598129,925.6237,928.10095,930.13574,931.55237,934.8708,938.5102891337488
927,930.0786,2.9597263,925.6211,928.1055,930.1378,931.5626,934.87274,938.5509034162948
928,930.07916,2.9596813,925.6193,928.1111,930.1411,931.56104,934.8758,938.5943922005631
929,930.08093,2.9596913,925.6185,928.118,930.1456,931.55743,934.8802,938.6410956863018
930,930.084,2.959743,925.6174,928.12634,930.1519,931.5552,934.88617,938.691354073259
931,930.08875,2.95986,925.6191,928.1366,930.1599,931.5544,934.89386,938.7455075611833
932,930.09534,2.9600291,925.6292,928.1488,930.17017,931.55536,934.90356,938.8038963498223
933,930.104,2.9602804,925.6414,928.16327,930.1825,931.5583,934.91565,938.8668606389244
934,930.1149,2.9605813,925.6559,928.18024,930.1975,931.5633,934.93005,938.9347406282375
935,930.12836,2.9609742,925.6728,928.19995,930.2152,931.5707,934.94727,939.0078765175101
936,930.14453,2.9614432,925.69244,928.2226,930.23596,931.5806,934.9674,939.0866085064898
937,930.1637,2.9619973,925.715,928.2486,930.2599,931.59326,934.9908,939.1712767949255
938,930.1859,2.9626465,925.7407,928.27795,930.28735,931.60895,935.01746,939.2622215825645
939,930.2117,2.9633973,925.7699,928.31116,930.3185,931.6278,935.0479,939.3597830691552
940,930.24097,2.9642513,925.8027,928.3482,930.3535,931.65,935.08215,939.4643014544464
941,930.2742,2.9652128,925.83936,928.38947,930.3927,931.6758,935.1206,939.5761169381852
942,930.31134,2.9663117,925.88007,928.4352,930.4363,931.70935,935.16327,939.6955697201206
943,930.3529,2.9675303,925.9251,928.4856,930.48456,931.7468,935.21063,939.8230000000001
944,930.3989,2.9688835,925.97473,928.5409,930.53766,931.7885,935.26263,939.9586168449655
945,930.4512,2.9704201,926.0302,928.6024,930.5973,931.8361,935.32135,940.1021047917322
946,930.51447,2.9722676,926.0951,928.67395,930.6681,931.89386,935.3913,940.2530172444087
947,930.5916,2.974522,926.1716,928.7548,930.7529,931.9645,935.47516,940.4109076071038
948,930.6819,2.9771588,926.2588,928.84314,930.85095,932.0471,935.57214,940.5753292839263
949,930.78455,2.9801302,926.35626,928.9417,930.9615,932.1411,935.68146,940.7458356789847
950,930.8987,2.9834447,926.46326,929.04987,931.0836,932.2527,935.8023,940.9219801963878
951,931.0236,2.9870594,926.57916,929.16705,931.2176,932.3845,935.93396,941.1033162402445
952,931.15845,2.9909759,926.7034,929.2926,931.36505,932.5283,936.07556,941.2893972146632
953,931.30255,2.9951699,926.8353,929.4259,931.51794,932.68304,936.22644,941.4797765237525
954,931.4551,2.9996033,926.9742,929.5662,931.6719,932.8476,936.3856,941.6740075716216
955,931.6152,3.0042827,927.1194,929.713,931.83264,933.0211,936.5525,941.8716437623791
956,931.78217,3.0091949,927.2704,929.8655,931.99927,933.20264,936.72614,942.0722385001332
957,931.95514,3.0143127,927.4264,930.0232,932.1713,933.3912,936.9071,942.2753451889931
958,932.1334,3.019625,927.587,930.1853,932.3481,933.58594,937.0967,942.4805172330672
959,932.3162,3.0251126,927.7513,930.3513,932.52875,933.7859,937.29083,942.6873080364647
960,932.5028,3.0307589,927.9188,930.5206,932.71277,933.99023,937.4888,942.8952710032937
961,932.69226,3.036522,928.08875,930.6925,932.8994,934.19775,937.6898,943.1039595376633
962,932.88385,3.0424092,928.2607,930.8662,933.088,934.4078,937.89294,943.312927043682
963,933.0768,3.048371,928.43384,931.0413,933.27795,934.61914,938.09735,943.5217269254587
964,933.2704,3.0544016,928.6076,931.21716,933.4684,934.83124,938.30237,943.7299125871018
965,933.4637,3.0604713,928.7814,931.3928,933.65894,935.04285,938.50714,943.9370374327204
966,933.65607,3.066524,928.95447,931.568,933.84863,935.2531,938.71075,944.1426548664228
967,933.8466,3.0725644,929.1263,931.7418,934.03674,935.4612,938.9125,944.3463182923181
968,934.03467,3.0785353,929.2962,931.9138,934.223,935.6659,939.11145,944.5475811145147
969,934.21936,3.0844212,929.4635,932.08325,934.4063,935.8666,939.3069,944.7459967371213
970,934.4,3.0901709,929.63275,932.2495,934.5862,936.06213,939.4978,944.9411185642471
971,934.5757,3.0957685,929.79767,932.4119,934.76196,936.25165,939.6837,945.1325000000002
972,934.7457,3.1011572,929.95746,932.56995,934.933,936.4343,939.86346,945.3198175909417
973,934.90967,3.1063437,930.1117,932.723,935.09875,936.6096,940.037,945.5032404534418
974,935.06866,3.1113522,930.26154,932.8722,935.26013,936.7791,940.20526,945.6830608463227
975,935.2238,3.1162503,930.40765,933.01794,935.4179,936.9443,940.3694,945.8595710284067
976,935.37537,3.1210535,930.55054,933.1607,935.5723,937.10315,940.52985,946.033063258516
977,935.52374,3.125769,930.6905,933.3006,935.72375,937.2552,940.68695,946.2038297954728
978,935.6693,3.1303818,930.8278,933.43805,935.87244,937.40454,940.8406,946.3721628980995
979,935.81226,3.134922,930.96277,933.57324,936.0187,937.55164,940.97815,946.5383548252182
980,935.95306,3.1394198,931.09564,933.7064,936.1628,937.6966,941.1135,946.7026978356515
981,936.09186,3.1438642,931.22675,933.838,936.30505,937.8399,941.25165,946.8654841882213
982,936.2291,3.1482587,931.35645,933.9681,936.4456,937.9815,941.3881,947.0270061417501
983,936.36523,3.1526275,931.485,934.09705,936.5875,938.12195,941.52356,947.1875559550601
984,936.50037,3.1569736,931.61273,934.2251,936.7304,938.2613,941.6582,947.3474258869737
985,936.63495,3.1613295,931.7393,934.3525,936.87244,938.39996,941.79236,947.5069081963131
986,936.7692,3.1656795,931.85956,934.47955,937.0038,938.53815,941.9265,947.6662951419004
987,936.90356,3.1700678,931.98,934.6019,937.1349,938.67615,942.06104,947.8258789825579
988,937.0383,3.1744506,932.101,934.72437,937.2665,938.8142,942.1961,947.985951977108
989,937.1739,3.1788912,932.223,934.84753,937.3989,938.9531,942.33246,948.146806384373
990,937.3105,3.1833935,932.3462,934.9719,937.5326,939.09424,942.4701,948.3087344631751
991,937.4484,3.1879444,932.471,935.0979,937.6677,939.23615,942.6097,948.4720284723364
992,937.58813,3.1925848,932.59766,935.22565,937.80475,939.37933,942.7514,948.6369806706797
993,937.72974,3.1972988,932.72656,935.3555,937.944,939.52405,942.89575,948.8038833170266
994,937.8739,3.2021363,932.858,935.4879,938.08575,939.6704,943.043,948.9730286701998
995,938.0206,3.2070637,932.99225,935.62305,938.23035,939.81885,943.19366,949.1447089890214
996,938.1704,3.2121403,933.12964,935.76135,938.3782,939.96954,943.34796,949.3192165323137
997,938.3236,3.2173548,933.2706,935.90295,938.52954,940.123,943.5064,949.4968435588992
998,938.4804,3.2227142,933.4154,936.04834,938.6848,940.2792,943.66925,949.6778823275997
999,938.6412,3.2282681,933.5642,936.19775,938.84436,940.4384,943.837,949.8626250972379
1000,938.8064,3.2339988,933.7176,936.3516,939.0084,940.6012,944.0098,950.0513641266358
1001,938.9762,3.2399464,933.87573,936.51,939.17737,940.7677,944.1883,950.2443916746158
1002,939.151,3.2461138,934.03894,936.67346,939.3517,940.9381,944.3728,950.4420000000002
1003,939.3311,3.2525215,934.2075,936.8423,939.5353,941.11285,944.5636,950.6443914264872
1004,939.51666,3.2591805,934.3817,937.015,939.7175,941.29193,944.7608,950.8514085372796
1005,939.707,3.2660859,934.5608,937.18555,939.9005,941.475,944.96375,951.0628039804558
1006,939.9014,3.273192,934.74414,937.35956,940.0872,941.6616,945.17163,951.2783304040944
1007,940.0998,3.280505,934.9315,937.5367,940.27747,941.8516,945.38416,951.4977404562745
1008,940.3017,3.2880147,935.1227,937.71674,940.4739,942.04474,945.601,951.7207867850741
1009,940.5071,3.2957175,935.3174,937.8996,940.6824,942.2408,945.822,951.9472220385724
1010,940.7157,3.3036146,935.5154,938.0934,940.8942,942.443,946.0468,952.1767988648475
1011,940.92725,3.3117006,935.7165,938.29004,941.109,942.6633,946.2751,952.4092699119784
1012,941.14154,3.3199508,935.9204,938.4889,941.3267,942.8863,946.50665,952.6443878280437
1013,941.3583,3.328363,936.12683,938.68994,941.54694,943.1118,946.7412,952.8819052611219
1014,941.5773,3.3369584,936.3356,938.89276,941.7695,943.33966,946.97845,953.121574859292
1015,941.7983,3.3456898,936.5465,939.0974,941.9941,943.56964,947.2181,953.3631492706322
1016,942.021,3.3545718,936.7593,939.3034,942.2206,943.80133,947.4599,953.6063811432215
1017,942.2453,3.3635879,936.9736,939.51074,942.4486,944.0389,947.7035,953.8510231251379
1018,942.47095,3.372724,937.18933,939.71924,942.67725,944.2827,947.94867,954.0968278644608
1019,942.69763,3.3819923,937.40625,939.9286,942.8993,944.5277,948.19525,954.3435480092684
1020,942.9252,3.3913543,937.6241,940.1385,943.1223,944.77374,948.4428,954.5909362076394
1021,943.1534,3.4008307,937.84247,940.349,943.34576,945.0204,948.69104,954.8387451076527
1022,943.3818,3.4103787,938.06134,940.55994,943.5823,945.26733,948.9398,955.0867273573867
1023,943.6105,3.4199986,938.2804,940.79236,943.8202,945.51465,949.1887,955.3346356049202
1024,943.839,3.429692,938.4994,941.041,944.0581,945.76166,949.4376,955.5822224983312
1025,944.0672,3.439421,938.7181,941.28937,944.29553,946.00836,949.6861,955.8292406856993
1026,944.29474,3.4492037,938.93536,941.537,944.53235,946.2546,949.9339,956.0754428151025
1027,944.52155,3.459004,939.148,941.7836,944.75543,946.49976,950.1808,956.3205815346197
1028,944.7473,3.4687893,939.35974,942.0291,944.9783,946.7439,950.4265,956.5644094923296
1029,944.97186,3.4786046,939.57025,942.27295,945.20435,946.9866,950.6707,956.8066793363105
1030,945.1948,3.4883807,939.7794,942.515,945.42883,947.2277,950.9132,957.0471437146413
1031,945.4161,3.4981308,939.9869,942.7549,945.6515,947.46686,951.1537,957.2855552754006
1032,945.6353,3.5078254,940.1927,942.9925,945.8721,947.7039,951.3917,957.5216666666669
1033,945.8524,3.5174494,940.3963,943.2163,946.09045,947.9386,951.6273,957.7553060844929
1034,946.0675,3.5269983,940.5982,943.434,946.30676,948.17096,951.86053,957.9866039168262
1035,946.2821,3.5364306,940.79987,943.6514,946.52264,948.4024,952.0932,958.2157660995889
1036,946.49725,3.5457559,941.0023,943.8697,946.7391,948.6338,952.3264,958.4429985687025
1037,946.7131,3.5549793,941.20557,944.089,946.9563,948.86523,952.56024,958.6685072600884
1038,946.9294,3.5641017,941.40967,944.3007,947.17395,949.0966,952.7948,958.8924981096688
1039,947.1463,3.5731444,941.61444,944.51245,947.39233,949.3281,953.02997,959.1151770533653
1040,947.36383,3.5820863,941.8202,944.72534,947.6114,949.5597,953.2658,959.3367500270994
1041,947.58185,3.5909462,942.0266,944.9393,947.831,949.7915,953.50226,959.557422966793
1042,947.80054,3.5997574,942.2338,945.15424,948.0512,950.0235,953.7393,959.7774018083678
1043,948.01984,3.6085105,942.4417,945.37024,948.2721,950.2556,953.97723,959.9968924877453
1044,948.23975,3.617202,942.65045,945.58734,948.4936,950.48804,954.2157,960.2161009408475
1045,948.4602,3.6258438,942.8599,945.8053,948.71576,950.7207,954.4549,960.435233103596
1046,948.68134,3.634462,943.0702,946.0243,948.9385,950.9538,954.6948,960.6544949119125
1047,948.9031,3.643042,943.28107,946.239,949.16187,951.18713,954.9354,960.8740923017185
1048,949.12537,3.6516128,943.49274,946.4521,949.38586,951.4209,955.1768,961.0942312089362
1049,949.34845,3.6601598,943.7051,946.666,949.6105,951.65515,955.4189,961.3151175694869
1050,949.572,3.6687064,943.9181,946.8808,949.83575,951.8898,955.6617,961.5369573192922
1051,949.79626,3.6772542,944.13184,947.0963,950.06177,952.12494,955.90515,961.7599563942745
1052,950.0212,3.6858206,944.34625,947.31274,950.2882,952.36066,956.1495,961.9843207303547
1053,950.24664,3.694402,944.56134,947.52997,950.5153,952.597,956.3945,962.2102562634552
1054,950.4729,3.703024,944.7771,947.7479,950.7431,952.83386,956.64026,962.4379689294973
1055,950.6997,3.7116773,944.9936,947.9667,950.97156,953.0715,956.8868,962.6676646644027
1056,950.9272,3.7203734,945.21063,948.1862,951.20056,953.3097,957.13416,962.899549404093
1057,951.1554,3.7291362,945.42834,948.4064,951.43024,953.54865,957.3822,963.1338290844905
1058,951.3842,3.7379615,945.6467,948.62744,951.66046,953.7884,957.6311,963.3707096415163
1059,951.61365,3.7468479,945.8657,948.8491,951.89136,954.0288,957.88086,963.6103970110926
1060,951.84393,3.7558217,946.08527,949.0716,952.1229,954.2702,958.1313,963.8530971291405
1061,952.07477,3.7648916,946.3047,949.2946,952.3551,954.51245,958.3826,964.0990159315822
1062,952.3063,3.7740486,946.52405,949.51843,952.58044,954.7555,958.63477,964.3483593543393
1063,952.5385,3.7833283,946.74396,949.7428,952.8034,954.9995,958.88763,964.6013333333334
1064,952.7714,3.792719,946.9666,949.96783,953.02686,955.2445,959.1414,964.8580245747262
1065,953.0064,3.8022313,947.19763,950.19495,953.2522,955.4917,959.3974,965.1180428656385
1066,953.2473,3.8118908,947.4354,950.4287,953.48303,955.74475,959.66046,965.3808787634306
1067,953.49646,3.821714,947.6825,950.6715,953.7212,956.0054,959.93304,965.6460228254632
1068,953.753,3.8316817,947.9381,950.9223,953.9662,956.2728,960.214,965.912965609097
1069,954.0157,3.8417733,948.201,951.18,954.21704,956.5462,960.5024,966.1811976716925
1070,954.284,3.851989,948.459,951.44006,954.4729,956.81116,960.7971,966.4502095706104
1071,954.5567,3.8623,948.7182,951.6992,954.7329,957.0769,961.097,966.7194918632108
1072,954.8331,3.872715,948.981,951.962,954.9962,957.3463,961.4012,966.9885351068549
1073,955.1122,3.8832011,949.2468,952.2273,955.2622,957.6181,961.70966,967.2568298589028
1074,955.39307,3.8937485,949.51465,952.4944,955.5298,957.8917,962.0206,967.5238666767157
1075,955.67474,3.9043174,949.78284,952.7622,955.7982,958.1662,962.33264,967.7891361176536
1076,955.9565,3.914944,950.049,953.0338,956.06665,958.4407,962.6446,968.052128739077
1077,956.23724,3.925549,950.3144,953.3168,956.33435,958.7145,962.95544,968.3123350983469
1078,956.5162,3.9361234,950.57806,953.5978,956.6114,958.9865,963.26385,968.5692457528237
1079,956.79224,3.946665,950.83905,953.876,956.88745,959.25604,963.56903,968.822351259868
1080,957.0647,3.9571378,951.0965,954.15045,957.16016,959.52216,963.8699,969.0711421768405
1081,957.3324,3.9675236,951.3495,954.4203,957.42834,959.78406,964.1652,969.3151090611016
1082,957.59467,3.977792,951.5971,954.6667,957.6914,960.0409,964.45386,969.5537424700118
1083,957.8505,3.9879096,951.83844,954.90594,957.9483,960.29175,964.73505,969.7865329609317
1084,958.0991,3.9978476,952.0726,955.1388,958.19824,960.5359,965.0075,970.0129710912225
1085,958.33936,4.007588,952.2986,955.3645,958.4402,960.7723,965.2701,970.2325474182438
1086,958.5705,4.0171037,952.51556,955.58215,958.67346,961.00024,965.52185,970.4447524993568
1087,958.7915,4.0263605,952.7227,955.79114,958.8971,961.2196,965.7618,970.6490768919219
1088,959.00146,4.0353427,952.91895,955.9906,959.1102,961.43604,965.98865,970.8450111532997
1089,959.1996,4.0440063,953.10345,956.17975,959.31195,961.6408,966.2014,971.0320458408511
1090,959.38495,4.052324,953.27527,956.3579,959.49976,961.8331,966.39905,971.2096715119361
1091,959.5566,4.0602965,953.4336,956.5242,959.6686,962.01215,966.58057,971.3773787239156
1092,959.7135,4.067867,953.5774,956.6778,959.82465,962.17694,966.7446,971.5346580341501
1093,959.8549,4.0750504,953.7058,956.81805,959.96716,962.32654,966.89044,971.6810000000002
1094,959.9799,4.0817943,953.81793,956.94415,960.0952,962.46014,967.0167,971.816057907198
1095,960.08984,4.0881524,953.9151,957.0571,960.2102,962.57904,967.1251,971.9401359549611
1096,960.1916,4.094278,954.0068,957.1622,960.3179,962.68964,967.2235,972.0537010708792
1097,960.29,4.1003385,954.09753,957.2632,960.42206,962.79675,967.31805,972.1572201825413
1098,960.3854,4.1062984,954.18536,957.3602,960.5232,962.9005,967.4087,972.2511602175372
1099,960.4779,4.112195,954.27045,957.45355,960.6213,963.0012,967.4959,972.3359881034552
1100,960.56757,4.1180463,954.3528,957.54333,960.71655,963.0989,967.5796,972.4121707678855
1101,960.65466,4.123827,954.4326,957.6297,960.80896,963.1937,967.6601,972.4801751384172
1102,960.73914,4.1295657,954.50995,957.7128,960.8988,963.2858,967.7374,972.5404681426393
1103,960.8212,4.135256,954.5851,957.7929,960.9861,963.37537,967.8119,972.5935167081414
1104,960.9012,4.140921,954.658,957.87006,961.07117,963.4624,967.8836,972.6397877625129
1105,960.9789,4.146547,954.72894,957.94464,961.16016,963.54724,967.95264,972.6797482333426
1106,961.0546,4.152171,954.79785,958.01654,961.2572,963.62994,968.01935,972.7138650482202
1107,961.12854,4.1577673,954.8651,958.0862,961.35284,963.7106,968.08386,972.742605134735
1108,961.2007,4.163363,954.93066,958.15356,961.44604,963.7893,968.1462,972.7664354204761
1109,961.27124,4.16896,954.9946,958.21893,961.51953,963.86646,968.2066,972.785822833033
1110,961.3404,4.1745553,955.0573,958.2825,961.5917,963.94196,968.26526,972.8012342999951
1111,961.4082,4.18016,955.11865,958.3434,961.6626,964.01605,968.32227,972.8131367489514
1112,961.4748,4.185788,955.17896,958.3994,961.7324,964.08887,968.378,972.8219971074916
1113,961.5403,4.191451,955.2381,958.45404,961.8013,964.1605,968.4323,972.8282823032042
1114,961.605,4.1971245,955.29645,958.5077,961.8692,964.2312,968.48566,972.8324592636793
1115,961.6688,4.2028217,955.354,958.5603,961.9365,964.301,968.538,972.8349949165059
1116,961.73206,4.208573,955.41095,958.61993,961.996,964.3701,968.58966,972.8363561892736
1117,961.7947,4.2143426,955.4674,958.6989,962.0394,964.4387,968.6407,972.8370100095711
1118,961.85693,4.2201667,955.51337,958.77747,962.0824,964.50684,968.6913,972.8374233049883
1119,961.919,4.2260423,955.5582,958.85596,962.1251,964.57465,968.74164,972.838063003114
1120,961.98083,4.2319646,955.60297,958.9342,962.1677,964.64233,968.79193,972.8393960315378
1121,962.0428,4.2379313,955.6478,959.0094,962.2105,964.71014,968.8423,972.8418893178492
1122,962.1049,4.243948,955.6929,959.0634,962.25354,964.778,968.8929,972.846009789637
1123,962.16724,4.2500186,955.7382,959.11774,962.2969,964.8461,968.94385,972.852224374491
1124,962.2301,4.256144,955.7841,959.1724,962.34656,964.9161,968.9954,972.8610000000001
1125,962.29333,4.262337,955.8332,959.2276,962.4045,964.9883,969.0478,972.8727059173589
1126,962.3574,4.2685876,955.8972,959.2834,962.46313,965.0554,969.101,972.8873206721814
1127,962.4222,4.2748775,955.9618,959.335,962.52246,965.11804,969.1552,972.9047251336875
1128,962.48773,4.281243,956.0268,959.38477,962.58264,965.18506,969.21045,972.9248001710963
1129,962.55396,4.2876506,956.0923,959.4354,962.64355,965.2528,969.2734,972.9474266536271
1130,962.6209,4.294119,956.15845,959.48676,962.7053,965.32166,969.34625,972.9724854504994
1131,962.68866,4.3006344,956.2251,959.5389,962.7677,965.383,969.4197,972.9998574309325
1132,962.757,4.3072057,956.29236,959.59174,962.83075,965.4364,969.4938,973.0294234641461
1133,962.8261,4.313823,956.3601,959.6452,962.89453,965.49084,969.5686,973.0610644193592
1134,962.89575,4.32049,956.42834,959.6993,962.959,965.546,969.644,973.0946611657914
1135,962.96606,4.327202,956.4972,959.754,963.02405,965.6019,969.72003,973.1300945726621
1136,963.03705,4.333975,956.5665,959.8116,963.08966,965.66046,969.79675,973.1672455091905
1137,963.1086,4.3407917,956.6362,959.8785,963.156,965.724,969.874,973.2059948445961
1138,963.1807,4.3476706,956.70667,959.94617,963.2228,965.79675,969.95184,973.2462234480985
1139,963.25336,4.354582,956.7774,960.0145,963.2903,965.87537,970.0302,973.2878121889165
1140,963.32654,4.361549,956.8487,960.0836,963.3582,965.9565,970.11017,973.3306419362701
1141,963.4003,4.3685675,956.919,960.1533,963.4267,966.0422,970.1926,973.3745935593785
1142,963.4746,4.3756285,956.98553,960.2236,963.4957,966.1283,970.27563,973.4195479274609
1143,963.5493,4.3827534,957.05237,960.2945,963.5652,966.2149,970.359,973.4653859097368
1144,963.6245,4.3899107,957.1197,960.36597,963.63513,966.3045,970.4429,973.5119883754257
1145,963.70013,4.397139,957.1874,960.438,963.70544,966.3961,970.5273,973.559236193747
1146,963.77625,4.4044156,957.2555,960.51056,963.77625,966.48804,970.61206,973.6070102339198
1147,963.8527,4.411753,957.32385,960.5797,963.8475,966.58026,970.6972,973.6551913651638
1148,963.9296,4.4191437,957.3922,960.64777,963.919,966.673,970.78284,973.703660456698
1149,964.0069,4.426584,957.46094,960.71625,963.99097,966.766,970.8688,973.7522983777425
1150,964.0845,4.4340987,957.5299,960.7851,964.06323,966.85944,970.9551,973.8009859975159
1151,964.1624,4.4416656,957.5992,960.85443,964.13586,966.9531,971.04175,973.8496041852379
1152,964.2407,4.449292,957.6689,960.92395,964.22205,967.0473,971.12885,973.898033810128
1153,964.3193,4.4569983,957.7388,960.9939,964.30963,967.14166,971.2161,973.9461557414054
1154,964.3982,4.464772,957.8089,961.0641,964.3976,967.23413,971.30383,973.9938508482895
1155,964.4773,4.472607,957.87933,961.1345,964.486,967.3207,971.3918,974.041
1156,964.5567,4.480505,957.95,961.22034,964.5748,967.4076,971.48,974.0875066688403
1157,964.63666,4.488424,958.02136,961.3075,964.66437,967.495,971.56885,974.1333647394514
1158,964.7184,4.49601,958.09503,961.3966,964.75555,967.58356,971.65924,974.1785906995584
1159,964.80237,4.503096,958.17175,961.48865,964.84894,967.6741,971.7518,974.2232010368867
1160,964.8886,4.5097194,958.2516,961.5833,964.94446,967.7662,971.8464,974.2672122391618
1161,964.9769,4.515851,958.3342,961.68066,965.04193,967.8599,971.9428,974.3106407941084
1162,965.06744,4.5215874,958.4197,961.7776,965.14136,967.9553,972.04126,974.353503189452
1163,965.1599,4.5269184,958.5078,961.86194,965.24243,968.0521,972.1416,974.395815912918
1164,965.2542,4.531879,958.5984,961.949,965.3452,968.1505,972.24365,974.4375954522314
1165,965.3504,4.536504,958.6914,962.03864,965.44946,968.25037,972.34753,974.4788582951177
