run_id,time_index,prediction,actual
1,0,1230.455,1239.908559267027
1,1,1230.5613,1240.100299513874
1,2,1230.6687,1240.290084429472
1,3,1230.7771,1240.477601927919
1,4,1230.8861,1240.662539923313
1,5,1230.9956,1240.844586329752
1,6,1231.1053,1241.023429061332
1,7,1231.2151,1241.198756032152
1,8,1231.3248,1241.370255156309
1,9,1231.4341,1241.537614347901
1,10,1231.5428,1241.700521521026
1,11,1231.6509,1241.85866458978
1,12,1231.7578,1242.011731468262
1,13,1231.8636,1242.159410070568
1,14,1231.9681,1242.301388310798
1,15,1232.0709,1242.437354103048
1,16,1232.1721,1242.566995361417
1,17,1232.2712,1242.69
1,18,1232.3679,1242.806155001753
1,19,1232.4636,1242.915643625056
1,20,1232.5616,1243.018748197144
1,21,1232.6644,1243.115751045252
1,22,1232.7716,1243.206934496617
1,23,1232.8828,1243.292580878474
1,24,1232.9978,1243.372972518061
1,25,1233.1161,1243.448391742611
1,26,1233.2373,1243.519120879362
1,27,1233.3612,1243.585442255549
1,28,1233.4874,1243.647638198408
1,29,1233.6156,1243.705991035176
1,30,1233.7451,1243.760783093087
1,31,1233.876,1243.812296699377
1,32,1234.0077,1243.860814181284
1,33,1234.1398,1243.906617866042
1,34,1234.2721,1243.949990080887
1,35,1234.4042,1243.991213153056
1,36,1234.5355,1244.030569409784
1,37,1234.6661,1244.068341178307
1,38,1234.7954,1244.104810785861
1,39,1234.9231,1244.140260559682
1,40,1235.0487,1244.174972827006
1,41,1235.172,1244.209229915068
1,42,1235.2926,1244.243314151105
1,43,1235.4103,1244.277507862352
1,44,1235.5245,1244.312093376045
1,45,1235.6351,1244.347353019421
1,46,1235.7416,1244.383569119715
1,47,1235.8435,1244.421024004163
1,48,1235.9409,1244.46
1,49,1236.0331,1244.50072362188
1,50,1236.1215,1244.543198134119
1,51,1236.211,1244.58737098845
1,52,1236.3053,1244.633189636607
1,53,1236.4037,1244.680601530323
1,54,1236.5057,1244.729554121332
1,55,1236.6111,1244.779994861366
1,56,1236.7191,1244.83187120216
1,57,1236.8293,1244.885130595446
1,58,1236.9415,1244.939720492958
1,59,1237.0549,1244.99558834643
1,60,1237.1693,1245.052681607594
1,61,1237.2839,1245.110947728184
1,62,1237.3984,1245.170334159933
1,63,1237.5125,1245.230788354575
1,64,1237.6255,1245.292257763843
1,65,1237.737,1245.35468983947
1,66,1237.8467,1245.41803203319
1,67,1237.9539,1245.482231796736
1,68,1238.0582,1245.547236581842
1,69,1238.1593,1245.61299384024
1,70,1238.2566,1245.679451023664
1,71,1238.3497,1245.746555583848
1,72,1238.4381,1245.814254972524
1,73,1238.5214,1245.882496641427
1,74,1238.599,1245.951228042289
1,75,1238.6708,1246.020396626844
1,76,1238.736,1246.089949846826
1,77,1238.7942,1246.159835153966
1,78,1238.8451,1246.23
1,79,1238.8881,1246.30040301258
1,80,1238.9241,1246.371047523038
1,81,1238.9573,1246.441948038625
1,82,1238.9912,1246.513119066595
1,83,1239.0255,1246.584575114197
1,84,1239.0604,1246.656330688685
1,85,1239.096,1246.728400297309
1,86,1239.1318,1246.800798447322
1,87,1239.1683,1246.873539645976
1,88,1239.2053,1246.946638400522
1,89,1239.2427,1247.020109218212
1,90,1239.2806,1247.093966606298
1,91,1239.319,1247.168225072031
1,92,1239.3578,1247.242899122664
1,93,1239.397,1247.318003265448
1,94,1239.4364,1247.393552007635
1,95,1239.4764,1247.469559856477
1,96,1239.5168,1247.546041319225
1,97,1239.5576,1247.623010903131
1,98,1239.5986,1247.700483115447
1,99,1239.6401,1247.778472463426
1,100,1239.6818,1247.856993454318
1,101,1239.7239,1247.936060595375
1,102,1239.7661,1248.015688393849
1,103,1239.8087,1248.095891356993
1,104,1239.8517,1248.176683992057
1,105,1239.8948,1248.258080806293
1,106,1239.9382,1248.340096306954
1,107,1239.9818,1248.422745001291
1,108,1240.0256,1248.506041396556
1,109,1240.0696,1248.59
1,110,1240.1138,1248.674613489346
1,111,1240.158,1248.759787224194
1,112,1240.2013,1248.845404734617
1,113,1240.2432,1248.931349550686
1,114,1240.2838,1249.017505202473
1,115,1240.3234,1249.103755220048
1,116,1240.3617,1249.189983133484
1,117,1240.3989,1249.276072472851
1,118,1240.4352,1249.361906768223
1,119,1240.4706,1249.447369549669
1,120,1240.5049,1249.532344347261
1,121,1240.5385,1249.616714691072
1,122,1240.5712,1249.700364111172
1,123,1240.6033,1249.783176137633
1,124,1240.6346,1249.865034300527
1,125,1240.6655,1249.945822129925
1,126,1240.6958,1250.025423155898
1,127,1240.7256,1250.103720908518
1,128,1240.7551,1250.180598917857
1,129,1240.7842,1250.255940713986
1,130,1240.813,1250.329629826976
1,131,1240.8416,1250.4015497869
1,132,1240.87,1250.471584123828
1,133,1240.8983,1250.539616367832
1,134,1240.9266,1250.605530048984
1,135,1240.955,1250.669208697355
1,136,1240.9834,1250.730535843017
1,137,1241.012,1250.789395016041
1,138,1241.0408,1250.845669746498
1,139,1241.0698,1250.899243564461
1,140,1241.0991,1250.95
1,141,1241.1289,1250.997930712141
1,142,1241.1593,1251.043459875724
1,143,1241.19,1251.087119794543
1,144,1241.2216,1251.129442772392
1,145,1241.2538,1251.170961113063
1,146,1241.2867,1251.212207120352
1,147,1241.3209,1251.253713098052
1,148,1241.3563,1251.296011349956
1,149,1241.3931,1251.339634179858
1,150,1241.431,1251.385113891553
1,151,1241.4706,1251.432982788834
1,152,1241.512,1251.483773175495
1,153,1241.5552,1251.538017355329
1,154,1241.6002,1251.59624763213
1,155,1241.6473,1251.658996309693
1,156,1241.6968,1251.72679569181
1,157,1241.7485,1251.800178082276
1,158,1241.8027,1251.879675784885
1,159,1241.8595,1251.96582110343
1,160,1241.9191,1252.059146341704
1,161,1241.9814,1252.160183803503
1,162,1242.0468,1252.269465792619
1,163,1242.1152,1252.387524612846
1,164,1242.1869,1252.514892567979
1,165,1242.2621,1252.65210196181
1,166,1242.3406,1252.799685098134
1,167,1242.4229,1252.958174280745
1,168,1242.5089,1253.128101813435
1,169,1242.5986,1253.31
1,170,1242.6925,1253.504231947576
1,171,1242.7916,1253.710483976672
1,172,1242.8995,1253.928273211141
1,173,1243.0188,1254.157116774837
1,174,1243.1489,1254.396531791611
1,175,1243.2892,1254.646035385317
1,176,1243.4393,1254.905144679807
1,177,1243.5988,1255.173376798934
1,178,1243.7668,1255.450248866551
1,179,1243.9432,1255.73527800651
1,180,1244.1276,1256.027981342665
1,181,1244.3191,1256.327875998868
1,182,1244.5175,1256.634479098971
1,183,1244.722,1256.947307766829
1,184,1244.9324,1257.265879126292
1,185,1245.1481,1257.589710301214
1,186,1245.3685,1257.918318415448
1,187,1245.5933,1258.251220592846
1,188,1245.8218,1258.587933957263
1,189,1246.0536,1258.927975632548
1,190,1246.2883,1259.270862742557
1,191,1246.5253,1259.616112411141
1,192,1246.7642,1259.963241762154
1,193,1247.0044,1260.311767919447
1,194,1247.2456,1260.661208006874
1,195,1247.487,1261.011079148288
1,196,1247.7285,1261.360898467541
1,197,1247.9694,1261.710183088486
1,198,1248.2092,1262.058450134975
1,199,1248.4475,1262.405216730863
1,200,1248.684,1262.75
1,201,1248.9178,1263.09240646678
1,202,1249.1492,1263.432400257749
1,203,1249.3787,1263.770034899996
1,204,1249.6068,1264.105363920607
1,205,1249.834,1264.438440846671
1,206,1250.06,1264.769319205273
1,207,1250.285,1265.098052523501
1,208,1250.509,1265.424694328442
1,209,1250.732,1265.749298147183
1,210,1250.9541,1266.071917506812
1,211,1251.1753,1266.392605934416
1,212,1251.3956,1266.711416957081
1,213,1251.615,1267.028404101896
1,214,1251.8336,1267.343620895946
1,215,1252.0515,1267.65712086632
1,216,1252.2687,1267.968957540104
1,217,1252.4851,1268.279184444387
1,218,1252.7008,1268.587855106253
1,219,1252.9159,1268.895023052792
1,220,1253.1302,1269.20074181109
1,221,1253.3442,1269.505064908234
1,222,1253.5576,1269.808045871312
1,223,1253.7704,1270.109738227411
1,224,1253.9828,1270.410195503617
1,225,1254.1947,1270.709471227018
1,226,1254.4061,1271.007618924702
1,227,1254.6173,1271.304692123754
1,228,1254.828,1271.600744351264
1,229,1255.0385,1271.895829134316
1,230,1255.2485,1272.19
1,231,1255.4584,1272.483326653522
1,232,1255.6675,1272.775943512573
1,233,1255.8744,1273.068001172964
1,234,1256.0782,1273.359650230506
1,235,1256.2797,1273.651041281009
1,236,1256.4785,1273.942324920284
1,237,1256.6754,1274.233651744142
1,238,1256.8706,1274.525172348395
1,239,1257.0645,1274.817037328853
1,240,1257.2571,1275.109397281326
1,241,1257.4491,1275.402402801627
1,242,1257.6404,1275.696204485565
1,243,1257.8315,1275.990952928951
1,244,1258.023,1276.286798727597
1,245,1258.2146,1276.583892477313
1,246,1258.4071,1276.88238477391
1,247,1258.6007,1277.182426213199
1,248,1258.7957,1277.484167390991
1,249,1258.9923,1277.787758903097
1,250,1259.1909,1278.093351345327
1,251,1259.3917,1278.401095313493
1,252,1259.5952,1278.711141403406
1,253,1259.8015,1279.023640210876
1,254,1260.0112,1279.338742331714
1,255,1260.2244,1279.65659836173
1,256,1260.4413,1279.977358896737
1,257,1260.6626,1280.301174532545
1,258,1260.8881,1280.628195864964
1,259,1261.1185,1280.958573489806
1,260,1261.354,1281.292458002881
1,261,1261.5947,1281.63
1,262,1261.8413,1281.971310301226
1,263,1262.0933,1282.316340623625
1,264,1262.3492,1282.665002908517
1,265,1262.6083,1283.017209097218
1,266,1262.8704,1283.372871131049
1,267,1263.1356,1283.731900951327
1,268,1263.404,1284.09421049937
1,269,1263.6755,1284.459711716498
1,270,1263.9503,1284.828316544028
1,271,1264.228,1285.199936923278
1,272,1264.509,1285.574484795568
1,273,1264.7933,1285.951872102215
1,274,1265.0804,1286.332010784539
1,275,1265.3711,1286.714812783856
1,276,1265.6648,1287.100190041487
1,277,1265.9617,1287.488054498749
1,278,1266.2617,1287.878318096961
1,279,1266.565,1288.27089277744
1,280,1266.8715,1288.665690481506
1,281,1267.1812,1289.062623150477
1,282,1267.494,1289.461602725671
1,283,1267.81,1289.862541148407
1,284,1268.1294,1290.265350360002
1,285,1268.452,1290.669942301776
1,286,1268.7776,1291.076228915048
1,287,1269.1067,1291.484122141134
1,288,1269.4388,1291.893533921354
1,289,1269.7743,1292.304376197026
1,290,1270.1129,1292.716560909469
2,0,1226.1608,1239.908559267027
2,1,1226.2467,1240.100299513874
2,2,1226.3345,1240.290084429472
2,3,1226.4241,1240.477601927919
2,4,1226.515,1240.662539923313
2,5,1226.6073,1240.844586329752
2,6,1226.7004,1241.023429061332
2,7,1226.7943,1241.198756032152
2,8,1226.8888,1241.370255156309
2,9,1226.9833,1241.537614347901
2,10,1227.0778,1241.700521521026
2,11,1227.172,1241.85866458978
2,12,1227.2656,1242.011731468262
2,13,1227.3584,1242.159410070568
2,14,1227.4502,1242.301388310798
2,15,1227.5406,1242.437354103048
2,16,1227.6296,1242.566995361417
2,17,1227.7167,1242.69
2,18,1227.8018,1242.806155001753
2,19,1227.8857,1242.915643625056
2,20,1227.9724,1243.018748197144
2,21,1228.0645,1243.115751045252
2,22,1228.1615,1243.206934496617
2,23,1228.2632,1243.292580878474
2,24,1228.3689,1243.372972518061
2,25,1228.4783,1243.448391742611
2,26,1228.5911,1243.519120879362
2,27,1228.7065,1243.585442255549
2,28,1228.8246,1243.647638198408
2,29,1228.9445,1243.705991035176
2,30,1229.0662,1243.760783093087
2,31,1229.1888,1243.812296699377
2,32,1229.3123,1243.860814181284
2,33,1229.4362,1243.906617866042
2,34,1229.5598,1243.949990080887
2,35,1229.6831,1243.991213153056
2,36,1229.8053,1244.030569409784
2,37,1229.9263,1244.068341178307
2,38,1230.0455,1244.104810785861
2,39,1230.1625,1244.140260559682
2,40,1230.277,1244.174972827006
2,41,1230.3884,1244.209229915068
2,42,1230.4966,1244.243314151105
2,43,1230.6008,1244.277507862352
2,44,1230.7008,1244.312093376045
2,45,1230.7963,1244.347353019421
2,46,1230.8866,1244.383569119715
2,47,1230.9716,1244.421024004163
2,48,1231.0505,1244.46
2,49,1231.1234,1244.50072362188
2,50,1231.1912,1244.543198134119
2,51,1231.2588,1244.58737098845
2,52,1231.3297,1244.633189636607
2,53,1231.4039,1244.680601530323
2,54,1231.4806,1244.729554121332
2,55,1231.5598,1244.779994861366
2,56,1231.6407,1244.83187120216
2,57,1231.7235,1244.885130595446
2,58,1231.8074,1244.939720492958
2,59,1231.8923,1244.99558834643
2,60,1231.9778,1245.052681607594
2,61,1232.0635,1245.110947728184
2,62,1232.149,1245.170334159933
2,63,1232.2343,1245.230788354575
2,64,1232.3185,1245.292257763843
2,65,1232.4017,1245.35468983947
2,66,1232.4834,1245.41803203319
2,67,1232.5634,1245.482231796736
2,68,1232.641,1245.547236581842
2,69,1232.7161,1245.61299384024
2,70,1232.7885,1245.679451023664
2,71,1232.8577,1245.746555583848
2,72,1232.9232,1245.814254972524
2,73,1232.9851,1245.882496641427
2,74,1233.0427,1245.951228042289
2,75,1233.0957,1246.020396626844
2,76,1233.1439,1246.089949846826
2,77,1233.187,1246.159835153966
2,78,1233.2244,1246.23
2,79,1233.256,1246.30040301258
2,80,1233.2825,1246.371047523038
2,81,1233.3073,1246.441948038625
2,82,1233.3325,1246.513119066595
2,83,1233.3585,1246.584575114197
2,84,1233.3849,1246.656330688685
2,85,1233.4119,1246.728400297309
2,86,1233.4395,1246.800798447322
2,87,1233.4677,1246.873539645976
2,88,1233.4962,1246.946638400522
2,89,1233.5253,1247.020109218212
2,90,1233.5548,1247.093966606298
2,91,1233.585,1247.168225072031
2,92,1233.6154,1247.242899122664
2,93,1233.6461,1247.318003265448
2,94,1233.6774,1247.393552007635
2,95,1233.709,1247.469559856477
2,96,1233.741,1247.546041319225
2,97,1233.7733,1247.623010903131
2,98,1233.8058,1247.700483115447
2,99,1233.8386,1247.778472463426
2,100,1233.8718,1247.856993454318
2,101,1233.9053,1247.936060595375
2,102,1233.9388,1248.015688393849
2,103,1233.9728,1248.095891356993
2,104,1234.0068,1248.176683992057
2,105,1234.0411,1248.258080806293
2,106,1234.0756,1248.340096306954
2,107,1234.1101,1248.422745001291
2,108,1234.1448,1248.506041396556
2,109,1234.1796,1248.59
2,110,1234.2145,1248.674613489346
2,111,1234.2491,1248.759787224194
2,112,1234.2825,1248.845404734617
2,113,1234.3136,1248.931349550686
2,114,1234.343,1249.017505202473
2,115,1234.3704,1249.103755220048
2,116,1234.3962,1249.189983133484
2,117,1234.4203,1249.276072472851
2,118,1234.443,1249.361906768223
2,119,1234.4645,1249.447369549669
2,120,1234.4846,1249.532344347261
2,121,1234.5039,1249.616714691072
2,122,1234.522,1249.700364111172
2,123,1234.5394,1249.783176137633
2,124,1234.5563,1249.865034300527
2,125,1234.5724,1249.945822129925
2,126,1234.5881,1250.025423155898
2,127,1234.6035,1250.103720908518
2,128,1234.6188,1250.180598917857
2,129,1234.634,1250.255940713986
2,130,1234.6493,1250.329629826976
2,131,1234.6647,1250.4015497869
2,132,1234.6805,1250.471584123828
2,133,1234.6969,1250.539616367832
2,134,1234.7136,1250.605530048984
2,135,1234.7312,1250.669208697355
2,136,1234.7495,1250.730535843017
2,137,1234.7688,1250.789395016041
2,138,1234.7893,1250.845669746498
2,139,1234.8109,1250.899243564461
2,140,1234.8339,1250.95
2,141,1234.8583,1250.997930712141
2,142,1234.8844,1251.043459875724
2,143,1234.912,1251.087119794543
2,144,1234.9414,1251.129442772392
2,145,1234.9724,1251.170961113063
2,146,1235.0052,1251.212207120352
2,147,1235.0398,1251.253713098052
2,148,1235.076,1251.296011349956
2,149,1235.114,1251.339634179858
2,150,1235.1539,1251.385113891553
2,151,1235.1954,1251.432982788834
2,152,1235.2388,1251.483773175495
2,153,1235.2839,1251.538017355329
2,154,1235.3309,1251.59624763213
2,155,1235.3796,1251.658996309693
2,156,1235.4303,1251.72679569181
2,157,1235.4827,1251.800178082276
2,158,1235.5371,1251.879675784885
2,159,1235.5933,1251.96582110343
2,160,1235.6514,1252.059146341704
2,161,1235.7113,1252.160183803503
2,162,1235.7731,1252.269465792619
2,163,1235.8368,1252.387524612846
2,164,1235.9025,1252.514892567979
2,165,1235.9701,1252.65210196181
2,166,1236.0396,1252.799685098134
2,167,1236.1111,1252.958174280745
2,168,1236.1844,1253.128101813435
2,169,1236.2599,1253.31
2,170,1236.3373,1253.504231947576
2,171,1236.4175,1253.710483976672
2,172,1236.5038,1253.928273211141
2,173,1236.5978,1254.157116774837
2,174,1236.6992,1254.396531791611
2,175,1236.8079,1254.646035385317
2,176,1236.9232,1254.905144679807
2,177,1237.0452,1255.173376798934
2,178,1237.1732,1255.450248866551
2,179,1237.3073,1255.73527800651
2,180,1237.4467,1256.027981342665
2,181,1237.5914,1256.327875998868
2,182,1237.7411,1256.634479098971
2,183,1237.8953,1256.947307766829
2,184,1238.0538,1257.265879126292
2,185,1238.2162,1257.589710301214
2,186,1238.3823,1257.918318415448
2,187,1238.5516,1258.251220592846
2,188,1238.724,1258.587933957263
2,189,1238.899,1258.927975632548
2,190,1239.0764,1259.270862742557
2,191,1239.2559,1259.616112411141
2,192,1239.4373,1259.963241762154
2,193,1239.6199,1260.311767919447
2,194,1239.8036,1260.661208006874
2,195,1239.9883,1261.011079148288
2,196,1240.1733,1261.360898467541
2,197,1240.3586,1261.710183088486
2,198,1240.544,1262.058450134975
2,199,1240.7288,1262.405216730863
2,200,1240.9128,1262.75
2,201,1241.0961,1263.09240646678
2,202,1241.278,1263.432400257749
2,203,1241.459,1263.770034899996
2,204,1241.6393,1264.105363920607
2,205,1241.8187,1264.438440846671
2,206,1241.9974,1264.769319205273
2,207,1242.1754,1265.098052523501
2,208,1242.3527,1265.424694328442
2,209,1242.5294,1265.749298147183
2,210,1242.7053,1266.071917506812
2,211,1242.8807,1266.392605934416
2,212,1243.0555,1266.711416957081
2,213,1243.2297,1267.028404101896
2,214,1243.4034,1267.343620895946
2,215,1243.5767,1267.65712086632
2,216,1243.7495,1267.968957540104
2,217,1243.9218,1268.279184444387
2,218,1244.0936,1268.587855106253
2,219,1244.265,1268.895023052792
2,220,1244.4362,1269.20074181109
2,221,1244.6069,1269.505064908234
2,222,1244.7773,1269.808045871312
2,223,1244.9474,1270.109738227411
2,224,1245.1172,1270.410195503617
2,225,1245.2869,1270.709471227018
2,226,1245.4563,1271.007618924702
2,227,1245.6255,1271.304692123754
2,228,1245.7944,1271.600744351264
2,229,1245.9634,1271.895829134316
2,230,1246.1321,1272.19
2,231,1246.3008,1272.483326653522
2,232,1246.4686,1272.775943512573
2,233,1246.633,1273.068001172964
2,234,1246.7921,1273.359650230506
2,235,1246.9467,1273.651041281009
2,236,1247.097,1273.942324920284
2,237,1247.2438,1274.233651744142
2,238,1247.3875,1274.525172348395
2,239,1247.5288,1274.817037328853
2,240,1247.6681,1275.109397281326
2,241,1247.806,1275.402402801627
2,242,1247.9432,1275.696204485565
2,243,1248.08,1275.990952928951
2,244,1248.2169,1276.286798727597
2,245,1248.3546,1276.583892477313
2,246,1248.4938,1276.88238477391
2,247,1248.6346,1277.182426213199
2,248,1248.7781,1277.484167390991
2,249,1248.9243,1277.787758903097
2,250,1249.0741,1278.093351345327
2,251,1249.2279,1278.401095313493
2,252,1249.3864,1278.711141403406
2,253,1249.5497,1279.023640210876
2,254,1249.7188,1279.338742331714
2,255,1249.8942,1279.65659836173
2,256,1250.076,1279.977358896737
2,257,1250.2653,1280.301174532545
2,258,1250.4623,1280.628195864964
2,259,1250.6675,1280.958573489806
2,260,1250.8815,1281.292458002881
2,261,1251.105,1281.63
2,262,1251.3381,1281.971310301226
2,263,1251.581,1282.316340623625
2,264,1251.831,1282.665002908517
2,265,1252.086,1283.017209097218
2,266,1252.3462,1283.372871131049
2,267,1252.6112,1283.731900951327
2,268,1252.8815,1284.09421049937
2,269,1253.1569,1284.459711716498
2,270,1253.4374,1284.828316544028
2,271,1253.723,1285.199936923278
2,272,1254.0137,1285.574484795568
2,273,1254.3097,1285.951872102215
2,274,1254.6108,1286.332010784539
2,275,1254.9172,1286.714812783856
2,276,1255.2288,1287.100190041487
2,277,1255.5455,1287.488054498749
2,278,1255.8676,1287.878318096961
2,279,1256.1948,1288.27089277744
2,280,1256.5273,1288.665690481506
2,281,1256.8652,1289.062623150477
2,282,1257.2083,1289.461602725671
2,283,1257.5566,1289.862541148407
2,284,1257.9104,1290.265350360002
2,285,1258.2694,1290.669942301776
2,286,1258.6337,1291.076228915048
2,287,1259.0033,1291.484122141134
2,288,1259.3782,1291.893533921354
2,289,1259.7584,1292.304376197026
2,290,1260.144,1292.716560909469
3,0,1236.5363,1239.908559267027
3,1,1236.6499,1240.100299513874
3,2,1236.7649,1240.290084429472
3,3,1236.8807,1240.477601927919
3,4,1236.9973,1240.662539923313
3,5,1237.114,1240.844586329752
3,6,1237.2312,1241.023429061332
3,7,1237.348,1241.198756032152
3,8,1237.4646,1241.370255156309
3,9,1237.5804,1241.537614347901
3,10,1237.6956,1241.700521521026
3,11,1237.8096,1241.85866458978
3,12,1237.9221,1242.011731468262
3,13,1238.0331,1242.159410070568
3,14,1238.1422,1242.301388310798
3,15,1238.2491,1242.437354103048
3,16,1238.3538,1242.566995361417
3,17,1238.4558,1242.69
3,18,1238.5549,1242.806155001753
3,19,1238.6519,1242.915643625056
3,20,1238.7502,1243.018748197144
3,21,1238.8518,1243.115751045252
3,22,1238.9564,1243.206934496617
3,23,1239.0637,1243.292580878474
3,24,1239.1736,1243.372972518061
3,25,1239.2854,1243.448391742611
3,26,1239.3992,1243.519120879362
3,27,1239.5145,1243.585442255549
3,28,1239.631,1243.647638198408
3,29,1239.7485,1243.705991035176
3,30,1239.8668,1243.760783093087
3,31,1239.9854,1243.812296699377
3,32,1240.104,1243.860814181284
3,33,1240.2224,1243.906617866042
3,34,1240.3403,1243.949990080887
3,35,1240.4575,1243.991213153056
3,36,1240.5735,1244.030569409784
3,37,1240.6882,1244.068341178307
3,38,1240.8013,1244.104810785861
3,39,1240.9122,1244.140260559682
3,40,1241.021,1244.174972827006
3,41,1241.1273,1244.209229915068
3,42,1241.2308,1244.243314151105
3,43,1241.331,1244.277507862352
3,44,1241.4281,1244.312093376045
3,45,1241.5214,1244.347353019421
3,46,1241.6107,1244.383569119715
3,47,1241.6957,1244.421024004163
3,48,1241.7762,1244.46
3,49,1241.8519,1244.50072362188
3,50,1241.9241,1244.543198134119
3,51,1241.9968,1244.58737098845
3,52,1242.0732,1244.633189636607
3,53,1242.153,1244.680601530323
3,54,1242.2354,1244.729554121332
3,55,1242.3204,1244.779994861366
3,56,1242.4076,1244.83187120216
3,57,1242.4967,1244.885130595446
3,58,1242.5873,1244.939720492958
3,59,1242.6791,1244.99558834643
3,60,1242.7716,1245.052681607594
3,61,1242.8646,1245.110947728184
3,62,1242.9578,1245.170334159933
3,63,1243.0508,1245.230788354575
3,64,1243.1433,1245.292257763843
3,65,1243.2347,1245.35468983947
3,66,1243.3252,1245.41803203319
3,67,1243.4141,1245.482231796736
3,68,1243.501,1245.547236581842
3,69,1243.5857,1245.61299384024
3,70,1243.6678,1245.679451023664
3,71,1243.7472,1245.746555583848
3,72,1243.8232,1245.814254972524
3,73,1243.8958,1245.882496641427
3,74,1243.9645,1245.951228042289
3,75,1244.0289,1246.020396626844
3,76,1244.0889,1246.089949846826
3,77,1244.1438,1246.159835153966
3,78,1244.1937,1246.23
3,79,1244.238,1246.30040301258
3,80,1244.2776,1246.371047523038
3,81,1244.3156,1246.441948038625
3,82,1244.3544,1246.513119066595
3,83,1244.3937,1246.584575114197
3,84,1244.4336,1246.656330688685
3,85,1244.4744,1246.728400297309
3,86,1244.5155,1246.800798447322
3,87,1244.5574,1246.873539645976
3,88,1244.5997,1246.946638400522
3,89,1244.6427,1247.020109218212
3,90,1244.6863,1247.093966606298
3,91,1244.7303,1247.168225072031
3,92,1244.7749,1247.242899122664
3,93,1244.82,1247.318003265448
3,94,1244.8655,1247.393552007635
3,95,1244.9115,1247.469559856477
3,96,1244.9579,1247.546041319225
3,97,1245.0046,1247.623010903131
3,98,1245.0519,1247.700483115447
3,99,1245.0996,1247.778472463426
3,100,1245.1476,1247.856993454318
3,101,1245.196,1247.936060595375
3,102,1245.2446,1248.015688393849
3,103,1245.2938,1248.095891356993
3,104,1245.3431,1248.176683992057
3,105,1245.3927,1248.258080806293
3,106,1245.4426,1248.340096306954
3,107,1245.4928,1248.422745001291
3,108,1245.5432,1248.506041396556
3,109,1245.5939,1248.59
3,110,1245.6447,1248.674613489346
3,111,1245.6954,1248.759787224194
3,112,1245.7452,1248.845404734617
3,113,1245.7937,1248.931349550686
3,114,1245.8406,1249.017505202473
3,115,1245.8861,1249.103755220048
3,116,1245.9305,1249.189983133484
3,117,1245.9736,1249.276072472851
3,118,1246.0155,1249.361906768223
3,119,1246.0564,1249.447369549669
3,120,1246.0963,1249.532344347261
3,121,1246.1353,1249.616714691072
3,122,1246.1733,1249.700364111172
3,123,1246.2104,1249.783176137633
3,124,1246.2471,1249.865034300527
3,125,1246.2828,1249.945822129925
3,126,1246.318,1250.025423155898
3,127,1246.3527,1250.103720908518
3,128,1246.3868,1250.180598917857
3,129,1246.4207,1250.255940713986
3,130,1246.4541,1250.329629826976
3,131,1246.4872,1250.4015497869
3,132,1246.5203,1250.471584123828
3,133,1246.553,1250.539616367832
3,134,1246.5858,1250.605530048984
3,135,1246.6185,1250.669208697355
3,136,1246.6514,1250.730535843017
3,137,1246.6843,1250.789395016041
3,138,1246.7175,1250.845669746498
3,139,1246.7509,1250.899243564461
3,140,1246.7847,1250.95
3,141,1246.8188,1250.997930712141
3,142,1246.8535,1251.043459875724
3,143,1246.8887,1251.087119794543
3,144,1246.9247,1251.129442772392
3,145,1246.9614,1251.170961113063
3,146,1246.9991,1251.212207120352
3,147,1247.0381,1251.253713098052
3,148,1247.0782,1251.296011349956
3,149,1247.12,1251.339634179858
3,150,1247.1632,1251.385113891553
3,151,1247.2083,1251.432982788834
3,152,1247.2552,1251.483773175495
3,153,1247.3042,1251.538017355329
3,154,1247.3555,1251.59624763213
3,155,1247.409,1251.658996309693
3,156,1247.4651,1251.72679569181
3,157,1247.5239,1251.800178082276
3,158,1247.5854,1251.879675784885
3,159,1247.6499,1251.96582110343
3,160,1247.7175,1252.059146341704
3,161,1247.7883,1252.160183803503
3,162,1247.8625,1252.269465792619
3,163,1247.9404,1252.387524612846
3,164,1248.022,1252.514892567979
3,165,1248.1073,1252.65210196181
3,166,1248.1967,1252.799685098134
3,167,1248.29,1252.958174280745
3,168,1248.388,1253.128101813435
3,169,1248.4901,1253.31
3,170,1248.5969,1253.504231947576
3,171,1248.7094,1253.710483976672
3,172,1248.8303,1253.928273211141
3,173,1248.9613,1254.157116774837
3,174,1249.102,1254.396531791611
3,175,1249.2521,1254.646035385317
3,176,1249.4108,1254.905144679807
3,177,1249.5779,1255.173376798934
3,178,1249.753,1255.450248866551
3,179,1249.9355,1255.73527800651
3,180,1250.1252,1256.027981342665
3,181,1250.3215,1256.327875998868
3,182,1250.5242,1256.634479098971
3,183,1250.7325,1256.947307766829
3,184,1250.9463,1257.265879126292
3,185,1251.165,1257.589710301214
3,186,1251.3882,1257.918318415448
3,187,1251.6156,1258.251220592846
3,188,1251.8466,1258.587933957263
3,189,1252.0809,1258.927975632548
3,190,1252.318,1259.270862742557
3,191,1252.5576,1259.616112411141
3,192,1252.7992,1259.963241762154
3,193,1253.0424,1260.311767919447
3,194,1253.2866,1260.661208006874
3,195,1253.5317,1261.011079148288
3,196,1253.7773,1261.360898467541
3,197,1254.0227,1261.710183088486
3,198,1254.2676,1262.058450134975
3,199,1254.5117,1262.405216730863
3,200,1254.7546,1262.75
3,201,1254.9957,1263.09240646678
3,202,1255.2351,1263.432400257749
3,203,1255.4727,1263.770034899996
3,204,1255.7091,1264.105363920607
3,205,1255.9442,1264.438440846671
3,206,1256.1782,1264.769319205273
3,207,1256.4109,1265.098052523501
3,208,1256.6425,1265.424694328442
3,209,1256.873,1265.749298147183
3,210,1257.1024,1266.071917506812
3,211,1257.3308,1266.392605934416
3,212,1257.5582,1266.711416957081
3,213,1257.7848,1267.028404101896
3,214,1258.0104,1267.343620895946
3,215,1258.2351,1267.65712086632
3,216,1258.459,1267.968957540104
3,217,1258.6821,1268.279184444387
3,218,1258.9044,1268.587855106253
3,219,1259.1261,1268.895023052792
3,220,1259.347,1269.20074181109
3,221,1259.5675,1269.505064908234
3,222,1259.7872,1269.808045871312
3,223,1260.0063,1270.109738227411
3,224,1260.225,1270.410195503617
3,225,1260.4432,1270.709471227018
3,226,1260.6609,1271.007618924702
3,227,1260.8782,1271.304692123754
3,228,1261.0952,1271.600744351264
3,229,1261.3119,1271.895829134316
3,230,1261.5282,1272.19
3,231,1261.7443,1272.483326653522
3,232,1261.9595,1272.775943512573
3,233,1262.1719,1273.068001172964
3,234,1262.3804,1273.359650230506
3,235,1262.5852,1273.651041281009
3,236,1262.7869,1273.942324920284
3,237,1262.986,1274.233651744142
3,238,1263.1827,1274.525172348395
3,239,1263.3776,1274.817037328853
3,240,1263.5712,1275.109397281326
3,241,1263.7635,1275.402402801627
3,242,1263.9554,1275.696204485565
3,243,1264.1471,1275.990952928951
3,244,1264.339,1276.286798727597
3,245,1264.5315,1276.583892477313
3,246,1264.7252,1276.88238477391
3,247,1264.9204,1277.182426213199
3,248,1265.1176,1277.484167390991
3,249,1265.3171,1277.787758903097
3,250,1265.5194,1278.093351345327
3,251,1265.7249,1278.401095313493
3,252,1265.934,1278.711141403406
3,253,1266.1472,1279.023640210876
3,254,1266.365,1279.338742331714
3,255,1266.5875,1279.65659836173
3,256,1266.8154,1279.977358896737
3,257,1267.0492,1280.301174532545
3,258,1267.2891,1280.628195864964
3,259,1267.5355,1280.958573489806
3,260,1267.7891,1281.292458002881
3,261,1268.05,1281.63
3,262,1268.319,1281.971310301226
3,263,1268.5955,1282.316340623625
3,264,1268.8777,1282.665002908517
3,265,1269.1642,1283.017209097218
3,266,1269.4552,1283.372871131049
3,267,1269.7505,1283.731900951327
3,268,1270.0502,1284.09421049937
3,269,1270.3541,1284.459711716498
3,270,1270.6626,1284.828316544028
3,271,1270.9755,1285.199936923278
3,272,1271.2927,1285.574484795568
3,273,1271.6144,1285.951872102215
3,274,1271.9406,1286.332010784539
3,275,1272.2711,1286.714812783856
3,276,1272.6063,1287.100190041487
3,277,1272.9459,1287.488054498749
3,278,1273.2899,1287.878318096961
3,279,1273.6385,1288.27089277744
3,280,1273.9917,1288.665690481506
3,281,1274.3492,1289.062623150477
3,282,1274.7114,1289.461602725671
3,283,1275.078,1289.862541148407
3,284,1275.4492,1290.265350360002
3,285,1275.8251,1290.669942301776
3,286,1276.2053,1291.076228915048
3,287,1276.5902,1291.484122141134
3,288,1276.9796,1291.893533921354
3,289,1277.3737,1292.304376197026
3,290,1277.7722,1292.716560909469
4,0,1231.8456,1239.908559267027
4,1,1231.9536,1240.100299513874
4,2,1232.0634,1240.290084429472
4,3,1232.1747,1240.477601927919
4,4,1232.2874,1240.662539923313
4,5,1232.4011,1240.844586329752
4,6,1232.5156,1241.023429061332
4,7,1232.6307,1241.198756032152
4,8,1232.7463,1241.370255156309
4,9,1232.8619,1241.537614347901
4,10,1232.9775,1241.700521521026
4,11,1233.0928,1241.85866458978
4,12,1233.2074,1242.011731468262
4,13,1233.3212,1242.159410070568
4,14,1233.434,1242.301388310798
4,15,1233.5454,1242.437354103048
4,16,1233.6554,1242.566995361417
4,17,1233.7635,1242.69
4,18,1233.8698,1242.806155001753
4,19,1233.9752,1242.915643625056
4,20,1234.0848,1243.018748197144
4,21,1234.2018,1243.115751045252
4,22,1234.3254,1243.206934496617
4,23,1234.4554,1243.292580878474
4,24,1234.5912,1243.372972518061
4,25,1234.7322,1243.448391742611
4,26,1234.8779,1243.519120879362
4,27,1235.0278,1243.585442255549
4,28,1235.1815,1243.647638198408
4,29,1235.3383,1243.705991035176
4,30,1235.4977,1243.760783093087
4,31,1235.6594,1243.812296699377
4,32,1235.8228,1243.860814181284
4,33,1235.987,1243.906617866042
4,34,1236.1522,1243.949990080887
4,35,1236.3175,1243.991213153056
4,36,1236.4822,1244.030569409784
4,37,1236.6461,1244.068341178307
4,38,1236.8086,1244.104810785861
4,39,1236.9692,1244.140260559682
4,40,1237.1274,1244.174972827006
4,41,1237.2827,1244.209229915068
4,42,1237.4344,1244.243314151105
4,43,1237.5824,1244.277507862352
4,44,1237.726,1244.312093376045
4,45,1237.8645,1244.347353019421
4,46,1237.9976,1244.383569119715
4,47,1238.1248,1244.421024004163
4,48,1238.2454,1244.46
4,49,1238.3591,1244.50072362188
4,50,1238.4677,1244.543198134119
4,51,1238.5775,1244.58737098845
4,52,1238.6932,1244.633189636607
4,53,1238.8143,1244.680601530323
4,54,1238.9401,1244.729554121332
4,55,1239.0698,1244.779994861366
4,56,1239.203,1244.83187120216
4,57,1239.339,1244.885130595446
4,58,1239.477,1244.939720492958
4,59,1239.6167,1244.99558834643
4,60,1239.7572,1245.052681607594
4,61,1239.898,1245.110947728184
4,62,1240.0385,1245.170334159933
4,63,1240.178,1245.230788354575
4,64,1240.3159,1245.292257763843
4,65,1240.4517,1245.35468983947
4,66,1240.5847,1245.41803203319
4,67,1240.7142,1245.482231796736
4,68,1240.8397,1245.547236581842
4,69,1240.9606,1245.61299384024
4,70,1241.0762,1245.679451023664
4,71,1241.1859,1245.746555583848
4,72,1241.2892,1245.814254972524
4,73,1241.3854,1245.882496641427
4,74,1241.4739,1245.951228042289
4,75,1241.5541,1246.020396626844
4,76,1241.6252,1246.089949846826
4,77,1241.687,1246.159835153966
4,78,1241.7386,1246.23
4,79,1241.7794,1246.30040301258
4,80,1241.8108,1246.371047523038
4,81,1241.8383,1246.441948038625
4,82,1241.866,1246.513119066595
4,83,1241.8943,1246.584575114197
4,84,1241.923,1246.656330688685
4,85,1241.9519,1246.728400297309
4,86,1241.9812,1246.800798447322
4,87,1242.011,1246.873539645976
4,88,1242.041,1246.946638400522
4,89,1242.0713,1247.020109218212
4,90,1242.102,1247.093966606298
4,91,1242.1332,1247.168225072031
4,92,1242.1644,1247.242899122664
4,93,1242.196,1247.318003265448
4,94,1242.228,1247.393552007635
4,95,1242.2603,1247.469559856477
4,96,1242.2927,1247.546041319225
4,97,1242.3254,1247.623010903131
4,98,1242.3585,1247.700483115447
4,99,1242.3918,1247.778472463426
4,100,1242.4253,1247.856993454318
4,101,1242.4592,1247.936060595375
4,102,1242.4932,1248.015688393849
4,103,1242.5275,1248.095891356993
4,104,1242.5618,1248.176683992057
4,105,1242.5966,1248.258080806293
4,106,1242.6313,1248.340096306954
4,107,1242.6664,1248.422745001291
4,108,1242.7017,1248.506041396556
4,109,1242.737,1248.59
4,110,1242.7727,1248.674613489346
4,111,1242.808,1248.759787224194
4,112,1242.8423,1248.845404734617
4,113,1242.8746,1248.931349550686
4,114,1242.9053,1249.017505202473
4,115,1242.9343,1249.103755220048
4,116,1242.9618,1249.189983133484
4,117,1242.9879,1249.276072472851
4,118,1243.0127,1249.361906768223
4,119,1243.0363,1249.447369549669
4,120,1243.0587,1249.532344347261
4,121,1243.0802,1249.616714691072
4,122,1243.1008,1249.700364111172
4,123,1243.1206,1249.783176137633
4,124,1243.1398,1249.865034300527
4,125,1243.1583,1249.945822129925
4,126,1243.1765,1250.025423155898
4,127,1243.1943,1250.103720908518
4,128,1243.212,1250.180598917857
4,129,1243.2295,1250.255940713986
4,130,1243.247,1250.329629826976
4,131,1243.2645,1250.4015497869
4,132,1243.2822,1250.471584123828
4,133,1243.3004,1250.539616367832
4,134,1243.3188,1250.605530048984
4,135,1243.338,1250.669208697355
4,136,1243.3577,1250.730535843017
4,137,1243.378,1250.789395016041
4,138,1243.3994,1250.845669746498
4,139,1243.4216,1250.899243564461
4,140,1243.445,1250.95
4,141,1243.4695,1250.997930712141
4,142,1243.4952,1251.043459875724
4,143,1243.5225,1251.087119794543
4,144,1243.551,1251.129442772392
4,145,1243.581,1251.170961113063
4,146,1243.6125,1251.212207120352
4,147,1243.6455,1251.253713098052
4,148,1243.6802,1251.296011349956
4,149,1243.7164,1251.339634179858
4,150,1243.7544,1251.385113891553
4,151,1243.7941,1251.432982788834
4,152,1243.8356,1251.483773175495
4,153,1243.8789,1251.538017355329
4,154,1243.9241,1251.59624763213
4,155,1243.9711,1251.658996309693
4,156,1244.0203,1251.72679569181
4,157,1244.0713,1251.800178082276
4,158,1244.1244,1251.879675784885
4,159,1244.1798,1251.96582110343
4,160,1244.2372,1252.059146341704
4,161,1244.2969,1252.160183803503
4,162,1244.3586,1252.269465792619
4,163,1244.423,1252.387524612846
4,164,1244.4895,1252.514892567979
4,165,1244.5583,1252.65210196181
4,166,1244.6298,1252.799685098134
4,167,1244.7037,1252.958174280745
4,168,1244.7802,1253.128101813435
4,169,1244.8591,1253.31
4,170,1244.9407,1253.504231947576
4,171,1245.0264,1253.710483976672
4,172,1245.1213,1253.928273211141
4,173,1245.2284,1254.157116774837
4,174,1245.3472,1254.396531791611
4,175,1245.477,1254.646035385317
4,176,1245.6177,1254.905144679807
4,177,1245.7684,1255.173376798934
4,178,1245.9285,1255.450248866551
4,179,1246.0977,1255.73527800651
4,180,1246.2753,1256.027981342665
4,181,1246.4607,1256.327875998868
4,182,1246.6536,1256.634479098971
4,183,1246.8533,1256.947307766829
4,184,1247.0592,1257.265879126292
4,185,1247.2708,1257.589710301214
4,186,1247.4877,1257.918318415448
4,187,1247.7092,1258.251220592846
4,188,1247.9347,1258.587933957263
4,189,1248.164,1258.927975632548
4,190,1248.3961,1259.270862742557
4,191,1248.6309,1259.616112411141
4,192,1248.8676,1259.963241762154
4,193,1249.1057,1260.311767919447
4,194,1249.3448,1260.661208006874
4,195,1249.5844,1261.011079148288
4,196,1249.8236,1261.360898467541
4,197,1250.0623,1261.710183088486
4,198,1250.2998,1262.058450134975
4,199,1250.5355,1262.405216730863
4,200,1250.769,1262.75
4,201,1250.9999,1263.09240646678
4,202,1251.2279,1263.432400257749
4,203,1251.454,1263.770034899996
4,204,1251.6793,1264.105363920607
4,205,1251.9037,1264.438440846671
4,206,1252.1273,1264.769319205273
4,207,1252.3501,1265.098052523501
4,208,1252.572,1265.424694328442
4,209,1252.7933,1265.749298147183
4,210,1253.0138,1266.071917506812
4,211,1253.2335,1266.392605934416
4,212,1253.4526,1266.711416957081
4,213,1253.671,1267.028404101896
4,214,1253.8888,1267.343620895946
4,215,1254.1058,1267.65712086632
4,216,1254.3224,1267.968957540104
4,217,1254.5382,1268.279184444387
4,218,1254.7535,1268.587855106253
4,219,1254.9683,1268.895023052792
4,220,1255.1825,1269.20074181109
4,221,1255.3961,1269.505064908234
4,222,1255.6094,1269.808045871312
4,223,1255.8221,1270.109738227411
4,224,1256.0344,1270.410195503617
4,225,1256.2463,1270.709471227018
4,226,1256.4578,1271.007618924702
4,227,1256.6688,1271.304692123754
4,228,1256.8794,1271.600744351264
4,229,1257.0897,1271.895829134316
4,230,1257.2998,1272.19
4,231,1257.5095,1272.483326653522
4,232,1257.7183,1272.775943512573
4,233,1257.9242,1273.068001172964
4,234,1258.1261,1273.359650230506
4,235,1258.3243,1273.651041281009
4,236,1258.5194,1273.942324920284
4,237,1258.7117,1274.233651744142
4,238,1258.9016,1274.525172348395
4,239,1259.0897,1274.817037328853
4,240,1259.2762,1275.109397281326
4,241,1259.4618,1275.402402801627
4,242,1259.6466,1275.696204485565
4,243,1259.8312,1275.990952928951
4,244,1260.0161,1276.286798727597
4,245,1260.2015,1276.583892477313
4,246,1260.3881,1276.88238477391
4,247,1260.576,1277.182426213199
4,248,1260.766,1277.484167390991
4,249,1260.9583,1277.787758903097
4,250,1261.1532,1278.093351345327
4,251,1261.3513,1278.401095313493
4,252,1261.5531,1278.711141403406
4,253,1261.7589,1279.023640210876
4,254,1261.9691,1279.338742331714
4,255,1262.1842,1279.65659836173
4,256,1262.4047,1279.977358896737
4,257,1262.6306,1280.301174532545
4,258,1262.8629,1280.628195864964
4,259,1263.1016,1280.958573489806
4,260,1263.3472,1281.292458002881
4,261,1263.6003,1281.63
4,262,1263.861,1281.971310301226
4,263,1264.1294,1282.316340623625
4,264,1264.4033,1282.665002908517
4,265,1264.6815,1283.017209097218
4,266,1264.9641,1283.372871131049
4,267,1265.2509,1283.731900951327
4,268,1265.5417,1284.09421049937
4,269,1265.8368,1284.459711716498
4,270,1266.1361,1284.828316544028
4,271,1266.4397,1285.199936923278
4,272,1266.7473,1285.574484795568
4,273,1267.0591,1285.951872102215
4,274,1267.375,1286.332010784539
4,275,1267.6951,1286.714812783856
4,276,1268.0192,1287.100190041487
4,277,1268.3473,1287.488054498749
4,278,1268.6796,1287.878318096961
4,279,1269.0159,1288.27089277744
4,280,1269.3562,1288.665690481506
4,281,1269.7004,1289.062623150477
4,282,1270.0486,1289.461602725671
4,283,1270.4009,1289.862541148407
4,284,1270.757,1290.265350360002
4,285,1271.117,1290.669942301776
4,286,1271.4808,1291.076228915048
4,287,1271.8485,1291.484122141134
4,288,1272.2201,1291.893533921354
4,289,1272.5955,1292.304376197026
4,290,1272.9746,1292.716560909469
5,0,1233.6755,1239.908559267027
5,1,1233.778,1240.100299513874
5,2,1233.8817,1240.290084429472
5,3,1233.9867,1240.477601927919
5,4,1234.0924,1240.662539923313
5,5,1234.199,1240.844586329752
5,6,1234.3055,1241.023429061332
5,7,1234.4122,1241.198756032152
5,8,1234.5186,1241.370255156309
5,9,1234.6243,1241.537614347901
5,10,1234.7292,1241.700521521026
5,11,1234.8329,1241.85866458978
5,12,1234.9353,1242.011731468262
5,13,1235.0359,1242.159410070568
5,14,1235.1344,1242.301388310798
5,15,1235.2307,1242.437354103048
5,16,1235.3245,1242.566995361417
5,17,1235.4153,1242.69
5,18,1235.5029,1242.806155001753
5,19,1235.5881,1242.915643625056
5,20,1235.6733,1243.018748197144
5,21,1235.7605,1243.115751045252
5,22,1235.8495,1243.206934496617
5,23,1235.9401,1243.292580878474
5,24,1236.0317,1243.372972518061
5,25,1236.1245,1243.448391742611
5,26,1236.218,1243.519120879362
5,27,1236.3121,1243.585442255549
5,28,1236.4065,1243.647638198408
5,29,1236.501,1243.705991035176
5,30,1236.5952,1243.760783093087
5,31,1236.6891,1243.812296699377
5,32,1236.7822,1243.860814181284
5,33,1236.8745,1243.906617866042
5,34,1236.9658,1243.949990080887
5,35,1237.0557,1243.991213153056
5,36,1237.1438,1244.030569409784
5,37,1237.2302,1244.068341178307
5,38,1237.3146,1244.104810785861
5,39,1237.3966,1244.140260559682
5,40,1237.4762,1244.174972827006
5,41,1237.5529,1244.209229915068
5,42,1237.6266,1244.243314151105
5,43,1237.6971,1244.277507862352
5,44,1237.7642,1244.312093376045
5,45,1237.8274,1244.347353019421
5,46,1237.8868,1244.383569119715
5,47,1237.9421,1244.421024004163
5,48,1237.993,1244.46
5,49,1238.0393,1244.50072362188
5,50,1238.0817,1244.543198134119
5,51,1238.1234,1244.58737098845
5,52,1238.1667,1244.633189636607
5,53,1238.2119,1244.680601530323
5,54,1238.2583,1244.729554121332
5,55,1238.306,1244.779994861366
5,56,1238.355,1244.83187120216
5,57,1238.4049,1244.885130595446
5,58,1238.4558,1244.939720492958
5,59,1238.5074,1244.99558834643
5,60,1238.5597,1245.052681607594
5,61,1238.6124,1245.110947728184
5,62,1238.6655,1245.170334159933
5,63,1238.7189,1245.230788354575
5,64,1238.7723,1245.292257763843
5,65,1238.8257,1245.35468983947
5,66,1238.8789,1245.41803203319
5,67,1238.9319,1245.482231796736
5,68,1238.9844,1245.547236581842
5,69,1239.0364,1245.61299384024
5,70,1239.0878,1245.679451023664
5,71,1239.1382,1245.746555583848
5,72,1239.1879,1245.814254972524
5,73,1239.2363,1245.882496641427
5,74,1239.2837,1245.951228042289
5,75,1239.3298,1246.020396626844
5,76,1239.3744,1246.089949846826
5,77,1239.4175,1246.159835153966
5,78,1239.459,1246.23
5,79,1239.4985,1246.30040301258
5,80,1239.5366,1246.371047523038
5,81,1239.5745,1246.441948038625
5,82,1239.6132,1246.513119066595
5,83,1239.6528,1246.584575114197
5,84,1239.6934,1246.656330688685
5,85,1239.7347,1246.728400297309
5,86,1239.7769,1246.800798447322
5,87,1239.8197,1246.873539645976
5,88,1239.8633,1246.946638400522
5,89,1239.9077,1247.020109218212
5,90,1239.9526,1247.093966606298
5,91,1239.9984,1247.168225072031
5,92,1240.0447,1247.242899122664
5,93,1240.0916,1247.318003265448
5,94,1240.139,1247.393552007635
5,95,1240.1871,1247.469559856477
5,96,1240.2357,1247.546041319225
5,97,1240.2848,1247.623010903131
5,98,1240.3344,1247.700483115447
5,99,1240.3844,1247.778472463426
5,100,1240.4347,1247.856993454318
5,101,1240.4856,1247.936060595375
5,102,1240.5367,1248.015688393849
5,103,1240.5883,1248.095891356993
5,104,1240.6401,1248.176683992057
5,105,1240.6923,1248.258080806293
5,106,1240.7446,1248.340096306954
5,107,1240.7972,1248.422745001291
5,108,1240.8501,1248.506041396556
5,109,1240.9031,1248.59
5,110,1240.9562,1248.674613489346
5,111,1241.0093,1248.759787224194
5,112,1241.061,1248.845404734617
5,113,1241.1111,1248.931349550686
5,114,1241.1594,1249.017505202473
5,115,1241.206,1249.103755220048
5,116,1241.2512,1249.189983133484
5,117,1241.295,1249.276072472851
5,118,1241.3373,1249.361906768223
5,119,1241.3783,1249.447369549669
5,120,1241.4183,1249.532344347261
5,121,1241.4572,1249.616714691072
5,122,1241.495,1249.700364111172
5,123,1241.5319,1249.783176137633
5,124,1241.5681,1249.865034300527
5,125,1241.6035,1249.945822129925
5,126,1241.6382,1250.025423155898
5,127,1241.6725,1250.103720908518
5,128,1241.7062,1250.180598917857
5,129,1241.7396,1250.255940713986
5,130,1241.7728,1250.329629826976
5,131,1241.8057,1250.4015497869
5,132,1241.8386,1250.471584123828
5,133,1241.8715,1250.539616367832
5,134,1241.9044,1250.605530048984
5,135,1241.9376,1250.669208697355
5,136,1241.9708,1250.730535843017
5,137,1242.0046,1250.789395016041
5,138,1242.0388,1250.845669746498
5,139,1242.0736,1250.899243564461
5,140,1242.109,1250.95
5,141,1242.1451,1250.997930712141
5,142,1242.182,1251.043459875724
5,143,1242.2198,1251.087119794543
5,144,1242.2588,1251.129442772392
5,145,1242.2988,1251.170961113063
5,146,1242.3402,1251.212207120352
5,147,1242.383,1251.253713098052
5,148,1242.4274,1251.296011349956
5,149,1242.4735,1251.339634179858
5,150,1242.5214,1251.385113891553
5,151,1242.5712,1251.432982788834
5,152,1242.623,1251.483773175495
5,153,1242.677,1251.538017355329
5,154,1242.7333,1251.59624763213
5,155,1242.7921,1251.658996309693
5,156,1242.8535,1251.72679569181
5,157,1242.9175,1251.800178082276
5,158,1242.9844,1251.879675784885
5,159,1243.0541,1251.96582110343
5,160,1243.1268,1252.059146341704
5,161,1243.2029,1252.160183803503
5,162,1243.2822,1252.269465792619
5,163,1243.365,1252.387524612846
5,164,1243.4512,1252.514892567979
5,165,1243.5411,1252.65210196181
5,166,1243.635,1252.799685098134
5,167,1243.7327,1252.958174280745
5,168,1243.8344,1253.128101813435
5,169,1243.9403,1253.31
5,170,1244.0505,1253.504231947576
5,171,1244.1655,1253.710483976672
5,172,1244.2866,1253.928273211141
5,173,1244.4149,1254.157116774837
5,174,1244.5498,1254.396531791611
5,175,1244.6913,1254.646035385317
5,176,1244.8391,1254.905144679807
5,177,1244.9927,1255.173376798934
5,178,1245.1522,1255.450248866551
5,179,1245.317,1255.73527800651
5,180,1245.4872,1256.027981342665
5,181,1245.6621,1256.327875998868
5,182,1245.8417,1256.634479098971
5,183,1246.0258,1256.947307766829
5,184,1246.2139,1257.265879126292
5,185,1246.4059,1257.589710301214
5,186,1246.6014,1257.918318415448
5,187,1246.8004,1258.251220592846
5,188,1247.0024,1258.587933957263
5,189,1247.2074,1258.927975632548
5,190,1247.4148,1259.270862742557
5,191,1247.6245,1259.616112411141
5,192,1247.8363,1259.963241762154
5,193,1248.0498,1260.311767919447
5,194,1248.2649,1260.661208006874
5,195,1248.4812,1261.011079148288
5,196,1248.6986,1261.360898467541
5,197,1248.9166,1261.710183088486
5,198,1249.1353,1262.058450134975
5,199,1249.3541,1262.405216730863
5,200,1249.573,1262.75
5,201,1249.7916,1263.09240646678
5,202,1250.0099,1263.432400257749
5,203,1250.2267,1263.770034899996
5,204,1250.4425,1264.105363920607
5,205,1250.657,1264.438440846671
5,206,1250.8704,1264.769319205273
5,207,1251.0825,1265.098052523501
5,208,1251.2936,1265.424694328442
5,209,1251.5037,1265.749298147183
5,210,1251.7128,1266.071917506812
5,211,1251.9209,1266.392605934416
5,212,1252.1282,1266.711416957081
5,213,1252.3346,1267.028404101896
5,214,1252.5403,1267.343620895946
5,215,1252.745,1267.65712086632
5,216,1252.9492,1267.968957540104
5,217,1253.1526,1268.279184444387
5,218,1253.3555,1268.587855106253
5,219,1253.5576,1268.895023052792
5,220,1253.7593,1269.20074181109
5,221,1253.9606,1269.505064908234
5,222,1254.1613,1269.808045871312
5,223,1254.3616,1270.109738227411
5,224,1254.5615,1270.410195503617
5,225,1254.7612,1270.709471227018
5,226,1254.9606,1271.007618924702
5,227,1255.1598,1271.304692123754
5,228,1255.3588,1271.600744351264
5,229,1255.5576,1271.895829134316
5,230,1255.7565,1272.19
5,231,1255.9551,1272.483326653522
5,232,1256.153,1272.775943512573
5,233,1256.3472,1273.068001172964
5,234,1256.5361,1273.359650230506
5,235,1256.7205,1273.651041281009
5,236,1256.9006,1273.942324920284
5,237,1257.0773,1274.233651744142
5,238,1257.2509,1274.525172348395
5,239,1257.4221,1274.817037328853
5,240,1257.5914,1275.109397281326
5,241,1257.7595,1275.402402801627
5,242,1257.9268,1275.696204485565
5,243,1258.0939,1275.990952928951
5,244,1258.2614,1276.286798727597
5,245,1258.4297,1276.583892477313
5,246,1258.5996,1276.88238477391
5,247,1258.7714,1277.182426213199
5,248,1258.9459,1277.484167390991
5,249,1259.1235,1277.787758903097
5,250,1259.3049,1278.093351345327
5,251,1259.4905,1278.401095313493
5,252,1259.6809,1278.711141403406
5,253,1259.8768,1279.023640210876
5,254,1260.0786,1279.338742331714
5,255,1260.2869,1279.65659836173
5,256,1260.5021,1279.977358896737
5,257,1260.725,1280.301174532545
5,258,1260.956,1280.628195864964
5,259,1261.1958,1280.958573489806
5,260,1261.4447,1281.292458002881
5,261,1261.7035,1281.63
5,262,1261.9727,1281.971310301226
5,263,1262.2516,1282.316340623625
5,264,1262.5381,1282.665002908517
5,265,1262.8298,1283.017209097218
5,266,1263.127,1283.372871131049
5,267,1263.4294,1283.731900951327
5,268,1263.7377,1284.09421049937
5,269,1264.0511,1284.459711716498
5,270,1264.3702,1284.828316544028
5,271,1264.695,1285.199936923278
5,272,1265.0253,1285.574484795568
5,273,1265.3611,1285.951872102215
5,274,1265.7026,1286.332010784539
5,275,1266.0499,1286.714812783856
5,276,1266.403,1287.100190041487
5,277,1266.7617,1287.488054498749
5,278,1267.1263,1287.878318096961
5,279,1267.4967,1288.27089277744
5,280,1267.873,1288.665690481506
5,281,1268.2551,1289.062623150477
5,282,1268.6432,1289.461602725671
5,283,1269.0371,1289.862541148407
5,284,1269.4371,1290.265350360002
5,285,1269.843,1290.669942301776
5,286,1270.255,1291.076228915048
5,287,1270.673,1291.484122141134
5,288,1271.097,1291.893533921354
5,289,1271.5272,1292.304376197026
5,290,1271.9635,1292.716560909469
6,0,1236.0527,1239.908559267027
6,1,1236.1637,1240.100299513874
6,2,1236.2762,1240.290084429472
6,3,1236.3901,1240.477601927919
6,4,1236.5054,1240.662539923313
6,5,1236.6216,1240.844586329752
6,6,1236.7384,1241.023429061332
6,7,1236.8556,1241.198756032152
6,8,1236.9731,1241.370255156309
6,9,1237.0906,1241.537614347901
6,10,1237.2076,1241.700521521026
6,11,1237.3242,1241.85866458978
6,12,1237.44,1242.011731468262
6,13,1237.5547,1242.159410070568
6,14,1237.668,1242.301388310798
6,15,1237.7798,1242.437354103048
6,16,1237.8896,1242.566995361417
6,17,1237.9977,1242.69
6,18,1238.1033,1242.806155001753
6,19,1238.2076,1242.915643625056
6,20,1238.3157,1243.018748197144
6,21,1238.4296,1243.115751045252
6,22,1238.549,1243.206934496617
6,23,1238.6737,1243.292580878474
6,24,1238.8031,1243.372972518061
6,25,1238.9366,1243.448391742611
6,26,1239.074,1243.519120879362
6,27,1239.2147,1243.585442255549
6,28,1239.3584,1243.647638198408
6,29,1239.5044,1243.705991035176
6,30,1239.6523,1243.760783093087
6,31,1239.802,1243.812296699377
6,32,1239.9525,1243.860814181284
6,33,1240.1038,1243.906617866042
6,34,1240.2552,1243.949990080887
6,35,1240.4064,1243.991213153056
6,36,1240.5568,1244.030569409784
6,37,1240.706,1244.068341178307
6,38,1240.8538,1244.104810785861
6,39,1240.9993,1244.140260559682
6,40,1241.1423,1244.174972827006
6,41,1241.2825,1244.209229915068
6,42,1241.4192,1244.243314151105
6,43,1241.552,1244.277507862352
6,44,1241.6805,1244.312093376045
6,45,1241.8043,1244.347353019421
6,46,1241.9229,1244.383569119715
6,47,1242.0359,1244.421024004163
6,48,1242.1428,1244.46
6,49,1242.2432,1244.50072362188
6,50,1242.3387,1244.543198134119
6,51,1242.4355,1244.58737098845
6,52,1242.5374,1244.633189636607
6,53,1242.6436,1244.680601530323
6,54,1242.7537,1244.729554121332
6,55,1242.8672,1244.779994861366
6,56,1242.9836,1244.83187120216
6,57,1243.1025,1244.885130595446
6,58,1243.2233,1244.939720492958
6,59,1243.3455,1244.99558834643
6,60,1243.4684,1245.052681607594
6,61,1243.5918,1245.110947728184
6,62,1243.715,1245.170334159933
6,63,1243.8375,1245.230788354575
6,64,1243.959,1245.292257763843
6,65,1244.0787,1245.35468983947
6,66,1244.1963,1245.41803203319
6,67,1244.3112,1245.482231796736
6,68,1244.423,1245.547236581842
6,69,1244.531,1245.61299384024
6,70,1244.635,1245.679451023664
6,71,1244.7343,1245.746555583848
6,72,1244.8284,1245.814254972524
6,73,1244.9167,1245.882496641427
6,74,1244.999,1245.951228042289
6,75,1245.0746,1246.020396626844
6,76,1245.143,1246.089949846826
6,77,1245.2037,1246.159835153966
6,78,1245.2563,1246.23
6,79,1245.3003,1246.30040301258
6,80,1245.3369,1246.371047523038
6,81,1245.3712,1246.441948038625
6,82,1245.4061,1246.513119066595
6,83,1245.4418,1246.584575114197
6,84,1245.478,1246.656330688685
6,85,1245.515,1246.728400297309
6,86,1245.5525,1246.800798447322
6,87,1245.5907,1246.873539645976
6,88,1245.6294,1246.946638400522
6,89,1245.6688,1247.020109218212
6,90,1245.7086,1247.093966606298
6,91,1245.7489,1247.168225072031
6,92,1245.7899,1247.242899122664
6,93,1245.8312,1247.318003265448
6,94,1245.873,1247.393552007635
6,95,1245.9154,1247.469559856477
6,96,1245.958,1247.546041319225
6,97,1246.0012,1247.623010903131
6,98,1246.0447,1247.700483115447
6,99,1246.0886,1247.778472463426
6,100,1246.1329,1247.856993454318
6,101,1246.1775,1247.936060595375
6,102,1246.2224,1248.015688393849
6,103,1246.2676,1248.095891356993
6,104,1246.3131,1248.176683992057
6,105,1246.3589,1248.258080806293
6,106,1246.4048,1248.340096306954
6,107,1246.4509,1248.422745001291
6,108,1246.4974,1248.506041396556
6,109,1246.544,1248.59
6,110,1246.5907,1248.674613489346
6,111,1246.6372,1248.759787224194
6,112,1246.6826,1248.845404734617
6,113,1246.7262,1248.931349550686
6,114,1246.7677,1249.017505202473
6,115,1246.8077,1249.103755220048
6,116,1246.8462,1249.189983133484
6,117,1246.883,1249.276072472851
6,118,1246.9186,1249.361906768223
6,119,1246.9528,1249.447369549669
6,120,1246.9858,1249.532344347261
6,121,1247.0178,1249.616714691072
6,122,1247.049,1249.700364111172
6,123,1247.079,1249.783176137633
6,124,1247.1084,1249.865034300527
6,125,1247.1371,1249.945822129925
6,126,1247.1653,1250.025423155898
6,127,1247.1929,1250.103720908518
6,128,1247.2203,1250.180598917857
6,129,1247.2473,1250.255940713986
6,130,1247.2743,1250.329629826976
6,131,1247.3011,1250.4015497869
6,132,1247.328,1250.471584123828
6,133,1247.3551,1250.539616367832
6,134,1247.3823,1250.605530048984
6,135,1247.41,1250.669208697355
6,136,1247.4382,1250.730535843017
6,137,1247.4669,1250.789395016041
6,138,1247.4962,1250.845669746498
6,139,1247.5264,1250.899243564461
6,140,1247.5574,1250.95
6,141,1247.5894,1250.997930712141
6,142,1247.6224,1251.043459875724
6,143,1247.6566,1251.087119794543
6,144,1247.692,1251.129442772392
6,145,1247.7289,1251.170961113063
6,146,1247.7671,1251.212207120352
6,147,1247.807,1251.253713098052
6,148,1247.8485,1251.296011349956
6,149,1247.8916,1251.339634179858
6,150,1247.9368,1251.385113891553
6,151,1247.9836,1251.432982788834
6,152,1248.0326,1251.483773175495
6,153,1248.0836,1251.538017355329
6,154,1248.1368,1251.59624763213
6,155,1248.1924,1251.658996309693
6,156,1248.2504,1251.72679569181
6,157,1248.3107,1251.800178082276
6,158,1248.3737,1251.879675784885
6,159,1248.4393,1251.96582110343
6,160,1248.5077,1252.059146341704
6,161,1248.579,1252.160183803503
6,162,1248.6532,1252.269465792619
6,163,1248.7303,1252.387524612846
6,164,1248.8108,1252.514892567979
6,165,1248.8943,1252.65210196181
6,166,1248.9812,1252.799685098134
6,167,1249.0714,1252.958174280745
6,168,1249.1653,1253.128101813435
6,169,1249.2627,1253.31
6,170,1249.3638,1253.504231947576
6,171,1249.4702,1253.710483976672
6,172,1249.5862,1253.928273211141
6,173,1249.7139,1254.157116774837
6,174,1249.8528,1254.396531791611
6,175,1250.0026,1254.646035385317
6,176,1250.1626,1254.905144679807
6,177,1250.3324,1255.173376798934
6,178,1250.5114,1255.450248866551
6,179,1250.6991,1255.73527800651
6,180,1250.8951,1256.027981342665
6,181,1251.0989,1256.327875998868
6,182,1251.3098,1256.634479098971
6,183,1251.5275,1256.947307766829
6,184,1251.7512,1257.265879126292
6,185,1251.9807,1257.589710301214
6,186,1252.2153,1257.918318415448
6,187,1252.4547,1258.251220592846
6,188,1252.6982,1258.587933957263
6,189,1252.9454,1258.927975632548
6,190,1253.1957,1259.270862742557
6,191,1253.4487,1259.616112411141
6,192,1253.7039,1259.963241762154
6,193,1253.9607,1260.311767919447
6,194,1254.2186,1260.661208006874
6,195,1254.4773,1261.011079148288
6,196,1254.7361,1261.360898467541
6,197,1254.9945,1261.710183088486
6,198,1255.2521,1262.058450134975
6,199,1255.5084,1262.405216730863
6,200,1255.7628,1262.75
6,201,1256.015,1263.09240646678
6,202,1256.2649,1263.432400257749
6,203,1256.5131,1263.770034899996
6,204,1256.7603,1264.105363920607
6,205,1257.0063,1264.438440846671
6,206,1257.2513,1264.769319205273
6,207,1257.4955,1265.098052523501
6,208,1257.7388,1265.424694328442
6,209,1257.981,1265.749298147183
6,210,1258.2223,1266.071917506812
6,211,1258.4629,1266.392605934416
6,212,1258.7026,1266.711416957081
6,213,1258.9415,1267.028404101896
6,214,1259.1798,1267.343620895946
6,215,1259.4174,1267.65712086632
6,216,1259.6542,1267.968957540104
6,217,1259.8905,1268.279184444387
6,218,1260.1261,1268.587855106253
6,219,1260.3612,1268.895023052792
6,220,1260.5958,1269.20074181109
6,221,1260.83,1269.505064908234
6,222,1261.0636,1269.808045871312
6,223,1261.2968,1270.109738227411
6,224,1261.5297,1270.410195503617
6,225,1261.7621,1270.709471227018
6,226,1261.9943,1271.007618924702
6,227,1262.2262,1271.304692123754
6,228,1262.4579,1271.600744351264
6,229,1262.6893,1271.895829134316
6,230,1262.9207,1272.19
6,231,1263.1517,1272.483326653522
6,232,1263.3822,1272.775943512573
6,233,1263.6096,1273.068001172964
6,234,1263.8326,1273.359650230506
6,235,1264.0518,1273.651041281009
6,236,1264.2675,1273.942324920284
6,237,1264.4799,1274.233651744142
6,238,1264.6901,1274.525172348395
6,239,1264.898,1274.817037328853
6,240,1265.1042,1275.109397281326
6,241,1265.3093,1275.402402801627
6,242,1265.5138,1275.696204485565
6,243,1265.7179,1275.990952928951
6,244,1265.9224,1276.286798727597
6,245,1266.1273,1276.583892477313
6,246,1266.3334,1276.88238477391
6,247,1266.5411,1277.182426213199
6,248,1266.7509,1277.484167390991
6,249,1266.9631,1277.787758903097
6,250,1267.1783,1278.093351345327
6,251,1267.3972,1278.401095313493
6,252,1267.6198,1278.711141403406
6,253,1267.8468,1279.023640210876
6,254,1268.0785,1279.338742331714
6,255,1268.3157,1279.65659836173
6,256,1268.5585,1279.977358896737
6,257,1268.8076,1280.301174532545
6,258,1269.0634,1280.628195864964
6,259,1269.3263,1280.958573489806
6,260,1269.5969,1281.292458002881
6,261,1269.8754,1281.63
6,262,1270.1625,1281.971310301226
6,263,1270.4579,1282.316340623625
6,264,1270.7595,1282.665002908517
6,265,1271.0658,1283.017209097218
6,266,1271.3765,1283.372871131049
6,267,1271.6918,1283.731900951327
6,268,1272.0117,1284.09421049937
6,269,1272.3363,1284.459711716498
6,270,1272.6655,1284.828316544028
6,271,1272.9994,1285.199936923278
6,272,1273.3379,1285.574484795568
6,273,1273.6812,1285.951872102215
6,274,1274.0292,1286.332010784539
6,275,1274.3818,1286.714812783856
6,276,1274.7394,1287.100190041487
6,277,1275.1017,1287.488054498749
6,278,1275.4686,1287.878318096961
6,279,1275.8406,1288.27089277744
6,280,1276.2172,1288.665690481506
6,281,1276.5988,1289.062623150477
6,282,1276.985,1289.461602725671
6,283,1277.3762,1289.862541148407
6,284,1277.7723,1290.265350360002
6,285,1278.1732,1290.669942301776
6,286,1278.579,1291.076228915048
6,287,1278.9897,1291.484122141134
6,288,1279.4054,1291.893533921354
6,289,1279.8259,1292.304376197026
6,290,1280.2512,1292.716560909469
7,0,1229.64,1239.908559267027
7,1,1229.7438,1240.100299513874
7,2,1229.8489,1240.290084429472
7,3,1229.955,1240.477601927919
7,4,1230.062,1240.662539923313
7,5,1230.1697,1240.844586329752
7,6,1230.2776,1241.023429061332
7,7,1230.3856,1241.198756032152
7,8,1230.4933,1241.370255156309
7,9,1230.6007,1241.537614347901
7,10,1230.7073,1241.700521521026
7,11,1230.8129,1241.85866458978
7,12,1230.9174,1242.011731468262
7,13,1231.0203,1242.159410070568
7,14,1231.1212,1242.301388310798
7,15,1231.2202,1242.437354103048
7,16,1231.317,1242.566995361417
7,17,1231.4111,1242.69
7,18,1231.5024,1242.806155001753
7,19,1231.5918,1242.915643625056
7,20,1231.682,1243.018748197144
7,21,1231.7753,1243.115751045252
7,22,1231.8715,1243.206934496617
7,23,1231.9702,1243.292580878474
7,24,1232.071,1243.372972518061
7,25,1232.174,1243.448391742611
7,26,1232.2784,1243.519120879362
7,27,1232.3843,1243.585442255549
7,28,1232.4912,1243.647638198408
7,29,1232.5989,1243.705991035176
7,30,1232.707,1243.760783093087
7,31,1232.8154,1243.812296699377
7,32,1232.9237,1243.860814181284
7,33,1233.0316,1243.906617866042
7,34,1233.1387,1243.949990080887
7,35,1233.245,1243.991213153056
7,36,1233.3499,1244.030569409784
7,37,1233.4534,1244.068341178307
7,38,1233.555,1244.104810785861
7,39,1233.6545,1244.140260559682
7,40,1233.7517,1244.174972827006
7,41,1233.8462,1244.209229915068
7,42,1233.9376,1244.243314151105
7,43,1234.0259,1244.277507862352
7,44,1234.1106,1244.312093376045
7,45,1234.1915,1244.347353019421
7,46,1234.2684,1244.383569119715
7,47,1234.341,1244.421024004163
7,48,1234.4088,1244.46
7,49,1234.4717,1244.50072362188
7,50,1234.5308,1244.543198134119
7,51,1234.5898,1244.58737098845
7,52,1234.6517,1244.633189636607
7,53,1234.7162,1244.680601530323
7,54,1234.7828,1244.729554121332
7,55,1234.8516,1244.779994861366
7,56,1234.922,1244.83187120216
7,57,1234.9939,1244.885130595446
7,58,1235.067,1244.939720492958
7,59,1235.1411,1244.99558834643
7,60,1235.216,1245.052681607594
7,61,1235.2911,1245.110947728184
7,62,1235.3665,1245.170334159933
7,63,1235.4418,1245.230788354575
7,64,1235.5167,1245.292257763843
7,65,1235.5911,1245.35468983947
7,66,1235.6646,1245.41803203319
7,67,1235.7369,1245.482231796736
7,68,1235.808,1245.547236581842
7,69,1235.8773,1245.61299384024
7,70,1235.9448,1245.679451023664
7,71,1236.0103,1245.746555583848
7,72,1236.0732,1245.814254972524
7,73,1236.1337,1245.882496641427
7,74,1236.1912,1245.951228042289
7,75,1236.2455,1246.020396626844
7,76,1236.2966,1246.089949846826
7,77,1236.344,1246.159835153966
7,78,1236.3875,1246.23
7,79,1236.4269,1246.30040301258
7,80,1236.4626,1246.371047523038
7,81,1236.4973,1246.441948038625
7,82,1236.5328,1246.513119066595
7,83,1236.5688,1246.584575114197
7,84,1236.6056,1246.656330688685
7,85,1236.643,1246.728400297309
7,86,1236.681,1246.800798447322
7,87,1236.7196,1246.873539645976
7,88,1236.7588,1246.946638400522
7,89,1236.7986,1247.020109218212
7,90,1236.839,1247.093966606298
7,91,1236.8799,1247.168225072031
7,92,1236.9213,1247.242899122664
7,93,1236.9631,1247.318003265448
7,94,1237.0055,1247.393552007635
7,95,1237.0483,1247.469559856477
7,96,1237.0916,1247.546041319225
7,97,1237.1353,1247.623010903131
7,98,1237.1793,1247.700483115447
7,99,1237.2238,1247.778472463426
7,100,1237.2686,1247.856993454318
7,101,1237.3137,1247.936060595375
7,102,1237.3591,1248.015688393849
7,103,1237.4049,1248.095891356993
7,104,1237.4509,1248.176683992057
7,105,1237.4972,1248.258080806293
7,106,1237.5438,1248.340096306954
7,107,1237.5906,1248.422745001291
7,108,1237.6376,1248.506041396556
7,109,1237.6847,1248.59
7,110,1237.732,1248.674613489346
7,111,1237.7793,1248.759787224194
7,112,1237.8254,1248.845404734617
7,113,1237.87,1248.931349550686
7,114,1237.9128,1249.017505202473
7,115,1237.9541,1249.103755220048
7,116,1237.994,1249.189983133484
7,117,1238.0326,1249.276072472851
7,118,1238.07,1249.361906768223
7,119,1238.1062,1249.447369549669
7,120,1238.1412,1249.532344347261
7,121,1238.1753,1249.616714691072
7,122,1238.2085,1249.700364111172
7,123,1238.2408,1249.783176137633
7,124,1238.2725,1249.865034300527
7,125,1238.3033,1249.945822129925
7,126,1238.3337,1250.025423155898
7,127,1238.3636,1250.103720908518
7,128,1238.3932,1250.180598917857
7,129,1238.4224,1250.255940713986
7,130,1238.4513,1250.329629826976
7,131,1238.4801,1250.4015497869
7,132,1238.5089,1250.471584123828
7,133,1238.5377,1250.539616367832
7,134,1238.5665,1250.605530048984
7,135,1238.5956,1250.669208697355
7,136,1238.6251,1250.730535843017
7,137,1238.6548,1250.789395016041
7,138,1238.685,1250.845669746498
7,139,1238.7158,1250.899243564461
7,140,1238.7472,1250.95
7,141,1238.7793,1250.997930712141
7,142,1238.8123,1251.043459875724
7,143,1238.8461,1251.087119794543
7,144,1238.8809,1251.129442772392
7,145,1238.9167,1251.170961113063
7,146,1238.954,1251.212207120352
7,147,1238.9926,1251.253713098052
7,148,1239.0325,1251.296011349956
7,149,1239.0741,1251.339634179858
7,150,1239.1173,1251.385113891553
7,151,1239.1625,1251.432982788834
7,152,1239.2094,1251.483773175495
7,153,1239.2583,1251.538017355329
7,154,1239.3094,1251.59624763213
7,155,1239.3628,1251.658996309693
7,156,1239.4186,1251.72679569181
7,157,1239.4767,1251.800178082276
7,158,1239.5375,1251.879675784885
7,159,1239.601,1251.96582110343
7,160,1239.6671,1252.059146341704
7,161,1239.7363,1252.160183803503
7,162,1239.8085,1252.269465792619
7,163,1239.8838,1252.387524612846
7,164,1239.9623,1252.514892567979
7,165,1240.0443,1252.65210196181
7,166,1240.1296,1252.799685098134
7,167,1240.2186,1252.958174280745
7,168,1240.3113,1253.128101813435
7,169,1240.4076,1253.31
7,170,1240.5079,1253.504231947576
7,171,1240.6129,1253.710483976672
7,172,1240.725,1253.928273211141
7,173,1240.8452,1254.157116774837
7,174,1240.9734,1254.396531791611
7,175,1241.1093,1254.646035385317
7,176,1241.2524,1254.905144679807
7,177,1241.4025,1255.173376798934
7,178,1241.5591,1255.450248866551
7,179,1241.722,1255.73527800651
7,180,1241.8909,1256.027981342665
7,181,1242.0654,1256.327875998868
7,182,1242.245,1256.634479098971
7,183,1242.4297,1256.947307766829
7,184,1242.6189,1257.265879126292
7,185,1242.8121,1257.589710301214
7,186,1243.0095,1257.918318415448
7,187,1243.2103,1258.251220592846
7,188,1243.4144,1258.587933957263
7,189,1243.6213,1258.927975632548
7,190,1243.8309,1259.270862742557
7,191,1244.0428,1259.616112411141
7,192,1244.2565,1259.963241762154
7,193,1244.4718,1260.311767919447
7,194,1244.6884,1260.661208006874
7,195,1244.906,1261.011079148288
7,196,1245.1241,1261.360898467541
7,197,1245.3425,1261.710183088486
7,198,1245.561,1262.058450134975
7,199,1245.7792,1262.405216730863
7,200,1245.9967,1262.75
7,201,1246.2131,1263.09240646678
7,202,1246.4285,1263.432400257749
7,203,1246.6425,1263.770034899996
7,204,1246.8553,1264.105363920607
7,205,1247.0671,1264.438440846671
7,206,1247.2777,1264.769319205273
7,207,1247.4873,1265.098052523501
7,208,1247.6957,1265.424694328442
7,209,1247.9032,1265.749298147183
7,210,1248.1099,1266.071917506812
7,211,1248.3157,1266.392605934416
7,212,1248.5204,1266.711416957081
7,213,1248.7244,1267.028404101896
7,214,1248.9276,1267.343620895946
7,215,1249.1301,1267.65712086632
7,216,1249.3318,1267.968957540104
7,217,1249.5327,1268.279184444387
7,218,1249.7332,1268.587855106253
7,219,1249.9329,1268.895023052792
7,220,1250.1321,1269.20074181109
7,221,1250.3307,1269.505064908234
7,222,1250.5288,1269.808045871312
7,223,1250.7264,1270.109738227411
7,224,1250.9237,1270.410195503617
7,225,1251.1205,1270.709471227018
7,226,1251.317,1271.007618924702
7,227,1251.5132,1271.304692123754
7,228,1251.709,1271.600744351264
7,229,1251.9047,1271.895829134316
7,230,1252.1001,1272.19
7,231,1252.2953,1272.483326653522
7,232,1252.4895,1272.775943512573
7,233,1252.6807,1273.068001172964
7,234,1252.867,1273.359650230506
7,235,1253.0492,1273.651041281009
7,236,1253.2278,1273.942324920284
7,237,1253.4031,1274.233651744142
7,238,1253.5757,1274.525172348395
7,239,1253.7461,1274.817037328853
7,240,1253.9149,1275.109397281326
7,241,1254.0824,1275.402402801627
7,242,1254.2493,1275.696204485565
7,243,1254.4159,1275.990952928951
7,244,1254.5829,1276.286798727597
7,245,1254.7505,1276.583892477313
7,246,1254.9196,1276.88238477391
7,247,1255.0903,1277.182426213199
7,248,1255.2634,1277.484167390991
7,249,1255.4392,1277.787758903097
7,250,1255.6184,1278.093351345327
7,251,1255.8014,1278.401095313493
7,252,1255.9886,1278.711141403406
7,253,1256.1805,1279.023640210876
7,254,1256.3778,1279.338742331714
7,255,1256.5809,1279.65659836173
7,256,1256.7903,1279.977358896737
7,257,1257.0063,1280.301174532545
7,258,1257.2296,1280.628195864964
7,259,1257.4607,1280.958573489806
7,260,1257.7002,1281.292458002881
7,261,1257.9482,1281.63
7,262,1258.2056,1281.971310301226
7,263,1258.4718,1282.316340623625
7,264,1258.7448,1282.665002908517
7,265,1259.0227,1283.017209097218
7,266,1259.3055,1283.372871131049
7,267,1259.5933,1283.731900951327
7,268,1259.8861,1284.09421049937
7,269,1260.184,1284.459711716498
7,270,1260.4868,1284.828316544028
7,271,1260.7948,1285.199936923278
7,272,1261.1078,1285.574484795568
7,273,1261.4259,1285.951872102215
7,274,1261.7491,1286.332010784539
7,275,1262.0774,1286.714812783856
7,276,1262.4109,1287.100190041487
7,277,1262.7496,1287.488054498749
7,278,1263.0935,1287.878318096961
7,279,1263.4425,1288.27089277744
7,280,1263.7969,1288.665690481506
7,281,1264.1564,1289.062623150477
7,282,1264.5211,1289.461602725671
7,283,1264.8911,1289.862541148407
7,284,1265.2664,1290.265350360002
7,285,1265.647,1290.669942301776
7,286,1266.0328,1291.076228915048
7,287,1266.4241,1291.484122141134
7,288,1266.8204,1291.893533921354
7,289,1267.2224,1292.304376197026
7,290,1267.6295,1292.716560909469
8,0,1231.2078,1239.908559267027
8,1,1231.2996,1240.100299513874
8,2,1231.3923,1240.290084429472
8,3,1231.4861,1240.477601927919
8,4,1231.5803,1240.662539923313
8,5,1231.6752,1240.844586329752
8,6,1231.7703,1241.023429061332
8,7,1231.8656,1241.198756032152
8,8,1231.9609,1241.370255156309
8,9,1232.0562,1241.537614347901
8,10,1232.1511,1241.700521521026
8,11,1232.2455,1241.85866458978
8,12,1232.3392,1242.011731468262
8,13,1232.4323,1242.159410070568
8,14,1232.5243,1242.301388310798
8,15,1232.6152,1242.437354103048
8,16,1232.705,1242.566995361417
8,17,1232.7931,1242.69
8,18,1232.8798,1242.806155001753
8,19,1232.9656,1242.915643625056
8,20,1233.0541,1243.018748197144
8,21,1233.1478,1243.115751045252
8,22,1233.2463,1243.206934496617
8,23,1233.3494,1243.292580878474
8,24,1233.4565,1243.372972518061
8,25,1233.5674,1243.448391742611
8,26,1233.6816,1243.519120879362
8,27,1233.7988,1243.585442255549
8,28,1233.9187,1243.647638198408
8,29,1234.0408,1243.705991035176
8,30,1234.1649,1243.760783093087
8,31,1234.2905,1243.812296699377
8,32,1234.4172,1243.860814181284
8,33,1234.5449,1243.906617866042
8,34,1234.673,1243.949990080887
8,35,1234.8011,1243.991213153056
8,36,1234.9291,1244.030569409784
8,37,1235.0564,1244.068341178307
8,38,1235.183,1244.104810785861
8,39,1235.3081,1244.140260559682
8,40,1235.4314,1244.174972827006
8,41,1235.5527,1244.209229915068
8,42,1235.6719,1244.243314151105
8,43,1235.7882,1244.277507862352
8,44,1235.9015,1244.312093376045
8,45,1236.0114,1244.347353019421
8,46,1236.1176,1244.383569119715
8,47,1236.2195,1244.421024004163
8,48,1236.317,1244.46
8,49,1236.4098,1244.50072362188
8,50,1236.4987,1244.543198134119
8,51,1236.5889,1244.58737098845
8,52,1236.6836,1244.633189636607
8,53,1236.7827,1244.680601530323
8,54,1236.8857,1244.729554121332
8,55,1236.9918,1244.779994861366
8,56,1237.1008,1244.83187120216
8,57,1237.2119,1244.885130595446
8,58,1237.325,1244.939720492958
8,59,1237.4391,1244.99558834643
8,60,1237.5542,1245.052681607594
8,61,1237.6694,1245.110947728184
8,62,1237.7847,1245.170334159933
8,63,1237.899,1245.230788354575
8,64,1238.0123,1245.292257763843
8,65,1238.124,1245.35468983947
8,66,1238.2335,1245.41803203319
8,67,1238.3405,1245.482231796736
8,68,1238.4443,1245.547236581842
8,69,1238.5446,1245.61299384024
8,70,1238.641,1245.679451023664
8,71,1238.7327,1245.746555583848
8,72,1238.8195,1245.814254972524
8,73,1238.9008,1245.882496641427
8,74,1238.9762,1245.951228042289
8,75,1239.0452,1246.020396626844
8,76,1239.1074,1246.089949846826
8,77,1239.1622,1246.159835153966
8,78,1239.2092,1246.23
8,79,1239.2478,1246.30040301258
8,80,1239.2789,1246.371047523038
8,81,1239.307,1246.441948038625
8,82,1239.3356,1246.513119066595
8,83,1239.3646,1246.584575114197
8,84,1239.3942,1246.656330688685
8,85,1239.4242,1246.728400297309
8,86,1239.4546,1246.800798447322
8,87,1239.4856,1246.873539645976
8,88,1239.5168,1246.946638400522
8,89,1239.5487,1247.020109218212
8,90,1239.5809,1247.093966606298
8,91,1239.6135,1247.168225072031
8,92,1239.6465,1247.242899122664
8,93,1239.6798,1247.318003265448
8,94,1239.7136,1247.393552007635
8,95,1239.7477,1247.469559856477
8,96,1239.782,1247.546041319225
8,97,1239.8168,1247.623010903131
8,98,1239.8518,1247.700483115447
8,99,1239.8871,1247.778472463426
8,100,1239.9226,1247.856993454318
8,101,1239.9585,1247.936060595375
8,102,1239.9946,1248.015688393849
8,103,1240.031,1248.095891356993
8,104,1240.0675,1248.176683992057
8,105,1240.1044,1248.258080806293
8,106,1240.1414,1248.340096306954
8,107,1240.1785,1248.422745001291
8,108,1240.2158,1248.506041396556
8,109,1240.2533,1248.59
8,110,1240.291,1248.674613489346
8,111,1240.3286,1248.759787224194
8,112,1240.3655,1248.845404734617
8,113,1240.4012,1248.931349550686
8,114,1240.436,1249.017505202473
8,115,1240.4697,1249.103755220048
8,116,1240.5024,1249.189983133484
8,117,1240.5342,1249.276072472851
8,118,1240.5651,1249.361906768223
8,119,1240.5952,1249.447369549669
8,120,1240.6246,1249.532344347261
8,121,1240.6532,1249.616714691072
8,122,1240.6812,1249.700364111172
8,123,1240.7085,1249.783176137633
8,124,1240.7352,1249.865034300527
8,125,1240.7616,1249.945822129925
8,126,1240.7874,1250.025423155898
8,127,1240.8129,1250.103720908518
8,128,1240.8379,1250.180598917857
8,129,1240.8628,1250.255940713986
8,130,1240.8872,1250.329629826976
8,131,1240.9116,1250.4015497869
8,132,1240.9358,1250.471584123828
8,133,1240.96,1250.539616367832
8,134,1240.9841,1250.605530048984
8,135,1241.0082,1250.669208697355
8,136,1241.0325,1250.730535843017
8,137,1241.0568,1250.789395016041
8,138,1241.0812,1250.845669746498
8,139,1241.106,1250.899243564461
8,140,1241.1309,1250.95
8,141,1241.1562,1250.997930712141
8,142,1241.1819,1251.043459875724
8,143,1241.2081,1251.087119794543
8,144,1241.2349,1251.129442772392
8,145,1241.2622,1251.170961113063
8,146,1241.2903,1251.212207120352
8,147,1241.3193,1251.253713098052
8,148,1241.3492,1251.296011349956
8,149,1241.3802,1251.339634179858
8,150,1241.4125,1251.385113891553
8,151,1241.446,1251.432982788834
8,152,1241.481,1251.483773175495
8,153,1241.5175,1251.538017355329
8,154,1241.5555,1251.59624763213
8,155,1241.5955,1251.658996309693
8,156,1241.6371,1251.72679569181
8,157,1241.6808,1251.800178082276
8,158,1241.7264,1251.879675784885
8,159,1241.7743,1251.96582110343
8,160,1241.8245,1252.059146341704
8,161,1241.877,1252.160183803503
8,162,1241.932,1252.269465792619
8,163,1241.9896,1252.387524612846
8,164,1242.0499,1252.514892567979
8,165,1242.1132,1252.65210196181
8,166,1242.1792,1252.799685098134
8,167,1242.2483,1252.958174280745
8,168,1242.3206,1253.128101813435
8,169,1242.396,1253.31
8,170,1242.4749,1253.504231947576
8,171,1242.5581,1253.710483976672
8,172,1242.6495,1253.928273211141
8,173,1242.7518,1254.157116774837
8,174,1242.8645,1254.396531791611
8,175,1242.987,1254.646035385317
8,176,1243.1189,1254.905144679807
8,177,1243.2596,1255.173376798934
8,178,1243.4088,1255.450248866551
8,179,1243.5658,1255.73527800651
8,180,1243.7301,1256.027981342665
8,181,1243.9014,1256.327875998868
8,182,1244.079,1256.634479098971
8,183,1244.2625,1256.947307766829
8,184,1244.4513,1257.265879126292
8,185,1244.6451,1257.589710301214
8,186,1244.8433,1257.918318415448
8,187,1245.0454,1258.251220592846
8,188,1245.251,1258.587933957263
8,189,1245.4594,1258.927975632548
8,190,1245.6704,1259.270862742557
8,191,1245.8833,1259.616112411141
8,192,1246.0978,1259.963241762154
8,193,1246.3132,1260.311767919447
8,194,1246.5293,1260.661208006874
8,195,1246.7454,1261.011079148288
8,196,1246.9612,1261.360898467541
8,197,1247.176,1261.710183088486
8,198,1247.3895,1262.058450134975
8,199,1247.6013,1262.405216730863
8,200,1247.8109,1262.75
8,201,1248.0177,1263.09240646678
8,202,1248.2218,1263.432400257749
8,203,1248.4238,1263.770034899996
8,204,1248.6249,1264.105363920607
8,205,1248.8248,1264.438440846671
8,206,1249.0239,1264.769319205273
8,207,1249.222,1265.098052523501
8,208,1249.4192,1265.424694328442
8,209,1249.6155,1265.749298147183
8,210,1249.8109,1266.071917506812
8,211,1250.0056,1266.392605934416
8,212,1250.1993,1266.711416957081
8,213,1250.3925,1267.028404101896
8,214,1250.5847,1267.343620895946
8,215,1250.7764,1267.65712086632
8,216,1250.9673,1267.968957540104
8,217,1251.1576,1268.279184444387
8,218,1251.3472,1268.587855106253
8,219,1251.5361,1268.895023052792
8,220,1251.7247,1269.20074181109
8,221,1251.9126,1269.505064908234
8,222,1252.1001,1269.808045871312
8,223,1252.287,1270.109738227411
8,224,1252.4735,1270.410195503617
8,225,1252.6595,1270.709471227018
8,226,1252.8452,1271.007618924702
8,227,1253.0304,1271.304692123754
8,228,1253.2155,1271.600744351264
8,229,1253.4001,1271.895829134316
8,230,1253.5845,1272.19
8,231,1253.7686,1272.483326653522
8,232,1253.9521,1272.775943512573
8,233,1254.1343,1273.068001172964
8,234,1254.3143,1273.359650230506
8,235,1254.4926,1273.651041281009
8,236,1254.6691,1273.942324920284
8,237,1254.8441,1274.233651744142
8,238,1255.018,1274.525172348395
8,239,1255.1906,1274.817037328853
8,240,1255.3624,1275.109397281326
8,241,1255.5336,1275.402402801627
8,242,1255.7042,1275.696204485565
8,243,1255.8745,1275.990952928951
8,244,1256.0449,1276.286798727597
8,245,1256.2153,1276.583892477313
8,246,1256.386,1276.88238477391
8,247,1256.5574,1277.182426213199
8,248,1256.7294,1277.484167390991
8,249,1256.9022,1277.787758903097
8,250,1257.0763,1278.093351345327
8,251,1257.2516,1278.401095313493
8,252,1257.4283,1278.711141403406
8,253,1257.6069,1279.023640210876
8,254,1257.7874,1279.338742331714
8,255,1257.97,1279.65659836173
8,256,1258.1547,1279.977358896737
8,257,1258.342,1280.301174532545
8,258,1258.532,1280.628195864964
8,259,1258.7247,1280.958573489806
8,260,1258.9207,1281.292458002881
8,261,1259.1198,1281.63
8,262,1259.3223,1281.971310301226
8,263,1259.5281,1282.316340623625
8,264,1259.7365,1282.665002908517
8,265,1259.9467,1283.017209097218
8,266,1260.1586,1283.372871131049
8,267,1260.3722,1283.731900951327
8,268,1260.5875,1284.09421049937
8,269,1260.8048,1284.459711716498
8,270,1261.0238,1284.828316544028
8,271,1261.2445,1285.199936923278
8,272,1261.4672,1285.574484795568
8,273,1261.6915,1285.951872102215
8,274,1261.9177,1286.332010784539
8,275,1262.1458,1286.714812783856
8,276,1262.3757,1287.100190041487
8,277,1262.6075,1287.488054498749
8,278,1262.8411,1287.878318096961
8,279,1263.0764,1288.27089277744
8,280,1263.3137,1288.665690481506
8,281,1263.5527,1289.062623150477
8,282,1263.7937,1289.461602725671
8,283,1264.0366,1289.862541148407
8,284,1264.2812,1290.265350360002
8,285,1264.5278,1290.669942301776
8,286,1264.7761,1291.076228915048
8,287,1265.0265,1291.484122141134
8,288,1265.2786,1291.893533921354
8,289,1265.5325,1292.304376197026
8,290,1265.7883,1292.716560909469
9,0,1229.8431,1239.908559267027
9,1,1229.935,1240.100299513874
9,2,1230.0287,1240.290084429472
9,3,1230.1238,1240.477601927919
9,4,1230.2201,1240.662539923313
9,5,1230.3173,1240.844586329752
9,6,1230.4152,1241.023429061332
9,7,1230.5134,1241.198756032152
9,8,1230.6118,1241.370255156309
9,9,1230.7103,1241.537614347901
9,10,1230.8085,1241.700521521026
9,11,1230.906,1241.85866458978
9,12,1231.0028,1242.011731468262
9,13,1231.0988,1242.159410070568
9,14,1231.1932,1242.301388310798
9,15,1231.2864,1242.437354103048
9,16,1231.3777,1242.566995361417
9,17,1231.4669,1242.69
9,18,1231.5541,1242.806155001753
9,19,1231.6399,1242.915643625056
9,20,1231.7279,1243.018748197144
9,21,1231.8206,1243.115751045252
9,22,1231.9174,1243.206934496617
9,23,1232.0182,1243.292580878474
9,24,1232.1224,1243.372972518061
9,25,1232.2299,1243.448391742611
9,26,1232.34,1243.519120879362
9,27,1232.4525,1243.585442255549
9,28,1232.567,1243.647638198408
9,29,1232.6832,1243.705991035176
9,30,1232.8007,1243.760783093087
9,31,1232.919,1243.812296699377
9,32,1233.0378,1243.860814181284
9,33,1233.1569,1243.906617866042
9,34,1233.2758,1243.949990080887
9,35,1233.3939,1243.991213153056
9,36,1233.5112,1244.030569409784
9,37,1233.6272,1244.068341178307
9,38,1233.7415,1244.104810785861
9,39,1233.8538,1244.140260559682
9,40,1233.9635,1244.174972827006
9,41,1234.0706,1244.209229915068
9,42,1234.1747,1244.243314151105
9,43,1234.275,1244.277507862352
9,44,1234.3717,1244.312093376045
9,45,1234.464,1244.347353019421
9,46,1234.5519,1244.383569119715
9,47,1234.6348,1244.421024004163
9,48,1234.7123,1244.46
9,49,1234.7843,1244.50072362188
9,50,1234.8516,1244.543198134119
9,51,1234.9192,1244.58737098845
9,52,1234.99,1244.633189636607
9,53,1235.0637,1244.680601530323
9,54,1235.1403,1244.729554121332
9,55,1235.2191,1244.779994861366
9,56,1235.2999,1244.83187120216
9,57,1235.3824,1244.885130595446
9,58,1235.4663,1244.939720492958
9,59,1235.5511,1244.99558834643
9,60,1235.6366,1245.052681607594
9,61,1235.7224,1245.110947728184
9,62,1235.8083,1245.170334159933
9,63,1235.8939,1245.230788354575
9,64,1235.9788,1245.292257763843
9,65,1236.0627,1245.35468983947
9,66,1236.1453,1245.41803203319
9,67,1236.2263,1245.482231796736
9,68,1236.3053,1245.547236581842
9,69,1236.3822,1245.61299384024
9,70,1236.4563,1245.679451023664
9,71,1236.5277,1245.746555583848
9,72,1236.5957,1245.814254972524
9,73,1236.6603,1245.882496641427
9,74,1236.7208,1245.951228042289
9,75,1236.7772,1246.020396626844
9,76,1236.8291,1246.089949846826
9,77,1236.8761,1246.159835153966
9,78,1236.918,1246.23
9,79,1236.9543,1246.30040301258
9,80,1236.9858,1246.371047523038
9,81,1237.0157,1246.441948038625
9,82,1237.0464,1246.513119066595
9,83,1237.0776,1246.584575114197
9,84,1237.1097,1246.656330688685
9,85,1237.1426,1246.728400297309
9,86,1237.1759,1246.800798447322
9,87,1237.2098,1246.873539645976
9,88,1237.2444,1246.946638400522
9,89,1237.2795,1247.020109218212
9,90,1237.3153,1247.093966606298
9,91,1237.3517,1247.168225072031
9,92,1237.3883,1247.242899122664
9,93,1237.4257,1247.318003265448
9,94,1237.4634,1247.393552007635
9,95,1237.5016,1247.469559856477
9,96,1237.5402,1247.546041319225
9,97,1237.5792,1247.623010903131
9,98,1237.6187,1247.700483115447
9,99,1237.6583,1247.778472463426
9,100,1237.6984,1247.856993454318
9,101,1237.7388,1247.936060595375
9,102,1237.7794,1248.015688393849
9,103,1237.8204,1248.095891356993
9,104,1237.8616,1248.176683992057
9,105,1237.903,1248.258080806293
9,106,1237.9446,1248.340096306954
9,107,1237.9865,1248.422745001291
9,108,1238.0282,1248.506041396556
9,109,1238.0704,1248.59
9,110,1238.1125,1248.674613489346
9,111,1238.1545,1248.759787224194
9,112,1238.1953,1248.845404734617
9,113,1238.2343,1248.931349550686
9,114,1238.2714,1249.017505202473
9,115,1238.3069,1249.103755220048
9,116,1238.3408,1249.189983133484
9,117,1238.3735,1249.276072472851
9,118,1238.4047,1249.361906768223
9,119,1238.4347,1249.447369549669
9,120,1238.4636,1249.532344347261
9,121,1238.4913,1249.616714691072
9,122,1238.5183,1249.700364111172
9,123,1238.5444,1249.783176137633
9,124,1238.5698,1249.865034300527
9,125,1238.5946,1249.945822129925
9,126,1238.6189,1250.025423155898
9,127,1238.6427,1250.103720908518
9,128,1238.6664,1250.180598917857
9,129,1238.6897,1250.255940713986
9,130,1238.7129,1250.329629826976
9,131,1238.7362,1250.4015497869
9,132,1238.7595,1250.471584123828
9,133,1238.7832,1250.539616367832
9,134,1238.8071,1250.605530048984
9,135,1238.8314,1250.669208697355
9,136,1238.8563,1250.730535843017
9,137,1238.8818,1250.789395016041
9,138,1238.9081,1250.845669746498
9,139,1238.9352,1250.899243564461
9,140,1238.9631,1250.95
9,141,1238.9922,1250.997930712141
9,142,1239.0223,1251.043459875724
9,143,1239.0537,1251.087119794543
9,144,1239.0864,1251.129442772392
9,145,1239.1206,1251.170961113063
9,146,1239.156,1251.212207120352
9,147,1239.1931,1251.253713098052
9,148,1239.2317,1251.296011349956
9,149,1239.272,1251.339634179858
9,150,1239.3137,1251.385113891553
9,151,1239.3574,1251.432982788834
9,152,1239.403,1251.483773175495
9,153,1239.4503,1251.538017355329
9,154,1239.4996,1251.59624763213
9,155,1239.551,1251.658996309693
9,156,1239.6045,1251.72679569181
9,157,1239.66,1251.800178082276
9,158,1239.7179,1251.879675784885
9,159,1239.7781,1251.96582110343
9,160,1239.8406,1252.059146341704
9,161,1239.9054,1252.160183803503
9,162,1239.9728,1252.269465792619
9,163,1240.0427,1252.387524612846
9,164,1240.1152,1252.514892567979
9,165,1240.1904,1252.65210196181
9,166,1240.2684,1252.799685098134
9,167,1240.3491,1252.958174280745
9,168,1240.4329,1253.128101813435
9,169,1240.5193,1253.31
9,170,1240.6089,1253.504231947576
9,171,1240.7023,1253.710483976672
9,172,1240.8026,1253.928273211141
9,173,1240.9113,1254.157116774837
9,174,1241.0283,1254.396531791611
9,175,1241.1531,1254.646035385317
9,176,1241.2854,1254.905144679807
9,177,1241.4247,1255.173376798934
9,178,1241.5709,1255.450248866551
9,179,1241.7234,1255.73527800651
9,180,1241.8821,1256.027981342665
9,181,1242.0464,1256.327875998868
9,182,1242.2161,1256.634479098971
9,183,1242.3907,1256.947307766829
9,184,1242.5701,1257.265879126292
9,185,1242.7535,1257.589710301214
9,186,1242.941,1257.918318415448
9,187,1243.1321,1258.251220592846
9,188,1243.3264,1258.587933957263
9,189,1243.5236,1258.927975632548
9,190,1243.7233,1259.270862742557
9,191,1243.925,1259.616112411141
9,192,1244.1288,1259.963241762154
9,193,1244.334,1260.311767919447
9,194,1244.5402,1260.661208006874
9,195,1244.7473,1261.011079148288
9,196,1244.9548,1261.360898467541
9,197,1245.1625,1261.710183088486
9,198,1245.3699,1262.058450134975
9,199,1245.5767,1262.405216730863
9,200,1245.7826,1262.75
9,201,1245.9873,1263.09240646678
9,202,1246.1906,1263.432400257749
9,203,1246.3926,1263.770034899996
9,204,1246.5934,1264.105363920607
9,205,1246.7935,1264.438440846671
9,206,1246.9926,1264.769319205273
9,207,1247.1907,1265.098052523501
9,208,1247.3881,1265.424694328442
9,209,1247.5845,1265.749298147183
9,210,1247.7803,1266.071917506812
9,211,1247.9751,1266.392605934416
9,212,1248.1694,1266.711416957081
9,213,1248.3629,1267.028404101896
9,214,1248.5558,1267.343620895946
9,215,1248.748,1267.65712086632
9,216,1248.9398,1267.968957540104
9,217,1249.131,1268.279184444387
9,218,1249.3215,1268.587855106253
9,219,1249.5117,1268.895023052792
9,220,1249.7014,1269.20074181109
9,221,1249.8907,1269.505064908234
9,222,1250.0796,1269.808045871312
9,223,1250.2682,1270.109738227411
9,224,1250.4565,1270.410195503617
9,225,1250.6444,1270.709471227018
9,226,1250.8323,1271.007618924702
9,227,1251.0198,1271.304692123754
9,228,1251.2072,1271.600744351264
9,229,1251.3942,1271.895829134316
9,230,1251.5813,1272.19
9,231,1251.7683,1272.483326653522
9,232,1251.9546,1272.775943512573
9,233,1252.1376,1273.068001172964
9,234,1252.316,1273.359650230506
9,235,1252.4905,1273.651041281009
9,236,1252.6613,1273.942324920284
9,237,1252.8287,1274.233651744142
9,238,1252.9938,1274.525172348395
9,239,1253.1565,1274.817037328853
9,240,1253.3175,1275.109397281326
9,241,1253.4773,1275.402402801627
9,242,1253.6364,1275.696204485565
9,243,1253.7952,1275.990952928951
9,244,1253.9541,1276.286798727597
9,245,1254.1138,1276.583892477313
9,246,1254.2745,1276.88238477391
9,247,1254.437,1277.182426213199
9,248,1254.6014,1277.484167390991
9,249,1254.7684,1277.787758903097
9,250,1254.9386,1278.093351345327
9,251,1255.1122,1278.401095313493
9,252,1255.2898,1278.711141403406
9,253,1255.4719,1279.023640210876
9,254,1255.6588,1279.338742331714
9,255,1255.8512,1279.65659836173
9,256,1256.0494,1279.977358896737
9,257,1256.2542,1280.301174532545
9,258,1256.4656,1280.628195864964
9,259,1256.6841,1280.958573489806
9,260,1256.9104,1281.292458002881
9,261,1257.145,1281.63
9,262,1257.3882,1281.971310301226
9,263,1257.6398,1282.316340623625
9,264,1257.8973,1282.665002908517
9,265,1258.1594,1283.017209097218
9,266,1258.4257,1283.372871131049
9,267,1258.6965,1283.731900951327
9,268,1258.9719,1284.09421049937
9,269,1259.2516,1284.459711716498
9,270,1259.536,1284.828316544028
9,271,1259.8248,1285.199936923278
9,272,1260.1183,1285.574484795568
9,273,1260.4164,1285.951872102215
9,274,1260.719,1286.332010784539
9,275,1261.0264,1286.714812783856
9,276,1261.3384,1287.100190041487
9,277,1261.6552,1287.488054498749
9,278,1261.9764,1287.878318096961
9,279,1262.3027,1288.27089277744
9,280,1262.6337,1288.665690481506
9,281,1262.9695,1289.062623150477
9,282,1263.3099,1289.461602725671
9,283,1263.6554,1289.862541148407
9,284,1264.0056,1290.265350360002
9,285,1264.3607,1290.669942301776
9,286,1264.7207,1291.076228915048
9,287,1265.0857,1291.484122141134
9,288,1265.4554,1291.893533921354
9,289,1265.8302,1292.304376197026
9,290,1266.21,1292.716560909469
10,0,1232.7347,1239.908559267027
10,1,1232.8403,1240.100299513874
10,2,1232.9469,1240.290084429472
10,3,1233.0543,1240.477601927919
10,4,1233.1625,1240.662539923313
10,5,1233.2711,1240.844586329752
10,6,1233.3802,1241.023429061332
10,7,1233.4896,1241.198756032152
10,8,1233.599,1241.370255156309
10,9,1233.7085,1241.537614347901
10,10,1233.8175,1241.700521521026
10,11,1233.9263,1241.85866458978
10,12,1234.0344,1242.011731468262
10,13,1234.1418,1242.159410070568
10,14,1234.2484,1242.301388310798
10,15,1234.3539,1242.437354103048
10,16,1234.4583,1242.566995361417
10,17,1234.5613,1242.69
10,18,1234.6628,1242.806155001753
10,19,1234.7639,1242.915643625056
10,20,1234.869,1243.018748197144
10,21,1234.981,1243.115751045252
10,22,1235.099,1243.206934496617
10,23,1235.2229,1243.292580878474
10,24,1235.3522,1243.372972518061
10,25,1235.4863,1243.448391742611
10,26,1235.625,1243.519120879362
10,27,1235.7677,1243.585442255549
10,28,1235.914,1243.647638198408
10,29,1236.0634,1243.705991035176
10,30,1236.2153,1243.760783093087
10,31,1236.3695,1243.812296699377
10,32,1236.5256,1243.860814181284
10,33,1236.6829,1243.906617866042
10,34,1236.8411,1243.949990080887
10,35,1236.9999,1243.991213153056
10,36,1237.1586,1244.030569409784
10,37,1237.3168,1244.068341178307
10,38,1237.4741,1244.104810785861
10,39,1237.6301,1244.140260559682
10,40,1237.7844,1244.174972827006
10,41,1237.9365,1244.209229915068
10,42,1238.0859,1244.243314151105
10,43,1238.2323,1244.277507862352
10,44,1238.3752,1244.312093376045
10,45,1238.5142,1244.347353019421
10,46,1238.6488,1244.383569119715
10,47,1238.7787,1244.421024004163
10,48,1238.9033,1244.46
10,49,1239.0223,1244.50072362188
10,50,1239.1372,1244.543198134119
10,51,1239.2543,1244.58737098845
10,52,1239.3774,1244.633189636607
10,53,1239.5062,1244.680601530323
10,54,1239.6399,1244.729554121332
10,55,1239.7778,1244.779994861366
10,56,1239.9192,1244.83187120216
10,57,1240.0637,1244.885130595446
10,58,1240.2103,1244.939720492958
10,59,1240.3586,1244.99558834643
10,60,1240.5079,1245.052681607594
10,61,1240.6576,1245.110947728184
10,62,1240.8068,1245.170334159933
10,63,1240.9552,1245.230788354575
10,64,1241.1019,1245.292257763843
10,65,1241.2463,1245.35468983947
10,66,1241.388,1245.41803203319
10,67,1241.526,1245.482231796736
10,68,1241.6599,1245.547236581842
10,69,1241.7891,1245.61299384024
10,70,1241.9128,1245.679451023664
10,71,1242.0305,1245.746555583848
10,72,1242.1415,1245.814254972524
10,73,1242.2452,1245.882496641427
10,74,1242.3411,1245.951228042289
10,75,1242.4282,1246.020396626844
10,76,1242.5062,1246.089949846826
10,77,1242.5745,1246.159835153966
10,78,1242.6321,1246.23
10,79,1242.6788,1246.30040301258
10,80,1242.7156,1246.371047523038
10,81,1242.7485,1246.441948038625
10,82,1242.7821,1246.513119066595
10,83,1242.8163,1246.584575114197
10,84,1242.8511,1246.656330688685
10,85,1242.8865,1246.728400297309
10,86,1242.9224,1246.800798447322
10,87,1242.9589,1246.873539645976
10,88,1242.9958,1246.946638400522
10,89,1243.0332,1247.020109218212
10,90,1243.0713,1247.093966606298
10,91,1243.1097,1247.168225072031
10,92,1243.1487,1247.242899122664
10,93,1243.188,1247.318003265448
10,94,1243.2278,1247.393552007635
10,95,1243.268,1247.469559856477
10,96,1243.3085,1247.546041319225
10,97,1243.3495,1247.623010903131
10,98,1243.3907,1247.700483115447
10,99,1243.4325,1247.778472463426
10,100,1243.4745,1247.856993454318
10,101,1243.5167,1247.936060595375
10,102,1243.5593,1248.015688393849
10,103,1243.6023,1248.095891356993
10,104,1243.6455,1248.176683992057
10,105,1243.6888,1248.258080806293
10,106,1243.7325,1248.340096306954
10,107,1243.7764,1248.422745001291
10,108,1243.8204,1248.506041396556
10,109,1243.8647,1248.59
10,110,1243.9092,1248.674613489346
10,111,1243.9535,1248.759787224194
10,112,1243.9972,1248.845404734617
10,113,1244.0397,1248.931349550686
10,114,1244.0809,1249.017505202473
10,115,1244.1212,1249.103755220048
10,116,1244.1604,1249.189983133484
10,117,1244.1986,1249.276072472851
10,118,1244.236,1249.361906768223
10,119,1244.2723,1249.447369549669
10,120,1244.308,1249.532344347261
10,121,1244.3428,1249.616714691072
10,122,1244.3768,1249.700364111172
10,123,1244.4103,1249.783176137633
10,124,1244.443,1249.865034300527
10,125,1244.4752,1249.945822129925
10,126,1244.5068,1250.025423155898
10,127,1244.5382,1250.103720908518
10,128,1244.5688,1250.180598917857
10,129,1244.5992,1250.255940713986
10,130,1244.6294,1250.329629826976
10,131,1244.6592,1250.4015497869
10,132,1244.6887,1250.471584123828
10,133,1244.7183,1250.539616367832
10,134,1244.7476,1250.605530048984
10,135,1244.7767,1250.669208697355
10,136,1244.8059,1250.730535843017
10,137,1244.8352,1250.789395016041
10,138,1244.8645,1250.845669746498
10,139,1244.894,1250.899243564461
10,140,1244.9237,1250.95
10,141,1244.9536,1250.997930712141
10,142,1244.9838,1251.043459875724
10,143,1245.0144,1251.087119794543
10,144,1245.0453,1251.129442772392
10,145,1245.077,1251.170961113063
10,146,1245.1094,1251.212207120352
10,147,1245.1427,1251.253713098052
10,148,1245.1771,1251.296011349956
10,149,1245.2125,1251.339634179858
10,150,1245.2494,1251.385113891553
10,151,1245.2876,1251.432982788834
10,152,1245.3276,1251.483773175495
10,153,1245.3691,1251.538017355329
10,154,1245.4127,1251.59624763213
10,155,1245.4583,1251.658996309693
10,156,1245.5059,1251.72679569181
10,157,1245.5559,1251.800178082276
10,158,1245.6083,1251.879675784885
10,159,1245.6633,1251.96582110343
10,160,1245.7211,1252.059146341704
10,161,1245.7816,1252.160183803503
10,162,1245.8452,1252.269465792619
10,163,1245.9119,1252.387524612846
10,164,1245.9819,1252.514892567979
10,165,1246.0553,1252.65210196181
10,166,1246.1323,1252.799685098134
10,167,1246.2129,1252.958174280745
10,168,1246.2975,1253.128101813435
10,169,1246.3859,1253.31
10,170,1246.4785,1253.504231947576
10,171,1246.5768,1253.710483976672
10,172,1246.686,1253.928273211141
10,173,1246.8092,1254.157116774837
10,174,1246.9457,1254.396531791611
10,175,1247.095,1254.646035385317
10,176,1247.2563,1254.905144679807
10,177,1247.4291,1255.173376798934
10,178,1247.6127,1255.450248866551
10,179,1247.8064,1255.73527800651
10,180,1248.0096,1256.027981342665
10,181,1248.2216,1256.327875998868
10,182,1248.4419,1256.634479098971
10,183,1248.6698,1256.947307766829
10,184,1248.9045,1257.265879126292
10,185,1249.1455,1257.589710301214
10,186,1249.3922,1257.918318415448
10,187,1249.6439,1258.251220592846
10,188,1249.8999,1258.587933957263
10,189,1250.1597,1258.927975632548
10,190,1250.4226,1259.270862742557
10,191,1250.6879,1259.616112411141
10,192,1250.955,1259.963241762154
10,193,1251.2235,1260.311767919447
10,194,1251.4924,1260.661208006874
10,195,1251.7612,1261.011079148288
10,196,1252.0295,1261.360898467541
10,197,1252.2965,1261.710183088486
10,198,1252.5616,1262.058450134975
10,199,1252.8242,1262.405216730863
10,200,1253.0837,1262.75
10,201,1253.3395,1263.09240646678
10,202,1253.5914,1263.432400257749
10,203,1253.8411,1263.770034899996
10,204,1254.0894,1264.105363920607
10,205,1254.3367,1264.438440846671
10,206,1254.5829,1264.769319205273
10,207,1254.828,1265.098052523501
10,208,1255.0721,1265.424694328442
10,209,1255.3153,1265.749298147183
10,210,1255.5575,1266.071917506812
10,211,1255.7988,1266.392605934416
10,212,1256.0393,1266.711416957081
10,213,1256.2789,1267.028404101896
10,214,1256.5177,1267.343620895946
10,215,1256.7559,1267.65712086632
10,216,1256.9932,1267.968957540104
10,217,1257.2297,1268.279184444387
10,218,1257.4657,1268.587855106253
10,219,1257.7009,1268.895023052792
10,220,1257.9358,1269.20074181109
10,221,1258.1698,1269.505064908234
10,222,1258.4034,1269.808045871312
10,223,1258.6366,1270.109738227411
10,224,1258.8693,1270.410195503617
10,225,1259.1016,1270.709471227018
10,226,1259.3335,1271.007618924702
10,227,1259.565,1271.304692123754
10,228,1259.7961,1271.600744351264
10,229,1260.0271,1271.895829134316
10,230,1260.2577,1272.19
10,231,1260.4883,1272.483326653522
10,232,1260.7181,1272.775943512573
10,233,1260.9469,1273.068001172964
10,234,1261.1737,1273.359650230506
10,235,1261.3992,1273.651041281009
10,236,1261.623,1273.942324920284
10,237,1261.8458,1274.233651744142
10,238,1262.0675,1274.525172348395
10,239,1262.2881,1274.817037328853
10,240,1262.5079,1275.109397281326
10,241,1262.7273,1275.402402801627
10,242,1262.9462,1275.696204485565
10,243,1263.1648,1275.990952928951
10,244,1263.3833,1276.286798727597
10,245,1263.6018,1276.583892477313
10,246,1263.8206,1276.88238477391
10,247,1264.0397,1277.182426213199
10,248,1264.2594,1277.484167390991
10,249,1264.4799,1277.787758903097
10,250,1264.7012,1278.093351345327
10,251,1264.9233,1278.401095313493
10,252,1265.147,1278.711141403406
10,253,1265.3718,1279.023640210876
10,254,1265.5983,1279.338742331714
10,255,1265.8265,1279.65659836173
10,256,1266.0566,1279.977358896737
10,257,1266.2887,1280.301174532545
10,258,1266.5231,1280.628195864964
10,259,1266.7598,1280.958573489806
10,260,1266.999,1281.292458002881
10,261,1267.2408,1281.63
10,262,1267.4857,1281.971310301226
10,263,1267.7332,1282.316340623625
10,264,1267.9825,1282.665002908517
10,265,1268.2334,1283.017209097218
10,266,1268.4858,1283.372871131049
10,267,1268.7397,1283.731900951327
10,268,1268.995,1284.09421049937
10,269,1269.2521,1284.459711716498
10,270,1269.5104,1284.828316544028
10,271,1269.7705,1285.199936923278
10,272,1270.032,1285.574484795568
10,273,1270.295,1285.951872102215
10,274,1270.5598,1286.332010784539
10,275,1270.8262,1286.714812783856
10,276,1271.0941,1287.100190041487
10,277,1271.3636,1287.488054498749
10,278,1271.6348,1287.878318096961
10,279,1271.9077,1288.27089277744
10,280,1272.1821,1288.665690481506
10,281,1272.4583,1289.062623150477
10,282,1272.7361,1289.461602725671
10,283,1273.0156,1289.862541148407
10,284,1273.2968,1290.265350360002
10,285,1273.5797,1290.669942301776
10,286,1273.8643,1291.076228915048
10,287,1274.1506,1291.484122141134
10,288,1274.4386,1291.893533921354
10,289,1274.7283,1292.304376197026
10,290,1275.0198,1292.716560909469
11,0,1232.6204,1239.908559267027
11,1,1232.7166,1240.100299513874
11,2,1232.8147,1240.290084429472
11,3,1232.9143,1240.477601927919
11,4,1233.0155,1240.662539923313
11,5,1233.1179,1240.844586329752
11,6,1233.2212,1241.023429061332
11,7,1233.325,1241.198756032152
11,8,1233.4293,1241.370255156309
11,9,1233.5337,1241.537614347901
11,10,1233.638,1241.700521521026
11,11,1233.742,1241.85866458978
11,12,1233.8451,1242.011731468262
11,13,1233.9474,1242.159410070568
11,14,1234.0485,1242.301388310798
11,15,1234.1482,1242.437354103048
11,16,1234.2462,1242.566995361417
11,17,1234.3423,1242.69
11,18,1234.436,1242.806155001753
11,19,1234.5287,1242.915643625056
11,20,1234.6243,1243.018748197144
11,21,1234.7257,1243.115751045252
11,22,1234.8325,1243.206934496617
11,23,1234.9442,1243.292580878474
11,24,1235.0603,1243.372972518061
11,25,1235.1804,1243.448391742611
11,26,1235.3042,1243.519120879362
11,27,1235.431,1243.585442255549
11,28,1235.5605,1243.647638198408
11,29,1235.6923,1243.705991035176
11,30,1235.8259,1243.760783093087
11,31,1235.9608,1243.812296699377
11,32,1236.0967,1243.860814181284
11,33,1236.2328,1243.906617866042
11,34,1236.3691,1243.949990080887
11,35,1236.5049,1243.991213153056
11,36,1236.6399,1244.030569409784
11,37,1236.7736,1244.068341178307
11,38,1236.9055,1244.104810785861
11,39,1237.0353,1244.140260559682
11,40,1237.1624,1244.174972827006
11,41,1237.2865,1244.209229915068
11,42,1237.4071,1244.243314151105
11,43,1237.5238,1244.277507862352
11,44,1237.6361,1244.312093376045
11,45,1237.7437,1244.347353019421
11,46,1237.846,1244.383569119715
11,47,1237.9426,1244.421024004163
11,48,1238.0332,1244.46
11,49,1238.1172,1244.50072362188
11,50,1238.196,1244.543198134119
11,51,1238.2753,1244.58737098845
11,52,1238.3585,1244.633189636607
11,53,1238.4452,1244.680601530323
11,54,1238.5353,1244.729554121332
11,55,1238.628,1244.779994861366
11,56,1238.7233,1244.83187120216
11,57,1238.8204,1244.885130595446
11,58,1238.9191,1244.939720492958
11,59,1239.019,1244.99558834643
11,60,1239.1195,1245.052681607594
11,61,1239.2203,1245.110947728184
11,62,1239.321,1245.170334159933
11,63,1239.4211,1245.230788354575
11,64,1239.5203,1245.292257763843
11,65,1239.6182,1245.35468983947
11,66,1239.7142,1245.41803203319
11,67,1239.808,1245.482231796736
11,68,1239.8993,1245.547236581842
11,69,1239.9874,1245.61299384024
11,70,1240.0723,1245.679451023664
11,71,1240.1532,1245.746555583848
11,72,1240.23,1245.814254972524
11,73,1240.3021,1245.882496641427
11,74,1240.3691,1245.951228042289
11,75,1240.4307,1246.020396626844
11,76,1240.4863,1246.089949846826
11,77,1240.5358,1246.159835153966
11,78,1240.5786,1246.23
11,79,1240.6143,1246.30040301258
11,80,1240.6436,1246.371047523038
11,81,1240.6708,1246.441948038625
11,82,1240.6984,1246.513119066595
11,83,1240.7267,1246.584575114197
11,84,1240.7555,1246.656330688685
11,85,1240.7848,1246.728400297309
11,86,1240.8146,1246.800798447322
11,87,1240.845,1246.873539645976
11,88,1240.8757,1246.946638400522
11,89,1240.9071,1247.020109218212
11,90,1240.9388,1247.093966606298
11,91,1240.971,1247.168225072031
11,92,1241.0035,1247.242899122664
11,93,1241.0365,1247.318003265448
11,94,1241.0698,1247.393552007635
11,95,1241.1035,1247.469559856477
11,96,1241.1376,1247.546041319225
11,97,1241.172,1247.623010903131
11,98,1241.2068,1247.700483115447
11,99,1241.2417,1247.778472463426
11,100,1241.2771,1247.856993454318
11,101,1241.3126,1247.936060595375
11,102,1241.3484,1248.015688393849
11,103,1241.3844,1248.095891356993
11,104,1241.4207,1248.176683992057
11,105,1241.4572,1248.258080806293
11,106,1241.4938,1248.340096306954
11,107,1241.5305,1248.422745001291
11,108,1241.5675,1248.506041396556
11,109,1241.6046,1248.59
11,110,1241.6418,1248.674613489346
11,111,1241.6788,1248.759787224194
11,112,1241.7145,1248.845404734617
11,113,1241.7482,1248.931349550686
11,114,1241.7797,1249.017505202473
11,115,1241.8096,1249.103755220048
11,116,1241.8378,1249.189983133484
11,117,1241.8644,1249.276072472851
11,118,1241.8894,1249.361906768223
11,119,1241.9132,1249.447369549669
11,120,1241.9358,1249.532344347261
11,121,1241.9573,1249.616714691072
11,122,1241.9779,1249.700364111172
11,123,1241.9976,1249.783176137633
11,124,1242.0167,1249.865034300527
11,125,1242.0352,1249.945822129925
11,126,1242.0531,1250.025423155898
11,127,1242.0707,1250.103720908518
11,128,1242.0881,1250.180598917857
11,129,1242.1055,1250.255940713986
11,130,1242.1228,1250.329629826976
11,131,1242.1403,1250.4015497869
11,132,1242.1581,1250.471584123828
11,133,1242.1763,1250.539616367832
11,134,1242.195,1250.605530048984
11,135,1242.2144,1250.669208697355
11,136,1242.2345,1250.730535843017
11,137,1242.2555,1250.789395016041
11,138,1242.2776,1250.845669746498
11,139,1242.3008,1250.899243564461
11,140,1242.3252,1250.95
11,141,1242.3511,1250.997930712141
11,142,1242.3784,1251.043459875724
11,143,1242.4072,1251.087119794543
11,144,1242.4379,1251.129442772392
11,145,1242.4701,1251.170961113063
11,146,1242.504,1251.212207120352
11,147,1242.5398,1251.253713098052
11,148,1242.5771,1251.296011349956
11,149,1242.6163,1251.339634179858
11,150,1242.6572,1251.385113891553
11,151,1242.7001,1251.432982788834
11,152,1242.7448,1251.483773175495
11,153,1242.7914,1251.538017355329
11,154,1242.84,1251.59624763213
11,155,1242.8904,1251.658996309693
11,156,1242.9427,1251.72679569181
11,157,1242.9973,1251.800178082276
11,158,1243.0537,1251.879675784885
11,159,1243.1123,1251.96582110343
11,160,1243.173,1252.059146341704
11,161,1243.2357,1252.160183803503
11,162,1243.3007,1252.269465792619
11,163,1243.3678,1252.387524612846
11,164,1243.4371,1252.514892567979
11,165,1243.5085,1252.65210196181
11,166,1243.5824,1252.799685098134
11,167,1243.6584,1252.958174280745
11,168,1243.7368,1253.128101813435
11,169,1243.8175,1253.31
11,170,1243.9006,1253.504231947576
11,171,1243.9872,1253.710483976672
11,172,1244.0806,1253.928273211141
11,173,1244.1832,1254.157116774837
11,174,1244.2946,1254.396531791611
11,175,1244.4144,1254.646035385317
11,176,1244.542,1254.905144679807
11,177,1244.6775,1255.173376798934
11,178,1244.82,1255.450248866551
11,179,1244.9694,1255.73527800651
11,180,1245.1252,1256.027981342665
11,181,1245.2871,1256.327875998868
11,182,1245.4547,1256.634479098971
11,183,1245.6276,1256.947307766829
11,184,1245.8053,1257.265879126292
11,185,1245.9877,1257.589710301214
11,186,1246.1742,1257.918318415448
11,187,1246.3644,1258.251220592846
11,188,1246.5581,1258.587933957263
11,189,1246.7548,1258.927975632548
11,190,1246.954,1259.270862742557
11,191,1247.1555,1259.616112411141
11,192,1247.359,1259.963241762154
11,193,1247.5638,1260.311767919447
11,194,1247.7699,1260.661208006874
11,195,1247.9767,1261.011079148288
11,196,1248.184,1261.360898467541
11,197,1248.3912,1261.710183088486
11,198,1248.598,1262.058450134975
11,199,1248.8042,1262.405216730863
11,200,1249.0094,1262.75
11,201,1249.2131,1263.09240646678
11,202,1249.4152,1263.432400257749
11,203,1249.616,1263.770034899996
11,204,1249.8159,1264.105363920607
11,205,1250.015,1264.438440846671
11,206,1250.2134,1264.769319205273
11,207,1250.4109,1265.098052523501
11,208,1250.6077,1265.424694328442
11,209,1250.8037,1265.749298147183
11,210,1250.999,1266.071917506812
11,211,1251.1936,1266.392605934416
11,212,1251.3877,1266.711416957081
11,213,1251.581,1267.028404101896
11,214,1251.7738,1267.343620895946
11,215,1251.966,1267.65712086632
11,216,1252.1576,1267.968957540104
11,217,1252.3486,1268.279184444387
11,218,1252.5393,1268.587855106253
11,219,1252.7295,1268.895023052792
11,220,1252.9191,1269.20074181109
11,221,1253.1084,1269.505064908234
11,222,1253.2972,1269.808045871312
11,223,1253.4857,1270.109738227411
11,224,1253.674,1270.410195503617
11,225,1253.8618,1270.709471227018
11,226,1254.0493,1271.007618924702
11,227,1254.2367,1271.304692123754
11,228,1254.4238,1271.600744351264
11,229,1254.6106,1271.895829134316
11,230,1254.7972,1272.19
11,231,1254.9838,1272.483326653522
11,232,1255.1694,1272.775943512573
11,233,1255.3516,1273.068001172964
11,234,1255.5286,1273.359650230506
11,235,1255.701,1273.651041281009
11,236,1255.8695,1273.942324920284
11,237,1256.0344,1274.233651744142
11,238,1256.1964,1274.525172348395
11,239,1256.356,1274.817037328853
11,240,1256.5135,1275.109397281326
11,241,1256.6699,1275.402402801627
11,242,1256.8253,1275.696204485565
11,243,1256.9805,1275.990952928951
11,244,1257.136,1276.286798727597
11,245,1257.2922,1276.583892477313
11,246,1257.4498,1276.88238477391
11,247,1257.6091,1277.182426213199
11,248,1257.771,1277.484167390991
11,249,1257.9357,1277.787758903097
11,250,1258.1039,1278.093351345327
11,251,1258.2759,1278.401095313493
11,252,1258.4525,1278.711141403406
11,253,1258.6342,1279.023640210876
11,254,1258.8214,1279.338742331714
11,255,1259.0148,1279.65659836173
11,256,1259.2147,1279.977358896737
11,257,1259.4218,1280.301174532545
11,258,1259.6366,1280.628195864964
11,259,1259.8595,1280.958573489806
11,260,1260.0912,1281.292458002881
11,261,1260.3322,1281.63
11,262,1260.5828,1281.971310301226
11,263,1260.8429,1282.316340623625
11,264,1261.1101,1282.665002908517
11,265,1261.3823,1283.017209097218
11,266,1261.6599,1283.372871131049
11,267,1261.9424,1283.731900951327
11,268,1262.2301,1284.09421049937
11,269,1262.5228,1284.459711716498
11,270,1262.8208,1284.828316544028
11,271,1263.124,1285.199936923278
11,272,1263.4324,1285.574484795568
11,273,1263.7457,1285.951872102215
11,274,1264.0646,1286.332010784539
11,275,1264.3884,1286.714812783856
11,276,1264.7175,1287.100190041487
11,277,1265.052,1287.488054498749
11,278,1265.3916,1287.878318096961
11,279,1265.7363,1288.27089277744
11,280,1266.0864,1288.665690481506
11,281,1266.4418,1289.062623150477
11,282,1266.8022,1289.461602725671
11,283,1267.1681,1289.862541148407
11,284,1267.5391,1290.265350360002
11,285,1267.9154,1290.669942301776
11,286,1268.2969,1291.076228915048
11,287,1268.6838,1291.484122141134
11,288,1269.0759,1291.893533921354
11,289,1269.4733,1292.304376197026
11,290,1269.8759,1292.716560909469
12,0,1229.833,1239.908559267027
12,1,1229.9249,1240.100299513874
12,2,1230.019,1240.290084429472
12,3,1230.1156,1240.477601927919
12,4,1230.214,1240.662539923313
12,5,1230.3142,1240.844586329752
12,6,1230.416,1241.023429061332
12,7,1230.519,1241.198756032152
12,8,1230.6234,1241.370255156309
12,9,1230.7286,1241.537614347901
12,10,1230.8347,1241.700521521026
12,11,1230.9413,1241.85866458978
12,12,1231.0482,1242.011731468262
12,13,1231.1554,1242.159410070568
12,14,1231.2626,1242.301388310798
12,15,1231.3694,1242.437354103048
12,16,1231.4757,1242.566995361417
12,17,1231.5814,1242.69
12,18,1231.6864,1242.806155001753
12,19,1231.7922,1242.915643625056
12,20,1231.9054,1243.018748197144
12,21,1232.0292,1243.115751045252
12,22,1232.1633,1243.206934496617
12,23,1232.3068,1243.292580878474
12,24,1232.459,1243.372972518061
12,25,1232.6193,1243.448391742611
12,26,1232.7867,1243.519120879362
12,27,1232.9609,1243.585442255549
12,28,1233.141,1243.647638198408
12,29,1233.326,1243.705991035176
12,30,1233.5157,1243.760783093087
12,31,1233.7091,1243.812296699377
12,32,1233.9055,1243.860814181284
12,33,1234.1044,1243.906617866042
12,34,1234.3047,1243.949990080887
12,35,1234.5061,1243.991213153056
12,36,1234.7076,1244.030569409784
12,37,1234.9087,1244.068341178307
12,38,1235.1086,1244.104810785861
12,39,1235.3065,1244.140260559682
12,40,1235.502,1244.174972827006
12,41,1235.6941,1244.209229915068
12,42,1235.8823,1244.243314151105
12,43,1236.0659,1244.277507862352
12,44,1236.2439,1244.312093376045
12,45,1236.416,1244.347353019421
12,46,1236.5814,1244.383569119715
12,47,1236.7393,1244.421024004163
12,48,1236.889,1244.46
12,49,1237.0299,1244.50072362188
12,50,1237.1643,1244.543198134119
12,51,1237.3007,1244.58737098845
12,52,1237.4446,1244.633189636607
12,53,1237.5951,1244.680601530323
12,54,1237.7513,1244.729554121332
12,55,1237.9126,1244.779994861366
12,56,1238.078,1244.83187120216
12,57,1238.2467,1244.885130595446
12,58,1238.418,1244.939720492958
12,59,1238.591,1244.99558834643
12,60,1238.7646,1245.052681607594
12,61,1238.9385,1245.110947728184
12,62,1239.1115,1245.170334159933
12,63,1239.283,1245.230788354575
12,64,1239.452,1245.292257763843
12,65,1239.6179,1245.35468983947
12,66,1239.7797,1245.41803203319
12,67,1239.9368,1245.482231796736
12,68,1240.0881,1245.547236581842
12,69,1240.233,1245.61299384024
12,70,1240.3707,1245.679451023664
12,71,1240.5004,1245.746555583848
12,72,1240.6212,1245.814254972524
12,73,1240.7324,1245.882496641427
12,74,1240.8331,1245.951228042289
12,75,1240.9226,1246.020396626844
12,76,1241.0,1246.089949846826
12,77,1241.0646,1246.159835153966
12,78,1241.1155,1246.23
12,79,1241.1519,1246.30040301258
12,80,1241.1758,1246.371047523038
12,81,1241.1948,1246.441948038625
12,82,1241.2144,1246.513119066595
12,83,1241.2343,1246.584575114197
12,84,1241.2545,1246.656330688685
12,85,1241.2753,1246.728400297309
12,86,1241.2963,1246.800798447322
12,87,1241.3176,1246.873539645976
12,88,1241.3394,1246.946638400522
12,89,1241.3615,1247.020109218212
12,90,1241.3839,1247.093966606298
12,91,1241.4066,1247.168225072031
12,92,1241.4297,1247.242899122664
12,93,1241.453,1247.318003265448
12,94,1241.4766,1247.393552007635
12,95,1241.5005,1247.469559856477
12,96,1241.5245,1247.546041319225
12,97,1241.5488,1247.623010903131
12,98,1241.5734,1247.700483115447
12,99,1241.5981,1247.778472463426
12,100,1241.623,1247.856993454318
12,101,1241.6482,1247.936060595375
12,102,1241.6735,1248.015688393849
12,103,1241.699,1248.095891356993
12,104,1241.7246,1248.176683992057
12,105,1241.7504,1248.258080806293
12,106,1241.7762,1248.340096306954
12,107,1241.8022,1248.422745001291
12,108,1241.8284,1248.506041396556
12,109,1241.8546,1248.59
12,110,1241.8807,1248.674613489346
12,111,1241.9067,1248.759787224194
12,112,1241.9312,1248.845404734617
12,113,1241.9532,1248.931349550686
12,114,1241.9734,1249.017505202473
12,115,1241.9915,1249.103755220048
12,116,1242.0078,1249.189983133484
12,117,1242.0225,1249.276072472851
12,118,1242.0356,1249.361906768223
12,119,1242.0474,1249.447369549669
12,120,1242.058,1249.532344347261
12,121,1242.0674,1249.616714691072
12,122,1242.076,1249.700364111172
12,123,1242.0837,1249.783176137633
12,124,1242.091,1249.865034300527
12,125,1242.0977,1249.945822129925
12,126,1242.104,1250.025423155898
12,127,1242.1101,1250.103720908518
12,128,1242.1163,1250.180598917857
12,129,1242.1226,1250.255940713986
12,130,1242.129,1250.329629826976
12,131,1242.1359,1250.4015497869
12,132,1242.1433,1250.471584123828
12,133,1242.1515,1250.539616367832
12,134,1242.1605,1250.605530048984
12,135,1242.1704,1250.669208697355
12,136,1242.1815,1250.730535843017
12,137,1242.194,1250.789395016041
12,138,1242.2078,1250.845669746498
12,139,1242.2233,1250.899243564461
12,140,1242.2404,1250.95
12,141,1242.2593,1250.997930712141
12,142,1242.2804,1251.043459875724
12,143,1242.3035,1251.087119794543
12,144,1242.3286,1251.129442772392
12,145,1242.3558,1251.170961113063
12,146,1242.3849,1251.212207120352
12,147,1242.4159,1251.253713098052
12,148,1242.4487,1251.296011349956
12,149,1242.4835,1251.339634179858
12,150,1242.52,1251.385113891553
12,151,1242.5583,1251.432982788834
12,152,1242.5984,1251.483773175495
12,153,1242.64,1251.538017355329
12,154,1242.6833,1251.59624763213
12,155,1242.7281,1251.658996309693
12,156,1242.7747,1251.72679569181
12,157,1242.8225,1251.800178082276
12,158,1242.872,1251.879675784885
12,159,1242.9227,1251.96582110343
12,160,1242.9751,1252.059146341704
12,161,1243.0286,1252.160183803503
12,162,1243.0834,1252.269465792619
12,163,1243.1395,1252.387524612846
12,164,1243.1968,1252.514892567979
12,165,1243.2552,1252.65210196181
12,166,1243.315,1252.799685098134
12,167,1243.3756,1252.958174280745
12,168,1243.4374,1253.128101813435
12,169,1243.5001,1253.31
12,170,1243.564,1253.504231947576
12,171,1243.6309,1253.710483976672
12,172,1243.7074,1253.928273211141
12,173,1243.7975,1254.157116774837
12,174,1243.9008,1254.396531791611
12,175,1244.0162,1254.646035385317
12,176,1244.1433,1254.905144679807
12,177,1244.2816,1255.173376798934
12,178,1244.4305,1255.450248866551
12,179,1244.5891,1255.73527800651
12,180,1244.7571,1256.027981342665
12,181,1244.9336,1256.327875998868
12,182,1245.1182,1256.634479098971
12,183,1245.31,1256.947307766829
12,184,1245.5089,1257.265879126292
12,185,1245.7136,1257.589710301214
12,186,1245.9241,1257.918318415448
12,187,1246.1394,1258.251220592846
12,188,1246.3589,1258.587933957263
12,189,1246.5823,1258.927975632548
12,190,1246.8085,1259.270862742557
12,191,1247.0374,1259.616112411141
12,192,1247.268,1259.963241762154
12,193,1247.4999,1260.311767919447
12,194,1247.7324,1260.661208006874
12,195,1247.965,1261.011079148288
12,196,1248.197,1261.360898467541
12,197,1248.4279,1261.710183088486
12,198,1248.657,1262.058450134975
12,199,1248.8837,1262.405216730863
12,200,1249.1074,1262.75
12,201,1249.3276,1263.09240646678
12,202,1249.5444,1263.432400257749
12,203,1249.7595,1263.770034899996
12,204,1249.974,1264.105363920607
12,205,1250.1877,1264.438440846671
12,206,1250.4014,1264.769319205273
12,207,1250.6141,1265.098052523501
12,208,1250.8265,1265.424694328442
12,209,1251.0385,1265.749298147183
12,210,1251.2499,1266.071917506812
12,211,1251.4608,1266.392605934416
12,212,1251.6714,1266.711416957081
12,213,1251.8816,1267.028404101896
12,214,1252.0913,1267.343620895946
12,215,1252.3007,1267.65712086632
12,216,1252.5098,1267.968957540104
12,217,1252.7183,1268.279184444387
12,218,1252.9266,1268.587855106253
12,219,1253.1345,1268.895023052792
12,220,1253.3422,1269.20074181109
12,221,1253.5496,1269.505064908234
12,222,1253.7566,1269.808045871312
12,223,1253.9634,1270.109738227411
12,224,1254.1699,1270.410195503617
12,225,1254.3762,1270.709471227018
12,226,1254.5823,1271.007618924702
12,227,1254.7881,1271.304692123754
12,228,1254.9938,1271.600744351264
12,229,1255.1993,1271.895829134316
12,230,1255.4047,1272.19
12,231,1255.6097,1272.483326653522
12,232,1255.8142,1272.775943512573
12,233,1256.0156,1273.068001172964
12,234,1256.2129,1273.359650230506
12,235,1256.4064,1273.651041281009
12,236,1256.5966,1273.942324920284
12,237,1256.7837,1274.233651744142
12,238,1256.9684,1274.525172348395
12,239,1257.151,1274.817037328853
12,240,1257.3319,1275.109397281326
12,241,1257.5116,1275.402402801627
12,242,1257.6904,1275.696204485565
12,243,1257.8689,1275.990952928951
12,244,1258.0474,1276.286798727597
12,245,1258.2263,1276.583892477313
12,246,1258.406,1276.88238477391
12,247,1258.5872,1277.182426213199
12,248,1258.7698,1277.484167390991
12,249,1258.9548,1277.787758903097
12,250,1259.1422,1278.093351345327
12,251,1259.3326,1278.401095313493
12,252,1259.5265,1278.711141403406
12,253,1259.7241,1279.023640210876
12,254,1259.9261,1279.338742331714
12,255,1260.1326,1279.65659836173
12,256,1260.3442,1279.977358896737
12,257,1260.5614,1280.301174532545
12,258,1260.7845,1280.628195864964
12,259,1261.0142,1280.958573489806
12,260,1261.2502,1281.292458002881
12,261,1261.4937,1281.63
12,262,1261.7446,1281.971310301226
12,263,1262.003,1282.316340623625
12,264,1262.2667,1282.665002908517
12,265,1262.5344,1283.017209097218
12,266,1262.8058,1283.372871131049
12,267,1263.0812,1283.731900951327
12,268,1263.3605,1284.09421049937
12,269,1263.6437,1284.459711716498
12,270,1263.9307,1284.828316544028
12,271,1264.2218,1285.199936923278
12,272,1264.5168,1285.574484795568
12,273,1264.8159,1285.951872102215
12,274,1265.1189,1286.332010784539
12,275,1265.4258,1286.714812783856
12,276,1265.7367,1287.100190041487
12,277,1266.0516,1287.488054498749
12,278,1266.3706,1287.878318096961
12,279,1266.6936,1288.27089277744
12,280,1267.0205,1288.665690481506
12,281,1267.3516,1289.062623150477
12,282,1267.6866,1289.461602725671
12,283,1268.0258,1289.862541148407
12,284,1268.3688,1290.265350360002
12,285,1268.7161,1290.669942301776
12,286,1269.0674,1291.076228915048
12,287,1269.4226,1291.484122141134
12,288,1269.782,1291.893533921354
12,289,1270.1454,1292.304376197026
12,290,1270.513,1292.716560909469
13,0,1231.6003,1239.908559267027
13,1,1231.6925,1240.100299513874
13,2,1231.786,1240.290084429472
13,3,1231.881,1240.477601927919
13,4,1231.9768,1240.662539923313
13,5,1232.0735,1240.844586329752
13,6,1232.171,1241.023429061332
13,7,1232.2688,1241.198756032152
13,8,1232.3671,1241.370255156309
13,9,1232.4652,1241.537614347901
13,10,1232.5634,1241.700521521026
13,11,1232.6611,1241.85866458978
13,12,1232.7584,1242.011731468262
13,13,1232.8549,1242.159410070568
13,14,1232.9504,1242.301388310798
13,15,1233.045,1242.437354103048
13,16,1233.1382,1242.566995361417
13,17,1233.2299,1242.69
13,18,1233.3198,1242.806155001753
13,19,1233.4092,1242.915643625056
13,20,1233.5017,1243.018748197144
13,21,1233.6002,1243.115751045252
13,22,1233.7041,1243.206934496617
13,23,1233.813,1243.292580878474
13,24,1233.9264,1243.372972518061
13,25,1234.0442,1243.448391742611
13,26,1234.1655,1243.519120879362
13,27,1234.2903,1243.585442255549
13,28,1234.4178,1243.647638198408
13,29,1234.548,1243.705991035176
13,30,1234.6802,1243.760783093087
13,31,1234.814,1243.812296699377
13,32,1234.9491,1243.860814181284
13,33,1235.0848,1243.906617866042
13,34,1235.2211,1243.949990080887
13,35,1235.3572,1243.991213153056
13,36,1235.4929,1244.030569409784
13,37,1235.6278,1244.068341178307
13,38,1235.7614,1244.104810785861
13,39,1235.8934,1244.140260559682
13,40,1236.0231,1244.174972827006
13,41,1236.1504,1244.209229915068
13,42,1236.2747,1244.243314151105
13,43,1236.3956,1244.277507862352
13,44,1236.513,1244.312093376045
13,45,1236.626,1244.347353019421
13,46,1236.7345,1244.383569119715
13,47,1236.8381,1244.421024004163
13,48,1236.9363,1244.46
13,49,1237.0287,1244.50072362188
13,50,1237.1165,1244.543198134119
13,51,1237.2053,1244.58737098845
13,52,1237.2987,1244.633189636607
13,53,1237.3961,1244.680601530323
13,54,1237.4972,1244.729554121332
13,55,1237.6014,1244.779994861366
13,56,1237.7084,1244.83187120216
13,57,1237.8174,1244.885130595446
13,58,1237.9283,1244.939720492958
13,59,1238.0403,1244.99558834643
13,60,1238.1531,1245.052681607594
13,61,1238.2662,1245.110947728184
13,62,1238.3792,1245.170334159933
13,63,1238.4915,1245.230788354575
13,64,1238.6027,1245.292257763843
13,65,1238.7122,1245.35468983947
13,66,1238.8197,1245.41803203319
13,67,1238.9246,1245.482231796736
13,68,1239.0266,1245.547236581842
13,69,1239.1251,1245.61299384024
13,70,1239.2198,1245.679451023664
13,71,1239.31,1245.746555583848
13,72,1239.3954,1245.814254972524
13,73,1239.4756,1245.882496641427
13,74,1239.5499,1245.951228042289
13,75,1239.618,1246.020396626844
13,76,1239.6796,1246.089949846826
13,77,1239.7338,1246.159835153966
13,78,1239.7805,1246.23
13,79,1239.8191,1246.30040301258
13,80,1239.8507,1246.371047523038
13,81,1239.8795,1246.441948038625
13,82,1239.9089,1246.513119066595
13,83,1239.9392,1246.584575114197
13,84,1239.97,1246.656330688685
13,85,1240.0015,1246.728400297309
13,86,1240.0333,1246.800798447322
13,87,1240.066,1246.873539645976
13,88,1240.0991,1246.946638400522
13,89,1240.1328,1247.020109218212
13,90,1240.167,1247.093966606298
13,91,1240.2018,1247.168225072031
13,92,1240.2369,1247.242899122664
13,93,1240.2726,1247.318003265448
13,94,1240.3086,1247.393552007635
13,95,1240.3451,1247.469559856477
13,96,1240.3821,1247.546041319225
13,97,1240.4193,1247.623010903131
13,98,1240.4569,1247.700483115447
13,99,1240.4949,1247.778472463426
13,100,1240.5331,1247.856993454318
13,101,1240.5717,1247.936060595375
13,102,1240.6106,1248.015688393849
13,103,1240.6497,1248.095891356993
13,104,1240.689,1248.176683992057
13,105,1240.7285,1248.258080806293
13,106,1240.7682,1248.340096306954
13,107,1240.8081,1248.422745001291
13,108,1240.8481,1248.506041396556
13,109,1240.8884,1248.59
13,110,1240.9287,1248.674613489346
13,111,1240.9689,1248.759787224194
13,112,1241.0079,1248.845404734617
13,113,1241.0454,1248.931349550686
13,114,1241.0815,1249.017505202473
13,115,1241.116,1249.103755220048
13,116,1241.1493,1249.189983133484
13,117,1241.1813,1249.276072472851
13,118,1241.212,1249.361906768223
13,119,1241.2418,1249.447369549669
13,120,1241.2704,1249.532344347261
13,121,1241.2982,1249.616714691072
13,122,1241.3253,1249.700364111172
13,123,1241.3516,1249.783176137633
13,124,1241.3771,1249.865034300527
13,125,1241.4021,1249.945822129925
13,126,1241.4266,1250.025423155898
13,127,1241.4507,1250.103720908518
13,128,1241.4745,1250.180598917857
13,129,1241.4982,1250.255940713986
13,130,1241.5217,1250.329629826976
13,131,1241.545,1250.4015497869
13,132,1241.5685,1250.471584123828
13,133,1241.592,1250.539616367832
13,134,1241.616,1250.605530048984
13,135,1241.64,1250.669208697355
13,136,1241.6644,1250.730535843017
13,137,1241.6893,1250.789395016041
13,138,1241.7147,1250.845669746498
13,139,1241.741,1250.899243564461
13,140,1241.7677,1250.95
13,141,1241.7954,1250.997930712141
13,142,1241.824,1251.043459875724
13,143,1241.8533,1251.087119794543
13,144,1241.8839,1251.129442772392
13,145,1241.9155,1251.170961113063
13,146,1241.9485,1251.212207120352
13,147,1241.9825,1251.253713098052
13,148,1242.0181,1251.296011349956
13,149,1242.0549,1251.339634179858
13,150,1242.0934,1251.385113891553
13,151,1242.1333,1251.432982788834
13,152,1242.175,1251.483773175495
13,153,1242.2184,1251.538017355329
13,154,1242.2637,1251.59624763213
13,155,1242.3107,1251.658996309693
13,156,1242.3599,1251.72679569181
13,157,1242.4111,1251.800178082276
13,158,1242.4644,1251.879675784885
13,159,1242.5198,1251.96582110343
13,160,1242.5776,1252.059146341704
13,161,1242.6378,1252.160183803503
13,162,1242.7003,1252.269465792619
13,163,1242.7655,1252.387524612846
13,164,1242.8331,1252.514892567979
13,165,1242.9034,1252.65210196181
13,166,1242.9767,1252.799685098134
13,167,1243.0526,1252.958174280745
13,168,1243.1315,1253.128101813435
13,169,1243.2133,1253.31
13,170,1243.2981,1253.504231947576
13,171,1243.3872,1253.710483976672
13,172,1243.4844,1253.928273211141
13,173,1243.5923,1254.157116774837
13,174,1243.7102,1254.396531791611
13,175,1243.8378,1254.646035385317
13,176,1243.9746,1254.905144679807
13,177,1244.1202,1255.173376798934
13,178,1244.2738,1255.450248866551
13,179,1244.4354,1255.73527800651
13,180,1244.6042,1256.027981342665
13,181,1244.7799,1256.327875998868
13,182,1244.9619,1256.634479098971
13,183,1245.1499,1256.947307766829
13,184,1245.3431,1257.265879126292
13,185,1245.5415,1257.589710301214
13,186,1245.7443,1257.918318415448
13,187,1245.9512,1258.251220592846
13,188,1246.1615,1258.587933957263
13,189,1246.375,1258.927975632548
13,190,1246.5912,1259.270862742557
13,191,1246.8094,1259.616112411141
13,192,1247.0297,1259.963241762154
13,193,1247.251,1260.311767919447
13,194,1247.4731,1260.661208006874
13,195,1247.6957,1261.011079148288
13,196,1247.9181,1261.360898467541
13,197,1248.1401,1261.710183088486
13,198,1248.3611,1262.058450134975
13,199,1248.5806,1262.405216730863
13,200,1248.7983,1262.75
13,201,1249.0138,1263.09240646678
13,202,1249.2267,1263.432400257749
13,203,1249.438,1263.770034899996
13,204,1249.6483,1264.105363920607
13,205,1249.8575,1264.438440846671
13,206,1250.0659,1264.769319205273
13,207,1250.2734,1265.098052523501
13,208,1250.48,1265.424694328442
13,209,1250.6858,1265.749298147183
13,210,1250.8907,1266.071917506812
13,211,1251.095,1266.392605934416
13,212,1251.2985,1266.711416957081
13,213,1251.5012,1267.028404101896
13,214,1251.7032,1267.343620895946
13,215,1251.9048,1267.65712086632
13,216,1252.1056,1267.968957540104
13,217,1252.3059,1268.279184444387
13,218,1252.5057,1268.587855106253
13,219,1252.7051,1268.895023052792
13,220,1252.9038,1269.20074181109
13,221,1253.102,1269.505064908234
13,222,1253.3,1269.808045871312
13,223,1253.4976,1270.109738227411
13,224,1253.6948,1270.410195503617
13,225,1253.8917,1270.709471227018
13,226,1254.0883,1271.007618924702
13,227,1254.2847,1271.304692123754
13,228,1254.4808,1271.600744351264
13,229,1254.6768,1271.895829134316
13,230,1254.8727,1272.19
13,231,1255.0682,1272.483326653522
13,232,1255.2633,1272.775943512573
13,233,1255.456,1273.068001172964
13,234,1255.6454,1273.359650230506
13,235,1255.8318,1273.651041281009
13,236,1256.0154,1273.942324920284
13,237,1256.1967,1274.233651744142
13,238,1256.376,1274.525172348395
13,239,1256.5536,1274.817037328853
13,240,1256.7299,1275.109397281326
13,241,1256.9052,1275.402402801627
13,242,1257.0797,1275.696204485565
13,243,1257.2542,1275.990952928951
13,244,1257.4285,1276.286798727597
13,245,1257.6031,1276.583892477313
13,246,1257.7784,1276.88238477391
13,247,1257.9548,1277.182426213199
13,248,1258.1327,1277.484167390991
13,249,1258.3121,1277.787758903097
13,250,1258.4937,1278.093351345327
13,251,1258.6775,1278.401095313493
13,252,1258.864,1278.711141403406
13,253,1259.0537,1279.023640210876
13,254,1259.2467,1279.338742331714
13,255,1259.4435,1279.65659836173
13,256,1259.6442,1279.977358896737
13,257,1259.8492,1280.301174532545
13,258,1260.0592,1280.628195864964
13,259,1260.274,1280.958573489806
13,260,1260.4943,1281.292458002881
13,261,1260.7202,1281.63
13,262,1260.9521,1281.971310301226
13,263,1261.1898,1282.316340623625
13,264,1261.4318,1282.665002908517
13,265,1261.6765,1283.017209097218
13,266,1261.9244,1283.372871131049
13,267,1262.1754,1283.731900951327
13,268,1262.4293,1284.09421049937
13,269,1262.6864,1284.459711716498
13,270,1262.9465,1284.828316544028
13,271,1263.2098,1285.199936923278
13,272,1263.4762,1285.574484795568
13,273,1263.7458,1285.951872102215
13,274,1264.0187,1286.332010784539
13,275,1264.2947,1286.714812783856
13,276,1264.5739,1287.100190041487
13,277,1264.8564,1287.488054498749
13,278,1265.1422,1287.878318096961
13,279,1265.4313,1288.27089277744
13,280,1265.7238,1288.665690481506
13,281,1266.0195,1289.062623150477
13,282,1266.3187,1289.461602725671
13,283,1266.6212,1289.862541148407
13,284,1266.9271,1290.265350360002
13,285,1267.2365,1290.669942301776
13,286,1267.5493,1291.076228915048
13,287,1267.8655,1291.484122141134
13,288,1268.1853,1291.893533921354
13,289,1268.5084,1292.304376197026
13,290,1268.8352,1292.716560909469
14,0,1223.3254,1239.908559267027
14,1,1223.4165,1240.100299513874
14,2,1223.5096,1240.290084429472
14,3,1223.6044,1240.477601927919
14,4,1223.7008,1240.662539923313
14,5,1223.7982,1240.844586329752
14,6,1223.8967,1241.023429061332
14,7,1223.996,1241.198756032152
14,8,1224.0957,1241.370255156309
14,9,1224.1956,1241.537614347901
14,10,1224.2955,1241.700521521026
14,11,1224.3951,1241.85866458978
14,12,1224.4944,1242.011731468262
14,13,1224.5927,1242.159410070568
14,14,1224.6901,1242.301388310798
14,15,1224.7863,1242.437354103048
14,16,1224.8807,1242.566995361417
14,17,1224.9736,1242.69
14,18,1225.0646,1242.806155001753
14,19,1225.1544,1242.915643625056
14,20,1225.2476,1243.018748197144
14,21,1225.3469,1243.115751045252
14,22,1225.4519,1243.206934496617
14,23,1225.5623,1243.292580878474
14,24,1225.6775,1243.372972518061
14,25,1225.7971,1243.448391742611
14,26,1225.9205,1243.519120879362
14,27,1226.0474,1243.585442255549
14,28,1226.1771,1243.647638198408
14,29,1226.3094,1243.705991035176
14,30,1226.4438,1243.760783093087
14,31,1226.5796,1243.812296699377
14,32,1226.7167,1243.860814181284
14,33,1226.8544,1243.906617866042
14,34,1226.9921,1243.949990080887
14,35,1227.1298,1243.991213153056
14,36,1227.2666,1244.030569409784
14,37,1227.4022,1244.068341178307
14,38,1227.5363,1244.104810785861
14,39,1227.6682,1244.140260559682
14,40,1227.7976,1244.174972827006
14,41,1227.924,1244.209229915068
14,42,1228.047,1244.243314151105
14,43,1228.1661,1244.277507862352
14,44,1228.2808,1244.312093376045
14,45,1228.3907,1244.347353019421
14,46,1228.4954,1244.383569119715
14,47,1228.5945,1244.421024004163
14,48,1228.6874,1244.46
14,49,1228.7738,1244.50072362188
14,50,1228.8547,1244.543198134119
14,51,1228.9359,1244.58737098845
14,52,1229.0212,1244.633189636607
14,53,1229.1105,1244.680601530323
14,54,1229.2032,1244.729554121332
14,55,1229.2987,1244.779994861366
14,56,1229.3967,1244.83187120216
14,57,1229.4968,1244.885130595446
14,58,1229.5984,1244.939720492958
14,59,1229.701,1244.99558834643
14,60,1229.8046,1245.052681607594
14,61,1229.9081,1245.110947728184
14,62,1230.0115,1245.170334159933
14,63,1230.1141,1245.230788354575
14,64,1230.2158,1245.292257763843
14,65,1230.3158,1245.35468983947
14,66,1230.414,1245.41803203319
14,67,1230.5096,1245.482231796736
14,68,1230.6025,1245.547236581842
14,69,1230.692,1245.61299384024
14,70,1230.7778,1245.679451023664
14,71,1230.8596,1245.746555583848
14,72,1230.9366,1245.814254972524
14,73,1231.0088,1245.882496641427
14,74,1231.0754,1245.951228042289
14,75,1231.1362,1246.020396626844
14,76,1231.1907,1246.089949846826
14,77,1231.2384,1246.159835153966
14,78,1231.2789,1246.23
14,79,1231.3119,1246.30040301258
14,80,1231.3379,1246.371047523038
14,81,1231.3611,1246.441948038625
14,82,1231.3848,1246.513119066595
14,83,1231.4088,1246.584575114197
14,84,1231.4333,1246.656330688685
14,85,1231.4584,1246.728400297309
14,86,1231.4836,1246.800798447322
14,87,1231.5094,1246.873539645976
14,88,1231.5354,1246.946638400522
14,89,1231.5619,1247.020109218212
14,90,1231.5887,1247.093966606298
14,91,1231.6158,1247.168225072031
14,92,1231.6433,1247.242899122664
14,93,1231.6711,1247.318003265448
14,94,1231.6993,1247.393552007635
14,95,1231.7277,1247.469559856477
14,96,1231.7563,1247.546041319225
14,97,1231.7853,1247.623010903131
14,98,1231.8145,1247.700483115447
14,99,1231.8439,1247.778472463426
14,100,1231.8735,1247.856993454318
14,101,1231.9034,1247.936060595375
14,102,1231.9336,1248.015688393849
14,103,1231.9639,1248.095891356993
14,104,1231.9944,1248.176683992057
14,105,1232.025,1248.258080806293
14,106,1232.0558,1248.340096306954
14,107,1232.0868,1248.422745001291
14,108,1232.1179,1248.506041396556
14,109,1232.149,1248.59
14,110,1232.1804,1248.674613489346
14,111,1232.2115,1248.759787224194
14,112,1232.2413,1248.845404734617
14,113,1232.2692,1248.931349550686
14,114,1232.295,1249.017505202473
14,115,1232.3191,1249.103755220048
14,116,1232.3416,1249.189983133484
14,117,1232.3625,1249.276072472851
14,118,1232.3821,1249.361906768223
14,119,1232.4004,1249.447369549669
14,120,1232.4175,1249.532344347261
14,121,1232.4336,1249.616714691072
14,122,1232.4487,1249.700364111172
14,123,1232.4631,1249.783176137633
14,124,1232.4769,1249.865034300527
14,125,1232.4902,1249.945822129925
14,126,1232.5032,1250.025423155898
14,127,1232.5157,1250.103720908518
14,128,1232.5282,1250.180598917857
14,129,1232.5405,1250.255940713986
14,130,1232.5531,1250.329629826976
14,131,1232.5659,1250.4015497869
14,132,1232.5791,1250.471584123828
14,133,1232.5927,1250.539616367832
14,134,1232.6069,1250.605530048984
14,135,1232.6218,1250.669208697355
14,136,1232.6376,1250.730535843017
14,137,1232.6544,1250.789395016041
14,138,1232.6722,1250.845669746498
14,139,1232.6913,1250.899243564461
14,140,1232.7118,1250.95
14,141,1232.7338,1250.997930712141
14,142,1232.7573,1251.043459875724
14,143,1232.7826,1251.087119794543
14,144,1232.8094,1251.129442772392
14,145,1232.8383,1251.170961113063
14,146,1232.8685,1251.212207120352
14,147,1232.9005,1251.253713098052
14,148,1232.9343,1251.296011349956
14,149,1232.97,1251.339634179858
14,150,1233.0072,1251.385113891553
14,151,1233.0461,1251.432982788834
14,152,1233.0868,1251.483773175495
14,153,1233.1293,1251.538017355329
14,154,1233.1735,1251.59624763213
14,155,1233.2194,1251.658996309693
14,156,1233.2671,1251.72679569181
14,157,1233.3165,1251.800178082276
14,158,1233.3678,1251.879675784885
14,159,1233.4208,1251.96582110343
14,160,1233.4755,1252.059146341704
14,161,1233.532,1252.160183803503
14,162,1233.5903,1252.269465792619
14,163,1233.6503,1252.387524612846
14,164,1233.7123,1252.514892567979
14,165,1233.7759,1252.65210196181
14,166,1233.8413,1252.799685098134
14,167,1233.9087,1252.958174280745
14,168,1233.9777,1253.128101813435
14,169,1234.0486,1253.31
14,170,1234.1212,1253.504231947576
14,171,1234.1967,1253.710483976672
14,172,1234.2783,1253.928273211141
14,173,1234.369,1254.157116774837
14,174,1234.4683,1254.396531791611
14,175,1234.5756,1254.646035385317
14,176,1234.6907,1254.905144679807
14,177,1234.8131,1255.173376798934
14,178,1234.9426,1255.450248866551
14,179,1235.0787,1255.73527800651
14,180,1235.2211,1256.027981342665
14,181,1235.3693,1256.327875998868
14,182,1235.523,1256.634479098971
14,183,1235.6816,1256.947307766829
14,184,1235.8451,1257.265879126292
14,185,1236.0131,1257.589710301214
14,186,1236.1848,1257.918318415448
14,187,1236.3604,1258.251220592846
14,188,1236.539,1258.587933957263
14,189,1236.7205,1258.927975632548
14,190,1236.9044,1259.270862742557
14,191,1237.0907,1259.616112411141
14,192,1237.2784,1259.963241762154
14,193,1237.4678,1260.311767919447
14,194,1237.6581,1260.661208006874
14,195,1237.849,1261.011079148288
14,196,1238.0404,1261.360898467541
14,197,1238.2316,1261.710183088486
14,198,1238.4224,1262.058450134975
14,199,1238.6124,1262.405216730863
14,200,1238.8014,1262.75
14,201,1238.9888,1263.09240646678
14,202,1239.1746,1263.432400257749
14,203,1239.3591,1263.770034899996
14,204,1239.5428,1264.105363920607
14,205,1239.726,1264.438440846671
14,206,1239.9083,1264.769319205273
14,207,1240.09,1265.098052523501
14,208,1240.271,1265.424694328442
14,209,1240.4514,1265.749298147183
14,210,1240.6311,1266.071917506812
14,211,1240.8103,1266.392605934416
14,212,1240.9889,1266.711416957081
14,213,1241.1669,1267.028404101896
14,214,1241.3444,1267.343620895946
14,215,1241.5214,1267.65712086632
14,216,1241.6979,1267.968957540104
14,217,1241.8738,1268.279184444387
14,218,1242.0493,1268.587855106253
14,219,1242.2244,1268.895023052792
14,220,1242.3992,1269.20074181109
14,221,1242.5734,1269.505064908234
14,222,1242.7473,1269.808045871312
14,223,1242.9208,1270.109738227411
14,224,1243.094,1270.410195503617
14,225,1243.2668,1270.709471227018
14,226,1243.4395,1271.007618924702
14,227,1243.6117,1271.304692123754
14,228,1243.7837,1271.600744351264
14,229,1243.9554,1271.895829134316
14,230,1244.1271,1272.19
14,231,1244.2983,1272.483326653522
14,232,1244.4689,1272.775943512573
14,233,1244.6357,1273.068001172964
14,234,1244.7976,1273.359650230506
14,235,1244.9552,1273.651041281009
14,236,1245.1088,1273.942324920284
14,237,1245.259,1274.233651744142
14,238,1245.4064,1274.525172348395
14,239,1245.5513,1274.817037328853
14,240,1245.6945,1275.109397281326
14,241,1245.8362,1275.402402801627
14,242,1245.9772,1275.696204485565
14,243,1246.118,1275.990952928951
14,244,1246.259,1276.286798727597
14,245,1246.4009,1276.583892477313
14,246,1246.5441,1276.88238477391
14,247,1246.689,1277.182426213199
14,248,1246.8362,1277.484167390991
14,249,1246.9865,1277.787758903097
14,250,1247.1399,1278.093351345327
14,251,1247.2974,1278.401095313493
14,252,1247.4592,1278.711141403406
14,253,1247.626,1279.023640210876
14,254,1247.7983,1279.338742331714
14,255,1247.9766,1279.65659836173
14,256,1248.1614,1279.977358896737
14,257,1248.353,1280.301174532545
14,258,1248.5524,1280.628195864964
14,259,1248.7595,1280.958573489806
14,260,1248.9753,1281.292458002881
14,261,1249.2002,1281.63
14,262,1249.4346,1281.971310301226
14,263,1249.6781,1282.316340623625
14,264,1249.9287,1282.665002908517
14,265,1250.1842,1283.017209097218
14,266,1250.445,1283.372871131049
14,267,1250.7106,1283.731900951327
14,268,1250.9812,1284.09421049937
14,269,1251.257,1284.459711716498
14,270,1251.5377,1284.828316544028
14,271,1251.8236,1285.199936923278
14,272,1252.1144,1285.574484795568
14,273,1252.4104,1285.951872102215
14,274,1252.7114,1286.332010784539
14,275,1253.0175,1286.714812783856
14,276,1253.3286,1287.100190041487
14,277,1253.6448,1287.488054498749
14,278,1253.966,1287.878318096961
14,279,1254.2922,1288.27089277744
14,280,1254.6235,1288.665690481506
14,281,1254.96,1289.062623150477
14,282,1255.3013,1289.461602725671
14,283,1255.6478,1289.862541148407
14,284,1255.9991,1290.265350360002
14,285,1256.3556,1290.669942301776
14,286,1256.717,1291.076228915048
14,287,1257.0835,1291.484122141134
14,288,1257.455,1291.893533921354
14,289,1257.8312,1292.304376197026
14,290,1258.2126,1292.716560909469
15,0,1229.6217,1239.908559267027
15,1,1229.7169,1240.100299513874
15,2,1229.8136,1240.290084429472
15,3,1229.9115,1240.477601927919
15,4,1230.0105,1240.662539923313
15,5,1230.1104,1240.844586329752
15,6,1230.2108,1241.023429061332
15,7,1230.312,1241.198756032152
15,8,1230.4131,1241.370255156309
15,9,1230.5145,1241.537614347901
15,10,1230.6158,1241.700521521026
15,11,1230.7169,1241.85866458978
15,12,1230.8174,1242.011731468262
15,13,1230.9172,1242.159410070568
15,14,1231.0161,1242.301388310798
15,15,1231.114,1242.437354103048
15,16,1231.2106,1242.566995361417
15,17,1231.3057,1242.69
15,18,1231.3993,1242.806155001753
15,19,1231.4921,1242.915643625056
15,20,1231.5886,1243.018748197144
15,21,1231.6914,1243.115751045252
15,22,1231.8,1243.206934496617
15,23,1231.914,1243.292580878474
15,24,1232.033,1243.372972518061
15,25,1232.1564,1243.448391742611
15,26,1232.2839,1243.519120879362
15,27,1232.4152,1243.585442255549
15,28,1232.5494,1243.647638198408
15,29,1232.6865,1243.705991035176
15,30,1232.8258,1243.760783093087
15,31,1232.967,1243.812296699377
15,32,1233.1096,1243.860814181284
15,33,1233.2532,1243.906617866042
15,34,1233.3973,1243.949990080887
15,35,1233.5414,1243.991213153056
15,36,1233.6853,1244.030569409784
15,37,1233.8284,1244.068341178307
15,38,1233.9702,1244.104810785861
15,39,1234.1104,1244.140260559682
15,40,1234.2485,1244.174972827006
15,41,1234.384,1244.209229915068
15,42,1234.5167,1244.243314151105
15,43,1234.646,1244.277507862352
15,44,1234.7714,1244.312093376045
15,45,1234.8927,1244.347353019421
15,46,1235.0093,1244.383569119715
15,47,1235.1207,1244.421024004163
15,48,1235.2267,1244.46
15,49,1235.3268,1244.50072362188
15,50,1235.4221,1244.543198134119
15,51,1235.5188,1244.58737098845
15,52,1235.6205,1244.633189636607
15,53,1235.7268,1244.680601530323
15,54,1235.8369,1244.729554121332
15,55,1235.9506,1244.779994861366
15,56,1236.0671,1244.83187120216
15,57,1236.1862,1244.885130595446
15,58,1236.3069,1244.939720492958
15,59,1236.4291,1244.99558834643
15,60,1236.5521,1245.052681607594
15,61,1236.6753,1245.110947728184
15,62,1236.7983,1245.170334159933
15,63,1236.9205,1245.230788354575
15,64,1237.0415,1245.292257763843
15,65,1237.1606,1245.35468983947
15,66,1237.2775,1245.41803203319
15,67,1237.3916,1245.482231796736
15,68,1237.5022,1245.547236581842
15,69,1237.609,1245.61299384024
15,70,1237.7113,1245.679451023664
15,71,1237.8088,1245.746555583848
15,72,1237.9009,1245.814254972524
15,73,1237.987,1245.882496641427
15,74,1238.0668,1245.951228042289
15,75,1238.1395,1246.020396626844
15,76,1238.2048,1246.089949846826
15,77,1238.2622,1246.159835153966
15,78,1238.311,1246.23
15,79,1238.351,1246.30040301258
15,80,1238.3829,1246.371047523038
15,81,1238.4117,1246.441948038625
15,82,1238.4414,1246.513119066595
15,83,1238.4716,1246.584575114197
15,84,1238.5023,1246.656330688685
15,85,1238.5337,1246.728400297309
15,86,1238.5656,1246.800798447322
15,87,1238.598,1246.873539645976
15,88,1238.631,1246.946638400522
15,89,1238.6644,1247.020109218212
15,90,1238.6984,1247.093966606298
15,91,1238.7329,1247.168225072031
15,92,1238.7677,1247.242899122664
15,93,1238.803,1247.318003265448
15,94,1238.8387,1247.393552007635
15,95,1238.8748,1247.469559856477
15,96,1238.9113,1247.546041319225
15,97,1238.9481,1247.623010903131
15,98,1238.9852,1247.700483115447
15,99,1239.0228,1247.778472463426
15,100,1239.0605,1247.856993454318
15,101,1239.0988,1247.936060595375
15,102,1239.1371,1248.015688393849
15,103,1239.1757,1248.095891356993
15,104,1239.2146,1248.176683992057
15,105,1239.2537,1248.258080806293
15,106,1239.293,1248.340096306954
15,107,1239.3324,1248.422745001291
15,108,1239.3721,1248.506041396556
15,109,1239.4117,1248.59
15,110,1239.4518,1248.674613489346
15,111,1239.4915,1248.759787224194
15,112,1239.5304,1248.845404734617
15,113,1239.5675,1248.931349550686
15,114,1239.6033,1249.017505202473
15,115,1239.6377,1249.103755220048
15,116,1239.6708,1249.189983133484
15,117,1239.7026,1249.276072472851
15,118,1239.7333,1249.361906768223
15,119,1239.7628,1249.447369549669
15,120,1239.7915,1249.532344347261
15,121,1239.8192,1249.616714691072
15,122,1239.8462,1249.700364111172
15,123,1239.8723,1249.783176137633
15,124,1239.898,1249.865034300527
15,125,1239.9229,1249.945822129925
15,126,1239.9474,1250.025423155898
15,127,1239.9716,1250.103720908518
15,128,1239.9954,1250.180598917857
15,129,1240.0188,1250.255940713986
15,130,1240.0422,1250.329629826976
15,131,1240.0656,1250.4015497869
15,132,1240.089,1250.471584123828
15,133,1240.1125,1250.539616367832
15,134,1240.1361,1250.605530048984
15,135,1240.16,1250.669208697355
15,136,1240.1843,1250.730535843017
15,137,1240.209,1250.789395016041
15,138,1240.2343,1250.845669746498
15,139,1240.2601,1250.899243564461
15,140,1240.2866,1250.95
15,141,1240.3138,1250.997930712141
15,142,1240.3419,1251.043459875724
15,143,1240.3708,1251.087119794543
15,144,1240.401,1251.129442772392
15,145,1240.4321,1251.170961113063
15,146,1240.4644,1251.212207120352
15,147,1240.4979,1251.253713098052
15,148,1240.5328,1251.296011349956
15,149,1240.5691,1251.339634179858
15,150,1240.6069,1251.385113891553
15,151,1240.6461,1251.432982788834
15,152,1240.6871,1251.483773175495
15,153,1240.73,1251.538017355329
15,154,1240.7745,1251.59624763213
15,155,1240.821,1251.658996309693
15,156,1240.8695,1251.72679569181
15,157,1240.9202,1251.800178082276
15,158,1240.9728,1251.879675784885
15,159,1241.0278,1251.96582110343
15,160,1241.0851,1252.059146341704
15,161,1241.1448,1252.160183803503
15,162,1241.207,1252.269465792619
15,163,1241.2717,1252.387524612846
15,164,1241.3391,1252.514892567979
15,165,1241.4093,1252.65210196181
15,166,1241.4822,1252.799685098134
15,167,1241.558,1252.958174280745
15,168,1241.6368,1253.128101813435
15,169,1241.7186,1253.31
15,170,1241.8037,1253.504231947576
15,171,1241.8932,1253.710483976672
15,172,1241.9915,1253.928273211141
15,173,1242.1011,1254.157116774837
15,174,1242.2216,1254.396531791611
15,175,1242.3524,1254.646035385317
15,176,1242.4932,1254.905144679807
15,177,1242.6433,1255.173376798934
15,178,1242.8022,1255.450248866551
15,179,1242.9695,1255.73527800651
15,180,1243.1447,1256.027981342665
15,181,1243.327,1256.327875998868
15,182,1243.5162,1256.634479098971
15,183,1243.7117,1256.947307766829
15,184,1243.9131,1257.265879126292
15,185,1244.1198,1257.589710301214
15,186,1244.3312,1257.918318415448
15,187,1244.5468,1258.251220592846
15,188,1244.7662,1258.587933957263
15,189,1244.989,1258.927975632548
15,190,1245.2145,1259.270862742557
15,191,1245.4423,1259.616112411141
15,192,1245.6719,1259.963241762154
15,193,1245.9027,1260.311767919447
15,194,1246.1344,1260.661208006874
15,195,1246.3663,1261.011079148288
15,196,1246.5983,1261.360898467541
15,197,1246.8292,1261.710183088486
15,198,1247.0593,1262.058450134975
15,199,1247.2876,1262.405216730863
15,200,1247.5138,1262.75
15,201,1247.7374,1263.09240646678
15,202,1247.9583,1263.432400257749
15,203,1248.1774,1263.770034899996
15,204,1248.3955,1264.105363920607
15,205,1248.6127,1264.438440846671
15,206,1248.8289,1264.769319205273
15,207,1249.0442,1265.098052523501
15,208,1249.2588,1265.424694328442
15,209,1249.4725,1265.749298147183
15,210,1249.6853,1266.071917506812
15,211,1249.8975,1266.392605934416
15,212,1250.1089,1266.711416957081
15,213,1250.3196,1267.028404101896
15,214,1250.5295,1267.343620895946
15,215,1250.7389,1267.65712086632
15,216,1250.9476,1267.968957540104
15,217,1251.156,1268.279184444387
15,218,1251.3635,1268.587855106253
15,219,1251.5707,1268.895023052792
15,220,1251.7773,1269.20074181109
15,221,1251.9835,1269.505064908234
15,222,1252.1893,1269.808045871312
15,223,1252.3947,1270.109738227411
15,224,1252.5996,1270.410195503617
15,225,1252.8043,1270.709471227018
15,226,1253.0087,1271.007618924702
15,227,1253.2128,1271.304692123754
15,228,1253.4166,1271.600744351264
15,229,1253.6202,1271.895829134316
15,230,1253.8237,1272.19
15,231,1254.0269,1272.483326653522
15,232,1254.2297,1272.775943512573
15,233,1254.4304,1273.068001172964
15,234,1254.6279,1273.359650230506
15,235,1254.8226,1273.651041281009
15,236,1255.0148,1273.942324920284
15,237,1255.205,1274.233651744142
15,238,1255.3931,1274.525172348395
15,239,1255.5797,1274.817037328853
15,240,1255.765,1275.109397281326
15,241,1255.9496,1275.402402801627
15,242,1256.1334,1275.696204485565
15,243,1256.3169,1275.990952928951
15,244,1256.5006,1276.286798727597
15,245,1256.6844,1276.583892477313
15,246,1256.8689,1276.88238477391
15,247,1257.0544,1277.182426213199
15,248,1257.2412,1277.484167390991
15,249,1257.4296,1277.787758903097
15,250,1257.6198,1278.093351345327
15,251,1257.8123,1278.401095313493
15,252,1258.0072,1278.711141403406
15,253,1258.205,1279.023640210876
15,254,1258.4059,1279.338742331714
15,255,1258.6102,1279.65659836173
15,256,1258.8184,1279.977358896737
15,257,1259.0305,1280.301174532545
15,258,1259.247,1280.628195864964
15,259,1259.4681,1280.958573489806
15,260,1259.6943,1281.292458002881
15,261,1259.9258,1281.63
15,262,1260.1627,1281.971310301226
15,263,1260.4053,1282.316340623625
15,264,1260.6517,1282.665002908517
15,265,1260.9011,1283.017209097218
15,266,1261.1534,1283.372871131049
15,267,1261.4086,1283.731900951327
15,268,1261.6666,1284.09421049937
15,269,1261.9276,1284.459711716498
15,270,1262.1917,1284.828316544028
15,271,1262.4586,1285.199936923278
15,272,1262.7285,1285.574484795568
15,273,1263.0015,1285.951872102215
15,274,1263.2775,1286.332010784539
15,275,1263.5566,1286.714812783856
15,276,1263.8387,1287.100190041487
15,277,1264.1239,1287.488054498749
15,278,1264.4124,1287.878318096961
15,279,1264.7037,1288.27089277744
15,280,1264.9985,1288.665690481506
15,281,1265.2964,1289.062623150477
15,282,1265.5973,1289.461602725671
15,283,1265.9014,1289.862541148407
15,284,1266.2089,1290.265350360002
15,285,1266.5194,1290.669942301776
15,286,1266.8333,1291.076228915048
15,287,1267.1505,1291.484122141134
15,288,1267.4708,1291.893533921354
15,289,1267.7946,1292.304376197026
15,290,1268.1216,1292.716560909469
16,0,1232.3428,1239.908559267027
16,1,1232.437,1240.100299513874
16,2,1232.5331,1240.290084429472
16,3,1232.6309,1240.477601927919
16,4,1232.7301,1240.662539923313
16,5,1232.8307,1240.844586329752
16,6,1232.9323,1241.023429061332
16,7,1233.0347,1241.198756032152
16,8,1233.1378,1241.370255156309
16,9,1233.2413,1241.537614347901
16,10,1233.345,1241.700521521026
16,11,1233.4487,1241.85866458978
16,12,1233.5522,1242.011731468262
16,13,1233.6554,1242.159410070568
16,14,1233.7579,1242.301388310798
16,15,1233.8596,1242.437354103048
16,16,1233.9601,1242.566995361417
16,17,1234.0596,1242.69
16,18,1234.1575,1242.806155001753
16,19,1234.2552,1242.915643625056
16,20,1234.3578,1243.018748197144
16,21,1234.4683,1243.115751045252
16,22,1234.586,1243.206934496617
16,23,1234.7106,1243.292580878474
16,24,1234.8417,1243.372972518061
16,25,1234.9783,1243.448391742611
16,26,1235.12,1243.519120879362
16,27,1235.2666,1243.585442255549
16,28,1235.4171,1243.647638198408
16,29,1235.5713,1243.705991035176
16,30,1235.7284,1243.760783093087
16,31,1235.888,1243.812296699377
16,32,1236.0496,1243.860814181284
16,33,1236.2125,1243.906617866042
16,34,1236.3762,1243.949990080887
16,35,1236.5404,1243.991213153056
16,36,1236.7042,1244.030569409784
16,37,1236.8673,1244.068341178307
16,38,1237.029,1244.104810785861
16,39,1237.1891,1244.140260559682
16,40,1237.3467,1244.174972827006
16,41,1237.5013,1244.209229915068
16,42,1237.6526,1244.243314151105
16,43,1237.7998,1244.277507862352
16,44,1237.9426,1244.312093376045
16,45,1238.0803,1244.347353019421
16,46,1238.2125,1244.383569119715
16,47,1238.3386,1244.421024004163
16,48,1238.4581,1244.46
16,49,1238.5704,1244.50072362188
16,50,1238.6772,1244.543198134119
16,51,1238.7853,1244.58737098845
16,52,1238.8992,1244.633189636607
16,53,1239.018,1244.680601530323
16,54,1239.1415,1244.729554121332
16,55,1239.2688,1244.779994861366
16,56,1239.3995,1244.83187120216
16,57,1239.5328,1244.885130595446
16,58,1239.6682,1244.939720492958
16,59,1239.805,1244.99558834643
16,60,1239.9427,1245.052681607594
16,61,1240.0807,1245.110947728184
16,62,1240.2181,1245.170334159933
16,63,1240.3547,1245.230788354575
16,64,1240.4897,1245.292257763843
16,65,1240.6223,1245.35468983947
16,66,1240.7523,1245.41803203319
16,67,1240.8788,1245.482231796736
16,68,1241.0012,1245.547236581842
16,69,1241.1191,1245.61299384024
16,70,1241.2317,1245.679451023664
16,71,1241.3385,1245.746555583848
16,72,1241.4388,1245.814254972524
16,73,1241.5321,1245.882496641427
16,74,1241.6179,1245.951228042289
16,75,1241.6953,1246.020396626844
16,76,1241.764,1246.089949846826
16,77,1241.8232,1246.159835153966
16,78,1241.8726,1246.23
16,79,1241.911,1246.30040301258
16,80,1241.9402,1246.371047523038
16,81,1241.9657,1246.441948038625
16,82,1241.9918,1246.513119066595
16,83,1242.0186,1246.584575114197
16,84,1242.0459,1246.656330688685
16,85,1242.0736,1246.728400297309
16,86,1242.1019,1246.800798447322
16,87,1242.1309,1246.873539645976
16,88,1242.16,1246.946638400522
16,89,1242.1898,1247.020109218212
16,90,1242.2201,1247.093966606298
16,91,1242.2507,1247.168225072031
16,92,1242.2819,1247.242899122664
16,93,1242.3132,1247.318003265448
16,94,1242.3452,1247.393552007635
16,95,1242.3773,1247.469559856477
16,96,1242.4099,1247.546041319225
16,97,1242.4427,1247.623010903131
16,98,1242.476,1247.700483115447
16,99,1242.5094,1247.778472463426
16,100,1242.5432,1247.856993454318
16,101,1242.5773,1247.936060595375
16,102,1242.6115,1248.015688393849
16,103,1242.6459,1248.095891356993
16,104,1242.6807,1248.176683992057
16,105,1242.7156,1248.258080806293
16,106,1242.7506,1248.340096306954
16,107,1242.7858,1248.422745001291
16,108,1242.8212,1248.506041396556
16,109,1242.8566,1248.59
16,110,1242.8922,1248.674613489346
16,111,1242.9276,1248.759787224194
16,112,1242.9615,1248.845404734617
16,113,1242.9938,1248.931349550686
16,114,1243.0242,1249.017505202473
16,115,1243.0527,1249.103755220048
16,116,1243.0798,1249.189983133484
16,117,1243.1053,1249.276072472851
16,118,1243.1296,1249.361906768223
16,119,1243.1526,1249.447369549669
16,120,1243.1746,1249.532344347261
16,121,1243.1953,1249.616714691072
16,122,1243.2153,1249.700364111172
16,123,1243.2345,1249.783176137633
16,124,1243.253,1249.865034300527
16,125,1243.2711,1249.945822129925
16,126,1243.2886,1250.025423155898
16,127,1243.3059,1250.103720908518
16,128,1243.3229,1250.180598917857
16,129,1243.3398,1250.255940713986
16,130,1243.3567,1250.329629826976
16,131,1243.3739,1250.4015497869
16,132,1243.3912,1250.471584123828
16,133,1243.409,1250.539616367832
16,134,1243.4272,1250.605530048984
16,135,1243.446,1250.669208697355
16,136,1243.4657,1250.730535843017
16,137,1243.486,1250.789395016041
16,138,1243.5073,1250.845669746498
16,139,1243.5298,1250.899243564461
16,140,1243.5532,1250.95
16,141,1243.5781,1250.997930712141
16,142,1243.6044,1251.043459875724
16,143,1243.6321,1251.087119794543
16,144,1243.6613,1251.129442772392
16,145,1243.692,1251.170961113063
16,146,1243.7244,1251.212207120352
16,147,1243.7582,1251.253713098052
16,148,1243.7937,1251.296011349956
16,149,1243.8309,1251.339634179858
16,150,1243.8698,1251.385113891553
16,151,1243.9103,1251.432982788834
16,152,1243.9525,1251.483773175495
16,153,1243.9966,1251.538017355329
16,154,1244.0425,1251.59624763213
16,155,1244.0901,1251.658996309693
16,156,1244.1396,1251.72679569181
16,157,1244.191,1251.800178082276
16,158,1244.2445,1251.879675784885
16,159,1244.2997,1251.96582110343
16,160,1244.357,1252.059146341704
16,161,1244.4163,1252.160183803503
16,162,1244.4777,1252.269465792619
16,163,1244.541,1252.387524612846
16,164,1244.6064,1252.514892567979
16,165,1244.6741,1252.65210196181
16,166,1244.7439,1252.799685098134
16,167,1244.8158,1252.958174280745
16,168,1244.8899,1253.128101813435
16,169,1244.9662,1253.31
16,170,1245.0449,1253.504231947576
16,171,1245.1273,1253.710483976672
16,172,1245.2185,1253.928273211141
16,173,1245.3217,1254.157116774837
16,174,1245.436,1254.396531791611
16,175,1245.5614,1254.646035385317
16,176,1245.697,1254.905144679807
16,177,1245.8423,1255.173376798934
16,178,1245.997,1255.450248866551
16,179,1246.1603,1255.73527800651
16,180,1246.3318,1256.027981342665
16,181,1246.5109,1256.327875998868
16,182,1246.6971,1256.634479098971
16,183,1246.89,1256.947307766829
16,184,1247.089,1257.265879126292
16,185,1247.2933,1257.589710301214
16,186,1247.5029,1257.918318415448
16,187,1247.7168,1258.251220592846
16,188,1247.9347,1258.587933957263
16,189,1248.1559,1258.927975632548
16,190,1248.3802,1259.270862742557
16,191,1248.6068,1259.616112411141
16,192,1248.8353,1259.963241762154
16,193,1249.0651,1260.311767919447
16,194,1249.2958,1260.661208006874
16,195,1249.5267,1261.011079148288
16,196,1249.7576,1261.360898467541
16,197,1249.9875,1261.710183088486
16,198,1250.2164,1262.058450134975
16,199,1250.4436,1262.405216730863
16,200,1250.6685,1262.75
16,201,1250.8906,1263.09240646678
16,202,1251.1099,1263.432400257749
16,203,1251.3275,1263.770034899996
16,204,1251.5442,1264.105363920607
16,205,1251.7601,1264.438440846671
16,206,1251.9752,1264.769319205273
16,207,1252.1896,1265.098052523501
16,208,1252.4033,1265.424694328442
16,209,1252.6163,1265.749298147183
16,210,1252.8286,1266.071917506812
16,211,1253.0403,1266.392605934416
16,212,1253.2513,1266.711416957081
16,213,1253.4618,1267.028404101896
16,214,1253.6716,1267.343620895946
16,215,1253.881,1267.65712086632
16,216,1254.0898,1267.968957540104
16,217,1254.2982,1268.279184444387
16,218,1254.5061,1268.587855106253
16,219,1254.7136,1268.895023052792
16,220,1254.9207,1269.20074181109
16,221,1255.1272,1269.505064908234
16,222,1255.3335,1269.808045871312
16,223,1255.5394,1270.109738227411
16,224,1255.7451,1270.410195503617
16,225,1255.9506,1270.709471227018
16,226,1256.1556,1271.007618924702
16,227,1256.3605,1271.304692123754
16,228,1256.5652,1271.600744351264
16,229,1256.7698,1271.895829134316
16,230,1256.974,1272.19
16,231,1257.1782,1272.483326653522
16,232,1257.3818,1272.775943512573
16,233,1257.5825,1273.068001172964
16,234,1257.7795,1273.359650230506
16,235,1257.973,1273.651041281009
16,236,1258.1635,1273.942324920284
16,237,1258.3511,1274.233651744142
16,238,1258.5366,1274.525172348395
16,239,1258.7201,1274.817037328853
16,240,1258.9021,1275.109397281326
16,241,1259.0831,1275.402402801627
16,242,1259.2633,1275.696204485565
16,243,1259.4432,1275.990952928951
16,244,1259.623,1276.286798727597
16,245,1259.8035,1276.583892477313
16,246,1259.9847,1276.88238477391
16,247,1260.1671,1277.182426213199
16,248,1260.3512,1277.484167390991
16,249,1260.5372,1277.787758903097
16,250,1260.7257,1278.093351345327
16,251,1260.9169,1278.401095313493
16,252,1261.1113,1278.711141403406
16,253,1261.3092,1279.023640210876
16,254,1261.5111,1279.338742331714
16,255,1261.7173,1279.65659836173
16,256,1261.9282,1279.977358896737
16,257,1262.1443,1280.301174532545
16,258,1262.3657,1280.628195864964
16,259,1262.593,1280.958573489806
16,260,1262.8265,1281.292458002881
16,261,1263.0668,1281.63
16,262,1263.3137,1281.971310301226
16,263,1263.5676,1282.316340623625
16,264,1263.8263,1282.665002908517
16,265,1264.0884,1283.017209097218
16,266,1264.3542,1283.372871131049
16,267,1264.6234,1283.731900951327
16,268,1264.8962,1284.09421049937
16,269,1265.1726,1284.459711716498
16,270,1265.4525,1284.828316544028
16,271,1265.7361,1285.199936923278
16,272,1266.0232,1285.574484795568
16,273,1266.314,1285.951872102215
16,274,1266.6083,1286.332010784539
16,275,1266.9064,1286.714812783856
16,276,1267.2081,1287.100190041487
16,277,1267.5134,1287.488054498749
16,278,1267.8225,1287.878318096961
16,279,1268.1353,1288.27089277744
16,280,1268.4518,1288.665690481506
16,281,1268.7721,1289.062623150477
16,282,1269.096,1289.461602725671
16,283,1269.4236,1289.862541148407
16,284,1269.755,1290.265350360002
16,285,1270.0902,1290.669942301776
16,286,1270.4292,1291.076228915048
16,287,1270.7717,1291.484122141134
16,288,1271.1183,1291.893533921354
16,289,1271.4685,1292.304376197026
16,290,1271.8225,1292.716560909469
17,0,1230.7172,1239.908559267027
17,1,1230.8215,1240.100299513874
17,2,1230.9276,1240.290084429472
17,3,1231.035,1240.477601927919
17,4,1231.1437,1240.662539923313
17,5,1231.2533,1240.844586329752
17,6,1231.3634,1241.023429061332
17,7,1231.474,1241.198756032152
17,8,1231.5846,1241.370255156309
17,9,1231.6952,1241.537614347901
17,10,1231.8053,1241.700521521026
17,11,1231.9147,1241.85866458978
17,12,1232.0233,1242.011731468262
17,13,1232.1306,1242.159410070568
17,14,1232.2366,1242.301388310798
17,15,1232.3407,1242.437354103048
17,16,1232.4429,1242.566995361417
17,17,1232.5428,1242.69
17,18,1232.6404,1242.806155001753
17,19,1232.7365,1242.915643625056
17,20,1232.8351,1243.018748197144
17,21,1232.9387,1243.115751045252
17,22,1233.047,1243.206934496617
17,23,1233.1597,1243.292580878474
17,24,1233.2762,1243.372972518061
17,25,1233.3961,1243.448391742611
17,26,1233.5192,1243.519120879362
17,27,1233.6449,1243.585442255549
17,28,1233.7728,1243.647638198408
17,29,1233.9027,1243.705991035176
17,30,1234.0339,1243.760783093087
17,31,1234.1664,1243.812296699377
17,32,1234.2992,1243.860814181284
17,33,1234.4325,1243.906617866042
17,34,1234.5656,1243.949990080887
17,35,1234.698,1243.991213153056
17,36,1234.8297,1244.030569409784
17,37,1234.96,1244.068341178307
17,38,1235.0884,1244.104810785861
17,39,1235.2147,1244.140260559682
17,40,1235.3385,1244.174972827006
17,41,1235.4595,1244.209229915068
17,42,1235.5771,1244.243314151105
17,43,1235.6909,1244.277507862352
17,44,1235.8008,1244.312093376045
17,45,1235.906,1244.347353019421
17,46,1236.0065,1244.383569119715
17,47,1236.1016,1244.421024004163
17,48,1236.191,1244.46
17,49,1236.2745,1244.50072362188
17,50,1236.3533,1244.543198134119
17,51,1236.4325,1244.58737098845
17,52,1236.5157,1244.633189636607
17,53,1236.6027,1244.680601530323
17,54,1236.6929,1244.729554121332
17,55,1236.7858,1244.779994861366
17,56,1236.8811,1244.83187120216
17,57,1236.9783,1244.885130595446
17,58,1237.0771,1244.939720492958
17,59,1237.1772,1244.99558834643
17,60,1237.278,1245.052681607594
17,61,1237.3789,1245.110947728184
17,62,1237.48,1245.170334159933
17,63,1237.5804,1245.230788354575
17,64,1237.68,1245.292257763843
17,65,1237.7784,1245.35468983947
17,66,1237.8751,1245.41803203319
17,67,1237.9697,1245.482231796736
17,68,1238.0618,1245.547236581842
17,69,1238.1511,1245.61299384024
17,70,1238.237,1245.679451023664
17,71,1238.3195,1245.746555583848
17,72,1238.3977,1245.814254972524
17,73,1238.4716,1245.882496641427
17,74,1238.5406,1245.951228042289
17,75,1238.6044,1246.020396626844
17,76,1238.6626,1246.089949846826
17,77,1238.7147,1246.159835153966
17,78,1238.7604,1246.23
17,79,1238.7993,1246.30040301258
17,80,1238.8322,1246.371047523038
17,81,1238.8628,1246.441948038625
17,82,1238.894,1246.513119066595
17,83,1238.9259,1246.584575114197
17,84,1238.9581,1246.656330688685
17,85,1238.991,1246.728400297309
17,86,1239.0244,1246.800798447322
17,87,1239.0582,1246.873539645976
17,88,1239.0925,1246.946638400522
17,89,1239.1273,1247.020109218212
17,90,1239.1626,1247.093966606298
17,91,1239.1982,1247.168225072031
17,92,1239.2344,1247.242899122664
17,93,1239.2709,1247.318003265448
17,94,1239.3077,1247.393552007635
17,95,1239.345,1247.469559856477
17,96,1239.3827,1247.546041319225
17,97,1239.4207,1247.623010903131
17,98,1239.4589,1247.700483115447
17,99,1239.4974,1247.778472463426
17,100,1239.5364,1247.856993454318
17,101,1239.5756,1247.936060595375
17,102,1239.6151,1248.015688393849
17,103,1239.6549,1248.095891356993
17,104,1239.6948,1248.176683992057
17,105,1239.735,1248.258080806293
17,106,1239.7755,1248.340096306954
17,107,1239.8163,1248.422745001291
17,108,1239.8569,1248.506041396556
17,109,1239.898,1248.59
17,110,1239.9392,1248.674613489346
17,111,1239.9802,1248.759787224194
17,112,1240.02,1248.845404734617
17,113,1240.0579,1248.931349550686
17,114,1240.094,1249.017505202473
17,115,1240.1283,1249.103755220048
17,116,1240.1613,1249.189983133484
17,117,1240.1926,1249.276072472851
17,118,1240.2228,1249.361906768223
17,119,1240.2516,1249.447369549669
17,120,1240.2794,1249.532344347261
17,121,1240.306,1249.616714691072
17,122,1240.3318,1249.700364111172
17,123,1240.3567,1249.783176137633
17,124,1240.381,1249.865034300527
17,125,1240.4047,1249.945822129925
17,126,1240.4277,1250.025423155898
17,127,1240.4504,1250.103720908518
17,128,1240.4729,1250.180598917857
17,129,1240.4951,1250.255940713986
17,130,1240.5172,1250.329629826976
17,131,1240.5394,1250.4015497869
17,132,1240.5618,1250.471584123828
17,133,1240.5844,1250.539616367832
17,134,1240.6072,1250.605530048984
17,135,1240.6305,1250.669208697355
17,136,1240.6544,1250.730535843017
17,137,1240.679,1250.789395016041
17,138,1240.7042,1250.845669746498
17,139,1240.7305,1250.899243564461
17,140,1240.7577,1250.95
17,141,1240.786,1250.997930712141
17,142,1240.8153,1251.043459875724
17,143,1240.8461,1251.087119794543
17,144,1240.878,1251.129442772392
17,145,1240.9116,1251.170961113063
17,146,1240.9465,1251.212207120352
17,147,1240.983,1251.253713098052
17,148,1241.0212,1251.296011349956
17,149,1241.061,1251.339634179858
17,150,1241.1025,1251.385113891553
17,151,1241.146,1251.432982788834
17,152,1241.1913,1251.483773175495
17,153,1241.2385,1251.538017355329
17,154,1241.2878,1251.59624763213
17,155,1241.3392,1251.658996309693
17,156,1241.3928,1251.72679569181
17,157,1241.4486,1251.800178082276
17,158,1241.5066,1251.879675784885
17,159,1241.5671,1251.96582110343
17,160,1241.63,1252.059146341704
17,161,1241.6953,1252.160183803503
17,162,1241.7633,1252.269465792619
17,163,1241.834,1252.387524612846
17,164,1241.9072,1252.514892567979
17,165,1241.9833,1252.65210196181
17,166,1242.0623,1252.799685098134
17,167,1242.1442,1252.958174280745
17,168,1242.229,1253.128101813435
17,169,1242.3169,1253.31
17,170,1242.4077,1253.504231947576
17,171,1242.5029,1253.710483976672
17,172,1242.6057,1253.928273211141
17,173,1242.718,1254.157116774837
17,174,1242.8395,1254.396531791611
17,175,1242.9698,1254.646035385317
17,176,1243.1086,1254.905144679807
17,177,1243.2555,1255.173376798934
17,178,1243.4099,1255.450248866551
17,179,1243.5717,1255.73527800651
17,180,1243.74,1256.027981342665
17,181,1243.9148,1256.327875998868
17,182,1244.0956,1256.634479098971
17,183,1244.282,1256.947307766829
17,184,1244.4735,1257.265879126292
17,185,1244.6697,1257.589710301214
17,186,1244.8704,1257.918318415448
17,187,1245.075,1258.251220592846
17,188,1245.283,1258.587933957263
17,189,1245.4943,1258.927975632548
17,190,1245.7084,1259.270862742557
17,191,1245.9248,1259.616112411141
17,192,1246.1432,1259.963241762154
17,193,1246.363,1260.311767919447
17,194,1246.5842,1260.661208006874
17,195,1246.8062,1261.011079148288
17,196,1247.0284,1261.360898467541
17,197,1247.2507,1261.710183088486
17,198,1247.4727,1262.058450134975
17,199,1247.6937,1262.405216730863
17,200,1247.9138,1262.75
17,201,1248.1323,1263.09240646678
17,202,1248.349,1263.432400257749
17,203,1248.5643,1263.770034899996
17,204,1248.7788,1264.105363920607
17,205,1248.9921,1264.438440846671
17,206,1249.2046,1264.769319205273
17,207,1249.416,1265.098052523501
17,208,1249.6267,1265.424694328442
17,209,1249.8365,1265.749298147183
17,210,1250.0457,1266.071917506812
17,211,1250.2538,1266.392605934416
17,212,1250.4613,1266.711416957081
17,213,1250.668,1267.028404101896
17,214,1250.874,1267.343620895946
17,215,1251.0792,1267.65712086632
17,216,1251.2839,1267.968957540104
17,217,1251.488,1268.279184444387
17,218,1251.6915,1268.587855106253
17,219,1251.8944,1268.895023052792
17,220,1252.0969,1269.20074181109
17,221,1252.2987,1269.505064908234
17,222,1252.5001,1269.808045871312
17,223,1252.7012,1270.109738227411
17,224,1252.9017,1270.410195503617
17,225,1253.1019,1270.709471227018
17,226,1253.3016,1271.007618924702
17,227,1253.5012,1271.304692123754
17,228,1253.7003,1271.600744351264
17,229,1253.8992,1271.895829134316
17,230,1254.0979,1272.19
17,231,1254.2963,1272.483326653522
17,232,1254.4937,1272.775943512573
17,233,1254.6876,1273.068001172964
17,234,1254.8768,1273.359650230506
17,235,1255.0616,1273.651041281009
17,236,1255.2428,1273.942324920284
17,237,1255.4205,1274.233651744142
17,238,1255.5957,1274.525172348395
17,239,1255.7686,1274.817037328853
17,240,1255.9397,1275.109397281326
17,241,1256.1096,1275.402402801627
17,242,1256.2787,1275.696204485565
17,243,1256.4478,1275.990952928951
17,244,1256.6171,1276.286798727597
17,245,1256.7872,1276.583892477313
17,246,1256.9587,1276.88238477391
17,247,1257.1321,1277.182426213199
17,248,1257.3077,1277.484167390991
17,249,1257.4865,1277.787758903097
17,250,1257.6683,1278.093351345327
17,251,1257.8542,1278.401095313493
17,252,1258.0446,1278.711141403406
17,253,1258.2397,1279.023640210876
17,254,1258.4404,1279.338742331714
17,255,1258.6471,1279.65659836173
17,256,1258.8601,1279.977358896737
17,257,1259.0802,1280.301174532545
17,258,1259.3077,1280.628195864964
17,259,1259.5432,1280.958573489806
17,260,1259.7872,1281.292458002881
17,261,1260.0402,1281.63
17,262,1260.3026,1281.971310301226
17,263,1260.5741,1282.316340623625
17,264,1260.8525,1282.665002908517
17,265,1261.1359,1283.017209097218
17,266,1261.4243,1283.372871131049
17,267,1261.7179,1283.731900951327
17,268,1262.0166,1284.09421049937
17,269,1262.3203,1284.459711716498
17,270,1262.6292,1284.828316544028
17,271,1262.9431,1285.199936923278
17,272,1263.2621,1285.574484795568
17,273,1263.5863,1285.951872102215
17,274,1263.9155,1286.332010784539
17,275,1264.2498,1286.714812783856
17,276,1264.5891,1287.100190041487
17,277,1264.9336,1287.488054498749
17,278,1265.2832,1287.878318096961
17,279,1265.6377,1288.27089277744
17,280,1265.9974,1288.665690481506
17,281,1266.3622,1289.062623150477
17,282,1266.7319,1289.461602725671
17,283,1267.1067,1289.862541148407
17,284,1267.4865,1290.265350360002
17,285,1267.8713,1290.669942301776
17,286,1268.2612,1291.076228915048
17,287,1268.656,1291.484122141134
17,288,1269.0558,1291.893533921354
17,289,1269.4606,1292.304376197026
17,290,1269.8702,1292.716560909469
18,0,1231.3715,1239.908559267027
18,1,1231.4752,1240.100299513874
18,2,1231.5807,1240.290084429472
18,3,1231.6877,1240.477601927919
18,4,1231.796,1240.662539923313
18,5,1231.9054,1240.844586329752
18,6,1232.0154,1241.023429061332
18,7,1232.1262,1241.198756032152
18,8,1232.237,1241.370255156309
18,9,1232.3481,1241.537614347901
18,10,1232.459,1241.700521521026
18,11,1232.5693,1241.85866458978
18,12,1232.679,1242.011731468262
18,13,1232.7877,1242.159410070568
18,14,1232.8954,1242.301388310798
18,15,1233.0016,1242.437354103048
18,16,1233.1061,1242.566995361417
18,17,1233.2087,1242.69
18,18,1233.3092,1242.806155001753
18,19,1233.4087,1242.915643625056
18,20,1233.5117,1243.018748197144
18,21,1233.621,1243.115751045252
18,22,1233.7361,1243.206934496617
18,23,1233.8564,1243.292580878474
18,24,1233.9817,1243.372972518061
18,25,1234.1115,1243.448391742611
18,26,1234.2451,1243.519120879362
18,27,1234.3822,1243.585442255549
18,28,1234.5222,1243.647638198408
18,29,1234.665,1243.705991035176
18,30,1234.8097,1243.760783093087
18,31,1234.9562,1243.812296699377
18,32,1235.1036,1243.860814181284
18,33,1235.252,1243.906617866042
18,34,1235.4004,1243.949990080887
18,35,1235.5486,1243.991213153056
18,36,1235.6962,1244.030569409784
18,37,1235.8427,1244.068341178307
18,38,1235.9874,1244.104810785861
18,39,1236.1302,1244.140260559682
18,40,1236.2704,1244.174972827006
18,41,1236.4077,1244.209229915068
18,42,1236.5416,1244.243314151105
18,43,1236.6716,1244.277507862352
18,44,1236.7972,1244.312093376045
18,45,1236.9181,1244.347353019421
18,46,1237.0338,1244.383569119715
18,47,1237.1438,1244.421024004163
18,48,1237.2477,1244.46
18,49,1237.345,1244.50072362188
18,50,1237.4373,1244.543198134119
18,51,1237.5305,1244.58737098845
18,52,1237.6287,1244.633189636607
18,53,1237.7312,1244.680601530323
18,54,1237.8375,1244.729554121332
18,55,1237.947,1244.779994861366
18,56,1238.0594,1244.83187120216
18,57,1238.1742,1244.885130595446
18,58,1238.2908,1244.939720492958
18,59,1238.4086,1244.99558834643
18,60,1238.5272,1245.052681607594
18,61,1238.6461,1245.110947728184
18,62,1238.7649,1245.170334159933
18,63,1238.8828,1245.230788354575
18,64,1238.9996,1245.292257763843
18,65,1239.1147,1245.35468983947
18,66,1239.2277,1245.41803203319
18,67,1239.3379,1245.482231796736
18,68,1239.445,1245.547236581842
18,69,1239.5485,1245.61299384024
18,70,1239.6476,1245.679451023664
18,71,1239.7423,1245.746555583848
18,72,1239.8317,1245.814254972524
18,73,1239.9155,1245.882496641427
18,74,1239.9933,1245.951228042289
18,75,1240.0645,1246.020396626844
18,76,1240.1284,1246.089949846826
18,77,1240.1849,1246.159835153966
18,78,1240.2333,1246.23
18,79,1240.2731,1246.30040301258
18,80,1240.3054,1246.371047523038
18,81,1240.3351,1246.441948038625
18,82,1240.3652,1246.513119066595
18,83,1240.396,1246.584575114197
18,84,1240.4272,1246.656330688685
18,85,1240.4591,1246.728400297309
18,86,1240.4913,1246.800798447322
18,87,1240.5242,1246.873539645976
18,88,1240.5575,1246.946638400522
18,89,1240.5912,1247.020109218212
18,90,1240.6254,1247.093966606298
18,91,1240.66,1247.168225072031
18,92,1240.6951,1247.242899122664
18,93,1240.7306,1247.318003265448
18,94,1240.7664,1247.393552007635
18,95,1240.8026,1247.469559856477
18,96,1240.8392,1247.546041319225
18,97,1240.8761,1247.623010903131
18,98,1240.9133,1247.700483115447
18,99,1240.951,1247.778472463426
18,100,1240.9889,1247.856993454318
18,101,1241.027,1247.936060595375
18,102,1241.0654,1248.015688393849
18,103,1241.104,1248.095891356993
18,104,1241.143,1248.176683992057
18,105,1241.1821,1248.258080806293
18,106,1241.2216,1248.340096306954
18,107,1241.261,1248.422745001291
18,108,1241.3007,1248.506041396556
18,109,1241.3407,1248.59
18,110,1241.3806,1248.674613489346
18,111,1241.4205,1248.759787224194
18,112,1241.459,1248.845404734617
18,113,1241.4956,1248.931349550686
18,114,1241.5305,1249.017505202473
18,115,1241.5636,1249.103755220048
18,116,1241.5952,1249.189983133484
18,117,1241.6254,1249.276072472851
18,118,1241.654,1249.361906768223
18,119,1241.6815,1249.447369549669
18,120,1241.708,1249.532344347261
18,121,1241.7333,1249.616714691072
18,122,1241.7576,1249.700364111172
18,123,1241.7811,1249.783176137633
18,124,1241.8041,1249.865034300527
18,125,1241.8264,1249.945822129925
18,126,1241.8481,1250.025423155898
18,127,1241.8696,1250.103720908518
18,128,1241.8907,1250.180598917857
18,129,1241.9117,1250.255940713986
18,130,1241.9327,1250.329629826976
18,131,1241.9537,1250.4015497869
18,132,1241.9749,1250.471584123828
18,133,1241.9962,1250.539616367832
18,134,1242.0182,1250.605530048984
18,135,1242.0405,1250.669208697355
18,136,1242.0635,1250.730535843017
18,137,1242.087,1250.789395016041
18,138,1242.1116,1250.845669746498
18,139,1242.137,1250.899243564461
18,140,1242.1635,1250.95
18,141,1242.191,1250.997930712141
18,142,1242.22,1251.043459875724
18,143,1242.2502,1251.087119794543
18,144,1242.2819,1251.129442772392
18,145,1242.315,1251.170961113063
18,146,1242.3495,1251.212207120352
18,147,1242.3856,1251.253713098052
18,148,1242.4235,1251.296011349956
18,149,1242.463,1251.339634179858
18,150,1242.5043,1251.385113891553
18,151,1242.5474,1251.432982788834
18,152,1242.5924,1251.483773175495
18,153,1242.6392,1251.538017355329
18,154,1242.6881,1251.59624763213
18,155,1242.739,1251.658996309693
18,156,1242.792,1251.72679569181
18,157,1242.8472,1251.800178082276
18,158,1242.9047,1251.879675784885
18,159,1242.9644,1251.96582110343
18,160,1243.0265,1252.059146341704
18,161,1243.0908,1252.160183803503
18,162,1243.1577,1252.269465792619
18,163,1243.2272,1252.387524612846
18,164,1243.2991,1252.514892567979
18,165,1243.3738,1252.65210196181
18,166,1243.451,1252.799685098134
18,167,1243.531,1252.958174280745
18,168,1243.6139,1253.128101813435
18,169,1243.6997,1253.31
18,170,1243.7882,1253.504231947576
18,171,1243.8812,1253.710483976672
18,172,1243.9824,1253.928273211141
18,173,1244.0946,1254.157116774837
18,174,1244.2173,1254.396531791611
18,175,1244.3496,1254.646035385317
18,176,1244.4917,1254.905144679807
18,177,1244.6426,1255.173376798934
18,178,1244.802,1255.450248866551
18,179,1244.9696,1255.73527800651
18,180,1245.1447,1256.027981342665
18,181,1245.3268,1256.327875998868
18,182,1245.5157,1256.634479098971
18,183,1245.7107,1256.947307766829
18,184,1245.9114,1257.265879126292
18,185,1246.1173,1257.589710301214
18,186,1246.328,1257.918318415448
18,187,1246.5431,1258.251220592846
18,188,1246.7617,1258.587933957263
18,189,1246.984,1258.927975632548
18,190,1247.2091,1259.270862742557
18,191,1247.4366,1259.616112411141
18,192,1247.6661,1259.963241762154
18,193,1247.8972,1260.311767919447
18,194,1248.1293,1260.661208006874
18,195,1248.3619,1261.011079148288
18,196,1248.5948,1261.360898467541
18,197,1248.8274,1261.710183088486
18,198,1249.0593,1262.058450134975
18,199,1249.2899,1262.405216730863
18,200,1249.519,1262.75
18,201,1249.7458,1263.09240646678
18,202,1249.9705,1263.432400257749
18,203,1250.1936,1263.770034899996
18,204,1250.4158,1264.105363920607
18,205,1250.637,1264.438440846671
18,206,1250.8574,1264.769319205273
18,207,1251.0769,1265.098052523501
18,208,1251.2955,1265.424694328442
18,209,1251.5133,1265.749298147183
18,210,1251.7303,1266.071917506812
18,211,1251.9468,1266.392605934416
18,212,1252.1624,1266.711416957081
18,213,1252.3772,1267.028404101896
18,214,1252.5914,1267.343620895946
18,215,1252.805,1267.65712086632
18,216,1253.0182,1267.968957540104
18,217,1253.2305,1268.279184444387
18,218,1253.4424,1268.587855106253
18,219,1253.6537,1268.895023052792
18,220,1253.8646,1269.20074181109
18,221,1254.075,1269.505064908234
18,222,1254.2849,1269.808045871312
18,223,1254.4945,1270.109738227411
18,224,1254.7037,1270.410195503617
18,225,1254.9125,1270.709471227018
18,226,1255.121,1271.007618924702
18,227,1255.3292,1271.304692123754
18,228,1255.5371,1271.600744351264
18,229,1255.7448,1271.895829134316
18,230,1255.9521,1272.19
18,231,1256.1594,1272.483326653522
18,232,1256.3658,1272.775943512573
18,233,1256.569,1273.068001172964
18,234,1256.7677,1273.359650230506
18,235,1256.9624,1273.651041281009
18,236,1257.1534,1273.942324920284
18,237,1257.3417,1274.233651744142
18,238,1257.5271,1274.525172348395
18,239,1257.7106,1274.817037328853
18,240,1257.8923,1275.109397281326
18,241,1258.0729,1275.402402801627
18,242,1258.2527,1275.696204485565
18,243,1258.4324,1275.990952928951
18,244,1258.6122,1276.286798727597
18,245,1258.7928,1276.583892477313
18,246,1258.9745,1276.88238477391
18,247,1259.158,1277.182426213199
18,248,1259.3434,1277.484167390991
18,249,1259.5315,1277.787758903097
18,250,1259.7227,1278.093351345327
18,251,1259.9172,1278.401095313493
18,252,1260.116,1278.711141403406
18,253,1260.3191,1279.023640210876
18,254,1260.5272,1279.338742331714
18,255,1260.7406,1279.65659836173
18,256,1260.96,1279.977358896737
18,257,1261.1857,1280.301174532545
18,258,1261.4181,1280.628195864964
18,259,1261.6578,1280.958573489806
18,260,1261.9053,1281.292458002881
18,261,1262.161,1281.63
18,262,1262.4254,1281.971310301226
18,263,1262.698,1282.316340623625
18,264,1262.9768,1282.665002908517
18,265,1263.2603,1283.017209097218
18,266,1263.5483,1283.372871131049
18,267,1263.8411,1283.731900951327
18,268,1264.1384,1284.09421049937
18,269,1264.4404,1284.459711716498
18,270,1264.7471,1284.828316544028
18,271,1265.0585,1285.199936923278
18,272,1265.3745,1285.574484795568
18,273,1265.6954,1285.951872102215
18,274,1266.0209,1286.332010784539
18,275,1266.3512,1286.714812783856
18,276,1266.6863,1287.100190041487
18,277,1267.026,1287.488054498749
18,278,1267.3707,1287.878318096961
18,279,1267.72,1288.27089277744
18,280,1268.0742,1288.665690481506
18,281,1268.4331,1289.062623150477
18,282,1268.7969,1289.461602725671
18,283,1269.1655,1289.862541148407
18,284,1269.539,1290.265350360002
18,285,1269.9172,1290.669942301776
18,286,1270.3003,1291.076228915048
18,287,1270.6882,1291.484122141134
18,288,1271.081,1291.893533921354
18,289,1271.4786,1292.304376197026
18,290,1271.8812,1292.716560909469
19,0,1234.9384,1239.908559267027
19,1,1235.0454,1240.100299513874
19,2,1235.1533,1240.290084429472
19,3,1235.2621,1240.477601927919
19,4,1235.3713,1240.662539923313
19,5,1235.4811,1240.844586329752
19,6,1235.591,1241.023429061332
19,7,1235.7009,1241.198756032152
19,8,1235.8107,1241.370255156309
19,9,1235.92,1241.537614347901
19,10,1236.029,1241.700521521026
19,11,1236.1373,1241.85866458978
19,12,1236.2446,1242.011731468262
19,13,1236.351,1242.159410070568
19,14,1236.456,1242.301388310798
19,15,1236.5596,1242.437354103048
19,16,1236.6615,1242.566995361417
19,17,1236.7617,1242.69
19,18,1236.86,1242.806155001753
19,19,1236.957,1242.915643625056
19,20,1237.0569,1243.018748197144
19,21,1237.1617,1243.115751045252
19,22,1237.2717,1243.206934496617
19,23,1237.3861,1243.292580878474
19,24,1237.5045,1243.372972518061
19,25,1237.6268,1243.448391742611
19,26,1237.7524,1243.519120879362
19,27,1237.8811,1243.585442255549
19,28,1238.0125,1243.647638198408
19,29,1238.146,1243.705991035176
19,30,1238.2814,1243.760783093087
19,31,1238.4183,1243.812296699377
19,32,1238.5564,1243.860814181284
19,33,1238.6953,1243.906617866042
19,34,1238.8346,1243.949990080887
19,35,1238.974,1243.991213153056
19,36,1239.113,1244.030569409784
19,37,1239.2515,1244.068341178307
19,38,1239.3887,1244.104810785861
19,39,1239.5245,1244.140260559682
19,40,1239.6588,1244.174972827006
19,41,1239.7908,1244.209229915068
19,42,1239.9202,1244.243314151105
19,43,1240.0469,1244.277507862352
19,44,1240.1704,1244.312093376045
19,45,1240.2903,1244.347353019421
19,46,1240.4062,1244.383569119715
19,47,1240.518,1244.421024004163
19,48,1240.625,1244.46
19,49,1240.7272,1244.50072362188
19,50,1240.8254,1244.543198134119
19,51,1240.9253,1244.58737098845
19,52,1241.0305,1244.633189636607
19,53,1241.1405,1244.680601530323
19,54,1241.2545,1244.729554121332
19,55,1241.3723,1244.779994861366
19,56,1241.4932,1244.83187120216
19,57,1241.6167,1244.885130595446
19,58,1241.7421,1244.939720492958
19,59,1241.8691,1244.99558834643
19,60,1241.9968,1245.052681607594
19,61,1242.125,1245.110947728184
19,62,1242.253,1245.170334159933
19,63,1242.3804,1245.230788354575
19,64,1242.5065,1245.292257763843
19,65,1242.6309,1245.35468983947
19,66,1242.7528,1245.41803203319
19,67,1242.8718,1245.482231796736
19,68,1242.9877,1245.547236581842
19,69,1243.0996,1245.61299384024
19,70,1243.207,1245.679451023664
19,71,1243.3094,1245.746555583848
19,72,1243.4064,1245.814254972524
19,73,1243.4973,1245.882496641427
19,74,1243.5817,1245.951228042289
19,75,1243.659,1246.020396626844
19,76,1243.7288,1246.089949846826
19,77,1243.7903,1246.159835153966
19,78,1243.8433,1246.23
19,79,1243.887,1246.30040301258
19,80,1243.9225,1246.371047523038
19,81,1243.9546,1246.441948038625
19,82,1243.9872,1246.513119066595
19,83,1244.0201,1246.584575114197
19,84,1244.0536,1246.656330688685
19,85,1244.0875,1246.728400297309
19,86,1244.1218,1246.800798447322
19,87,1244.1566,1246.873539645976
19,88,1244.1918,1246.946638400522
19,89,1244.2274,1247.020109218212
19,90,1244.2633,1247.093966606298
19,91,1244.2996,1247.168225072031
19,92,1244.3363,1247.242899122664
19,93,1244.3734,1247.318003265448
19,94,1244.4108,1247.393552007635
19,95,1244.4486,1247.469559856477
19,96,1244.4866,1247.546041319225
19,97,1244.525,1247.623010903131
19,98,1244.5638,1247.700483115447
19,99,1244.6028,1247.778472463426
19,100,1244.6421,1247.856993454318
19,101,1244.6816,1247.936060595375
19,102,1244.7216,1248.015688393849
19,103,1244.7617,1248.095891356993
19,104,1244.802,1248.176683992057
19,105,1244.8428,1248.258080806293
19,106,1244.8837,1248.340096306954
19,107,1244.9247,1248.422745001291
19,108,1244.9661,1248.506041396556
19,109,1245.0076,1248.59
19,110,1245.0492,1248.674613489346
19,111,1245.0911,1248.759787224194
19,112,1245.1322,1248.845404734617
19,113,1245.1722,1248.931349550686
19,114,1245.211,1249.017505202473
19,115,1245.2489,1249.103755220048
19,116,1245.2858,1249.189983133484
19,117,1245.3218,1249.276072472851
19,118,1245.3568,1249.361906768223
19,119,1245.391,1249.447369549669
19,120,1245.4244,1249.532344347261
19,121,1245.457,1249.616714691072
19,122,1245.489,1249.700364111172
19,123,1245.5204,1249.783176137633
19,124,1245.5511,1249.865034300527
19,125,1245.5813,1249.945822129925
19,126,1245.611,1250.025423155898
19,127,1245.6403,1250.103720908518
19,128,1245.6691,1250.180598917857
19,129,1245.6974,1250.255940713986
19,130,1245.7256,1250.329629826976
19,131,1245.7534,1250.4015497869
19,132,1245.7811,1250.471584123828
19,133,1245.8086,1250.539616367832
19,134,1245.8359,1250.605530048984
19,135,1245.8633,1250.669208697355
19,136,1245.8904,1250.730535843017
19,137,1245.9178,1250.789395016041
19,138,1245.9451,1250.845669746498
19,139,1245.9725,1250.899243564461
19,140,1246.0002,1250.95
19,141,1246.0281,1250.997930712141
19,142,1246.0562,1251.043459875724
19,143,1246.0846,1251.087119794543
19,144,1246.1135,1251.129442772392
19,145,1246.143,1251.170961113063
19,146,1246.1732,1251.212207120352
19,147,1246.2042,1251.253713098052
19,148,1246.2365,1251.296011349956
19,149,1246.2697,1251.339634179858
19,150,1246.3041,1251.385113891553
19,151,1246.3401,1251.432982788834
19,152,1246.3776,1251.483773175495
19,153,1246.4167,1251.538017355329
19,154,1246.4576,1251.59624763213
19,155,1246.5006,1251.658996309693
19,156,1246.5457,1251.72679569181
19,157,1246.593,1251.800178082276
19,158,1246.6427,1251.879675784885
19,159,1246.6948,1251.96582110343
19,160,1246.7496,1252.059146341704
19,161,1246.8074,1252.160183803503
19,162,1246.8678,1252.269465792619
19,163,1246.9314,1252.387524612846
19,164,1246.9983,1252.514892567979
19,165,1247.0684,1252.65210196181
19,166,1247.142,1252.799685098134
19,167,1247.2191,1252.958174280745
19,168,1247.3,1253.128101813435
19,169,1247.3849,1253.31
19,170,1247.4736,1253.504231947576
19,171,1247.5677,1253.710483976672
19,172,1247.6714,1253.928273211141
19,173,1247.7872,1254.157116774837
19,174,1247.9149,1254.396531791611
19,175,1248.0536,1254.646035385317
19,176,1248.2029,1254.905144679807
19,177,1248.3622,1255.173376798934
19,178,1248.5311,1255.450248866551
19,179,1248.7087,1255.73527800651
19,180,1248.895,1256.027981342665
19,181,1249.0889,1256.327875998868
19,182,1249.2902,1256.634479098971
19,183,1249.4979,1256.947307766829
19,184,1249.712,1257.265879126292
19,185,1249.9316,1257.589710301214
19,186,1250.1564,1257.918318415448
19,187,1250.3855,1258.251220592846
19,188,1250.6187,1258.587933957263
19,189,1250.8551,1258.927975632548
19,190,1251.0944,1259.270862742557
19,191,1251.336,1259.616112411141
19,192,1251.5795,1259.963241762154
19,193,1251.8241,1260.311767919447
19,194,1252.0695,1260.661208006874
19,195,1252.315,1261.011079148288
19,196,1252.5599,1261.360898467541
19,197,1252.8042,1261.710183088486
19,198,1253.0468,1262.058450134975
19,199,1253.2875,1262.405216730863
19,200,1253.5258,1262.75
19,201,1253.7609,1263.09240646678
19,202,1253.9929,1263.432400257749
19,203,1254.2228,1263.770034899996
19,204,1254.4515,1264.105363920607
19,205,1254.6793,1264.438440846671
19,206,1254.9059,1264.769319205273
19,207,1255.1316,1265.098052523501
19,208,1255.3561,1265.424694328442
19,209,1255.5796,1265.749298147183
19,210,1255.8022,1266.071917506812
19,211,1256.024,1266.392605934416
19,212,1256.2449,1266.711416957081
19,213,1256.4648,1267.028404101896
19,214,1256.6841,1267.343620895946
19,215,1256.9025,1267.65712086632
19,216,1257.1201,1267.968957540104
19,217,1257.3369,1268.279184444387
19,218,1257.5531,1268.587855106253
19,219,1257.7687,1268.895023052792
19,220,1257.9835,1269.20074181109
19,221,1258.1976,1269.505064908234
19,222,1258.4113,1269.808045871312
19,223,1258.6243,1270.109738227411
19,224,1258.8369,1270.410195503617
19,225,1259.049,1270.709471227018
19,226,1259.2605,1271.007618924702
19,227,1259.4716,1271.304692123754
19,228,1259.6823,1271.600744351264
19,229,1259.8926,1271.895829134316
19,230,1260.1025,1272.19
19,231,1260.3121,1272.483326653522
19,232,1260.5212,1272.775943512573
19,233,1260.7289,1273.068001172964
19,234,1260.9344,1273.359650230506
19,235,1261.1381,1273.651041281009
19,236,1261.3401,1273.942324920284
19,237,1261.5405,1274.233651744142
19,238,1261.7399,1274.525172348395
19,239,1261.938,1274.817037328853
19,240,1262.1354,1275.109397281326
19,241,1262.3322,1275.402402801627
19,242,1262.5286,1275.696204485565
19,243,1262.7247,1275.990952928951
19,244,1262.9209,1276.286798727597
19,245,1263.1173,1276.583892477313
19,246,1263.3142,1276.88238477391
19,247,1263.5116,1277.182426213199
19,248,1263.71,1277.484167390991
19,249,1263.9094,1277.787758903097
19,250,1264.11,1278.093351345327
19,251,1264.3121,1278.401095313493
19,252,1264.5161,1278.711141403406
19,253,1264.7218,1279.023640210876
19,254,1264.9297,1279.338742331714
19,255,1265.1396,1279.65659836173
19,256,1265.3524,1279.977358896737
19,257,1265.5677,1280.301174532545
19,258,1265.786,1280.628195864964
19,259,1266.0074,1280.958573489806
19,260,1266.232,1281.292458002881
19,261,1266.4604,1281.63
19,262,1266.6924,1281.971310301226
19,263,1266.9279,1282.316340623625
19,264,1267.1664,1282.665002908517
19,265,1267.407,1283.017209097218
19,266,1267.6497,1283.372871131049
19,267,1267.8944,1283.731900951327
19,268,1268.1412,1284.09421049937
19,269,1268.3901,1284.459711716498
19,270,1268.6412,1284.828316544028
19,271,1268.8943,1285.199936923278
19,272,1269.1494,1285.574484795568
19,273,1269.4066,1285.951872102215
19,274,1269.6659,1286.332010784539
19,275,1269.9271,1286.714812783856
19,276,1270.1904,1287.100190041487
19,277,1270.4558,1287.488054498749
19,278,1270.7231,1287.878318096961
19,279,1270.9924,1288.27089277744
19,280,1271.2638,1288.665690481506
19,281,1271.5372,1289.062623150477
19,282,1271.8125,1289.461602725671
19,283,1272.0897,1289.862541148407
19,284,1272.369,1290.265350360002
19,285,1272.6501,1290.669942301776
19,286,1272.9332,1291.076228915048
19,287,1273.2183,1291.484122141134
19,288,1273.5052,1291.893533921354
19,289,1273.7941,1292.304376197026
19,290,1274.0846,1292.716560909469
20,0,1232.624,1239.908559267027
20,1,1232.727,1240.100299513874
20,2,1232.8315,1240.290084429472
20,3,1232.9369,1240.477601927919
20,4,1233.0432,1240.662539923313
20,5,1233.15,1240.844586329752
20,6,1233.2571,1241.023429061332
20,7,1233.3643,1241.198756032152
20,8,1233.4712,1241.370255156309
20,9,1233.5776,1241.537614347901
20,10,1233.6833,1241.700521521026
20,11,1233.7881,1241.85866458978
20,12,1233.8916,1242.011731468262
20,13,1233.9937,1242.159410070568
20,14,1234.094,1242.301388310798
20,15,1234.1923,1242.437354103048
20,16,1234.2883,1242.566995361417
20,17,1234.3818,1242.69
20,18,1234.4725,1242.806155001753
20,19,1234.5613,1242.915643625056
20,20,1234.651,1243.018748197144
20,21,1234.7438,1243.115751045252
20,22,1234.8396,1243.206934496617
20,23,1234.9377,1243.292580878474
20,24,1235.0382,1243.372972518061
20,25,1235.1405,1243.448391742611
20,26,1235.2446,1243.519120879362
20,27,1235.3501,1243.585442255549
20,28,1235.4567,1243.647638198408
20,29,1235.564,1243.705991035176
20,30,1235.6719,1243.760783093087
20,31,1235.7799,1243.812296699377
20,32,1235.888,1243.860814181284
20,33,1235.9957,1243.906617866042
20,34,1236.1028,1243.949990080887
20,35,1236.2091,1243.991213153056
20,36,1236.3141,1244.030569409784
20,37,1236.4177,1244.068341178307
20,38,1236.5194,1244.104810785861
20,39,1236.6193,1244.140260559682
20,40,1236.7168,1244.174972827006
20,41,1236.8115,1244.209229915068
20,42,1236.9036,1244.243314151105
20,43,1236.9924,1244.277507862352
20,44,1237.0779,1244.312093376045
20,45,1237.1594,1244.347353019421
20,46,1237.2372,1244.383569119715
20,47,1237.3105,1244.421024004163
20,48,1237.3794,1244.46
20,49,1237.4434,1244.50072362188
20,50,1237.5035,1244.543198134119
20,51,1237.5638,1244.58737098845
20,52,1237.6271,1244.633189636607
20,53,1237.6927,1244.680601530323
20,54,1237.7609,1244.729554121332
20,55,1237.8309,1244.779994861366
20,56,1237.9028,1244.83187120216
20,57,1237.9763,1244.885130595446
20,58,1238.0509,1244.939720492958
20,59,1238.1266,1244.99558834643
20,60,1238.2029,1245.052681607594
20,61,1238.2797,1245.110947728184
20,62,1238.3567,1245.170334159933
20,63,1238.4335,1245.230788354575
20,64,1238.51,1245.292257763843
20,65,1238.586,1245.35468983947
20,66,1238.6611,1245.41803203319
20,67,1238.7351,1245.482231796736
20,68,1238.8076,1245.547236581842
20,69,1238.8784,1245.61299384024
20,70,1238.9474,1245.679451023664
20,71,1239.014,1245.746555583848
20,72,1239.0785,1245.814254972524
20,73,1239.1401,1245.882496641427
20,74,1239.1989,1245.951228042289
20,75,1239.2543,1246.020396626844
20,76,1239.3064,1246.089949846826
20,77,1239.3547,1246.159835153966
20,78,1239.399,1246.23
20,79,1239.4391,1246.30040301258
20,80,1239.4753,1246.371047523038
20,81,1239.5107,1246.441948038625
20,82,1239.5468,1246.513119066595
20,83,1239.5835,1246.584575114197
20,84,1239.621,1246.656330688685
20,85,1239.6593,1246.728400297309
20,86,1239.698,1246.800798447322
20,87,1239.7374,1246.873539645976
20,88,1239.7775,1246.946638400522
20,89,1239.8181,1247.020109218212
20,90,1239.8594,1247.093966606298
20,91,1239.9011,1247.168225072031
20,92,1239.9435,1247.242899122664
20,93,1239.9863,1247.318003265448
20,94,1240.0298,1247.393552007635
20,95,1240.0735,1247.469559856477
20,96,1240.1178,1247.546041319225
20,97,1240.1625,1247.623010903131
20,98,1240.2076,1247.700483115447
20,99,1240.2532,1247.778472463426
20,100,1240.299,1247.856993454318
20,101,1240.3452,1247.936060595375
20,102,1240.3918,1248.015688393849
20,103,1240.4386,1248.095891356993
20,104,1240.4858,1248.176683992057
20,105,1240.5333,1248.258080806293
20,106,1240.5808,1248.340096306954
20,107,1240.6288,1248.422745001291
20,108,1240.6768,1248.506041396556
20,109,1240.7251,1248.59
20,110,1240.7736,1248.674613489346
20,111,1240.8219,1248.759787224194
20,112,1240.8693,1248.845404734617
20,113,1240.9149,1248.931349550686
20,114,1240.959,1249.017505202473
20,115,1241.0016,1249.103755220048
20,116,1241.0428,1249.189983133484
20,117,1241.0828,1249.276072472851
20,118,1241.1215,1249.361906768223
20,119,1241.159,1249.447369549669
20,120,1241.1956,1249.532344347261
20,121,1241.2311,1249.616714691072
20,122,1241.2657,1249.700364111172
20,123,1241.2994,1249.783176137633
20,124,1241.3325,1249.865034300527
20,125,1241.3647,1249.945822129925
20,126,1241.3967,1250.025423155898
20,127,1241.428,1250.103720908518
20,128,1241.4589,1250.180598917857
20,129,1241.4894,1250.255940713986
20,130,1241.5197,1250.329629826976
20,131,1241.5498,1250.4015497869
20,132,1241.5798,1250.471584123828
20,133,1241.6099,1250.539616367832
20,134,1241.6399,1250.605530048984
20,135,1241.6702,1250.669208697355
20,136,1241.7006,1250.730535843017
20,137,1241.7313,1250.789395016041
20,138,1241.7625,1250.845669746498
20,139,1241.7942,1250.899243564461
20,140,1241.8263,1250.95
20,141,1241.8593,1250.997930712141
20,142,1241.8927,1251.043459875724
20,143,1241.9271,1251.087119794543
20,144,1241.9623,1251.129442772392
20,145,1241.9987,1251.170961113063
20,146,1242.0361,1251.212207120352
20,147,1242.075,1251.253713098052
20,148,1242.1151,1251.296011349956
20,149,1242.1569,1251.339634179858
20,150,1242.2002,1251.385113891553
20,151,1242.2452,1251.432982788834
20,152,1242.2922,1251.483773175495
20,153,1242.3413,1251.538017355329
20,154,1242.3925,1251.59624763213
20,155,1242.4458,1251.658996309693
20,156,1242.5015,1251.72679569181
20,157,1242.5597,1251.800178082276
20,158,1242.6205,1251.879675784885
20,159,1242.6842,1251.96582110343
20,160,1242.7505,1252.059146341704
20,161,1242.8198,1252.160183803503
20,162,1242.8922,1252.269465792619
20,163,1242.9679,1252.387524612846
20,164,1243.0469,1252.514892567979
20,165,1243.1292,1252.65210196181
20,166,1243.2151,1252.799685098134
20,167,1243.3047,1252.958174280745
20,168,1243.3981,1253.128101813435
20,169,1243.4952,1253.31
20,170,1243.5967,1253.504231947576
20,171,1243.7028,1253.710483976672
20,172,1243.8162,1253.928273211141
20,173,1243.9381,1254.157116774837
20,174,1244.0682,1254.396531791611
20,175,1244.2063,1254.646035385317
20,176,1244.352,1254.905144679807
20,177,1244.5048,1255.173376798934
20,178,1244.6646,1255.450248866551
20,179,1244.8307,1255.73527800651
20,180,1245.0029,1256.027981342665
20,181,1245.181,1256.327875998868
20,182,1245.3645,1256.634479098971
20,183,1245.5531,1256.947307766829
20,184,1245.7465,1257.265879126292
20,185,1245.944,1257.589710301214
20,186,1246.1459,1257.918318415448
20,187,1246.3512,1258.251220592846
20,188,1246.5599,1258.587933957263
20,189,1246.7716,1258.927975632548
20,190,1246.986,1259.270862742557
20,191,1247.2025,1259.616112411141
20,192,1247.4211,1259.963241762154
20,193,1247.6412,1260.311767919447
20,194,1247.8628,1260.661208006874
20,195,1248.0851,1261.011079148288
20,196,1248.308,1261.360898467541
20,197,1248.5311,1261.710183088486
20,198,1248.754,1262.058450134975
20,199,1248.9766,1262.405216730863
20,200,1249.1984,1262.75
20,201,1249.419,1263.09240646678
20,202,1249.6382,1263.432400257749
20,203,1249.8562,1263.770034899996
20,204,1250.0729,1264.105363920607
20,205,1250.2886,1264.438440846671
20,206,1250.503,1264.769319205273
20,207,1250.7164,1265.098052523501
20,208,1250.9288,1265.424694328442
20,209,1251.1401,1265.749298147183
20,210,1251.3507,1266.071917506812
20,211,1251.5602,1266.392605934416
20,212,1251.7688,1266.711416957081
20,213,1251.9767,1267.028404101896
20,214,1252.1837,1267.343620895946
20,215,1252.39,1267.65712086632
20,216,1252.5956,1267.968957540104
20,217,1252.8004,1268.279184444387
20,218,1253.0046,1268.587855106253
20,219,1253.2083,1268.895023052792
20,220,1253.4113,1269.20074181109
20,221,1253.6139,1269.505064908234
20,222,1253.8159,1269.808045871312
20,223,1254.0176,1270.109738227411
20,224,1254.2188,1270.410195503617
20,225,1254.4196,1270.709471227018
20,226,1254.6201,1271.007618924702
20,227,1254.8202,1271.304692123754
20,228,1255.0203,1271.600744351264
20,229,1255.22,1271.895829134316
20,230,1255.4194,1272.19
20,231,1255.6188,1272.483326653522
20,232,1255.8175,1272.775943512573
20,233,1256.0132,1273.068001172964
20,234,1256.2046,1273.359650230506
20,235,1256.3921,1273.651041281009
20,236,1256.5763,1273.942324920284
20,237,1256.7576,1274.233651744142
20,238,1256.9364,1274.525172348395
20,239,1257.113,1274.817037328853
20,240,1257.2882,1275.109397281326
20,241,1257.4623,1275.402402801627
20,242,1257.6356,1275.696204485565
20,243,1257.8088,1275.990952928951
20,244,1257.9823,1276.286798727597
20,245,1258.1565,1276.583892477313
20,246,1258.3317,1276.88238477391
20,247,1258.5085,1277.182426213199
20,248,1258.6876,1277.484167390991
20,249,1258.869,1277.787758903097
20,250,1259.0533,1278.093351345327
20,251,1259.2412,1278.401095313493
20,252,1259.4329,1278.711141403406
20,253,1259.6289,1279.023640210876
20,254,1259.8296,1279.338742331714
20,255,1260.0355,1279.65659836173
20,256,1260.2471,1279.977358896737
20,257,1260.4646,1280.301174532545
20,258,1260.6887,1280.628195864964
20,259,1260.9197,1280.958573489806
20,260,1261.1581,1281.292458002881
20,261,1261.4043,1281.63
20,262,1261.6588,1281.971310301226
20,263,1261.9211,1282.316340623625
20,264,1262.1897,1282.665002908517
20,265,1262.4623,1283.017209097218
20,266,1262.7393,1283.372871131049
20,267,1263.0205,1283.731900951327
20,268,1263.3062,1284.09421049937
20,269,1263.5961,1284.459711716498
20,270,1263.8905,1284.828316544028
20,271,1264.1891,1285.199936923278
20,272,1264.4921,1285.574484795568
20,273,1264.7996,1285.951872102215
20,274,1265.1113,1286.332010784539
20,275,1265.4276,1286.714812783856
20,276,1265.7483,1287.100190041487
20,277,1266.0734,1287.488054498749
20,278,1266.4028,1287.878318096961
20,279,1266.7368,1288.27089277744
20,280,1267.0752,1288.665690481506
20,281,1267.418,1289.062623150477
20,282,1267.7654,1289.461602725671
20,283,1268.1171,1289.862541148407
20,284,1268.4733,1290.265350360002
20,285,1268.8339,1290.669942301776
20,286,1269.199,1291.076228915048
20,287,1269.5686,1291.484122141134
20,288,1269.9426,1291.893533921354
20,289,1270.3212,1292.304376197026
20,290,1270.7042,1292.716560909469
21,0,1234.233,1239.908559267027
21,1,1234.3408,1240.100299513874
21,2,1234.4507,1240.290084429472
21,3,1234.562,1240.477601927919
21,4,1234.6748,1240.662539923313
21,5,1234.7887,1240.844586329752
21,6,1234.9034,1241.023429061332
21,7,1235.0188,1241.198756032152
21,8,1235.1344,1241.370255156309
21,9,1235.2501,1241.537614347901
21,10,1235.3656,1241.700521521026
21,11,1235.4805,1241.85866458978
21,12,1235.5946,1242.011731468262
21,13,1235.7076,1242.159410070568
21,14,1235.8195,1242.301388310798
21,15,1235.9297,1242.437354103048
21,16,1236.038,1242.566995361417
21,17,1236.1442,1242.69
21,18,1236.2479,1242.806155001753
21,19,1236.3505,1242.915643625056
21,20,1236.4563,1243.018748197144
21,21,1236.5684,1243.115751045252
21,22,1236.6862,1243.206934496617
21,23,1236.8093,1243.292580878474
21,24,1236.9374,1243.372972518061
21,25,1237.0696,1243.448391742611
21,26,1237.2058,1243.519120879362
21,27,1237.3455,1243.585442255549
21,28,1237.4882,1243.647638198408
21,29,1237.6332,1243.705991035176
21,30,1237.7803,1243.760783093087
21,31,1237.9288,1243.812296699377
21,32,1238.0784,1243.860814181284
21,33,1238.2285,1243.906617866042
21,34,1238.3789,1243.949990080887
21,35,1238.5288,1243.991213153056
21,36,1238.678,1244.030569409784
21,37,1238.8257,1244.068341178307
21,38,1238.9718,1244.104810785861
21,39,1239.1157,1244.140260559682
21,40,1239.257,1244.174972827006
21,41,1239.3949,1244.209229915068
21,42,1239.5294,1244.243314151105
21,43,1239.6598,1244.277507862352
21,44,1239.7856,1244.312093376045
21,45,1239.9065,1244.347353019421
21,46,1240.022,1244.383569119715
21,47,1240.1315,1244.421024004163
21,48,1240.2347,1244.46
21,49,1240.331,1244.50072362188
21,50,1240.4221,1244.543198134119
21,51,1240.5138,1244.58737098845
21,52,1240.6104,1244.633189636607
21,53,1240.7112,1244.680601530323
21,54,1240.8158,1244.729554121332
21,55,1240.9237,1244.779994861366
21,56,1241.0345,1244.83187120216
21,57,1241.1476,1244.885130595446
21,58,1241.2623,1244.939720492958
21,59,1241.3785,1244.99558834643
21,60,1241.4954,1245.052681607594
21,61,1241.6127,1245.110947728184
21,62,1241.7297,1245.170334159933
21,63,1241.8461,1245.230788354575
21,64,1241.9613,1245.292257763843
21,65,1242.0748,1245.35468983947
21,66,1242.1863,1245.41803203319
21,67,1242.295,1245.482231796736
21,68,1242.4008,1245.547236581842
21,69,1242.5029,1245.61299384024
21,70,1242.6008,1245.679451023664
21,71,1242.6943,1245.746555583848
21,72,1242.7826,1245.814254972524
21,73,1242.8655,1245.882496641427
21,74,1242.9423,1245.951228042289
21,75,1243.0126,1246.020396626844
21,76,1243.0759,1246.089949846826
21,77,1243.1318,1246.159835153966
21,78,1243.1797,1246.23
21,79,1243.2191,1246.30040301258
21,80,1243.2511,1246.371047523038
21,81,1243.2802,1246.441948038625
21,82,1243.3097,1246.513119066595
21,83,1243.3398,1246.584575114197
21,84,1243.3705,1246.656330688685
21,85,1243.4014,1246.728400297309
21,86,1243.433,1246.800798447322
21,87,1243.4648,1246.873539645976
21,88,1243.4971,1246.946638400522
21,89,1243.5298,1247.020109218212
21,90,1243.563,1247.093966606298
21,91,1243.5964,1247.168225072031
21,92,1243.6302,1247.242899122664
21,93,1243.6646,1247.318003265448
21,94,1243.6991,1247.393552007635
21,95,1243.734,1247.469559856477
21,96,1243.7693,1247.546041319225
21,97,1243.8049,1247.623010903131
21,98,1243.8408,1247.700483115447
21,99,1243.8768,1247.778472463426
21,100,1243.9133,1247.856993454318
21,101,1243.9501,1247.936060595375
21,102,1243.987,1248.015688393849
21,103,1244.0242,1248.095891356993
21,104,1244.0616,1248.176683992057
21,105,1244.0992,1248.258080806293
21,106,1244.1372,1248.340096306954
21,107,1244.1753,1248.422745001291
21,108,1244.2135,1248.506041396556
21,109,1244.252,1248.59
21,110,1244.2904,1248.674613489346
21,111,1244.3289,1248.759787224194
21,112,1244.366,1248.845404734617
21,113,1244.401,1248.931349550686
21,114,1244.4342,1249.017505202473
21,115,1244.4656,1249.103755220048
21,116,1244.4952,1249.189983133484
21,117,1244.5233,1249.276072472851
21,118,1244.5499,1249.361906768223
21,119,1244.5753,1249.447369549669
21,120,1244.5994,1249.532344347261
21,121,1244.6224,1249.616714691072
21,122,1244.6447,1249.700364111172
21,123,1244.6659,1249.783176137633
21,124,1244.6865,1249.865034300527
21,125,1244.7064,1249.945822129925
21,126,1244.7258,1250.025423155898
21,127,1244.745,1250.103720908518
21,128,1244.7639,1250.180598917857
21,129,1244.7826,1250.255940713986
21,130,1244.8013,1250.329629826976
21,131,1244.8202,1250.4015497869
21,132,1244.8394,1250.471584123828
21,133,1244.8588,1250.539616367832
21,134,1244.8788,1250.605530048984
21,135,1244.8993,1250.669208697355
21,136,1244.9205,1250.730535843017
21,137,1244.9426,1250.789395016041
21,138,1244.9657,1250.845669746498
21,139,1244.9897,1250.899243564461
21,140,1245.015,1250.95
21,141,1245.0417,1250.997930712141
21,142,1245.0698,1251.043459875724
21,143,1245.0994,1251.087119794543
21,144,1245.1306,1251.129442772392
21,145,1245.1633,1251.170961113063
21,146,1245.1979,1251.212207120352
21,147,1245.234,1251.253713098052
21,148,1245.2719,1251.296011349956
21,149,1245.3116,1251.339634179858
21,150,1245.3531,1251.385113891553
21,151,1245.3966,1251.432982788834
21,152,1245.442,1251.483773175495
21,153,1245.4893,1251.538017355329
21,154,1245.5387,1251.59624763213
21,155,1245.5902,1251.658996309693
21,156,1245.6437,1251.72679569181
21,157,1245.6993,1251.800178082276
21,158,1245.7572,1251.879675784885
21,159,1245.8174,1251.96582110343
21,160,1245.8799,1252.059146341704
21,161,1245.9446,1252.160183803503
21,162,1246.0117,1252.269465792619
21,163,1246.0813,1252.387524612846
21,164,1246.1534,1252.514892567979
21,165,1246.2279,1252.65210196181
21,166,1246.3049,1252.799685098134
21,167,1246.3846,1252.958174280745
21,168,1246.467,1253.128101813435
21,169,1246.552,1253.31
21,170,1246.6398,1253.504231947576
21,171,1246.7314,1253.710483976672
21,172,1246.8313,1253.928273211141
21,173,1246.9415,1254.157116774837
21,174,1247.0619,1254.396531791611
21,175,1247.1918,1254.646035385317
21,176,1247.3309,1254.905144679807
21,177,1247.4789,1255.173376798934
21,178,1247.6351,1255.450248866551
21,179,1247.7992,1255.73527800651
21,180,1247.9706,1256.027981342665
21,181,1248.1489,1256.327875998868
21,182,1248.3339,1256.634479098971
21,183,1248.5247,1256.947307766829
21,184,1248.7211,1257.265879126292
21,185,1248.9227,1257.589710301214
21,186,1249.129,1257.918318415448
21,187,1249.3395,1258.251220592846
21,188,1249.5537,1258.587933957263
21,189,1249.7714,1258.927975632548
21,190,1249.992,1259.270862742557
21,191,1250.2151,1259.616112411141
21,192,1250.44,1259.963241762154
21,193,1250.6667,1260.311767919447
21,194,1250.8944,1260.661208006874
21,195,1251.1229,1261.011079148288
21,196,1251.3517,1261.360898467541
21,197,1251.5804,1261.710183088486
21,198,1251.8085,1262.058450134975
21,199,1252.0355,1262.405216730863
21,200,1252.2611,1262.75
21,201,1252.4849,1263.09240646678
21,202,1252.7065,1263.432400257749
21,203,1252.9268,1263.770034899996
21,204,1253.1461,1264.105363920607
21,205,1253.3645,1264.438440846671
21,206,1253.582,1264.769319205273
21,207,1253.7987,1265.098052523501
21,208,1254.0145,1265.424694328442
21,209,1254.2295,1265.749298147183
21,210,1254.4438,1266.071917506812
21,211,1254.6573,1266.392605934416
21,212,1254.8701,1266.711416957081
21,213,1255.0823,1267.028404101896
21,214,1255.2937,1267.343620895946
21,215,1255.5044,1267.65712086632
21,216,1255.7145,1267.968957540104
21,217,1255.9241,1268.279184444387
21,218,1256.1329,1268.587855106253
21,219,1256.3413,1268.895023052792
21,220,1256.5492,1269.20074181109
21,221,1256.7566,1269.505064908234
21,222,1256.9634,1269.808045871312
21,223,1257.1697,1270.109738227411
21,224,1257.3757,1270.410195503617
21,225,1257.5813,1270.709471227018
21,226,1257.7865,1271.007618924702
21,227,1257.9912,1271.304692123754
21,228,1258.1957,1271.600744351264
21,229,1258.3999,1271.895829134316
21,230,1258.6038,1272.19
21,231,1258.8074,1272.483326653522
21,232,1259.01,1272.775943512573
21,233,1259.2091,1273.068001172964
21,234,1259.4032,1273.359650230506
21,235,1259.5928,1273.651041281009
21,236,1259.7784,1273.942324920284
21,237,1259.9606,1274.233651744142
21,238,1260.1399,1274.525172348395
21,239,1260.3169,1274.817037328853
21,240,1260.492,1275.109397281326
21,241,1260.6659,1275.402402801627
21,242,1260.8389,1275.696204485565
21,243,1261.0118,1275.990952928951
21,244,1261.1849,1276.286798727597
21,245,1261.359,1276.583892477313
21,246,1261.5343,1276.88238477391
21,247,1261.7115,1277.182426213199
21,248,1261.8912,1277.484167390991
21,249,1262.074,1277.787758903097
21,250,1262.2603,1278.093351345327
21,251,1262.4503,1278.401095313493
21,252,1262.645,1278.711141403406
21,253,1262.845,1279.023640210876
21,254,1263.0503,1279.338742331714
21,255,1263.2618,1279.65659836173
21,256,1263.4802,1279.977358896737
21,257,1263.7056,1280.301174532545
21,258,1263.9387,1280.628195864964
21,259,1264.1803,1280.958573489806
21,260,1264.4304,1281.292458002881
21,261,1264.6898,1281.63
21,262,1264.9591,1281.971310301226
21,263,1265.2379,1282.316340623625
21,264,1265.524,1282.665002908517
21,265,1265.8154,1283.017209097218
21,266,1266.112,1283.372871131049
21,267,1266.4142,1283.731900951327
21,268,1266.7214,1284.09421049937
21,269,1267.0342,1284.459711716498
21,270,1267.3523,1284.828316544028
21,271,1267.6757,1285.199936923278
21,272,1268.0044,1285.574484795568
21,273,1268.3385,1285.951872102215
21,274,1268.678,1286.332010784539
21,275,1269.0228,1286.714812783856
21,276,1269.373,1287.100190041487
21,277,1269.7284,1287.488054498749
21,278,1270.0894,1287.878318096961
21,279,1270.4554,1288.27089277744
21,280,1270.827,1288.665690481506
21,281,1271.2039,1289.062623150477
21,282,1271.586,1289.461602725671
21,283,1271.9736,1289.862541148407
21,284,1272.3666,1290.265350360002
21,285,1272.7649,1290.669942301776
21,286,1273.1683,1291.076228915048
21,287,1273.5771,1291.484122141134
21,288,1273.9913,1291.893533921354
21,289,1274.4109,1292.304376197026
21,290,1274.8356,1292.716560909469
22,0,1228.0691,1239.908559267027
22,1,1228.1514,1240.100299513874
22,2,1228.2354,1240.290084429472
22,3,1228.3206,1240.477601927919
22,4,1228.4069,1240.662539923313
22,5,1228.494,1240.844586329752
22,6,1228.5818,1241.023429061332
22,7,1228.6698,1241.198756032152
22,8,1228.7582,1241.370255156309
22,9,1228.8464,1241.537614347901
22,10,1228.9343,1241.700521521026
22,11,1229.0219,1241.85866458978
22,12,1229.1085,1242.011731468262
22,13,1229.1943,1242.159410070568
22,14,1229.2788,1242.301388310798
22,15,1229.362,1242.437354103048
22,16,1229.4436,1242.566995361417
22,17,1229.5233,1242.69
22,18,1229.6008,1242.806155001753
22,19,1229.6771,1242.915643625056
22,20,1229.7552,1243.018748197144
22,21,1229.8372,1243.115751045252
22,22,1229.9227,1243.206934496617
22,23,1230.0115,1243.292580878474
22,24,1230.1029,1243.372972518061
22,25,1230.197,1243.448391742611
22,26,1230.2933,1243.519120879362
22,27,1230.3915,1243.585442255549
22,28,1230.4912,1243.647638198408
22,29,1230.5923,1243.705991035176
22,30,1230.6942,1243.760783093087
22,31,1230.7969,1243.812296699377
22,32,1230.8995,1243.860814181284
22,33,1231.0023,1243.906617866042
22,34,1231.1047,1243.949990080887
22,35,1231.2064,1243.991213153056
22,36,1231.3071,1244.030569409784
22,37,1231.4065,1244.068341178307
22,38,1231.5043,1244.104810785861
22,39,1231.6001,1244.140260559682
22,40,1231.6935,1244.174972827006
22,41,1231.7844,1244.209229915068
22,42,1231.8724,1244.243314151105
22,43,1231.9572,1244.277507862352
22,44,1232.0385,1244.312093376045
22,45,1232.1158,1244.347353019421
22,46,1232.189,1244.383569119715
22,47,1232.2577,1244.421024004163
22,48,1232.3217,1244.46
22,49,1232.3804,1244.50072362188
22,50,1232.4352,1244.543198134119
22,51,1232.4896,1244.58737098845
22,52,1232.5466,1244.633189636607
22,53,1232.6058,1244.680601530323
22,54,1232.6671,1244.729554121332
22,55,1232.7302,1244.779994861366
22,56,1232.7949,1244.83187120216
22,57,1232.8608,1244.885130595446
22,58,1232.9279,1244.939720492958
22,59,1232.9956,1244.99558834643
22,60,1233.064,1245.052681607594
22,61,1233.1327,1245.110947728184
22,62,1233.2014,1245.170334159933
22,63,1233.2701,1245.230788354575
22,64,1233.3383,1245.292257763843
22,65,1233.4059,1245.35468983947
22,66,1233.4727,1245.41803203319
22,67,1233.5383,1245.482231796736
22,68,1233.6028,1245.547236581842
22,69,1233.6654,1245.61299384024
22,70,1233.7264,1245.679451023664
22,71,1233.7855,1245.746555583848
22,72,1233.842,1245.814254972524
22,73,1233.8962,1245.882496641427
22,74,1233.9478,1245.951228042289
22,75,1233.9962,1246.020396626844
22,76,1234.0415,1246.089949846826
22,77,1234.0835,1246.159835153966
22,78,1234.1217,1246.23
22,79,1234.1561,1246.30040301258
22,80,1234.1871,1246.371047523038
22,81,1234.2172,1246.441948038625
22,82,1234.248,1246.513119066595
22,83,1234.2798,1246.584575114197
22,84,1234.3124,1246.656330688685
22,85,1234.3458,1246.728400297309
22,86,1234.38,1246.800798447322
22,87,1234.4149,1246.873539645976
22,88,1234.4506,1246.946638400522
22,89,1234.4869,1247.020109218212
22,90,1234.5238,1247.093966606298
22,91,1234.5614,1247.168225072031
22,92,1234.5996,1247.242899122664
22,93,1234.6383,1247.318003265448
22,94,1234.6777,1247.393552007635
22,95,1234.7174,1247.469559856477
22,96,1234.7577,1247.546041319225
22,97,1234.7985,1247.623010903131
22,98,1234.8396,1247.700483115447
22,99,1234.8811,1247.778472463426
22,100,1234.9231,1247.856993454318
22,101,1234.9653,1247.936060595375
22,102,1235.0078,1248.015688393849
22,103,1235.0507,1248.095891356993
22,104,1235.0938,1248.176683992057
22,105,1235.1371,1248.258080806293
22,106,1235.1805,1248.340096306954
22,107,1235.2242,1248.422745001291
22,108,1235.2681,1248.506041396556
22,109,1235.312,1248.59
22,110,1235.356,1248.674613489346
22,111,1235.3997,1248.759787224194
22,112,1235.4423,1248.845404734617
22,113,1235.483,1248.931349550686
22,114,1235.5222,1249.017505202473
22,115,1235.5597,1249.103755220048
22,116,1235.5958,1249.189983133484
22,117,1235.6306,1249.276072472851
22,118,1235.664,1249.361906768223
22,119,1235.6962,1249.447369549669
22,120,1235.7273,1249.532344347261
22,121,1235.7574,1249.616714691072
22,122,1235.7866,1249.700364111172
22,123,1235.8151,1249.783176137633
22,124,1235.8428,1249.865034300527
22,125,1235.8699,1249.945822129925
22,126,1235.8965,1250.025423155898
22,127,1235.9227,1250.103720908518
22,128,1235.9485,1250.180598917857
22,129,1235.974,1250.255940713986
22,130,1235.9995,1250.329629826976
22,131,1236.025,1250.4015497869
22,132,1236.0504,1250.471584123828
22,133,1236.076,1250.539616367832
22,134,1236.1019,1250.605530048984
22,135,1236.1282,1250.669208697355
22,136,1236.1549,1250.730535843017
22,137,1236.1821,1250.789395016041
22,138,1236.2101,1250.845669746498
22,139,1236.2386,1250.899243564461
22,140,1236.268,1250.95
22,141,1236.2983,1250.997930712141
22,142,1236.3297,1251.043459875724
22,143,1236.3622,1251.087119794543
22,144,1236.3958,1251.129442772392
22,145,1236.4307,1251.170961113063
22,146,1236.4669,1251.212207120352
22,147,1236.5044,1251.253713098052
22,148,1236.5436,1251.296011349956
22,149,1236.5842,1251.339634179858
22,150,1236.6266,1251.385113891553
22,151,1236.6705,1251.432982788834
22,152,1236.7163,1251.483773175495
22,153,1236.7639,1251.538017355329
22,154,1236.8134,1251.59624763213
22,155,1236.865,1251.658996309693
22,156,1236.9186,1251.72679569181
22,157,1236.9742,1251.800178082276
22,158,1237.0322,1251.879675784885
22,159,1237.0924,1251.96582110343
22,160,1237.1552,1252.059146341704
22,161,1237.2202,1252.160183803503
22,162,1237.2878,1252.269465792619
22,163,1237.3579,1252.387524612846
22,164,1237.4308,1252.514892567979
22,165,1237.5063,1252.65210196181
22,166,1237.5847,1252.799685098134
22,167,1237.666,1252.958174280745
22,168,1237.7501,1253.128101813435
22,169,1237.8374,1253.31
22,170,1237.9277,1253.504231947576
22,171,1238.0219,1253.710483976672
22,172,1238.1221,1253.928273211141
22,173,1238.2297,1254.157116774837
22,174,1238.3445,1254.396531791611
22,175,1238.466,1254.646035385317
22,176,1238.5941,1254.905144679807
22,177,1238.7284,1255.173376798934
22,178,1238.8687,1255.450248866551
22,179,1239.0145,1255.73527800651
22,180,1239.1656,1256.027981342665
22,181,1239.3218,1256.327875998868
22,182,1239.4827,1256.634479098971
22,183,1239.648,1256.947307766829
22,184,1239.8173,1257.265879126292
22,185,1239.9905,1257.589710301214
22,186,1240.167,1257.918318415448
22,187,1240.3469,1258.251220592846
22,188,1240.5297,1258.587933957263
22,189,1240.7151,1258.927975632548
22,190,1240.9027,1259.270862742557
22,191,1241.0924,1259.616112411141
22,192,1241.2838,1259.963241762154
22,193,1241.4768,1260.311767919447
22,194,1241.6707,1260.661208006874
22,195,1241.8656,1261.011079148288
22,196,1242.0609,1261.360898467541
22,197,1242.2566,1261.710183088486
22,198,1242.4523,1262.058450134975
22,199,1242.6477,1262.405216730863
22,200,1242.8424,1262.75
22,201,1243.0363,1263.09240646678
22,202,1243.2291,1263.432400257749
22,203,1243.4207,1263.770034899996
22,204,1243.6112,1264.105363920607
22,205,1243.8009,1264.438440846671
22,206,1243.9895,1264.769319205273
22,207,1244.1772,1265.098052523501
22,208,1244.3643,1265.424694328442
22,209,1244.5502,1265.749298147183
22,210,1244.7356,1266.071917506812
22,211,1244.9202,1266.392605934416
22,212,1245.104,1266.711416957081
22,213,1245.2871,1267.028404101896
22,214,1245.4697,1267.343620895946
22,215,1245.6516,1267.65712086632
22,216,1245.833,1267.968957540104
22,217,1246.014,1268.279184444387
22,218,1246.1945,1268.587855106253
22,219,1246.3745,1268.895023052792
22,220,1246.5541,1269.20074181109
22,221,1246.7334,1269.505064908234
22,222,1246.9124,1269.808045871312
22,223,1247.0911,1270.109738227411
22,224,1247.2695,1270.410195503617
22,225,1247.4478,1270.709471227018
22,226,1247.626,1271.007618924702
22,227,1247.8038,1271.304692123754
22,228,1247.9818,1271.600744351264
22,229,1248.1598,1271.895829134316
22,230,1248.3375,1272.19
22,231,1248.5155,1272.483326653522
22,232,1248.6927,1272.775943512573
22,233,1248.8668,1273.068001172964
22,234,1249.0366,1273.359650230506
22,235,1249.2025,1273.651041281009
22,236,1249.3649,1273.942324920284
22,237,1249.5243,1274.233651744142
22,238,1249.6812,1274.525172348395
22,239,1249.8358,1274.817037328853
22,240,1249.9889,1275.109397281326
22,241,1250.1407,1275.402402801627
22,242,1250.2919,1275.696204485565
22,243,1250.4426,1275.990952928951
22,244,1250.5935,1276.286798727597
22,245,1250.7451,1276.583892477313
22,246,1250.8976,1276.88238477391
22,247,1251.0518,1277.182426213199
22,248,1251.2076,1277.484167390991
22,249,1251.3661,1277.787758903097
22,250,1251.5273,1278.093351345327
22,251,1251.6919,1278.401095313493
22,252,1251.8601,1278.711141403406
22,253,1252.0326,1279.023640210876
22,254,1252.2097,1279.338742331714
22,255,1252.3917,1279.65659836173
22,256,1252.5795,1279.977358896737
22,257,1252.7731,1280.301174532545
22,258,1252.973,1280.628195864964
22,259,1253.1799,1280.958573489806
22,260,1253.394,1281.292458002881
22,261,1253.6158,1281.63
22,262,1253.8457,1281.971310301226
22,263,1254.0834,1282.316340623625
22,264,1254.3265,1282.665002908517
22,265,1254.5737,1283.017209097218
22,266,1254.8248,1283.372871131049
22,267,1255.08,1283.731900951327
22,268,1255.3391,1284.09421049937
22,269,1255.6024,1284.459711716498
22,270,1255.8699,1284.828316544028
22,271,1256.1415,1285.199936923278
22,272,1256.4172,1285.574484795568
22,273,1256.6974,1285.951872102215
22,274,1256.9818,1286.332010784539
22,275,1257.2706,1286.714812783856
22,276,1257.5637,1287.100190041487
22,277,1257.8613,1287.488054498749
22,278,1258.1635,1287.878318096961
22,279,1258.47,1288.27089277744
22,280,1258.7811,1288.665690481506
22,281,1259.0969,1289.062623150477
22,282,1259.4171,1289.461602725671
22,283,1259.7422,1289.862541148407
22,284,1260.0719,1290.265350360002
22,285,1260.4062,1290.669942301776
22,286,1260.7454,1291.076228915048
22,287,1261.0894,1291.484122141134
22,288,1261.4381,1291.893533921354
22,289,1261.7917,1292.304376197026
22,290,1262.1501,1292.716560909469
23,0,1227.6425,1239.908559267027
23,1,1227.7358,1240.100299513874
23,2,1227.8308,1240.290084429472
23,3,1227.9272,1240.477601927919
23,4,1228.0248,1240.662539923313
23,5,1228.1232,1240.844586329752
23,6,1228.2222,1241.023429061332
23,7,1228.3214,1241.198756032152
23,8,1228.4208,1241.370255156309
23,9,1228.5199,1241.537614347901
23,10,1228.6187,1241.700521521026
23,11,1228.7164,1241.85866458978
23,12,1228.8135,1242.011731468262
23,13,1228.909,1242.159410070568
23,14,1229.0032,1242.301388310798
23,15,1229.0955,1242.437354103048
23,16,1229.1858,1242.566995361417
23,17,1229.2737,1242.69
23,18,1229.359,1242.806155001753
23,19,1229.4424,1242.915643625056
23,20,1229.5273,1243.018748197144
23,21,1229.6158,1243.115751045252
23,22,1229.7076,1243.206934496617
23,23,1229.8025,1243.292580878474
23,24,1229.8999,1243.372972518061
23,25,1229.9996,1243.448391742611
23,26,1230.1014,1243.519120879362
23,27,1230.205,1243.585442255549
23,28,1230.3097,1243.647638198408
23,29,1230.4156,1243.705991035176
23,30,1230.5221,1243.760783093087
23,31,1230.629,1243.812296699377
23,32,1230.7361,1243.860814181284
23,33,1230.8428,1243.906617866042
23,34,1230.9489,1243.949990080887
23,35,1231.054,1243.991213153056
23,36,1231.158,1244.030569409784
23,37,1231.2605,1244.068341178307
23,38,1231.361,1244.104810785861
23,39,1231.4594,1244.140260559682
23,40,1231.5552,1244.174972827006
23,41,1231.6483,1244.209229915068
23,42,1231.738,1244.243314151105
23,43,1231.8246,1244.277507862352
23,44,1231.9072,1244.312093376045
23,45,1231.9858,1244.347353019421
23,46,1232.06,1244.383569119715
23,47,1232.1296,1244.421024004163
23,48,1232.1941,1244.46
23,49,1232.2533,1244.50072362188
23,50,1232.3081,1244.543198134119
23,51,1232.3625,1244.58737098845
23,52,1232.4196,1244.633189636607
23,53,1232.479,1244.680601530323
23,54,1232.5403,1244.729554121332
23,55,1232.6036,1244.779994861366
23,56,1232.6686,1244.83187120216
23,57,1232.7347,1244.885130595446
23,58,1232.802,1244.939720492958
23,59,1232.8702,1244.99558834643
23,60,1232.939,1245.052681607594
23,61,1233.008,1245.110947728184
23,62,1233.0773,1245.170334159933
23,63,1233.1462,1245.230788354575
23,64,1233.215,1245.292257763843
23,65,1233.283,1245.35468983947
23,66,1233.3501,1245.41803203319
23,67,1233.4161,1245.482231796736
23,68,1233.4808,1245.547236581842
23,69,1233.544,1245.61299384024
23,70,1233.6052,1245.679451023664
23,71,1233.6644,1245.746555583848
23,72,1233.7214,1245.814254972524
23,73,1233.7758,1245.882496641427
23,74,1233.8275,1245.951228042289
23,75,1233.876,1246.020396626844
23,76,1233.9214,1246.089949846826
23,77,1233.9634,1246.159835153966
23,78,1234.0016,1246.23
23,79,1234.0359,1246.30040301258
23,80,1234.0668,1246.371047523038
23,81,1234.0962,1246.441948038625
23,82,1234.1263,1246.513119066595
23,83,1234.1572,1246.584575114197
23,84,1234.1887,1246.656330688685
23,85,1234.2208,1246.728400297309
23,86,1234.2534,1246.800798447322
23,87,1234.2866,1246.873539645976
23,88,1234.3203,1246.946638400522
23,89,1234.3546,1247.020109218212
23,90,1234.3893,1247.093966606298
23,91,1234.4246,1247.168225072031
23,92,1234.4602,1247.242899122664
23,93,1234.4965,1247.318003265448
23,94,1234.533,1247.393552007635
23,95,1234.5701,1247.469559856477
23,96,1234.6074,1247.546041319225
23,97,1234.645,1247.623010903131
23,98,1234.6831,1247.700483115447
23,99,1234.7216,1247.778472463426
23,100,1234.7604,1247.856993454318
23,101,1234.7993,1247.936060595375
23,102,1234.8387,1248.015688393849
23,103,1234.8783,1248.095891356993
23,104,1234.9181,1248.176683992057
23,105,1234.9581,1248.258080806293
23,106,1234.9984,1248.340096306954
23,107,1235.0388,1248.422745001291
23,108,1235.0795,1248.506041396556
23,109,1235.1201,1248.59
23,110,1235.161,1248.674613489346
23,111,1235.2018,1248.759787224194
23,112,1235.2412,1248.845404734617
23,113,1235.2787,1248.931349550686
23,114,1235.3146,1249.017505202473
23,115,1235.3486,1249.103755220048
23,116,1235.3812,1249.189983133484
23,117,1235.4125,1249.276072472851
23,118,1235.4423,1249.361906768223
23,119,1235.4708,1249.447369549669
23,120,1235.4983,1249.532344347261
23,121,1235.5247,1249.616714691072
23,122,1235.5502,1249.700364111172
23,123,1235.5748,1249.783176137633
23,124,1235.5988,1249.865034300527
23,125,1235.6222,1249.945822129925
23,126,1235.6451,1250.025423155898
23,127,1235.6675,1250.103720908518
23,128,1235.6897,1250.180598917857
23,129,1235.7118,1250.255940713986
23,130,1235.7338,1250.329629826976
23,131,1235.7557,1250.4015497869
23,132,1235.7778,1250.471584123828
23,133,1235.8002,1250.539616367832
23,134,1235.8228,1250.605530048984
23,135,1235.846,1250.669208697355
23,136,1235.8698,1250.730535843017
23,137,1235.8942,1250.789395016041
23,138,1235.9193,1250.845669746498
23,139,1235.9453,1250.899243564461
23,140,1235.9724,1250.95
23,141,1236.0005,1250.997930712141
23,142,1236.0298,1251.043459875724
23,143,1236.0604,1251.087119794543
23,144,1236.0924,1251.129442772392
23,145,1236.1257,1251.170961113063
23,146,1236.1605,1251.212207120352
23,147,1236.1969,1251.253713098052
23,148,1236.2347,1251.296011349956
23,149,1236.2744,1251.339634179858
23,150,1236.3157,1251.385113891553
23,151,1236.3588,1251.432982788834
23,152,1236.4037,1251.483773175495
23,153,1236.4506,1251.538017355329
23,154,1236.4993,1251.59624763213
23,155,1236.55,1251.658996309693
23,156,1236.6029,1251.72679569181
23,157,1236.658,1251.800178082276
23,158,1236.7151,1251.879675784885
23,159,1236.7745,1251.96582110343
23,160,1236.8363,1252.059146341704
23,161,1236.9004,1252.160183803503
23,162,1236.9669,1252.269465792619
23,163,1237.036,1252.387524612846
23,164,1237.1077,1252.514892567979
23,165,1237.1819,1252.65210196181
23,166,1237.2588,1252.799685098134
23,167,1237.3384,1252.958174280745
23,168,1237.4208,1253.128101813435
23,169,1237.506,1253.31
23,170,1237.5942,1253.504231947576
23,171,1237.6859,1253.710483976672
23,172,1237.7833,1253.928273211141
23,173,1237.888,1254.157116774837
23,174,1237.9994,1254.396531791611
23,175,1238.1176,1254.646035385317
23,176,1238.242,1254.905144679807
23,177,1238.3724,1255.173376798934
23,178,1238.5087,1255.450248866551
23,179,1238.6504,1255.73527800651
23,180,1238.7972,1256.027981342665
23,181,1238.949,1256.327875998868
23,182,1239.1053,1256.634479098971
23,183,1239.2661,1256.947307766829
23,184,1239.4308,1257.265879126292
23,185,1239.5994,1257.589710301214
23,186,1239.7712,1257.918318415448
23,187,1239.9464,1258.251220592846
23,188,1240.1244,1258.587933957263
23,189,1240.3052,1258.927975632548
23,190,1240.4883,1259.270862742557
23,191,1240.6735,1259.616112411141
23,192,1240.8602,1259.963241762154
23,193,1241.0488,1260.311767919447
23,194,1241.2384,1260.661208006874
23,195,1241.4291,1261.011079148288
23,196,1241.6206,1261.360898467541
23,197,1241.8123,1261.710183088486
23,198,1242.0044,1262.058450134975
23,199,1242.1963,1262.405216730863
23,200,1242.3878,1262.75
23,201,1242.5787,1263.09240646678
23,202,1242.7687,1263.432400257749
23,203,1242.9576,1263.770034899996
23,204,1243.1456,1264.105363920607
23,205,1243.3326,1264.438440846671
23,206,1243.5187,1264.769319205273
23,207,1243.7039,1265.098052523501
23,208,1243.8883,1265.424694328442
23,209,1244.0717,1265.749298147183
23,210,1244.2544,1266.071917506812
23,211,1244.4363,1266.392605934416
23,212,1244.6176,1266.711416957081
23,213,1244.798,1267.028404101896
23,214,1244.9779,1267.343620895946
23,215,1245.157,1267.65712086632
23,216,1245.3356,1267.968957540104
23,217,1245.5137,1268.279184444387
23,218,1245.691,1268.587855106253
23,219,1245.868,1268.895023052792
23,220,1246.0444,1269.20074181109
23,221,1246.2205,1269.505064908234
23,222,1246.3961,1269.808045871312
23,223,1246.5713,1270.109738227411
23,224,1246.7461,1270.410195503617
23,225,1246.9207,1270.709471227018
23,226,1247.0948,1271.007618924702
23,227,1247.2688,1271.304692123754
23,228,1247.4426,1271.600744351264
23,229,1247.6161,1271.895829134316
23,230,1247.7894,1272.19
23,231,1247.9626,1272.483326653522
23,232,1248.1349,1272.775943512573
23,233,1248.3036,1273.068001172964
23,234,1248.4673,1273.359650230506
23,235,1248.6263,1273.651041281009
23,236,1248.7816,1273.942324920284
23,237,1248.9332,1274.233651744142
23,238,1249.082,1274.525172348395
23,239,1249.2284,1274.817037328853
23,240,1249.373,1275.109397281326
23,241,1249.5164,1275.402402801627
23,242,1249.6588,1275.696204485565
23,243,1249.8011,1275.990952928951
23,244,1249.9437,1276.286798727597
23,245,1250.0873,1276.583892477313
23,246,1250.2322,1276.88238477391
23,247,1250.3789,1277.182426213199
23,248,1250.5282,1277.484167390991
23,249,1250.6803,1277.787758903097
23,250,1250.836,1278.093351345327
23,251,1250.9958,1278.401095313493
23,252,1251.1602,1278.711141403406
23,253,1251.3296,1279.023640210876
23,254,1251.5046,1279.338742331714
23,255,1251.6859,1279.65659836173
23,256,1251.8739,1279.977358896737
23,257,1252.069,1280.301174532545
23,258,1252.2719,1280.628195864964
23,259,1252.483,1280.958573489806
23,260,1252.7029,1281.292458002881
23,261,1252.932,1281.63
23,262,1253.1709,1281.971310301226
23,263,1253.4193,1282.316340623625
23,264,1253.6746,1282.665002908517
23,265,1253.935,1283.017209097218
23,266,1254.2004,1283.372871131049
23,267,1254.4712,1283.731900951327
23,268,1254.7468,1284.09421049937
23,269,1255.0277,1284.459711716498
23,270,1255.3138,1284.828316544028
23,271,1255.605,1285.199936923278
23,272,1255.9014,1285.574484795568
23,273,1256.203,1285.951872102215
23,274,1256.5099,1286.332010784539
23,275,1256.8219,1286.714812783856
23,276,1257.139,1287.100190041487
23,277,1257.4615,1287.488054498749
23,278,1257.7892,1287.878318096961
23,279,1258.1222,1288.27089277744
23,280,1258.4603,1288.665690481506
23,281,1258.8038,1289.062623150477
23,282,1259.1525,1289.461602725671
23,283,1259.5065,1289.862541148407
23,284,1259.8657,1290.265350360002
23,285,1260.2302,1290.669942301776
23,286,1260.6001,1291.076228915048
23,287,1260.9751,1291.484122141134
23,288,1261.3555,1291.893533921354
23,289,1261.7411,1292.304376197026
23,290,1262.132,1292.716560909469
24,0,1226.7168,1239.908559267027
24,1,1226.818,1240.100299513874
24,2,1226.9205,1240.290084429472
24,3,1227.0244,1240.477601927919
24,4,1227.1293,1240.662539923313
24,5,1227.2351,1240.844586329752
24,6,1227.3416,1241.023429061332
24,7,1227.4484,1241.198756032152
24,8,1227.5554,1241.370255156309
24,9,1227.6625,1241.537614347901
24,10,1227.7694,1241.700521521026
24,11,1227.8759,1241.85866458978
24,12,1227.9817,1242.011731468262
24,13,1228.0867,1242.159410070568
24,14,1228.1906,1242.301388310798
24,15,1228.2933,1242.437354103048
24,16,1228.3945,1242.566995361417
24,17,1228.4941,1242.69
24,18,1228.5919,1242.806155001753
24,19,1228.689,1242.915643625056
24,20,1228.7897,1243.018748197144
24,21,1228.8967,1243.115751045252
24,22,1229.0096,1243.206934496617
24,23,1229.1279,1243.292580878474
24,24,1229.2512,1243.372972518061
24,25,1229.3792,1243.448391742611
24,26,1229.5111,1243.519120879362
24,27,1229.6467,1243.585442255549
24,28,1229.7854,1243.647638198408
24,29,1229.927,1243.705991035176
24,30,1230.0709,1243.760783093087
24,31,1230.2166,1243.812296699377
24,32,1230.3638,1243.860814181284
24,33,1230.5117,1243.906617866042
24,34,1230.6604,1243.949990080887
24,35,1230.8092,1243.991213153056
24,36,1230.9574,1244.030569409784
24,37,1231.1051,1244.068341178307
24,38,1231.2513,1244.104810785861
24,39,1231.396,1244.140260559682
24,40,1231.5385,1244.174972827006
24,41,1231.6783,1244.209229915068
24,42,1231.8153,1244.243314151105
24,43,1231.949,1244.277507862352
24,44,1232.0785,1244.312093376045
24,45,1232.2039,1244.347353019421
24,46,1232.3245,1244.383569119715
24,47,1232.4398,1244.421024004163
24,48,1232.5497,1244.46
24,49,1232.6533,1244.50072362188
24,50,1232.7527,1244.543198134119
24,51,1232.8535,1244.58737098845
24,52,1232.9597,1244.633189636607
24,53,1233.0708,1244.680601530323
24,54,1233.186,1244.729554121332
24,55,1233.305,1244.779994861366
24,56,1233.4271,1244.83187120216
24,57,1233.5518,1244.885130595446
24,58,1233.6783,1244.939720492958
24,59,1233.8064,1244.99558834643
24,60,1233.9353,1245.052681607594
24,61,1234.0643,1245.110947728184
24,62,1234.1934,1245.170334159933
24,63,1234.3214,1245.230788354575
24,64,1234.448,1245.292257763843
24,65,1234.5726,1245.35468983947
24,66,1234.6948,1245.41803203319
24,67,1234.814,1245.482231796736
24,68,1234.9294,1245.547236581842
24,69,1235.0408,1245.61299384024
24,70,1235.1473,1245.679451023664
24,71,1235.2487,1245.746555583848
24,72,1235.3439,1245.814254972524
24,73,1235.4329,1245.882496641427
24,74,1235.515,1245.951228042289
24,75,1235.5895,1246.020396626844
24,76,1235.6559,1246.089949846826
24,77,1235.7136,1246.159835153966
24,78,1235.7623,1246.23
24,79,1235.8011,1246.30040301258
24,80,1235.8315,1246.371047523038
24,81,1235.8586,1246.441948038625
24,82,1235.8862,1246.513119066595
24,83,1235.9142,1246.584575114197
24,84,1235.9424,1246.656330688685
24,85,1235.9712,1246.728400297309
24,86,1236.0002,1246.800798447322
24,87,1236.0295,1246.873539645976
24,88,1236.0593,1246.946638400522
24,89,1236.0895,1247.020109218212
24,90,1236.1199,1247.093966606298
24,91,1236.1506,1247.168225072031
24,92,1236.1816,1247.242899122664
24,93,1236.213,1247.318003265448
24,94,1236.2446,1247.393552007635
24,95,1236.2766,1247.469559856477
24,96,1236.3087,1247.546041319225
24,97,1236.3413,1247.623010903131
24,98,1236.374,1247.700483115447
24,99,1236.4071,1247.778472463426
24,100,1236.4403,1247.856993454318
24,101,1236.4738,1247.936060595375
24,102,1236.5074,1248.015688393849
24,103,1236.5414,1248.095891356993
24,104,1236.5756,1248.176683992057
24,105,1236.61,1248.258080806293
24,106,1236.6444,1248.340096306954
24,107,1236.6792,1248.422745001291
24,108,1236.7142,1248.506041396556
24,109,1236.7493,1248.59
24,110,1236.7845,1248.674613489346
24,111,1236.8197,1248.759787224194
24,112,1236.8538,1248.845404734617
24,113,1236.8864,1248.931349550686
24,114,1236.9174,1249.017505202473
24,115,1236.9471,1249.103755220048
24,116,1236.9755,1249.189983133484
24,117,1237.0027,1249.276072472851
24,118,1237.0287,1249.361906768223
24,119,1237.0538,1249.447369549669
24,120,1237.0778,1249.532344347261
24,121,1237.101,1249.616714691072
24,122,1237.1233,1249.700364111172
24,123,1237.145,1249.783176137633
24,124,1237.1661,1249.865034300527
24,125,1237.1866,1249.945822129925
24,126,1237.2068,1250.025423155898
24,127,1237.2266,1250.103720908518
24,128,1237.2461,1250.180598917857
24,129,1237.2654,1250.255940713986
24,130,1237.2847,1250.329629826976
24,131,1237.304,1250.4015497869
24,132,1237.3232,1250.471584123828
24,133,1237.3428,1250.539616367832
24,134,1237.3625,1250.605530048984
24,135,1237.3827,1250.669208697355
24,136,1237.4033,1250.730535843017
24,137,1237.4243,1250.789395016041
24,138,1237.446,1250.845669746498
24,139,1237.4684,1250.899243564461
24,140,1237.4917,1250.95
24,141,1237.5156,1250.997930712141
24,142,1237.5408,1251.043459875724
24,143,1237.5667,1251.087119794543
24,144,1237.594,1251.129442772392
24,145,1237.6222,1251.170961113063
24,146,1237.6517,1251.212207120352
24,147,1237.6825,1251.253713098052
24,148,1237.7147,1251.296011349956
24,149,1237.7483,1251.339634179858
24,150,1237.7834,1251.385113891553
24,151,1237.8201,1251.432982788834
24,152,1237.8584,1251.483773175495
24,153,1237.8984,1251.538017355329
24,154,1237.9402,1251.59624763213
24,155,1237.9838,1251.658996309693
24,156,1238.0293,1251.72679569181
24,157,1238.0769,1251.800178082276
24,158,1238.1263,1251.879675784885
24,159,1238.178,1251.96582110343
24,160,1238.2318,1252.059146341704
24,161,1238.2878,1252.160183803503
24,162,1238.3462,1252.269465792619
24,163,1238.4069,1252.387524612846
24,164,1238.4701,1252.514892567979
24,165,1238.5356,1252.65210196181
24,166,1238.6039,1252.799685098134
24,167,1238.6748,1252.958174280745
24,168,1238.7484,1253.128101813435
24,169,1238.8247,1253.31
24,170,1238.9039,1253.504231947576
24,171,1238.9874,1253.710483976672
24,172,1239.0797,1253.928273211141
24,173,1239.1837,1254.157116774837
24,174,1239.2985,1254.396531791611
24,175,1239.4237,1254.646035385317
24,176,1239.5591,1254.905144679807
24,177,1239.7037,1255.173376798934
24,178,1239.8573,1255.450248866551
24,179,1240.0194,1255.73527800651
24,180,1240.1893,1256.027981342665
24,181,1240.3666,1256.327875998868
24,182,1240.5507,1256.634479098971
24,183,1240.7412,1256.947307766829
24,184,1240.9376,1257.265879126292
24,185,1241.1394,1257.589710301214
24,186,1241.3458,1257.918318415448
24,187,1241.5566,1258.251220592846
24,188,1241.7714,1258.587933957263
24,189,1241.9893,1258.927975632548
24,190,1242.21,1259.270862742557
24,191,1242.433,1259.616112411141
24,192,1242.6578,1259.963241762154
24,193,1242.8838,1260.311767919447
24,194,1243.1107,1260.661208006874
24,195,1243.3379,1261.011079148288
24,196,1243.5648,1261.360898467541
24,197,1243.791,1261.710183088486
24,198,1244.0162,1262.058450134975
24,199,1244.2395,1262.405216730863
24,200,1244.4607,1262.75
24,201,1244.6792,1263.09240646678
24,202,1244.8949,1263.432400257749
24,203,1245.109,1263.770034899996
24,204,1245.3223,1264.105363920607
24,205,1245.5347,1264.438440846671
24,206,1245.7461,1264.769319205273
24,207,1245.9568,1265.098052523501
24,208,1246.1666,1265.424694328442
24,209,1246.3757,1265.749298147183
24,210,1246.584,1266.071917506812
24,211,1246.7917,1266.392605934416
24,212,1246.9987,1266.711416957081
24,213,1247.2048,1267.028404101896
24,214,1247.4105,1267.343620895946
24,215,1247.6155,1267.65712086632
24,216,1247.8197,1267.968957540104
24,217,1248.0236,1268.279184444387
24,218,1248.2267,1268.587855106253
24,219,1248.4293,1268.895023052792
24,220,1248.6315,1269.20074181109
24,221,1248.833,1269.505064908234
24,222,1249.034,1269.808045871312
24,223,1249.2347,1270.109738227411
24,224,1249.4349,1270.410195503617
24,225,1249.6346,1270.709471227018
24,226,1249.8342,1271.007618924702
24,227,1250.0332,1271.304692123754
24,228,1250.2318,1271.600744351264
24,229,1250.43,1271.895829134316
24,230,1250.6282,1272.19
24,231,1250.8259,1272.483326653522
24,232,1251.0228,1272.775943512573
24,233,1251.2174,1273.068001172964
24,234,1251.4087,1273.359650230506
24,235,1251.597,1273.651041281009
24,236,1251.7826,1273.942324920284
24,237,1251.966,1274.233651744142
24,238,1252.1473,1274.525172348395
24,239,1252.327,1274.817037328853
24,240,1252.5056,1275.109397281326
24,241,1252.6832,1275.402402801627
24,242,1252.8602,1275.696204485565
24,243,1253.0371,1275.990952928951
24,244,1253.2142,1276.286798727597
24,245,1253.3917,1276.583892477313
24,246,1253.5701,1276.88238477391
24,247,1253.7496,1277.182426213199
24,248,1253.9307,1277.484167390991
24,249,1254.1136,1277.787758903097
24,250,1254.2988,1278.093351345327
24,251,1254.4867,1278.401095313493
24,252,1254.6774,1278.711141403406
24,253,1254.8713,1279.023640210876
24,254,1255.069,1279.338742331714
24,255,1255.2705,1279.65659836173
24,256,1255.4764,1279.977358896737
24,257,1255.6869,1280.301174532545
24,258,1255.9025,1280.628195864964
24,259,1256.1233,1280.958573489806
24,260,1256.3499,1281.292458002881
24,261,1256.5824,1281.63
24,262,1256.8212,1281.971310301226
24,263,1257.0663,1282.316340623625
24,264,1257.3159,1282.665002908517
24,265,1257.5692,1283.017209097218
24,266,1257.826,1283.372871131049
24,267,1258.0863,1283.731900951327
24,268,1258.3501,1284.09421049937
24,269,1258.6173,1284.459711716498
24,270,1258.8881,1284.828316544028
24,271,1259.1622,1285.199936923278
24,272,1259.44,1285.574484795568
24,273,1259.7211,1285.951872102215
24,274,1260.0056,1286.332010784539
24,275,1260.2937,1286.714812783856
24,276,1260.5852,1287.100190041487
24,277,1260.88,1287.488054498749
24,278,1261.1783,1287.878318096961
24,279,1261.4801,1288.27089277744
24,280,1261.7853,1288.665690481506
24,281,1262.0939,1289.062623150477
24,282,1262.4058,1289.461602725671
24,283,1262.7211,1289.862541148407
24,284,1263.0397,1290.265350360002
24,285,1263.3617,1290.669942301776
24,286,1263.687,1291.076228915048
24,287,1264.0155,1291.484122141134
24,288,1264.3475,1291.893533921354
24,289,1264.6826,1292.304376197026
24,290,1265.0212,1292.716560909469
25,0,1229.1215,1239.908559267027
25,1,1229.222,1240.100299513874
25,2,1229.3237,1240.290084429472
25,3,1229.4268,1240.477601927919
25,4,1229.5308,1240.662539923313
25,5,1229.6354,1240.844586329752
25,6,1229.7406,1241.023429061332
25,7,1229.8463,1241.198756032152
25,8,1229.952,1241.370255156309
25,9,1230.0577,1241.537614347901
25,10,1230.1635,1241.700521521026
25,11,1230.2687,1241.85866458978
25,12,1230.3733,1242.011731468262
25,13,1230.4772,1242.159410070568
25,14,1230.5802,1242.301388310798
25,15,1230.6821,1242.437354103048
25,16,1230.7826,1242.566995361417
25,17,1230.8817,1242.69
25,18,1230.9791,1242.806155001753
25,19,1231.0759,1242.915643625056
25,20,1231.1766,1243.018748197144
25,21,1231.2838,1243.115751045252
25,22,1231.397,1243.206934496617
25,23,1231.5157,1243.292580878474
25,24,1231.6398,1243.372972518061
25,25,1231.7683,1243.448391742611
25,26,1231.9011,1243.519120879362
25,27,1232.038,1243.585442255549
25,28,1232.1779,1243.647638198408
25,29,1232.3209,1243.705991035176
25,30,1232.4663,1243.760783093087
25,31,1232.6138,1243.812296699377
25,32,1232.7628,1243.860814181284
25,33,1232.913,1243.906617866042
25,34,1233.0637,1243.949990080887
25,35,1233.215,1243.991213153056
25,36,1233.3658,1244.030569409784
25,37,1233.5162,1244.068341178307
25,38,1233.6654,1244.104810785861
25,39,1233.8132,1244.140260559682
25,40,1233.959,1244.174972827006
25,41,1234.1024,1244.209229915068
25,42,1234.243,1244.243314151105
25,43,1234.3804,1244.277507862352
25,44,1234.514,1244.312093376045
25,45,1234.6437,1244.347353019421
25,46,1234.7687,1244.383569119715
25,47,1234.8887,1244.421024004163
25,48,1235.0033,1244.46
25,49,1235.112,1244.50072362188
25,50,1235.2166,1244.543198134119
25,51,1235.3229,1244.58737098845
25,52,1235.4349,1244.633189636607
25,53,1235.5521,1244.680601530323
25,54,1235.6736,1244.729554121332
25,55,1235.7992,1244.779994861366
25,56,1235.9279,1244.83187120216
25,57,1236.0593,1244.885130595446
25,58,1236.1929,1244.939720492958
25,59,1236.3279,1244.99558834643
25,60,1236.4637,1245.052681607594
25,61,1236.5999,1245.110947728184
25,62,1236.7357,1245.170334159933
25,63,1236.8706,1245.230788354575
25,64,1237.0042,1245.292257763843
25,65,1237.1355,1245.35468983947
25,66,1237.2642,1245.41803203319
25,67,1237.3895,1245.482231796736
25,68,1237.511,1245.547236581842
25,69,1237.628,1245.61299384024
25,70,1237.7401,1245.679451023664
25,71,1237.8464,1245.746555583848
25,72,1237.9467,1245.814254972524
25,73,1238.04,1245.882496641427
25,74,1238.126,1245.951228042289
25,75,1238.204,1246.020396626844
25,76,1238.2734,1246.089949846826
25,77,1238.3336,1246.159835153966
25,78,1238.3842,1246.23
25,79,1238.4242,1246.30040301258
25,80,1238.4554,1246.371047523038
25,81,1238.4832,1246.441948038625
25,82,1238.5114,1246.513119066595
25,83,1238.5398,1246.584575114197
25,84,1238.5687,1246.656330688685
25,85,1238.5981,1246.728400297309
25,86,1238.6278,1246.800798447322
25,87,1238.6578,1246.873539645976
25,88,1238.6884,1246.946638400522
25,89,1238.7192,1247.020109218212
25,90,1238.7505,1247.093966606298
25,91,1238.7819,1247.168225072031
25,92,1238.8138,1247.242899122664
25,93,1238.846,1247.318003265448
25,94,1238.8784,1247.393552007635
25,95,1238.9113,1247.469559856477
25,96,1238.9443,1247.546041319225
25,97,1238.9777,1247.623010903131
25,98,1239.0112,1247.700483115447
25,99,1239.0452,1247.778472463426
25,100,1239.0792,1247.856993454318
25,101,1239.1136,1247.936060595375
25,102,1239.1483,1248.015688393849
25,103,1239.1832,1248.095891356993
25,104,1239.2183,1248.176683992057
25,105,1239.2537,1248.258080806293
25,106,1239.2891,1248.340096306954
25,107,1239.3248,1248.422745001291
25,108,1239.3607,1248.506041396556
25,109,1239.3967,1248.59
25,110,1239.433,1248.674613489346
25,111,1239.4691,1248.759787224194
25,112,1239.5044,1248.845404734617
25,113,1239.5382,1248.931349550686
25,114,1239.5708,1249.017505202473
25,115,1239.6022,1249.103755220048
25,116,1239.6322,1249.189983133484
25,117,1239.6614,1249.276072472851
25,118,1239.6893,1249.361906768223
25,119,1239.7163,1249.447369549669
25,120,1239.7426,1249.532344347261
25,121,1239.7678,1249.616714691072
25,122,1239.7924,1249.700364111172
25,123,1239.8163,1249.783176137633
25,124,1239.8397,1249.865034300527
25,125,1239.8625,1249.945822129925
25,126,1239.885,1250.025423155898
25,127,1239.907,1250.103720908518
25,128,1239.9287,1250.180598917857
25,129,1239.9502,1250.255940713986
25,130,1239.9717,1250.329629826976
25,131,1239.9929,1250.4015497869
25,132,1240.0142,1250.471584123828
25,133,1240.0355,1250.539616367832
25,134,1240.0571,1250.605530048984
25,135,1240.0787,1250.669208697355
25,136,1240.1008,1250.730535843017
25,137,1240.1232,1250.789395016041
25,138,1240.146,1250.845669746498
25,139,1240.1693,1250.899243564461
25,140,1240.1932,1250.95
25,141,1240.2178,1250.997930712141
25,142,1240.243,1251.043459875724
25,143,1240.2692,1251.087119794543
25,144,1240.2961,1251.129442772392
25,145,1240.324,1251.170961113063
25,146,1240.353,1251.212207120352
25,147,1240.383,1251.253713098052
25,148,1240.4143,1251.296011349956
25,149,1240.4469,1251.339634179858
25,150,1240.481,1251.385113891553
25,151,1240.5164,1251.432982788834
25,152,1240.5533,1251.483773175495
25,153,1240.592,1251.538017355329
25,154,1240.6324,1251.59624763213
25,155,1240.6746,1251.658996309693
25,156,1240.7188,1251.72679569181
25,157,1240.7648,1251.800178082276
25,158,1240.8129,1251.879675784885
25,159,1240.8632,1251.96582110343
25,160,1240.9158,1252.059146341704
25,161,1240.9705,1252.160183803503
25,162,1241.0278,1252.269465792619
25,163,1241.0875,1252.387524612846
25,164,1241.1499,1252.514892567979
25,165,1241.2148,1252.65210196181
25,166,1241.2827,1252.799685098134
25,167,1241.3531,1252.958174280745
25,168,1241.4268,1253.128101813435
25,169,1241.5032,1253.31
25,170,1241.5828,1253.504231947576
25,171,1241.667,1253.710483976672
25,172,1241.7607,1253.928273211141
25,173,1241.8666,1254.157116774837
25,174,1241.9843,1254.396531791611
25,175,1242.113,1254.646035385317
25,176,1242.2523,1254.905144679807
25,177,1242.4017,1255.173376798934
25,178,1242.5605,1255.450248866551
25,179,1242.7283,1255.73527800651
25,180,1242.9044,1256.027981342665
25,181,1243.0883,1256.327875998868
25,182,1243.2794,1256.634479098971
25,183,1243.4773,1256.947307766829
25,184,1243.6813,1257.265879126292
25,185,1243.8909,1257.589710301214
25,186,1244.1055,1257.918318415448
25,187,1244.3247,1258.251220592846
25,188,1244.5477,1258.587933957263
25,189,1244.7743,1258.927975632548
25,190,1245.0035,1259.270862742557
25,191,1245.2352,1259.616112411141
25,192,1245.4686,1259.963241762154
25,193,1245.7032,1260.311767919447
25,194,1245.9385,1260.661208006874
25,195,1246.174,1261.011079148288
25,196,1246.4089,1261.360898467541
25,197,1246.643,1261.710183088486
25,198,1246.8755,1262.058450134975
25,199,1247.1061,1262.405216730863
25,200,1247.3341,1262.75
25,201,1247.559,1263.09240646678
25,202,1247.7809,1263.432400257749
25,203,1248.0009,1263.770034899996
25,204,1248.2197,1264.105363920607
25,205,1248.438,1264.438440846671
25,206,1248.6553,1264.769319205273
25,207,1248.8716,1265.098052523501
25,208,1249.0872,1265.424694328442
25,209,1249.302,1265.749298147183
25,210,1249.516,1266.071917506812
25,211,1249.7292,1266.392605934416
25,212,1249.9418,1266.711416957081
25,213,1250.1536,1267.028404101896
25,214,1250.3647,1267.343620895946
25,215,1250.5752,1267.65712086632
25,216,1250.785,1267.968957540104
25,217,1250.9944,1268.279184444387
25,218,1251.203,1268.587855106253
25,219,1251.4111,1268.895023052792
25,220,1251.6187,1269.20074181109
25,221,1251.8258,1269.505064908234
25,222,1252.0323,1269.808045871312
25,223,1252.2384,1270.109738227411
25,224,1252.4441,1270.410195503617
25,225,1252.6494,1270.709471227018
25,226,1252.8542,1271.007618924702
25,227,1253.0588,1271.304692123754
25,228,1253.263,1271.600744351264
25,229,1253.4668,1271.895829134316
25,230,1253.6704,1272.19
25,231,1253.8737,1272.483326653522
25,232,1254.0764,1272.775943512573
25,233,1254.2773,1273.068001172964
25,234,1254.4757,1273.359650230506
25,235,1254.6719,1273.651041281009
25,236,1254.8658,1273.942324920284
25,237,1255.0581,1274.233651744142
25,238,1255.2489,1274.525172348395
25,239,1255.4385,1274.817037328853
25,240,1255.6271,1275.109397281326
25,241,1255.8148,1275.402402801627
25,242,1256.0022,1275.696204485565
25,243,1256.1893,1275.990952928951
25,244,1256.3765,1276.286798727597
25,245,1256.564,1276.583892477313
25,246,1256.752,1276.88238477391
25,247,1256.9408,1277.182426213199
25,248,1257.1309,1277.484167390991
25,249,1257.322,1277.787758903097
25,250,1257.5149,1278.093351345327
25,251,1257.7096,1278.401095313493
25,252,1257.9064,1278.711141403406
25,253,1258.1056,1279.023640210876
25,254,1258.3073,1279.338742331714
25,255,1258.5118,1279.65659836173
25,256,1258.7195,1279.977358896737
25,257,1258.9304,1280.301174532545
25,258,1259.145,1280.628195864964
25,259,1259.3634,1280.958573489806
25,260,1259.5859,1281.292458002881
25,261,1259.8127,1281.63
25,262,1260.0441,1281.971310301226
25,263,1260.2799,1282.316340623625
25,264,1260.519,1282.665002908517
25,265,1260.7607,1283.017209097218
25,266,1261.0049,1283.372871131049
25,267,1261.2515,1283.731900951327
25,268,1261.5006,1284.09421049937
25,269,1261.752,1284.459711716498
25,270,1262.006,1284.828316544028
25,271,1262.2623,1285.199936923278
25,272,1262.521,1285.574484795568
25,273,1262.7822,1285.951872102215
25,274,1263.0458,1286.332010784539
25,275,1263.3116,1286.714812783856
25,276,1263.58,1287.100190041487
25,277,1263.8506,1287.488054498749
25,278,1264.1237,1287.878318096961
25,279,1264.3989,1288.27089277744
25,280,1264.6766,1288.665690481506
25,281,1264.9565,1289.062623150477
25,282,1265.2389,1289.461602725671
25,283,1265.5233,1289.862541148407
25,284,1265.8102,1290.265350360002
25,285,1266.0992,1290.669942301776
25,286,1266.3905,1291.076228915048
25,287,1266.684,1291.484122141134
25,288,1266.9796,1291.893533921354
25,289,1267.2775,1292.304376197026
25,290,1267.5775,1292.716560909469
26,0,1227.6632,1239.908559267027
26,1,1227.7682,1240.100299513874
26,2,1227.8751,1240.290084429472
26,3,1227.984,1240.477601927919
26,4,1228.0944,1240.662539923313
26,5,1228.2058,1240.844586329752
26,6,1228.3182,1241.023429061332
26,7,1228.431,1241.198756032152
26,8,1228.5442,1241.370255156309
26,9,1228.6573,1241.537614347901
26,10,1228.7699,1241.700521521026
26,11,1228.8818,1241.85866458978
26,12,1228.9928,1242.011731468262
26,13,1229.1023,1242.159410070568
26,14,1229.2102,1242.301388310798
26,15,1229.3162,1242.437354103048
26,16,1229.4198,1242.566995361417
26,17,1229.521,1242.69
26,18,1229.6191,1242.806155001753
26,19,1229.7155,1242.915643625056
26,20,1229.8138,1243.018748197144
26,21,1229.9171,1243.115751045252
26,22,1230.025,1243.206934496617
26,23,1230.1368,1243.292580878474
26,24,1230.2524,1243.372972518061
26,25,1230.3712,1243.448391742611
26,26,1230.4929,1243.519120879362
26,27,1230.617,1243.585442255549
26,28,1230.743,1243.647638198408
26,29,1230.8706,1243.705991035176
26,30,1230.9995,1243.760783093087
26,31,1231.1292,1243.812296699377
26,32,1231.259,1243.860814181284
26,33,1231.3889,1243.906617866042
26,34,1231.5183,1243.949990080887
26,35,1231.647,1243.991213153056
26,36,1231.7742,1244.030569409784
26,37,1231.8998,1244.068341178307
26,38,1232.0233,1244.104810785861
26,39,1232.1443,1244.140260559682
26,40,1232.2623,1244.174972827006
26,41,1232.3771,1244.209229915068
26,42,1232.488,1244.243314151105
26,43,1232.595,1244.277507862352
26,44,1232.6973,1244.312093376045
26,45,1232.7947,1244.347353019421
26,46,1232.8868,1244.383569119715
26,47,1232.9731,1244.421024004163
26,48,1233.0532,1244.46
26,49,1233.1268,1244.50072362188
26,50,1233.1952,1244.543198134119
26,51,1233.2633,1244.58737098845
26,52,1233.335,1244.633189636607
26,53,1233.4098,1244.680601530323
26,54,1233.4874,1244.729554121332
26,55,1233.5674,1244.779994861366
26,56,1233.6494,1244.83187120216
26,57,1233.7333,1244.885130595446
26,58,1233.8185,1244.939720492958
26,59,1233.9045,1244.99558834643
26,60,1233.9915,1245.052681607594
26,61,1234.0786,1245.110947728184
26,62,1234.1658,1245.170334159933
26,63,1234.2527,1245.230788354575
26,64,1234.3387,1245.292257763843
26,65,1234.4238,1245.35468983947
26,66,1234.5074,1245.41803203319
26,67,1234.5894,1245.482231796736
26,68,1234.6691,1245.547236581842
26,69,1234.7465,1245.61299384024
26,70,1234.821,1245.679451023664
26,71,1234.8926,1245.746555583848
26,72,1234.9606,1245.814254972524
26,73,1235.0248,1245.882496641427
26,74,1235.085,1245.951228042289
26,75,1235.1405,1246.020396626844
26,76,1235.1913,1246.089949846826
26,77,1235.2369,1246.159835153966
26,78,1235.277,1246.23
26,79,1235.3113,1246.30040301258
26,80,1235.3405,1246.371047523038
26,81,1235.3678,1246.441948038625
26,82,1235.3954,1246.513119066595
26,83,1235.4235,1246.584575114197
26,84,1235.4519,1246.656330688685
26,85,1235.4808,1246.728400297309
26,86,1235.5101,1246.800798447322
26,87,1235.5398,1246.873539645976
26,88,1235.5696,1246.946638400522
26,89,1235.6,1247.020109218212
26,90,1235.6306,1247.093966606298
26,91,1235.6617,1247.168225072031
26,92,1235.693,1247.242899122664
26,93,1235.7247,1247.318003265448
26,94,1235.7567,1247.393552007635
26,95,1235.7888,1247.469559856477
26,96,1235.8214,1247.546041319225
26,97,1235.8542,1247.623010903131
26,98,1235.8873,1247.700483115447
26,99,1235.9207,1247.778472463426
26,100,1235.9542,1247.856993454318
26,101,1235.988,1247.936060595375
26,102,1236.0221,1248.015688393849
26,103,1236.0565,1248.095891356993
26,104,1236.091,1248.176683992057
26,105,1236.1256,1248.258080806293
26,106,1236.1606,1248.340096306954
26,107,1236.1957,1248.422745001291
26,108,1236.231,1248.506041396556
26,109,1236.2664,1248.59
26,110,1236.302,1248.674613489346
26,111,1236.3374,1248.759787224194
26,112,1236.3715,1248.845404734617
26,113,1236.4031,1248.931349550686
26,114,1236.4327,1249.017505202473
26,115,1236.4603,1249.103755220048
26,116,1236.4861,1249.189983133484
26,117,1236.5101,1249.276072472851
26,118,1236.5327,1249.361906768223
26,119,1236.5538,1249.447369549669
26,120,1236.5736,1249.532344347261
26,121,1236.5923,1249.616714691072
26,122,1236.61,1249.700364111172
26,123,1236.6267,1249.783176137633
26,124,1236.6428,1249.865034300527
26,125,1236.6583,1249.945822129925
26,126,1236.6732,1250.025423155898
26,127,1236.688,1250.103720908518
26,128,1236.7025,1250.180598917857
26,129,1236.717,1250.255940713986
26,130,1236.7316,1250.329629826976
26,131,1236.7465,1250.4015497869
26,132,1236.7617,1250.471584123828
26,133,1236.7773,1250.539616367832
26,134,1236.7937,1250.605530048984
26,135,1236.8109,1250.669208697355
26,136,1236.8289,1250.730535843017
26,137,1236.8481,1250.789395016041
26,138,1236.8684,1250.845669746498
26,139,1236.8901,1250.899243564461
26,140,1236.9135,1250.95
26,141,1236.9381,1250.997930712141
26,142,1236.9646,1251.043459875724
26,143,1236.9932,1251.087119794543
26,144,1237.0233,1251.129442772392
26,145,1237.0554,1251.170961113063
26,146,1237.0896,1251.212207120352
26,147,1237.1255,1251.253713098052
26,148,1237.1635,1251.296011349956
26,149,1237.2034,1251.339634179858
26,150,1237.2452,1251.385113891553
26,151,1237.289,1251.432982788834
26,152,1237.3348,1251.483773175495
26,153,1237.3827,1251.538017355329
26,154,1237.4325,1251.59624763213
26,155,1237.4843,1251.658996309693
26,156,1237.5382,1251.72679569181
26,157,1237.5942,1251.800178082276
26,158,1237.6523,1251.879675784885
26,159,1237.7124,1251.96582110343
26,160,1237.7747,1252.059146341704
26,161,1237.8391,1252.160183803503
26,162,1237.9055,1252.269465792619
26,163,1237.9741,1252.387524612846
26,164,1238.0449,1252.514892567979
26,165,1238.1179,1252.65210196181
26,166,1238.193,1252.799685098134
26,167,1238.2704,1252.958174280745
26,168,1238.35,1253.128101813435
26,169,1238.4316,1253.31
26,170,1238.5157,1253.504231947576
26,171,1238.6029,1253.710483976672
26,172,1238.6962,1253.928273211141
26,173,1238.7975,1254.157116774837
26,174,1238.9064,1254.396531791611
26,175,1239.0227,1254.646035385317
26,176,1239.146,1254.905144679807
26,177,1239.2761,1255.173376798934
26,178,1239.4125,1255.450248866551
26,179,1239.555,1255.73527800651
26,180,1239.7034,1256.027981342665
26,181,1239.857,1256.327875998868
26,182,1240.016,1256.634479098971
26,183,1240.1797,1256.947307766829
26,184,1240.348,1257.265879126292
26,185,1240.5205,1257.589710301214
26,186,1240.6969,1257.918318415448
26,187,1240.8768,1258.251220592846
26,188,1241.06,1258.587933957263
26,189,1241.2462,1258.927975632548
26,190,1241.4352,1259.270862742557
26,191,1241.6263,1259.616112411141
26,192,1241.8196,1259.963241762154
26,193,1242.0146,1260.311767919447
26,194,1242.211,1260.661208006874
26,195,1242.4084,1261.011079148288
26,196,1242.6068,1261.360898467541
26,197,1242.8057,1261.710183088486
26,198,1243.0046,1262.058450134975
26,199,1243.2036,1262.405216730863
26,200,1243.4021,1262.75
26,201,1243.5999,1263.09240646678
26,202,1243.7968,1263.432400257749
26,203,1243.9927,1263.770034899996
26,204,1244.1879,1264.105363920607
26,205,1244.3822,1264.438440846671
26,206,1244.5758,1264.769319205273
26,207,1244.7687,1265.098052523501
26,208,1244.9608,1265.424694328442
26,209,1245.1522,1265.749298147183
26,210,1245.3429,1266.071917506812
26,211,1245.5331,1266.392605934416
26,212,1245.7224,1266.711416957081
26,213,1245.9113,1267.028404101896
26,214,1246.0994,1267.343620895946
26,215,1246.287,1267.65712086632
26,216,1246.474,1267.968957540104
26,217,1246.6605,1268.279184444387
26,218,1246.8466,1268.587855106253
26,219,1247.0321,1268.895023052792
26,220,1247.217,1269.20074181109
26,221,1247.4016,1269.505064908234
26,222,1247.5857,1269.808045871312
26,223,1247.7694,1270.109738227411
26,224,1247.9528,1270.410195503617
26,225,1248.1357,1270.709471227018
26,226,1248.3184,1271.007618924702
26,227,1248.5006,1271.304692123754
26,228,1248.6825,1271.600744351264
26,229,1248.8641,1271.895829134316
26,230,1249.0455,1272.19
26,231,1249.2267,1272.483326653522
26,232,1249.4067,1272.775943512573
26,233,1249.5825,1273.068001172964
26,234,1249.7521,1273.359650230506
26,235,1249.9161,1273.651041281009
26,236,1250.0754,1273.942324920284
26,237,1250.2306,1274.233651744142
26,238,1250.3823,1274.525172348395
26,239,1250.5311,1274.817037328853
26,240,1250.6779,1275.109397281326
26,241,1250.823,1275.402402801627
26,242,1250.9674,1275.696204485565
26,243,1251.1117,1275.990952928951
26,244,1251.2563,1276.286798727597
26,245,1251.4023,1276.583892477313
26,246,1251.5502,1276.88238477391
26,247,1251.7003,1277.182426213199
26,248,1251.8539,1277.484167390991
26,249,1252.0111,1277.787758903097
26,250,1252.1729,1278.093351345327
26,251,1252.3397,1278.401095313493
26,252,1252.5125,1278.711141403406
26,253,1252.6915,1279.023640210876
26,254,1252.8778,1279.338742331714
26,255,1253.0718,1279.65659836173
26,256,1253.2743,1279.977358896737
26,257,1253.4857,1280.301174532545
26,258,1253.7069,1280.628195864964
26,259,1253.9384,1280.958573489806
26,260,1254.181,1281.292458002881
26,261,1254.4352,1281.63
26,262,1254.7015,1281.971310301226
26,263,1254.9799,1282.316340623625
26,264,1255.2672,1282.665002908517
26,265,1255.5612,1283.017209097218
26,266,1255.8619,1283.372871131049
26,267,1256.1692,1283.731900951327
26,268,1256.483,1284.09421049937
26,269,1256.8036,1284.459711716498
26,270,1257.1306,1284.828316544028
26,271,1257.4641,1285.199936923278
26,272,1257.8042,1285.574484795568
26,273,1258.1509,1285.951872102215
26,274,1258.5042,1286.332010784539
26,275,1258.8636,1286.714812783856
26,276,1259.2297,1287.100190041487
26,277,1259.6023,1287.488054498749
26,278,1259.9811,1287.878318096961
26,279,1260.3665,1288.27089277744
26,280,1260.758,1288.665690481506
26,281,1261.156,1289.062623150477
26,282,1261.5603,1289.461602725671
26,283,1261.971,1289.862541148407
26,284,1262.3878,1290.265350360002
26,285,1262.8109,1290.669942301776
26,286,1263.2401,1291.076228915048
26,287,1263.6755,1291.484122141134
26,288,1264.1172,1291.893533921354
26,289,1264.5647,1292.304376197026
26,290,1265.0184,1292.716560909469
27,0,1233.0764,1239.908559267027
27,1,1233.1663,1240.100299513874
27,2,1233.2576,1240.290084429472
27,3,1233.3499,1240.477601927919
27,4,1233.443,1240.662539923313
27,5,1233.537,1240.844586329752
27,6,1233.6313,1241.023429061332
27,7,1233.7263,1241.198756032152
27,8,1233.8213,1241.370255156309
27,9,1233.9165,1241.537614347901
27,10,1234.0115,1241.700521521026
27,11,1234.1062,1241.85866458978
27,12,1234.2004,1242.011731468262
27,13,1234.2941,1242.159410070568
27,14,1234.3868,1242.301388310798
27,15,1234.4786,1242.437354103048
27,16,1234.5695,1242.566995361417
27,17,1234.6587,1242.69
27,18,1234.7466,1242.806155001753
27,19,1234.8339,1242.915643625056
27,20,1234.9244,1243.018748197144
27,21,1235.0209,1243.115751045252
27,22,1235.1229,1243.206934496617
27,23,1235.23,1243.292580878474
27,24,1235.3418,1243.372972518061
27,25,1235.4579,1243.448391742611
27,26,1235.5779,1243.519120879362
27,27,1235.7012,1243.585442255549
27,28,1235.8275,1243.647638198408
27,29,1235.9565,1243.705991035176
27,30,1236.0876,1243.760783093087
27,31,1236.2207,1243.812296699377
27,32,1236.355,1243.860814181284
27,33,1236.4904,1243.906617866042
27,34,1236.6262,1243.949990080887
27,35,1236.7623,1243.991213153056
27,36,1236.8982,1244.030569409784
27,37,1237.0333,1244.068341178307
27,38,1237.1674,1244.104810785861
27,39,1237.3,1244.140260559682
27,40,1237.4308,1244.174972827006
27,41,1237.5592,1244.209229915068
27,42,1237.685,1244.243314151105
27,43,1237.8077,1244.277507862352
27,44,1237.927,1244.312093376045
27,45,1238.0425,1244.347353019421
27,46,1238.1537,1244.383569119715
27,47,1238.2601,1244.421024004163
27,48,1238.3617,1244.46
27,49,1238.4576,1244.50072362188
27,50,1238.5493,1244.543198134119
27,51,1238.6421,1244.58737098845
27,52,1238.7396,1244.633189636607
27,53,1238.8416,1244.680601530323
27,54,1238.9474,1244.729554121332
27,55,1239.0565,1244.779994861366
27,56,1239.1685,1244.83187120216
27,57,1239.2827,1244.885130595446
27,58,1239.3988,1244.939720492958
27,59,1239.5161,1244.99558834643
27,60,1239.6344,1245.052681607594
27,61,1239.7528,1245.110947728184
27,62,1239.871,1245.170334159933
27,63,1239.9885,1245.230788354575
27,64,1240.1049,1245.292257763843
27,65,1240.2195,1245.35468983947
27,66,1240.3319,1245.41803203319
27,67,1240.4415,1245.482231796736
27,68,1240.548,1245.547236581842
27,69,1240.6509,1245.61299384024
27,70,1240.7494,1245.679451023664
27,71,1240.8434,1245.746555583848
27,72,1240.932,1245.814254972524
27,73,1241.0151,1245.882496641427
27,74,1241.0922,1245.951228042289
27,75,1241.1625,1246.020396626844
27,76,1241.2257,1246.089949846826
27,77,1241.2812,1246.159835153966
27,78,1241.3287,1246.23
27,79,1241.3677,1246.30040301258
27,80,1241.3987,1246.371047523038
27,81,1241.4264,1246.441948038625
27,82,1241.4548,1246.513119066595
27,83,1241.4839,1246.584575114197
27,84,1241.5135,1246.656330688685
27,85,1241.5438,1246.728400297309
27,86,1241.5746,1246.800798447322
27,87,1241.6058,1246.873539645976
27,88,1241.6377,1246.946638400522
27,89,1241.6699,1247.020109218212
27,90,1241.7028,1247.093966606298
27,91,1241.7361,1247.168225072031
27,92,1241.7697,1247.242899122664
27,93,1241.8037,1247.318003265448
27,94,1241.8383,1247.393552007635
27,95,1241.8733,1247.469559856477
27,96,1241.9084,1247.546041319225
27,97,1241.9441,1247.623010903131
27,98,1241.98,1247.700483115447
27,99,1242.0164,1247.778472463426
27,100,1242.0529,1247.856993454318
27,101,1242.0897,1247.936060595375
27,102,1242.1268,1248.015688393849
27,103,1242.1642,1248.095891356993
27,104,1242.2018,1248.176683992057
27,105,1242.2396,1248.258080806293
27,106,1242.2775,1248.340096306954
27,107,1242.3157,1248.422745001291
27,108,1242.354,1248.506041396556
27,109,1242.3925,1248.59
27,110,1242.4309,1248.674613489346
27,111,1242.4694,1248.759787224194
27,112,1242.5068,1248.845404734617
27,113,1242.5431,1248.931349550686
27,114,1242.5779,1249.017505202473
27,115,1242.6116,1249.103755220048
27,116,1242.6439,1249.189983133484
27,117,1242.6753,1249.276072472851
27,118,1242.7056,1249.361906768223
27,119,1242.735,1249.447369549669
27,120,1242.7634,1249.532344347261
27,121,1242.7911,1249.616714691072
27,122,1242.818,1249.700364111172
27,123,1242.8442,1249.783176137633
27,124,1242.8699,1249.865034300527
27,125,1242.895,1249.945822129925
27,126,1242.9197,1250.025423155898
27,127,1242.944,1250.103720908518
27,128,1242.9679,1250.180598917857
27,129,1242.9916,1250.255940713986
27,130,1243.0151,1250.329629826976
27,131,1243.0387,1250.4015497869
27,132,1243.062,1250.471584123828
27,133,1243.0854,1250.539616367832
27,134,1243.109,1250.605530048984
27,135,1243.1328,1250.669208697355
27,136,1243.1567,1250.730535843017
27,137,1243.181,1250.789395016041
27,138,1243.2057,1250.845669746498
27,139,1243.2308,1250.899243564461
27,140,1243.2566,1250.95
27,141,1243.2828,1250.997930712141
27,142,1243.3098,1251.043459875724
27,143,1243.3376,1251.087119794543
27,144,1243.3661,1251.129442772392
27,145,1243.3956,1251.170961113063
27,146,1243.426,1251.212207120352
27,147,1243.4575,1251.253713098052
27,148,1243.4901,1251.296011349956
27,149,1243.524,1251.339634179858
27,150,1243.5593,1251.385113891553
27,151,1243.5961,1251.432982788834
27,152,1243.6343,1251.483773175495
27,153,1243.6741,1251.538017355329
27,154,1243.7156,1251.59624763213
27,155,1243.7589,1251.658996309693
27,156,1243.8041,1251.72679569181
27,157,1243.8512,1251.800178082276
27,158,1243.9004,1251.879675784885
27,159,1243.9517,1251.96582110343
27,160,1244.0052,1252.059146341704
27,161,1244.061,1252.160183803503
27,162,1244.1193,1252.269465792619
27,163,1244.1799,1252.387524612846
27,164,1244.2433,1252.514892567979
27,165,1244.3092,1252.65210196181
27,166,1244.3778,1252.799685098134
27,167,1244.4493,1252.958174280745
27,168,1244.5237,1253.128101813435
27,169,1244.6012,1253.31
27,170,1244.6816,1253.504231947576
27,171,1244.7662,1253.710483976672
27,172,1244.8591,1253.928273211141
27,173,1244.9629,1254.157116774837
27,174,1245.0771,1254.396531791611
27,175,1245.2015,1254.646035385317
27,176,1245.3353,1254.905144679807
27,177,1245.478,1255.173376798934
27,178,1245.6294,1255.450248866551
27,179,1245.7887,1255.73527800651
27,180,1245.9554,1256.027981342665
27,181,1246.1293,1256.327875998868
27,182,1246.3096,1256.634479098971
27,183,1246.4958,1256.947307766829
27,184,1246.6877,1257.265879126292
27,185,1246.8845,1257.589710301214
27,186,1247.0859,1257.918318415448
27,187,1247.2914,1258.251220592846
27,188,1247.5002,1258.587933957263
27,189,1247.7123,1258.927975632548
27,190,1247.9269,1259.270862742557
27,191,1248.1436,1259.616112411141
27,192,1248.3618,1259.963241762154
27,193,1248.5813,1260.311767919447
27,194,1248.8013,1260.661208006874
27,195,1249.0215,1261.011079148288
27,196,1249.2415,1261.360898467541
27,197,1249.4606,1261.710183088486
27,198,1249.6786,1262.058450134975
27,199,1249.8949,1262.405216730863
27,200,1250.1089,1262.75
27,201,1250.3204,1263.09240646678
27,202,1250.5289,1263.432400257749
27,203,1250.7357,1263.770034899996
27,204,1250.9414,1264.105363920607
27,205,1251.146,1264.438440846671
27,206,1251.3499,1264.769319205273
27,207,1251.5526,1265.098052523501
27,208,1251.7546,1265.424694328442
27,209,1251.9558,1265.749298147183
27,210,1252.1561,1266.071917506812
27,211,1252.3556,1266.392605934416
27,212,1252.5543,1266.711416957081
27,213,1252.7524,1267.028404101896
27,214,1252.9498,1267.343620895946
27,215,1253.1466,1267.65712086632
27,216,1253.3428,1267.968957540104
27,217,1253.5382,1268.279184444387
27,218,1253.7332,1268.587855106253
27,219,1253.9275,1268.895023052792
27,220,1254.1216,1269.20074181109
27,221,1254.315,1269.505064908234
27,222,1254.5079,1269.808045871312
27,223,1254.7006,1270.109738227411
27,224,1254.8928,1270.410195503617
27,225,1255.0848,1270.709471227018
27,226,1255.2762,1271.007618924702
27,227,1255.4675,1271.304692123754
27,228,1255.6586,1271.600744351264
27,229,1255.8494,1271.895829134316
27,230,1256.04,1272.19
27,231,1256.2305,1272.483326653522
27,232,1256.4202,1272.775943512573
27,233,1256.6082,1273.068001172964
27,234,1256.7935,1273.359650230506
27,235,1256.9764,1273.651041281009
27,236,1257.1573,1273.942324920284
27,237,1257.3364,1274.233651744142
27,238,1257.5138,1274.525172348395
27,239,1257.69,1274.817037328853
27,240,1257.8649,1275.109397281326
27,241,1258.0392,1275.402402801627
27,242,1258.2128,1275.696204485565
27,243,1258.3861,1275.990952928951
27,244,1258.5594,1276.286798727597
27,245,1258.7329,1276.583892477313
27,246,1258.9067,1276.88238477391
27,247,1259.0814,1277.182426213199
27,248,1259.257,1277.484167390991
27,249,1259.4337,1277.787758903097
27,250,1259.6119,1278.093351345327
27,251,1259.7919,1278.401095313493
27,252,1259.9738,1278.711141403406
27,253,1260.1578,1279.023640210876
27,254,1260.3444,1279.338742331714
27,255,1260.5337,1279.65659836173
27,256,1260.726,1279.977358896737
27,257,1260.9213,1280.301174532545
27,258,1261.1202,1280.628195864964
27,259,1261.3229,1280.958573489806
27,260,1261.5294,1281.292458002881
27,261,1261.74,1281.63
27,262,1261.9552,1281.971310301226
27,263,1262.1746,1282.316340623625
27,264,1262.3969,1282.665002908517
27,265,1262.6213,1283.017209097218
27,266,1262.848,1283.372871131049
27,267,1263.0769,1283.731900951327
27,268,1263.3079,1284.09421049937
27,269,1263.5411,1284.459711716498
27,270,1263.7766,1284.828316544028
27,271,1264.0145,1285.199936923278
27,272,1264.2545,1285.574484795568
27,273,1264.4971,1285.951872102215
27,274,1264.7417,1286.332010784539
27,275,1264.9888,1286.714812783856
27,276,1265.2382,1287.100190041487
27,277,1265.4901,1287.488054498749
27,278,1265.7443,1287.878318096961
27,279,1266.001,1288.27089277744
27,280,1266.2601,1288.665690481506
27,281,1266.5217,1289.062623150477
27,282,1266.7858,1289.461602725671
27,283,1267.0524,1289.862541148407
27,284,1267.3215,1290.265350360002
27,285,1267.5931,1290.669942301776
27,286,1267.8673,1291.076228915048
27,287,1268.144,1291.484122141134
27,288,1268.4232,1291.893533921354
27,289,1268.7051,1292.304376197026
27,290,1268.9896,1292.716560909469
28,0,1225.3231,1239.908559267027
28,1,1225.4281,1240.100299513874
28,2,1225.5347,1240.290084429472
28,3,1225.6428,1240.477601927919
28,4,1225.7522,1240.662539923313
28,5,1225.8627,1240.844586329752
28,6,1225.9736,1241.023429061332
28,7,1226.0851,1241.198756032152
28,8,1226.1965,1241.370255156309
28,9,1226.308,1241.537614347901
28,10,1226.419,1241.700521521026
28,11,1226.5292,1241.85866458978
28,12,1226.6384,1242.011731468262
28,13,1226.7465,1242.159410070568
28,14,1226.8529,1242.301388310798
28,15,1226.9576,1242.437354103048
28,16,1227.0602,1242.566995361417
28,17,1227.1605,1242.69
28,18,1227.258,1242.806155001753
28,19,1227.354,1242.915643625056
28,20,1227.4521,1243.018748197144
28,21,1227.5553,1243.115751045252
28,22,1227.6628,1243.206934496617
28,23,1227.7745,1243.292580878474
28,24,1227.8899,1243.372972518061
28,25,1228.0087,1243.448391742611
28,26,1228.1304,1243.519120879362
28,27,1228.2545,1243.585442255549
28,28,1228.3809,1243.647638198408
28,29,1228.5089,1243.705991035176
28,30,1228.6382,1243.760783093087
28,31,1228.7683,1243.812296699377
28,32,1228.899,1243.860814181284
28,33,1229.03,1243.906617866042
28,34,1229.1606,1243.949990080887
28,35,1229.2905,1243.991213153056
28,36,1229.4194,1244.030569409784
28,37,1229.5468,1244.068341178307
28,38,1229.6724,1244.104810785861
28,39,1229.7957,1244.140260559682
28,40,1229.9164,1244.174972827006
28,41,1230.0339,1244.209229915068
28,42,1230.1483,1244.243314151105
28,43,1230.2587,1244.277507862352
28,44,1230.3649,1244.312093376045
28,45,1230.4667,1244.347353019421
28,46,1230.5634,1244.383569119715
28,47,1230.6548,1244.421024004163
28,48,1230.7405,1244.46
28,49,1230.8201,1244.50072362188
28,50,1230.8947,1244.543198134119
28,51,1230.9696,1244.58737098845
28,52,1231.0482,1244.633189636607
28,53,1231.1304,1244.680601530323
28,54,1231.2156,1244.729554121332
28,55,1231.3032,1244.779994861366
28,56,1231.3933,1244.83187120216
28,57,1231.4851,1244.885130595446
28,58,1231.5785,1244.939720492958
28,59,1231.673,1244.99558834643
28,60,1231.7682,1245.052681607594
28,61,1231.8636,1245.110947728184
28,62,1231.9591,1245.170334159933
28,63,1232.0541,1245.230788354575
28,64,1232.1482,1245.292257763843
28,65,1232.2412,1245.35468983947
28,66,1232.3326,1245.41803203319
28,67,1232.4221,1245.482231796736
28,68,1232.5094,1245.547236581842
28,69,1232.5939,1245.61299384024
28,70,1232.6754,1245.679451023664
28,71,1232.7534,1245.746555583848
28,72,1232.8278,1245.814254972524
28,73,1232.898,1245.882496641427
28,74,1232.9636,1245.951228042289
28,75,1233.0244,1246.020396626844
28,76,1233.0801,1246.089949846826
28,77,1233.13,1246.159835153966
28,78,1233.174,1246.23
28,79,1233.2117,1246.30040301258
28,80,1233.2435,1246.371047523038
28,81,1233.2734,1246.441948038625
28,82,1233.3037,1246.513119066595
28,83,1233.3346,1246.584575114197
28,84,1233.3658,1246.656330688685
28,85,1233.3976,1246.728400297309
28,86,1233.43,1246.800798447322
28,87,1233.4626,1246.873539645976
28,88,1233.4958,1246.946638400522
28,89,1233.5294,1247.020109218212
28,90,1233.5635,1247.093966606298
28,91,1233.5978,1247.168225072031
28,92,1233.6326,1247.242899122664
28,93,1233.6677,1247.318003265448
28,94,1233.7032,1247.393552007635
28,95,1233.7391,1247.469559856477
28,96,1233.7754,1247.546041319225
28,97,1233.812,1247.623010903131
28,98,1233.8488,1247.700483115447
28,99,1233.886,1247.778472463426
28,100,1233.9235,1247.856993454318
28,101,1233.9612,1247.936060595375
28,102,1233.9991,1248.015688393849
28,103,1234.0374,1248.095891356993
28,104,1234.0758,1248.176683992057
28,105,1234.1146,1248.258080806293
28,106,1234.1534,1248.340096306954
28,107,1234.1926,1248.422745001291
28,108,1234.2319,1248.506041396556
28,109,1234.2714,1248.59
28,110,1234.311,1248.674613489346
28,111,1234.3505,1248.759787224194
28,112,1234.3887,1248.845404734617
28,113,1234.4249,1248.931349550686
28,114,1234.4594,1249.017505202473
28,115,1234.4921,1249.103755220048
28,116,1234.5231,1249.189983133484
28,117,1234.5526,1249.276072472851
28,118,1234.5808,1249.361906768223
28,119,1234.6077,1249.447369549669
28,120,1234.6334,1249.532344347261
28,121,1234.6581,1249.616714691072
28,122,1234.6819,1249.700364111172
28,123,1234.7047,1249.783176137633
28,124,1234.7269,1249.865034300527
28,125,1234.7485,1249.945822129925
28,126,1234.7695,1250.025423155898
28,127,1234.7903,1250.103720908518
28,128,1234.8107,1250.180598917857
28,129,1234.8309,1250.255940713986
28,130,1234.8512,1250.329629826976
28,131,1234.8715,1250.4015497869
28,132,1234.892,1250.471584123828
28,133,1234.9128,1250.539616367832
28,134,1234.934,1250.605530048984
28,135,1234.9558,1250.669208697355
28,136,1234.9781,1250.730535843017
28,137,1235.0012,1250.789395016041
28,138,1235.0253,1250.845669746498
28,139,1235.0502,1250.899243564461
28,140,1235.0763,1250.95
28,141,1235.1036,1250.997930712141
28,142,1235.1322,1251.043459875724
28,143,1235.1621,1251.087119794543
28,144,1235.1936,1251.129442772392
28,145,1235.2266,1251.170961113063
28,146,1235.2611,1251.212207120352
28,147,1235.2972,1251.253713098052
28,148,1235.3351,1251.296011349956
28,149,1235.3748,1251.339634179858
28,150,1235.4161,1251.385113891553
28,151,1235.4594,1251.432982788834
28,152,1235.5046,1251.483773175495
28,153,1235.5518,1251.538017355329
28,154,1235.601,1251.59624763213
28,155,1235.6522,1251.658996309693
28,156,1235.7056,1251.72679569181
28,157,1235.7611,1251.800178082276
28,158,1235.819,1251.879675784885
28,159,1235.8792,1251.96582110343
28,160,1235.9417,1252.059146341704
28,161,1236.0065,1252.160183803503
28,162,1236.074,1252.269465792619
28,163,1236.1437,1252.387524612846
28,164,1236.2162,1252.514892567979
28,165,1236.2914,1252.65210196181
28,166,1236.3691,1252.799685098134
28,167,1236.4496,1252.958174280745
28,168,1236.5328,1253.128101813435
28,169,1236.619,1253.31
28,170,1236.7081,1253.504231947576
28,171,1236.801,1253.710483976672
28,172,1236.9009,1253.928273211141
28,173,1237.0098,1254.157116774837
28,174,1237.1274,1254.396531791611
28,175,1237.2533,1254.646035385317
28,176,1237.3871,1254.905144679807
28,177,1237.5286,1255.173376798934
28,178,1237.677,1255.450248866551
28,179,1237.8324,1255.73527800651
28,180,1237.9943,1256.027981342665
28,181,1238.162,1256.327875998868
28,182,1238.3354,1256.634479098971
28,183,1238.5143,1256.947307766829
28,184,1238.698,1257.265879126292
28,185,1238.8862,1257.589710301214
28,186,1239.0787,1257.918318415448
28,187,1239.2749,1258.251220592846
28,188,1239.4746,1258.587933957263
28,189,1239.6772,1258.927975632548
28,190,1239.8827,1259.270862742557
28,191,1240.0905,1259.616112411141
28,192,1240.3,1259.963241762154
28,193,1240.5115,1260.311767919447
28,194,1240.724,1260.661208006874
28,195,1240.9374,1261.011079148288
28,196,1241.1514,1261.360898467541
28,197,1241.3655,1261.710183088486
28,198,1241.5793,1262.058450134975
28,199,1241.7927,1262.405216730863
28,200,1242.0051,1262.75
28,201,1242.2164,1263.09240646678
28,202,1242.4261,1263.432400257749
28,203,1242.6345,1263.770034899996
28,204,1242.842,1264.105363920607
28,205,1243.0486,1264.438440846671
28,206,1243.2543,1264.769319205273
28,207,1243.459,1265.098052523501
28,208,1243.663,1265.424694328442
28,209,1243.866,1265.749298147183
28,210,1244.0684,1266.071917506812
28,211,1244.2699,1266.392605934416
28,212,1244.4707,1266.711416957081
28,213,1244.6708,1267.028404101896
28,214,1244.8702,1267.343620895946
28,215,1245.069,1267.65712086632
28,216,1245.267,1267.968957540104
28,217,1245.4646,1268.279184444387
28,218,1245.6615,1268.587855106253
28,219,1245.8579,1268.895023052792
28,220,1246.0537,1269.20074181109
28,221,1246.249,1269.505064908234
28,222,1246.444,1269.808045871312
28,223,1246.6383,1270.109738227411
28,224,1246.8323,1270.410195503617
28,225,1247.026,1270.709471227018
28,226,1247.2192,1271.007618924702
28,227,1247.4121,1271.304692123754
28,228,1247.6047,1271.600744351264
28,229,1247.7971,1271.895829134316
28,230,1247.9891,1272.19
28,231,1248.181,1272.483326653522
28,232,1248.3718,1272.775943512573
28,233,1248.559,1273.068001172964
28,234,1248.741,1273.359650230506
28,235,1248.9185,1273.651041281009
28,236,1249.0917,1273.942324920284
28,237,1249.2616,1274.233651744142
28,238,1249.4283,1274.525172348395
28,239,1249.5929,1274.817037328853
28,240,1249.7554,1275.109397281326
28,241,1249.9167,1275.402402801627
28,242,1250.0773,1275.696204485565
28,243,1250.2377,1275.990952928951
28,244,1250.3982,1276.286798727597
28,245,1250.5598,1276.583892477313
28,246,1250.7229,1276.88238477391
28,247,1250.8881,1277.182426213199
28,248,1251.0557,1277.484167390991
28,249,1251.2264,1277.787758903097
28,250,1251.4009,1278.093351345327
28,251,1251.5796,1278.401095313493
28,252,1251.763,1278.711141403406
28,253,1251.9517,1279.023640210876
28,254,1252.1462,1279.338742331714
28,255,1252.3473,1279.65659836173
28,256,1252.5554,1279.977358896737
28,257,1252.7709,1280.301174532545
28,258,1252.9945,1280.628195864964
28,259,1253.2267,1280.958573489806
28,260,1253.468,1281.292458002881
28,261,1253.719,1281.63
28,262,1253.9803,1281.971310301226
28,263,1254.2515,1282.316340623625
28,264,1254.53,1282.665002908517
28,265,1254.8142,1283.017209097218
28,266,1255.1038,1283.372871131049
28,267,1255.399,1283.731900951327
28,268,1255.6997,1284.09421049937
28,269,1256.006,1284.459711716498
28,270,1256.3179,1284.828316544028
28,271,1256.6353,1285.199936923278
28,272,1256.9581,1285.574484795568
28,273,1257.2866,1285.951872102215
28,274,1257.6206,1286.332010784539
28,275,1257.9601,1286.714812783856
28,276,1258.3053,1287.100190041487
28,277,1258.656,1287.488054498749
28,278,1259.0122,1287.878318096961
28,279,1259.374,1288.27089277744
28,280,1259.7413,1288.665690481506
28,281,1260.1141,1289.062623150477
28,282,1260.4927,1289.461602725671
28,283,1260.8767,1289.862541148407
28,284,1261.2661,1290.265350360002
28,285,1261.6611,1290.669942301776
28,286,1262.0616,1291.076228915048
28,287,1262.4678,1291.484122141134
28,288,1262.8793,1291.893533921354
28,289,1263.2964,1292.304376197026
28,290,1263.719,1292.716560909469
29,0,1231.3204,1239.908559267027
29,1,1231.4133,1240.100299513874
29,2,1231.508,1240.290084429472
29,3,1231.6044,1240.477601927919
29,4,1231.7021,1240.662539923313
29,5,1231.8011,1240.844586329752
29,6,1231.9012,1241.023429061332
29,7,1232.002,1241.198756032152
29,8,1232.1035,1241.370255156309
29,9,1232.2054,1241.537614347901
29,10,1232.3076,1241.700521521026
29,11,1232.4098,1241.85866458978
29,12,1232.512,1242.011731468262
29,13,1232.6138,1242.159410070568
29,14,1232.715,1242.301388310798
29,15,1232.8154,1242.437354103048
29,16,1232.915,1242.566995361417
29,17,1233.0135,1242.69
29,18,1233.1107,1242.806155001753
29,19,1233.208,1242.915643625056
29,20,1233.3104,1243.018748197144
29,21,1233.4209,1243.115751045252
29,22,1233.5391,1243.206934496617
29,23,1233.6642,1243.292580878474
29,24,1233.7959,1243.372972518061
29,25,1233.9336,1243.448391742611
29,26,1234.0768,1243.519120879362
29,27,1234.2247,1243.585442255549
29,28,1234.3772,1243.647638198408
29,29,1234.5332,1243.705991035176
29,30,1234.6925,1243.760783093087
29,31,1234.8545,1243.812296699377
29,32,1235.0186,1243.860814181284
29,33,1235.1843,1243.906617866042
29,34,1235.351,1243.949990080887
29,35,1235.5182,1243.991213153056
29,36,1235.6853,1244.030569409784
29,37,1235.8518,1244.068341178307
29,38,1236.0172,1244.104810785861
29,39,1236.1809,1244.140260559682
29,40,1236.3424,1244.174972827006
29,41,1236.5012,1244.209229915068
29,42,1236.6566,1244.243314151105
29,43,1236.8082,1244.277507862352
29,44,1236.9554,1244.312093376045
29,45,1237.0978,1244.347353019421
29,46,1237.2346,1244.383569119715
29,47,1237.3656,1244.421024004163
29,48,1237.49,1244.46
29,49,1237.6074,1244.50072362188
29,50,1237.7195,1244.543198134119
29,51,1237.8333,1244.58737098845
29,52,1237.9531,1244.633189636607
29,53,1238.0785,1244.680601530323
29,54,1238.2086,1244.729554121332
29,55,1238.343,1244.779994861366
29,56,1238.4808,1244.83187120216
29,57,1238.6216,1244.885130595446
29,58,1238.7643,1244.939720492958
29,59,1238.9087,1244.99558834643
29,60,1239.0537,1245.052681607594
29,61,1239.1991,1245.110947728184
29,62,1239.3439,1245.170334159933
29,63,1239.4875,1245.230788354575
29,64,1239.6295,1245.292257763843
29,65,1239.769,1245.35468983947
29,66,1239.9053,1245.41803203319
29,67,1240.038,1245.482231796736
29,68,1240.166,1245.547236581842
29,69,1240.2892,1245.61299384024
29,70,1240.4065,1245.679451023664
29,71,1240.5175,1245.746555583848
29,72,1240.6215,1245.814254972524
29,73,1240.7178,1245.882496641427
29,74,1240.8059,1245.951228042289
29,75,1240.8849,1246.020396626844
29,76,1240.9543,1246.089949846826
29,77,1241.0135,1246.159835153966
29,78,1241.0618,1246.23
29,79,1241.0985,1246.30040301258
29,80,1241.1251,1246.371047523038
29,81,1241.1477,1246.441948038625
29,82,1241.1708,1246.513119066595
29,83,1241.1941,1246.584575114197
29,84,1241.2179,1246.656330688685
29,85,1241.2422,1246.728400297309
29,86,1241.2667,1246.800798447322
29,87,1241.2916,1246.873539645976
29,88,1241.3169,1246.946638400522
29,89,1241.3425,1247.020109218212
29,90,1241.3684,1247.093966606298
29,91,1241.3948,1247.168225072031
29,92,1241.4213,1247.242899122664
29,93,1241.4481,1247.318003265448
29,94,1241.4753,1247.393552007635
29,95,1241.5027,1247.469559856477
29,96,1241.5304,1247.546041319225
29,97,1241.5583,1247.623010903131
29,98,1241.5864,1247.700483115447
29,99,1241.6149,1247.778472463426
29,100,1241.6434,1247.856993454318
29,101,1241.6724,1247.936060595375
29,102,1241.7013,1248.015688393849
29,103,1241.7306,1248.095891356993
29,104,1241.76,1248.176683992057
29,105,1241.7896,1248.258080806293
29,106,1241.8193,1248.340096306954
29,107,1241.8491,1248.422745001291
29,108,1241.8793,1248.506041396556
29,109,1241.9093,1248.59
29,110,1241.9396,1248.674613489346
29,111,1241.9696,1248.759787224194
29,112,1241.9985,1248.845404734617
29,113,1242.0256,1248.931349550686
29,114,1242.0511,1249.017505202473
29,115,1242.075,1249.103755220048
29,116,1242.0974,1249.189983133484
29,117,1242.1184,1249.276072472851
29,118,1242.1383,1249.361906768223
29,119,1242.1571,1249.447369549669
29,120,1242.1747,1249.532344347261
29,121,1242.1914,1249.616714691072
29,122,1242.2074,1249.700364111172
29,123,1242.2227,1249.783176137633
29,124,1242.2373,1249.865034300527
29,125,1242.2516,1249.945822129925
29,126,1242.2653,1250.025423155898
29,127,1242.2788,1250.103720908518
29,128,1242.2921,1250.180598917857
29,129,1242.3054,1250.255940713986
29,130,1242.3188,1250.329629826976
29,131,1242.3323,1250.4015497869
29,132,1242.3462,1250.471584123828
29,133,1242.3604,1250.539616367832
29,134,1242.375,1250.605530048984
29,135,1242.3903,1250.669208697355
29,136,1242.4061,1250.730535843017
29,137,1242.423,1250.789395016041
29,138,1242.4407,1250.845669746498
29,139,1242.4594,1250.899243564461
29,140,1242.4792,1250.95
29,141,1242.5004,1250.997930712141
29,142,1242.5228,1251.043459875724
29,143,1242.5468,1251.087119794543
29,144,1242.5719,1251.129442772392
29,145,1242.5986,1251.170961113063
29,146,1242.627,1251.212207120352
29,147,1242.6565,1251.253713098052
29,148,1242.6877,1251.296011349956
29,149,1242.7205,1251.339634179858
29,150,1242.7548,1251.385113891553
29,151,1242.7906,1251.432982788834
29,152,1242.828,1251.483773175495
29,153,1242.867,1251.538017355329
29,154,1242.9076,1251.59624763213
29,155,1242.95,1251.658996309693
29,156,1242.994,1251.72679569181
29,157,1243.0397,1251.800178082276
29,158,1243.0869,1251.879675784885
29,159,1243.136,1251.96582110343
29,160,1243.1869,1252.059146341704
29,161,1243.2395,1252.160183803503
29,162,1243.294,1252.269465792619
29,163,1243.35,1252.387524612846
29,164,1243.4081,1252.514892567979
29,165,1243.4679,1252.65210196181
29,166,1243.5297,1252.799685098134
29,167,1243.5933,1252.958174280745
29,168,1243.6587,1253.128101813435
29,169,1243.7262,1253.31
29,170,1243.7954,1253.504231947576
29,171,1243.8684,1253.710483976672
29,172,1243.9503,1253.928273211141
29,173,1244.0442,1254.157116774837
29,174,1244.1497,1254.396531791611
29,175,1244.2662,1254.646035385317
29,176,1244.3932,1254.905144679807
29,177,1244.5302,1255.173376798934
29,178,1244.6763,1255.450248866551
29,179,1244.8313,1255.73527800651
29,180,1244.9946,1256.027981342665
29,181,1245.1656,1256.327875998868
29,182,1245.3438,1256.634479098971
29,183,1245.5284,1256.947307766829
29,184,1245.7192,1257.265879126292
29,185,1245.9156,1257.589710301214
29,186,1246.1168,1257.918318415448
29,187,1246.3225,1258.251220592846
29,188,1246.5321,1258.587933957263
29,189,1246.745,1258.927975632548
29,190,1246.9607,1259.270862742557
29,191,1247.1787,1259.616112411141
29,192,1247.3984,1259.963241762154
29,193,1247.6193,1260.311767919447
29,194,1247.8408,1260.661208006874
29,195,1248.0625,1261.011079148288
29,196,1248.2837,1261.360898467541
29,197,1248.504,1261.710183088486
29,198,1248.7228,1262.058450134975
29,199,1248.9397,1262.405216730863
29,200,1249.1539,1262.75
29,201,1249.3651,1263.09240646678
29,202,1249.5735,1263.432400257749
29,203,1249.7799,1263.770034899996
29,204,1249.9857,1264.105363920607
29,205,1250.1907,1264.438440846671
29,206,1250.395,1264.769319205273
29,207,1250.5986,1265.098052523501
29,208,1250.8015,1265.424694328442
29,209,1251.0039,1265.749298147183
29,210,1251.2056,1266.071917506812
29,211,1251.4066,1266.392605934416
29,212,1251.6072,1266.711416957081
29,213,1251.8071,1267.028404101896
29,214,1252.0066,1267.343620895946
29,215,1252.2054,1267.65712086632
29,216,1252.4038,1267.968957540104
29,217,1252.6017,1268.279184444387
29,218,1252.7991,1268.587855106253
29,219,1252.996,1268.895023052792
29,220,1253.1925,1269.20074181109
29,221,1253.3887,1269.505064908234
29,222,1253.5842,1269.808045871312
29,223,1253.7797,1270.109738227411
29,224,1253.9745,1270.410195503617
29,225,1254.1692,1270.709471227018
29,226,1254.3634,1271.007618924702
29,227,1254.5574,1271.304692123754
29,228,1254.7511,1271.600744351264
29,229,1254.9445,1271.895829134316
29,230,1255.1376,1272.19
29,231,1255.3306,1272.483326653522
29,232,1255.5227,1272.775943512573
29,233,1255.7126,1273.068001172964
29,234,1255.8989,1273.359650230506
29,235,1256.0824,1273.651041281009
29,236,1256.2631,1273.942324920284
29,237,1256.4414,1274.233651744142
29,238,1256.6176,1274.525172348395
29,239,1256.7921,1274.817037328853
29,240,1256.9655,1275.109397281326
29,241,1257.1377,1275.402402801627
29,242,1257.3093,1275.696204485565
29,243,1257.4807,1275.990952928951
29,244,1257.6521,1276.286798727597
29,245,1257.8239,1276.583892477313
29,246,1257.9962,1276.88238477391
29,247,1258.1699,1277.182426213199
29,248,1258.3448,1277.484167390991
29,249,1258.5216,1277.787758903097
29,250,1258.7004,1278.093351345327
29,251,1258.8816,1278.401095313493
29,252,1259.0657,1278.711141403406
29,253,1259.2529,1279.023640210876
29,254,1259.4434,1279.338742331714
29,255,1259.6378,1279.65659836173
29,256,1259.8363,1279.977358896737
29,257,1260.0393,1280.301174532545
29,258,1260.2471,1280.628195864964
29,259,1260.46,1280.958573489806
29,260,1260.6782,1281.292458002881
29,261,1260.9023,1281.63
29,262,1261.1324,1281.971310301226
29,263,1261.3685,1282.316340623625
29,264,1261.609,1282.665002908517
29,265,1261.8528,1283.017209097218
29,266,1262.0997,1283.372871131049
29,267,1262.3497,1283.731900951327
29,268,1262.603,1284.09421049937
29,269,1262.8594,1284.459711716498
29,270,1263.1189,1284.828316544028
29,271,1263.3817,1285.199936923278
29,272,1263.6477,1285.574484795568
29,273,1263.9167,1285.951872102215
29,274,1264.1891,1286.332010784539
29,275,1264.4645,1286.714812783856
29,276,1264.7429,1287.100190041487
29,277,1265.0247,1287.488054498749
29,278,1265.3096,1287.878318096961
29,279,1265.5975,1288.27089277744
29,280,1265.8887,1288.665690481506
29,281,1266.1827,1289.062623150477
29,282,1266.4801,1289.461602725671
29,283,1266.7804,1289.862541148407
29,284,1267.0839,1290.265350360002
29,285,1267.3905,1290.669942301776
29,286,1267.7,1291.076228915048
29,287,1268.0127,1291.484122141134
29,288,1268.3284,1291.893533921354
29,289,1268.647,1292.304376197026
29,290,1268.9688,1292.716560909469
30,0,1224.6283,1239.908559267027
30,1,1224.7313,1240.100299513874
30,2,1224.8362,1240.290084429472
30,3,1224.9423,1240.477601927919
30,4,1225.0494,1240.662539923313
30,5,1225.1576,1240.844586329752
30,6,1225.2662,1241.023429061332
30,7,1225.375,1241.198756032152
30,8,1225.484,1241.370255156309
30,9,1225.5929,1241.537614347901
30,10,1225.7013,1241.700521521026
30,11,1225.8088,1241.85866458978
30,12,1225.9155,1242.011731468262
30,13,1226.021,1242.159410070568
30,14,1226.125,1242.301388310798
30,15,1226.2272,1242.437354103048
30,16,1226.3275,1242.566995361417
30,17,1226.4254,1242.69
30,18,1226.521,1242.806155001753
30,19,1226.615,1242.915643625056
30,20,1226.7113,1243.018748197144
30,21,1226.8123,1243.115751045252
30,22,1226.9174,1243.206934496617
30,23,1227.0266,1243.292580878474
30,24,1227.1394,1243.372972518061
30,25,1227.2554,1243.448391742611
30,26,1227.3741,1243.519120879362
30,27,1227.4952,1243.585442255549
30,28,1227.6185,1243.647638198408
30,29,1227.7434,1243.705991035176
30,30,1227.8696,1243.760783093087
30,31,1227.9968,1243.812296699377
30,32,1228.1244,1243.860814181284
30,33,1228.2523,1243.906617866042
30,34,1228.38,1243.949990080887
30,35,1228.5071,1243.991213153056
30,36,1228.6332,1244.030569409784
30,37,1228.7579,1244.068341178307
30,38,1228.881,1244.104810785861
30,39,1229.002,1244.140260559682
30,40,1229.1205,1244.174972827006
30,41,1229.2362,1244.209229915068
30,42,1229.3488,1244.243314151105
30,43,1229.4576,1244.277507862352
30,44,1229.5627,1244.312093376045
30,45,1229.6633,1244.347353019421
30,46,1229.7594,1244.383569119715
30,47,1229.8505,1244.421024004163
30,48,1229.936,1244.46
30,49,1230.0157,1244.50072362188
30,50,1230.0911,1244.543198134119
30,51,1230.1667,1244.58737098845
30,52,1230.2463,1244.633189636607
30,53,1230.3293,1244.680601530323
30,54,1230.4155,1244.729554121332
30,55,1230.5042,1244.779994861366
30,56,1230.5952,1244.83187120216
30,57,1230.6882,1244.885130595446
30,58,1230.7828,1244.939720492958
30,59,1230.8784,1244.99558834643
30,60,1230.9747,1245.052681607594
30,61,1231.0715,1245.110947728184
30,62,1231.1682,1245.170334159933
30,63,1231.2646,1245.230788354575
30,64,1231.3602,1245.292257763843
30,65,1231.4547,1245.35468983947
30,66,1231.5476,1245.41803203319
30,67,1231.6387,1245.482231796736
30,68,1231.7274,1245.547236581842
30,69,1231.8136,1245.61299384024
30,70,1231.8966,1245.679451023664
30,71,1231.9764,1245.746555583848
30,72,1232.0522,1245.814254972524
30,73,1232.1241,1245.882496641427
30,74,1232.1913,1245.951228042289
30,75,1232.2538,1246.020396626844
30,76,1232.3108,1246.089949846826
30,77,1232.3622,1246.159835153966
30,78,1232.4076,1246.23
30,79,1232.4467,1246.30040301258
30,80,1232.4801,1246.371047523038
30,81,1232.5117,1246.441948038625
30,82,1232.5437,1246.513119066595
30,83,1232.5764,1246.584575114197
30,84,1232.6097,1246.656330688685
30,85,1232.6436,1246.728400297309
30,86,1232.6779,1246.800798447322
30,87,1232.7128,1246.873539645976
30,88,1232.7483,1246.946638400522
30,89,1232.7842,1247.020109218212
30,90,1232.8207,1247.093966606298
30,91,1232.8575,1247.168225072031
30,92,1232.8948,1247.242899122664
30,93,1232.9326,1247.318003265448
30,94,1232.9708,1247.393552007635
30,95,1233.0093,1247.469559856477
30,96,1233.0482,1247.546041319225
30,97,1233.0876,1247.623010903131
30,98,1233.1273,1247.700483115447
30,99,1233.1674,1247.778472463426
30,100,1233.2078,1247.856993454318
30,101,1233.2483,1247.936060595375
30,102,1233.2892,1248.015688393849
30,103,1233.3304,1248.095891356993
30,104,1233.372,1248.176683992057
30,105,1233.4136,1248.258080806293
30,106,1233.4554,1248.340096306954
30,107,1233.4976,1248.422745001291
30,108,1233.5399,1248.506041396556
30,109,1233.5824,1248.59
30,110,1233.625,1248.674613489346
30,111,1233.6675,1248.759787224194
30,112,1233.7087,1248.845404734617
30,113,1233.7482,1248.931349550686
30,114,1233.7859,1249.017505202473
30,115,1233.822,1249.103755220048
30,116,1233.8566,1249.189983133484
30,117,1233.8896,1249.276072472851
30,118,1233.9215,1249.361906768223
30,119,1233.952,1249.447369549669
30,120,1233.9816,1249.532344347261
30,121,1234.01,1249.616714691072
30,122,1234.0376,1249.700364111172
30,123,1234.0642,1249.783176137633
30,124,1234.0903,1249.865034300527
30,125,1234.1156,1249.945822129925
30,126,1234.1405,1250.025423155898
30,127,1234.1649,1250.103720908518
30,128,1234.189,1250.180598917857
30,129,1234.2129,1250.255940713986
30,130,1234.2368,1250.329629826976
30,131,1234.2605,1250.4015497869
30,132,1234.2844,1250.471584123828
30,133,1234.3085,1250.539616367832
30,134,1234.3328,1250.605530048984
30,135,1234.3575,1250.669208697355
30,136,1234.3828,1250.730535843017
30,137,1234.4087,1250.789395016041
30,138,1234.435,1250.845669746498
30,139,1234.4624,1250.899243564461
30,140,1234.4906,1250.95
30,141,1234.5198,1250.997930712141
30,142,1234.55,1251.043459875724
30,143,1234.5815,1251.087119794543
30,144,1234.6143,1251.129442772392
30,145,1234.6483,1251.170961113063
30,146,1234.6837,1251.212207120352
30,147,1234.7207,1251.253713098052
30,148,1234.7592,1251.296011349956
30,149,1234.7994,1251.339634179858
30,150,1234.8413,1251.385113891553
30,151,1234.885,1251.432982788834
30,152,1234.9307,1251.483773175495
30,153,1234.9781,1251.538017355329
30,154,1235.0278,1251.59624763213
30,155,1235.0796,1251.658996309693
30,156,1235.1335,1251.72679569181
30,157,1235.1896,1251.800178082276
30,158,1235.2482,1251.879675784885
30,159,1235.3091,1251.96582110343
30,160,1235.3726,1252.059146341704
30,161,1235.4386,1252.160183803503
30,162,1235.5073,1252.269465792619
30,163,1235.5787,1252.387524612846
30,164,1235.6528,1252.514892567979
30,165,1235.73,1252.65210196181
30,166,1235.81,1252.799685098134
30,167,1235.8932,1252.958174280745
30,168,1235.9795,1253.128101813435
30,169,1236.0688,1253.31
30,170,1236.1615,1253.504231947576
30,171,1236.2585,1253.710483976672
30,172,1236.3632,1253.928273211141
30,173,1236.477,1254.157116774837
30,174,1236.6003,1254.396531791611
30,175,1236.7322,1254.646035385317
30,176,1236.8722,1254.905144679807
30,177,1237.0203,1255.173376798934
30,178,1237.1758,1255.450248866551
30,179,1237.3384,1255.73527800651
30,180,1237.5078,1256.027981342665
30,181,1237.6833,1256.327875998868
30,182,1237.8649,1256.634479098971
30,183,1238.0519,1256.947307766829
30,184,1238.2441,1257.265879126292
30,185,1238.4409,1257.589710301214
30,186,1238.6421,1257.918318415448
30,187,1238.8472,1258.251220592846
30,188,1239.0558,1258.587933957263
30,189,1239.2675,1258.927975632548
30,190,1239.4819,1259.270862742557
30,191,1239.6989,1259.616112411141
30,192,1239.9176,1259.963241762154
30,193,1240.138,1260.311767919447
30,194,1240.3595,1260.661208006874
30,195,1240.5819,1261.011079148288
30,196,1240.8047,1261.360898467541
30,197,1241.0275,1261.710183088486
30,198,1241.2499,1262.058450134975
30,199,1241.4716,1262.405216730863
30,200,1241.6921,1262.75
30,201,1241.9111,1263.09240646678
30,202,1242.1285,1263.432400257749
30,203,1242.3446,1263.770034899996
30,204,1242.5596,1264.105363920607
30,205,1242.7736,1264.438440846671
30,206,1242.9866,1264.769319205273
30,207,1243.1987,1265.098052523501
30,208,1243.4099,1265.424694328442
30,209,1243.6202,1265.749298147183
30,210,1243.8297,1266.071917506812
30,211,1244.0385,1266.392605934416
30,212,1244.2463,1266.711416957081
30,213,1244.4536,1267.028404101896
30,214,1244.66,1267.343620895946
30,215,1244.8658,1267.65712086632
30,216,1245.071,1267.968957540104
30,217,1245.2756,1268.279184444387
30,218,1245.4796,1268.587855106253
30,219,1245.683,1268.895023052792
30,220,1245.8859,1269.20074181109
30,221,1246.0884,1269.505064908234
30,222,1246.2903,1269.808045871312
30,223,1246.492,1270.109738227411
30,224,1246.693,1270.410195503617
30,225,1246.8938,1270.709471227018
30,226,1247.0942,1271.007618924702
30,227,1247.2943,1271.304692123754
30,228,1247.4941,1271.600744351264
30,229,1247.6938,1271.895829134316
30,230,1247.8933,1272.19
30,231,1248.0925,1272.483326653522
30,232,1248.2909,1272.775943512573
30,233,1248.486,1273.068001172964
30,234,1248.6764,1273.359650230506
30,235,1248.8627,1273.651041281009
30,236,1249.0453,1273.942324920284
30,237,1249.2247,1274.233651744142
30,238,1249.4015,1274.525172348395
30,239,1249.576,1274.817037328853
30,240,1249.7491,1275.109397281326
30,241,1249.9209,1275.402402801627
30,242,1250.0919,1275.696204485565
30,243,1250.2628,1275.990952928951
30,244,1250.4338,1276.286798727597
30,245,1250.6057,1276.583892477313
30,246,1250.7789,1276.88238477391
30,247,1250.9539,1277.182426213199
30,248,1251.1309,1277.484167390991
30,249,1251.3109,1277.787758903097
30,250,1251.494,1278.093351345327
30,251,1251.6808,1278.401095313493
30,252,1251.8718,1278.711141403406
30,253,1252.0675,1279.023640210876
30,254,1252.2684,1279.338742331714
30,255,1252.475,1279.65659836173
30,256,1252.6877,1279.977358896737
30,257,1252.9072,1280.301174532545
30,258,1253.1337,1280.628195864964
30,259,1253.3678,1280.958573489806
30,260,1253.61,1281.292458002881
30,261,1253.8608,1281.63
30,262,1254.1206,1281.971310301226
30,263,1254.3893,1282.316340623625
30,264,1254.6643,1282.665002908517
30,265,1254.9442,1283.017209097218
30,266,1255.229,1283.372871131049
30,267,1255.5186,1283.731900951327
30,268,1255.813,1284.09421049937
30,269,1256.1123,1284.459711716498
30,270,1256.4165,1284.828316544028
30,271,1256.7255,1285.199936923278
30,272,1257.0396,1285.574484795568
30,273,1257.3584,1285.951872102215
30,274,1257.6823,1286.332010784539
30,275,1258.011,1286.714812783856
30,276,1258.3446,1287.100190041487
30,277,1258.6832,1287.488054498749
30,278,1259.0269,1287.878318096961
30,279,1259.3754,1288.27089277744
30,280,1259.7288,1288.665690481506
30,281,1260.0873,1289.062623150477
30,282,1260.4507,1289.461602725671
30,283,1260.8191,1289.862541148407
30,284,1261.1926,1290.265350360002
30,285,1261.5709,1290.669942301776
30,286,1261.9543,1291.076228915048
30,287,1262.3427,1291.484122141134
30,288,1262.736,1291.893533921354
30,289,1263.1345,1292.304376197026
30,290,1263.5377,1292.716560909469
31,0,1237.837,1239.908559267027
31,1,1237.9434,1240.100299513874
31,2,1238.051,1240.290084429472
31,3,1238.1598,1240.477601927919
31,4,1238.2693,1240.662539923313
31,5,1238.3796,1240.844586329752
31,6,1238.4905,1241.023429061332
31,7,1238.6018,1241.198756032152
31,8,1238.7133,1241.370255156309
31,9,1238.8248,1241.537614347901
31,10,1238.9363,1241.700521521026
31,11,1239.0475,1241.85866458978
31,12,1239.1584,1242.011731468262
31,13,1239.2688,1242.159410070568
31,14,1239.3783,1242.301388310798
31,15,1239.487,1242.437354103048
31,16,1239.5948,1242.566995361417
31,17,1239.7013,1242.69
31,18,1239.8065,1242.806155001753
31,19,1239.9116,1242.915643625056
31,20,1240.0215,1243.018748197144
31,21,1240.1392,1243.115751045252
31,22,1240.2642,1243.206934496617
31,23,1240.3961,1243.292580878474
31,24,1240.5343,1243.372972518061
31,25,1240.6783,1243.448391742611
31,26,1240.8278,1243.519120879362
31,27,1240.9818,1243.585442255549
31,28,1241.1404,1243.647638198408
31,29,1241.3025,1243.705991035176
31,30,1241.4679,1243.760783093087
31,31,1241.6361,1243.812296699377
31,32,1241.8066,1243.860814181284
31,33,1241.9789,1243.906617866042
31,34,1242.1522,1243.949990080887
31,35,1242.3264,1243.991213153056
31,36,1242.5009,1244.030569409784
31,37,1242.6749,1244.068341178307
31,38,1242.8483,1244.104810785861
31,39,1243.0203,1244.140260559682
31,40,1243.1907,1244.174972827006
31,41,1243.3586,1244.209229915068
31,42,1243.5239,1244.243314151105
31,43,1243.6859,1244.277507862352
31,44,1243.8442,1244.312093376045
31,45,1243.998,1244.347353019421
31,46,1244.1473,1244.383569119715
31,47,1244.2914,1244.421024004163
31,48,1244.4297,1244.46
31,49,1244.5618,1244.50072362188
31,50,1244.6893,1244.543198134119
31,51,1244.8191,1244.58737098845
31,52,1244.9562,1244.633189636607
31,53,1245.0996,1244.680601530323
31,54,1245.2485,1244.729554121332
31,55,1245.4022,1244.779994861366
31,56,1245.56,1244.83187120216
31,57,1245.7212,1244.885130595446
31,58,1245.8849,1244.939720492958
31,59,1246.0504,1244.99558834643
31,60,1246.2169,1245.052681607594
31,61,1246.3837,1245.110947728184
31,62,1246.5499,1245.170334159933
31,63,1246.7151,1245.230788354575
31,64,1246.8783,1245.292257763843
31,65,1247.0388,1245.35468983947
31,66,1247.1958,1245.41803203319
31,67,1247.3486,1245.482231796736
31,68,1247.4965,1245.547236581842
31,69,1247.6388,1245.61299384024
31,70,1247.7747,1245.679451023664
31,71,1247.9033,1245.746555583848
31,72,1248.0242,1245.814254972524
31,73,1248.1365,1245.882496641427
31,74,1248.2393,1245.951228042289
31,75,1248.3322,1246.020396626844
31,76,1248.4141,1246.089949846826
31,77,1248.4845,1246.159835153966
31,78,1248.5426,1246.23
31,79,1248.5876,1246.30040301258
31,80,1248.6211,1246.371047523038
31,81,1248.6497,1246.441948038625
31,82,1248.6787,1246.513119066595
31,83,1248.708,1246.584575114197
31,84,1248.7378,1246.656330688685
31,85,1248.768,1246.728400297309
31,86,1248.7983,1246.800798447322
31,87,1248.8291,1246.873539645976
31,88,1248.8604,1246.946638400522
31,89,1248.8918,1247.020109218212
31,90,1248.9237,1247.093966606298
31,91,1248.9558,1247.168225072031
31,92,1248.9884,1247.242899122664
31,93,1249.0211,1247.318003265448
31,94,1249.0542,1247.393552007635
31,95,1249.0876,1247.469559856477
31,96,1249.1213,1247.546041319225
31,97,1249.1553,1247.623010903131
31,98,1249.1895,1247.700483115447
31,99,1249.224,1247.778472463426
31,100,1249.2588,1247.856993454318
31,101,1249.2937,1247.936060595375
31,102,1249.329,1248.015688393849
31,103,1249.3644,1248.095891356993
31,104,1249.4001,1248.176683992057
31,105,1249.4359,1248.258080806293
31,106,1249.4722,1248.340096306954
31,107,1249.5084,1248.422745001291
31,108,1249.5449,1248.506041396556
31,109,1249.5817,1248.59
31,110,1249.6187,1248.674613489346
31,111,1249.6554,1248.759787224194
31,112,1249.6915,1248.845404734617
31,113,1249.7263,1248.931349550686
31,114,1249.76,1249.017505202473
31,115,1249.7926,1249.103755220048
31,116,1249.8241,1249.189983133484
31,117,1249.8546,1249.276072472851
31,118,1249.8842,1249.361906768223
31,119,1249.9128,1249.447369549669
31,120,1249.9407,1249.532344347261
31,121,1249.9679,1249.616714691072
31,122,1249.9943,1249.700364111172
31,123,1250.0201,1249.783176137633
31,124,1250.0454,1249.865034300527
31,125,1250.0702,1249.945822129925
31,126,1250.0944,1250.025423155898
31,127,1250.1184,1250.103720908518
31,128,1250.1418,1250.180598917857
31,129,1250.1653,1250.255940713986
31,130,1250.1884,1250.329629826976
31,131,1250.2114,1250.4015497869
31,132,1250.2343,1250.471584123828
31,133,1250.2571,1250.539616367832
31,134,1250.28,1250.605530048984
31,135,1250.3031,1250.669208697355
31,136,1250.3263,1250.730535843017
31,137,1250.3497,1250.789395016041
31,138,1250.3733,1250.845669746498
31,139,1250.3973,1250.899243564461
31,140,1250.4218,1250.95
31,141,1250.4467,1250.997930712141
31,142,1250.4722,1251.043459875724
31,143,1250.498,1251.087119794543
31,144,1250.5248,1251.129442772392
31,145,1250.5522,1251.170961113063
31,146,1250.5806,1251.212207120352
31,147,1250.6099,1251.253713098052
31,148,1250.6403,1251.296011349956
31,149,1250.6719,1251.339634179858
31,150,1250.7046,1251.385113891553
31,151,1250.7389,1251.432982788834
31,152,1250.7747,1251.483773175495
31,153,1250.8121,1251.538017355329
31,154,1250.8512,1251.59624763213
31,155,1250.8921,1251.658996309693
31,156,1250.9349,1251.72679569181
31,157,1250.9799,1251.800178082276
31,158,1251.0269,1251.879675784885
31,159,1251.076,1251.96582110343
31,160,1251.1277,1252.059146341704
31,161,1251.1816,1252.160183803503
31,162,1251.2383,1252.269465792619
31,163,1251.2975,1252.387524612846
31,164,1251.3594,1252.514892567979
31,165,1251.4243,1252.65210196181
31,166,1251.4921,1252.799685098134
31,167,1251.563,1252.958174280745
31,168,1251.637,1253.128101813435
31,169,1251.7144,1253.31
31,170,1251.795,1253.504231947576
31,171,1251.8807,1253.710483976672
31,172,1251.9775,1253.928273211141
31,173,1252.0889,1254.157116774837
31,174,1252.2144,1254.396531791611
31,175,1252.3531,1254.646035385317
31,176,1252.5046,1254.905144679807
31,177,1252.668,1255.173376798934
31,178,1252.8427,1255.450248866551
31,179,1253.028,1255.73527800651
31,180,1253.2231,1256.027981342665
31,181,1253.4276,1256.327875998868
31,182,1253.6405,1256.634479098971
31,183,1253.8613,1256.947307766829
31,184,1254.0894,1257.265879126292
31,185,1254.3239,1257.589710301214
31,186,1254.5642,1257.918318415448
31,187,1254.8097,1258.251220592846
31,188,1255.0597,1258.587933957263
31,189,1255.3134,1258.927975632548
31,190,1255.5703,1259.270862742557
31,191,1255.8297,1259.616112411141
31,192,1256.091,1259.963241762154
31,193,1256.3531,1260.311767919447
31,194,1256.6158,1260.661208006874
31,195,1256.8784,1261.011079148288
31,196,1257.1401,1261.360898467541
31,197,1257.4003,1261.710183088486
31,198,1257.6583,1262.058450134975
31,199,1257.9135,1262.405216730863
31,200,1258.1652,1262.75
31,201,1258.4127,1263.09240646678
31,202,1258.656,1263.432400257749
31,203,1258.897,1263.770034899996
31,204,1259.1368,1264.105363920607
31,205,1259.3759,1264.438440846671
31,206,1259.6138,1264.769319205273
31,207,1259.8508,1265.098052523501
31,208,1260.0872,1265.424694328442
31,209,1260.3225,1265.749298147183
31,210,1260.557,1266.071917506812
31,211,1260.7905,1266.392605934416
31,212,1261.0234,1266.711416957081
31,213,1261.2557,1267.028404101896
31,214,1261.487,1267.343620895946
31,215,1261.7178,1267.65712086632
31,216,1261.9476,1267.968957540104
31,217,1262.1771,1268.279184444387
31,218,1262.4058,1268.587855106253
31,219,1262.6338,1268.895023052792
31,220,1262.8613,1269.20074181109
31,221,1263.0881,1269.505064908234
31,222,1263.3145,1269.808045871312
31,223,1263.5403,1270.109738227411
31,224,1263.7656,1270.410195503617
31,225,1263.9904,1270.709471227018
31,226,1264.2147,1271.007618924702
31,227,1264.4387,1271.304692123754
31,228,1264.6622,1271.600744351264
31,229,1264.8854,1271.895829134316
31,230,1265.1083,1272.19
31,231,1265.3307,1272.483326653522
31,232,1265.5526,1272.775943512573
31,233,1265.7733,1273.068001172964
31,234,1265.9923,1273.359650230506
31,235,1266.2098,1273.651041281009
31,236,1266.4261,1273.942324920284
31,237,1266.6412,1274.233651744142
31,238,1266.8552,1274.525172348395
31,239,1267.0686,1274.817037328853
31,240,1267.2811,1275.109397281326
31,241,1267.4932,1275.402402801627
31,242,1267.705,1275.696204485565
31,243,1267.9163,1275.990952928951
31,244,1268.1277,1276.286798727597
31,245,1268.3391,1276.583892477313
31,246,1268.5507,1276.88238477391
31,247,1268.7627,1277.182426213199
31,248,1268.9753,1277.484167390991
31,249,1269.1886,1277.787758903097
31,250,1269.4026,1278.093351345327
31,251,1269.6177,1278.401095313493
31,252,1269.834,1278.711141403406
31,253,1270.0514,1279.023640210876
31,254,1270.2703,1279.338742331714
31,255,1270.4908,1279.65659836173
31,256,1270.713,1279.977358896737
31,257,1270.9373,1280.301174532545
31,258,1271.1633,1280.628195864964
31,259,1271.3917,1280.958573489806
31,260,1271.6223,1281.292458002881
31,261,1271.8553,1281.63
31,262,1272.091,1281.971310301226
31,263,1272.329,1282.316340623625
31,264,1272.569,1282.665002908517
31,265,1272.8104,1283.017209097218
31,266,1273.0532,1283.372871131049
31,267,1273.2975,1283.731900951327
31,268,1273.5432,1284.09421049937
31,269,1273.7904,1284.459711716498
31,270,1274.0388,1284.828316544028
31,271,1274.2887,1285.199936923278
31,272,1274.54,1285.574484795568
31,273,1274.7926,1285.951872102215
31,274,1275.0466,1286.332010784539
31,275,1275.302,1286.714812783856
31,276,1275.5586,1287.100190041487
31,277,1275.8165,1287.488054498749
31,278,1276.0758,1287.878318096961
31,279,1276.3364,1288.27089277744
31,280,1276.5981,1288.665690481506
31,281,1276.8612,1289.062623150477
31,282,1277.1255,1289.461602725671
31,283,1277.391,1289.862541148407
31,284,1277.6577,1290.265350360002
31,285,1277.9257,1290.669942301776
31,286,1278.1947,1291.076228915048
31,287,1278.465,1291.484122141134
31,288,1278.7362,1291.893533921354
31,289,1279.0088,1292.304376197026
31,290,1279.2823,1292.716560909469
32,0,1224.8569,1239.908559267027
32,1,1224.9552,1240.100299513874
32,2,1225.055,1240.290084429472
32,3,1225.1566,1240.477601927919
32,4,1225.2593,1240.662539923313
32,5,1225.363,1240.844586329752
32,6,1225.4678,1241.023429061332
32,7,1225.573,1241.198756032152
32,8,1225.6787,1241.370255156309
32,9,1225.7845,1241.537614347901
32,10,1225.8904,1241.700521521026
32,11,1225.996,1241.85866458978
32,12,1226.101,1242.011731468262
32,13,1226.2054,1242.159410070568
32,14,1226.309,1242.301388310798
32,15,1226.4114,1242.437354103048
32,16,1226.5125,1242.566995361417
32,17,1226.612,1242.69
32,18,1226.7097,1242.806155001753
32,19,1226.807,1242.915643625056
32,20,1226.9081,1243.018748197144
32,21,1227.0164,1243.115751045252
32,22,1227.1311,1243.206934496617
32,23,1227.252,1243.292580878474
32,24,1227.3783,1243.372972518061
32,25,1227.5098,1243.448391742611
32,26,1227.6459,1243.519120879362
32,27,1227.786,1243.585442255549
32,28,1227.9298,1243.647638198408
32,29,1228.0767,1243.705991035176
32,30,1228.2261,1243.760783093087
32,31,1228.3777,1243.812296699377
32,32,1228.531,1243.860814181284
32,33,1228.6853,1243.906617866042
32,34,1228.8403,1243.949990080887
32,35,1228.9955,1243.991213153056
32,36,1229.1504,1244.030569409784
32,37,1229.3044,1244.068341178307
32,38,1229.4572,1244.104810785861
32,39,1229.6082,1244.140260559682
32,40,1229.757,1244.174972827006
32,41,1229.903,1244.209229915068
32,42,1230.0458,1244.243314151105
32,43,1230.1848,1244.277507862352
32,44,1230.3197,1244.312093376045
32,45,1230.45,1244.347353019421
32,46,1230.5751,1244.383569119715
32,47,1230.6946,1244.421024004163
32,48,1230.8081,1244.46
32,49,1230.915,1244.50072362188
32,50,1231.0168,1244.543198134119
32,51,1231.1199,1244.58737098845
32,52,1231.2283,1244.633189636607
32,53,1231.3419,1244.680601530323
32,54,1231.4598,1244.729554121332
32,55,1231.5817,1244.779994861366
32,56,1231.7067,1244.83187120216
32,57,1231.8342,1244.885130595446
32,58,1231.9637,1244.939720492958
32,59,1232.0948,1244.99558834643
32,60,1232.2267,1245.052681607594
32,61,1232.3588,1245.110947728184
32,62,1232.4904,1245.170334159933
32,63,1232.6212,1245.230788354575
32,64,1232.7505,1245.292257763843
32,65,1232.8777,1245.35468983947
32,66,1233.0022,1245.41803203319
32,67,1233.1233,1245.482231796736
32,68,1233.2406,1245.547236581842
32,69,1233.3535,1245.61299384024
32,70,1233.4613,1245.679451023664
32,71,1233.5635,1245.746555583848
32,72,1233.6597,1245.814254972524
32,73,1233.7489,1245.882496641427
32,74,1233.8309,1245.951228042289
32,75,1233.9049,1246.020396626844
32,76,1233.9705,1246.089949846826
32,77,1234.0269,1246.159835153966
32,78,1234.0737,1246.23
32,79,1234.1104,1246.30040301258
32,80,1234.1377,1246.371047523038
32,81,1234.1611,1246.441948038625
32,82,1234.185,1246.513119066595
32,83,1234.2092,1246.584575114197
32,84,1234.2336,1246.656330688685
32,85,1234.2584,1246.728400297309
32,86,1234.2833,1246.800798447322
32,87,1234.3087,1246.873539645976
32,88,1234.3342,1246.946638400522
32,89,1234.3601,1247.020109218212
32,90,1234.3864,1247.093966606298
32,91,1234.4126,1247.168225072031
32,92,1234.4392,1247.242899122664
32,93,1234.4661,1247.318003265448
32,94,1234.4932,1247.393552007635
32,95,1234.5205,1247.469559856477
32,96,1234.5481,1247.546041319225
32,97,1234.5759,1247.623010903131
32,98,1234.6039,1247.700483115447
32,99,1234.6321,1247.778472463426
32,100,1234.6605,1247.856993454318
32,101,1234.6891,1247.936060595375
32,102,1234.7179,1248.015688393849
32,103,1234.747,1248.095891356993
32,104,1234.7761,1248.176683992057
32,105,1234.8054,1248.258080806293
32,106,1234.8348,1248.340096306954
32,107,1234.8646,1248.422745001291
32,108,1234.8945,1248.506041396556
32,109,1234.9244,1248.59
32,110,1234.9547,1248.674613489346
32,111,1234.9846,1248.759787224194
32,112,1235.0135,1248.845404734617
32,113,1235.0408,1248.931349550686
32,114,1235.0663,1249.017505202473
32,115,1235.0905,1249.103755220048
32,116,1235.113,1249.189983133484
32,117,1235.1343,1249.276072472851
32,118,1235.1544,1249.361906768223
32,119,1235.1735,1249.447369549669
32,120,1235.1914,1249.532344347261
32,121,1235.2085,1249.616714691072
32,122,1235.2249,1249.700364111172
32,123,1235.2404,1249.783176137633
32,124,1235.2554,1249.865034300527
32,125,1235.2699,1249.945822129925
32,126,1235.284,1250.025423155898
32,127,1235.298,1250.103720908518
32,128,1235.3116,1250.180598917857
32,129,1235.3252,1250.255940713986
32,130,1235.3389,1250.329629826976
32,131,1235.3527,1250.4015497869
32,132,1235.3667,1250.471584123828
32,133,1235.381,1250.539616367832
32,134,1235.3959,1250.605530048984
32,135,1235.4113,1250.669208697355
32,136,1235.4272,1250.730535843017
32,137,1235.444,1250.789395016041
32,138,1235.4617,1250.845669746498
32,139,1235.4802,1250.899243564461
32,140,1235.4999,1250.95
32,141,1235.5208,1250.997930712141
32,142,1235.5428,1251.043459875724
32,143,1235.5663,1251.087119794543
32,144,1235.5911,1251.129442772392
32,145,1235.6173,1251.170961113063
32,146,1235.6449,1251.212207120352
32,147,1235.674,1251.253713098052
32,148,1235.7046,1251.296011349956
32,149,1235.7367,1251.339634179858
32,150,1235.7703,1251.385113891553
32,151,1235.8054,1251.432982788834
32,152,1235.8423,1251.483773175495
32,153,1235.8807,1251.538017355329
32,154,1235.9209,1251.59624763213
32,155,1235.9626,1251.658996309693
32,156,1236.0061,1251.72679569181
32,157,1236.0514,1251.800178082276
32,158,1236.0985,1251.879675784885
32,159,1236.1473,1251.96582110343
32,160,1236.198,1252.059146341704
32,161,1236.2506,1252.160183803503
32,162,1236.305,1252.269465792619
32,163,1236.3615,1252.387524612846
32,164,1236.4198,1252.514892567979
32,165,1236.4801,1252.65210196181
32,166,1236.5425,1252.799685098134
32,167,1236.6068,1252.958174280745
32,168,1236.6732,1253.128101813435
32,169,1236.7417,1253.31
32,170,1236.8124,1253.504231947576
32,171,1236.8865,1253.710483976672
32,172,1236.9688,1253.928273211141
32,173,1237.0621,1254.157116774837
32,174,1237.1661,1254.396531791611
32,175,1237.2804,1254.646035385317
32,176,1237.4043,1254.905144679807
32,177,1237.5374,1255.173376798934
32,178,1237.6792,1255.450248866551
32,179,1237.8291,1255.73527800651
32,180,1237.9867,1256.027981342665
32,181,1238.1515,1256.327875998868
32,182,1238.323,1256.634479098971
32,183,1238.5006,1256.947307766829
32,184,1238.6841,1257.265879126292
32,185,1238.8726,1257.589710301214
32,186,1239.0657,1257.918318415448
32,187,1239.2632,1258.251220592846
32,188,1239.4642,1258.587933957263
32,189,1239.6685,1258.927975632548
32,190,1239.8755,1259.270862742557
32,191,1240.0847,1259.616112411141
32,192,1240.2957,1259.963241762154
32,193,1240.5079,1260.311767919447
32,194,1240.721,1260.661208006874
32,195,1240.9343,1261.011079148288
32,196,1241.1473,1261.360898467541
32,197,1241.3599,1261.710183088486
32,198,1241.571,1262.058450134975
32,199,1241.7808,1262.405216730863
32,200,1241.9883,1262.75
32,201,1242.1932,1263.09240646678
32,202,1242.3956,1263.432400257749
32,203,1242.5963,1263.770034899996
32,204,1242.7961,1264.105363920607
32,205,1242.9952,1264.438440846671
32,206,1243.1937,1264.769319205273
32,207,1243.3912,1265.098052523501
32,208,1243.5883,1265.424694328442
32,209,1243.7845,1265.749298147183
32,210,1243.9801,1266.071917506812
32,211,1244.1752,1266.392605934416
32,212,1244.3695,1266.711416957081
32,213,1244.5632,1267.028404101896
32,214,1244.7563,1267.343620895946
32,215,1244.9489,1267.65712086632
32,216,1245.1409,1267.968957540104
32,217,1245.3323,1268.279184444387
32,218,1245.5232,1268.587855106253
32,219,1245.7136,1268.895023052792
32,220,1245.9034,1269.20074181109
32,221,1246.0929,1269.505064908234
32,222,1246.2817,1269.808045871312
32,223,1246.4702,1270.109738227411
32,224,1246.6583,1270.410195503617
32,225,1246.846,1270.709471227018
32,226,1247.0332,1271.007618924702
32,227,1247.22,1271.304692123754
32,228,1247.4065,1271.600744351264
32,229,1247.5925,1271.895829134316
32,230,1247.7783,1272.19
32,231,1247.9637,1272.483326653522
32,232,1248.1484,1272.775943512573
32,233,1248.3303,1273.068001172964
32,234,1248.5085,1273.359650230506
32,235,1248.6833,1273.651041281009
32,236,1248.8553,1273.942324920284
32,237,1249.0247,1274.233651744142
32,238,1249.1919,1274.525172348395
32,239,1249.3573,1274.817037328853
32,240,1249.5214,1275.109397281326
32,241,1249.6843,1275.402402801627
32,242,1249.8468,1275.696204485565
32,243,1250.009,1275.990952928951
32,244,1250.1714,1276.286798727597
32,245,1250.3344,1276.583892477313
32,246,1250.4982,1276.88238477391
32,247,1250.6633,1277.182426213199
32,248,1250.8302,1277.484167390991
32,249,1250.9993,1277.787758903097
32,250,1251.1708,1278.093351345327
32,251,1251.3451,1278.401095313493
32,252,1251.5227,1278.711141403406
32,253,1251.704,1279.023640210876
32,254,1251.8892,1279.338742331714
32,255,1252.0789,1279.65659836173
32,256,1252.2733,1279.977358896737
32,257,1252.4729,1280.301174532545
32,258,1252.678,1280.628195864964
32,259,1252.889,1280.958573489806
32,260,1253.1063,1281.292458002881
32,261,1253.3302,1281.63
32,262,1253.5612,1281.971310301226
32,263,1253.7991,1282.316340623625
32,264,1254.042,1282.665002908517
32,265,1254.289,1283.017209097218
32,266,1254.5397,1283.372871131049
32,267,1254.7942,1283.731900951327
32,268,1255.0526,1284.09421049937
32,269,1255.3148,1284.459711716498
32,270,1255.5807,1284.828316544028
32,271,1255.8505,1285.199936923278
32,272,1256.1241,1285.574484795568
32,273,1256.4014,1285.951872102215
32,274,1256.6824,1286.332010784539
32,275,1256.967,1286.714812783856
32,276,1257.2556,1287.100190041487
32,277,1257.5477,1287.488054498749
32,278,1257.8436,1287.878318096961
32,279,1258.1431,1288.27089277744
32,280,1258.4463,1288.665690481506
32,281,1258.753,1289.062623150477
32,282,1259.0634,1289.461602725671
32,283,1259.3774,1289.862541148407
32,284,1259.695,1290.265350360002
32,285,1260.016,1290.669942301776
32,286,1260.3407,1291.076228915048
32,287,1260.6688,1291.484122141134
32,288,1261.0004,1291.893533921354
32,289,1261.3356,1292.304376197026
32,290,1261.6741,1292.716560909469
33,0,1231.2788,1239.908559267027
33,1,1231.3768,1240.100299513874
33,2,1231.4766,1240.290084429472
33,3,1231.578,1240.477601927919
33,4,1231.6807,1240.662539923313
33,5,1231.7844,1240.844586329752
33,6,1231.889,1241.023429061332
33,7,1231.9944,1241.198756032152
33,8,1232.0997,1241.370255156309
33,9,1232.2053,1241.537614347901
33,10,1232.3107,1241.700521521026
33,11,1232.4156,1241.85866458978
33,12,1232.5198,1242.011731468262
33,13,1232.6229,1242.159410070568
33,14,1232.725,1242.301388310798
33,15,1232.8256,1242.437354103048
33,16,1232.9243,1242.566995361417
33,17,1233.0212,1242.69
33,18,1233.1158,1242.806155001753
33,19,1233.2091,1242.915643625056
33,20,1233.3053,1243.018748197144
33,21,1233.4072,1243.115751045252
33,22,1233.5144,1243.206934496617
33,23,1233.6262,1243.292580878474
33,24,1233.7426,1243.372972518061
33,25,1233.8628,1243.448391742611
33,26,1233.9865,1243.519120879362
33,27,1234.1132,1243.585442255549
33,28,1234.2427,1243.647638198408
33,29,1234.3741,1243.705991035176
33,30,1234.5076,1243.760783093087
33,31,1234.6423,1243.812296699377
33,32,1234.7778,1243.860814181284
33,33,1234.914,1243.906617866042
33,34,1235.0499,1243.949990080887
33,35,1235.1857,1243.991213153056
33,36,1235.3206,1244.030569409784
33,37,1235.4541,1244.068341178307
33,38,1235.586,1244.104810785861
33,39,1235.716,1244.140260559682
33,40,1235.8431,1244.174972827006
33,41,1235.9675,1244.209229915068
33,42,1236.0884,1244.243314151105
33,43,1236.2054,1244.277507862352
33,44,1236.3184,1244.312093376045
33,45,1236.4265,1244.347353019421
33,46,1236.5298,1244.383569119715
33,47,1236.6273,1244.421024004163
33,48,1236.7191,1244.46
33,49,1236.8044,1244.50072362188
33,50,1236.8846,1244.543198134119
33,51,1236.9652,1244.58737098845
33,52,1237.0499,1244.633189636607
33,53,1237.1383,1244.680601530323
33,54,1237.23,1244.729554121332
33,55,1237.3247,1244.779994861366
33,56,1237.4218,1244.83187120216
33,57,1237.5208,1244.885130595446
33,58,1237.6216,1244.939720492958
33,59,1237.7234,1244.99558834643
33,60,1237.8259,1245.052681607594
33,61,1237.9288,1245.110947728184
33,62,1238.0317,1245.170334159933
33,63,1238.134,1245.230788354575
33,64,1238.2354,1245.292257763843
33,65,1238.3353,1245.35468983947
33,66,1238.4335,1245.41803203319
33,67,1238.5294,1245.482231796736
33,68,1238.6228,1245.547236581842
33,69,1238.7131,1245.61299384024
33,70,1238.7999,1245.679451023664
33,71,1238.8828,1245.746555583848
33,72,1238.9615,1245.814254972524
33,73,1239.0354,1245.882496641427
33,74,1239.1042,1245.951228042289
33,75,1239.1675,1246.020396626844
33,76,1239.2247,1246.089949846826
33,77,1239.2758,1246.159835153966
33,78,1239.32,1246.23
33,79,1239.3568,1246.30040301258
33,80,1239.3872,1246.371047523038
33,81,1239.4152,1246.441948038625
33,82,1239.4437,1246.513119066595
33,83,1239.4728,1246.584575114197
33,84,1239.5023,1246.656330688685
33,85,1239.5325,1246.728400297309
33,86,1239.563,1246.800798447322
33,87,1239.5942,1246.873539645976
33,88,1239.6259,1246.946638400522
33,89,1239.658,1247.020109218212
33,90,1239.6904,1247.093966606298
33,91,1239.7234,1247.168225072031
33,92,1239.7568,1247.242899122664
33,93,1239.7905,1247.318003265448
33,94,1239.8247,1247.393552007635
33,95,1239.8591,1247.469559856477
33,96,1239.894,1247.546041319225
33,97,1239.9293,1247.623010903131
33,98,1239.9648,1247.700483115447
33,99,1240.0006,1247.778472463426
33,100,1240.0367,1247.856993454318
33,101,1240.0731,1247.936060595375
33,102,1240.1096,1248.015688393849
33,103,1240.1466,1248.095891356993
33,104,1240.1837,1248.176683992057
33,105,1240.2211,1248.258080806293
33,106,1240.2585,1248.340096306954
33,107,1240.2961,1248.422745001291
33,108,1240.3341,1248.506041396556
33,109,1240.372,1248.59
33,110,1240.4102,1248.674613489346
33,111,1240.4481,1248.759787224194
33,112,1240.4847,1248.845404734617
33,113,1240.5194,1248.931349550686
33,114,1240.5522,1249.017505202473
33,115,1240.5833,1249.103755220048
33,116,1240.6127,1249.189983133484
33,117,1240.6406,1249.276072472851
33,118,1240.6672,1249.361906768223
33,119,1240.6924,1249.447369549669
33,120,1240.7164,1249.532344347261
33,121,1240.7395,1249.616714691072
33,122,1240.7616,1249.700364111172
33,123,1240.7828,1249.783176137633
33,124,1240.8035,1249.865034300527
33,125,1240.8235,1249.945822129925
33,126,1240.843,1250.025423155898
33,127,1240.8623,1250.103720908518
33,128,1240.8812,1250.180598917857
33,129,1240.9,1250.255940713986
33,130,1240.9188,1250.329629826976
33,131,1240.9377,1250.4015497869
33,132,1240.9569,1250.471584123828
33,133,1240.9764,1250.539616367832
33,134,1240.9963,1250.605530048984
33,135,1241.017,1250.669208697355
33,136,1241.0382,1250.730535843017
33,137,1241.0602,1250.789395016041
33,138,1241.083,1250.845669746498
33,139,1241.107,1250.899243564461
33,140,1241.1322,1250.95
33,141,1241.1586,1250.997930712141
33,142,1241.1864,1251.043459875724
33,143,1241.2156,1251.087119794543
33,144,1241.2465,1251.129442772392
33,145,1241.2787,1251.170961113063
33,146,1241.3126,1251.212207120352
33,147,1241.3481,1251.253713098052
33,148,1241.3853,1251.296011349956
33,149,1241.4242,1251.339634179858
33,150,1241.465,1251.385113891553
33,151,1241.5074,1251.432982788834
33,152,1241.5518,1251.483773175495
33,153,1241.5979,1251.538017355329
33,154,1241.646,1251.59624763213
33,155,1241.6962,1251.658996309693
33,156,1241.7483,1251.72679569181
33,157,1241.8024,1251.800178082276
33,158,1241.8586,1251.879675784885
33,159,1241.917,1251.96582110343
33,160,1241.9775,1252.059146341704
33,161,1242.0403,1252.160183803503
33,162,1242.1052,1252.269465792619
33,163,1242.1726,1252.387524612846
33,164,1242.2423,1252.514892567979
33,165,1242.3143,1252.65210196181
33,166,1242.3887,1252.799685098134
33,167,1242.4656,1252.958174280745
33,168,1242.5449,1253.128101813435
33,169,1242.627,1253.31
33,170,1242.7114,1253.504231947576
33,171,1242.7994,1253.710483976672
33,172,1242.8947,1253.928273211141
33,173,1242.9993,1254.157116774837
33,174,1243.1132,1254.396531791611
33,175,1243.2356,1254.646035385317
33,176,1243.3663,1254.905144679807
33,177,1243.5049,1255.173376798934
33,178,1243.6509,1255.450248866551
33,179,1243.8041,1255.73527800651
33,180,1243.964,1256.027981342665
33,181,1244.1301,1256.327875998868
33,182,1244.3021,1256.634479098971
33,183,1244.4795,1256.947307766829
33,184,1244.6621,1257.265879126292
33,185,1244.8494,1257.589710301214
33,186,1245.0409,1257.918318415448
33,187,1245.2363,1258.251220592846
33,188,1245.4352,1258.587933957263
33,189,1245.6371,1258.927975632548
33,190,1245.8418,1259.270862742557
33,191,1246.0488,1259.616112411141
33,192,1246.2577,1259.963241762154
33,193,1246.4681,1260.311767919447
33,194,1246.6798,1260.661208006874
33,195,1246.8921,1261.011079148288
33,196,1247.1047,1261.360898467541
33,197,1247.3174,1261.710183088486
33,198,1247.5295,1262.058450134975
33,199,1247.7411,1262.405216730863
33,200,1247.9513,1262.75
33,201,1248.16,1263.09240646678
33,202,1248.367,1263.432400257749
33,203,1248.5724,1263.770034899996
33,204,1248.7771,1264.105363920607
33,205,1248.9808,1264.438440846671
33,206,1249.1838,1264.769319205273
33,207,1249.3859,1265.098052523501
33,208,1249.5873,1265.424694328442
33,209,1249.7877,1265.749298147183
33,210,1249.9875,1266.071917506812
33,211,1250.1866,1266.392605934416
33,212,1250.3851,1266.711416957081
33,213,1250.5829,1267.028404101896
33,214,1250.78,1267.343620895946
33,215,1250.9766,1267.65712086632
33,216,1251.1726,1267.968957540104
33,217,1251.3679,1268.279184444387
33,218,1251.5629,1268.587855106253
33,219,1251.7573,1268.895023052792
33,220,1251.9513,1269.20074181109
33,221,1252.1449,1269.505064908234
33,222,1252.338,1269.808045871312
33,223,1252.5306,1270.109738227411
33,224,1252.723,1270.410195503617
33,225,1252.915,1270.709471227018
33,226,1253.1068,1271.007618924702
33,227,1253.2982,1271.304692123754
33,228,1253.4894,1271.600744351264
33,229,1253.6804,1271.895829134316
33,230,1253.8712,1272.19
33,231,1254.0618,1272.483326653522
33,232,1254.2516,1272.775943512573
33,233,1254.4379,1273.068001172964
33,234,1254.6195,1273.359650230506
33,235,1254.7969,1273.651041281009
33,236,1254.9703,1273.942324920284
33,237,1255.1406,1274.233651744142
33,238,1255.308,1274.525172348395
33,239,1255.4733,1274.817037328853
33,240,1255.6368,1275.109397281326
33,241,1255.799,1275.402402801627
33,242,1255.9604,1275.696204485565
33,243,1256.1216,1275.990952928951
33,244,1256.2831,1276.286798727597
33,245,1256.4453,1276.583892477313
33,246,1256.6089,1276.88238477391
33,247,1256.774,1277.182426213199
33,248,1256.9417,1277.484167390991
33,249,1257.1119,1277.787758903097
33,250,1257.2854,1278.093351345327
33,251,1257.4628,1278.401095313493
33,252,1257.6443,1278.711141403406
33,253,1257.8307,1279.023640210876
33,254,1258.0221,1279.338742331714
33,255,1258.2195,1279.65659836173
33,256,1258.423,1279.977358896737
33,257,1258.6333,1280.301174532545
33,258,1258.8507,1280.628195864964
33,259,1259.0759,1280.958573489806
33,260,1259.3092,1281.292458002881
33,261,1259.5513,1281.63
33,262,1259.8024,1281.971310301226
33,263,1260.0625,1282.316340623625
33,264,1260.329,1282.665002908517
33,265,1260.6003,1283.017209097218
33,266,1260.8766,1283.372871131049
33,267,1261.1576,1283.731900951327
33,268,1261.4435,1284.09421049937
33,269,1261.734,1284.459711716498
33,270,1262.0294,1284.828316544028
33,271,1262.3297,1285.199936923278
33,272,1262.6349,1285.574484795568
33,273,1262.9448,1285.951872102215
33,274,1263.2596,1286.332010784539
33,275,1263.5793,1286.714812783856
33,276,1263.9039,1287.100190041487
33,277,1264.2334,1287.488054498749
33,278,1264.5676,1287.878318096961
33,279,1264.9069,1288.27089277744
33,280,1265.2509,1288.665690481506
33,281,1265.5997,1289.062623150477
33,282,1265.9535,1289.461602725671
33,283,1266.3123,1289.862541148407
33,284,1266.6758,1290.265350360002
33,285,1267.0442,1290.669942301776
33,286,1267.4175,1291.076228915048
33,287,1267.7957,1291.484122141134
33,288,1268.1787,1291.893533921354
33,289,1268.5667,1292.304376197026
33,290,1268.9595,1292.716560909469
34,0,1234.7883,1239.908559267027
34,1,1234.8788,1240.100299513874
34,2,1234.9708,1240.290084429472
34,3,1235.0641,1240.477601927919
34,4,1235.1587,1240.662539923313
34,5,1235.2542,1240.844586329752
34,6,1235.3505,1241.023429061332
34,7,1235.4473,1241.198756032152
34,8,1235.5447,1241.370255156309
34,9,1235.6421,1241.537614347901
34,10,1235.7396,1241.700521521026
34,11,1235.837,1241.85866458978
34,12,1235.9341,1242.011731468262
34,13,1236.0306,1242.159410070568
34,14,1236.1263,1242.301388310798
34,15,1236.2211,1242.437354103048
34,16,1236.3148,1242.566995361417
34,17,1236.4073,1242.69
34,18,1236.4983,1242.806155001753
34,19,1236.5889,1242.915643625056
34,20,1236.6833,1243.018748197144
34,21,1236.7845,1243.115751045252
34,22,1236.8917,1243.206934496617
34,23,1237.0048,1243.292580878474
34,24,1237.123,1243.372972518061
34,25,1237.2461,1243.448391742611
34,26,1237.3734,1243.519120879362
34,27,1237.5048,1243.585442255549
34,28,1237.6394,1243.647638198408
34,29,1237.7769,1243.705991035176
34,30,1237.9167,1243.760783093087
34,31,1238.0588,1243.812296699377
34,32,1238.2023,1243.860814181284
34,33,1238.3469,1243.906617866042
34,34,1238.4921,1243.949990080887
34,35,1238.6376,1243.991213153056
34,36,1238.7827,1244.030569409784
34,37,1238.927,1244.068341178307
34,38,1239.0702,1244.104810785861
34,39,1239.2117,1244.140260559682
34,40,1239.3511,1244.174972827006
34,41,1239.4879,1244.209229915068
34,42,1239.6217,1244.243314151105
34,43,1239.7522,1244.277507862352
34,44,1239.8787,1244.312093376045
34,45,1240.0007,1244.347353019421
34,46,1240.118,1244.383569119715
34,47,1240.2301,1244.421024004163
34,48,1240.3365,1244.46
34,49,1240.4368,1244.50072362188
34,50,1240.5323,1244.543198134119
34,51,1240.6292,1244.58737098845
34,52,1240.731,1244.633189636607
34,53,1240.8373,1244.680601530323
34,54,1240.9476,1244.729554121332
34,55,1241.0615,1244.779994861366
34,56,1241.1782,1244.83187120216
34,57,1241.2972,1244.885130595446
34,58,1241.4182,1244.939720492958
34,59,1241.5404,1244.99558834643
34,60,1241.6635,1245.052681607594
34,61,1241.7866,1245.110947728184
34,62,1241.9095,1245.170334159933
34,63,1242.0316,1245.230788354575
34,64,1242.1525,1245.292257763843
34,65,1242.2712,1245.35468983947
34,66,1242.3877,1245.41803203319
34,67,1242.5013,1245.482231796736
34,68,1242.6115,1245.547236581842
34,69,1242.7175,1245.61299384024
34,70,1242.8192,1245.679451023664
34,71,1242.9158,1245.746555583848
34,72,1243.0068,1245.814254972524
34,73,1243.0919,1245.882496641427
34,74,1243.1704,1245.951228042289
34,75,1243.2417,1246.020396626844
34,76,1243.3055,1246.089949846826
34,77,1243.3611,1246.159835153966
34,78,1243.4081,1246.23
34,79,1243.4457,1246.30040301258
34,80,1243.4756,1246.371047523038
34,81,1243.5022,1246.441948038625
34,82,1243.5295,1246.513119066595
34,83,1243.5575,1246.584575114197
34,84,1243.586,1246.656330688685
34,85,1243.615,1246.728400297309
34,86,1243.6447,1246.800798447322
34,87,1243.6748,1246.873539645976
34,88,1243.7054,1246.946638400522
34,89,1243.7366,1247.020109218212
34,90,1243.7682,1247.093966606298
34,91,1243.8002,1247.168225072031
34,92,1243.8326,1247.242899122664
34,93,1243.8656,1247.318003265448
34,94,1243.8989,1247.393552007635
34,95,1243.9325,1247.469559856477
34,96,1243.9667,1247.546041319225
34,97,1244.001,1247.623010903131
34,98,1244.0356,1247.700483115447
34,99,1244.0707,1247.778472463426
34,100,1244.106,1247.856993454318
34,101,1244.1415,1247.936060595375
34,102,1244.1774,1248.015688393849
34,103,1244.2134,1248.095891356993
34,104,1244.2496,1248.176683992057
34,105,1244.2863,1248.258080806293
34,106,1244.3229,1248.340096306954
34,107,1244.3596,1248.422745001291
34,108,1244.3967,1248.506041396556
34,109,1244.4338,1248.59
34,110,1244.471,1248.674613489346
34,111,1244.508,1248.759787224194
34,112,1244.5441,1248.845404734617
34,113,1244.5784,1248.931349550686
34,114,1244.6113,1249.017505202473
34,115,1244.6427,1249.103755220048
34,116,1244.6726,1249.189983133484
34,117,1244.7013,1249.276072472851
34,118,1244.729,1249.361906768223
34,119,1244.7555,1249.447369549669
34,120,1244.781,1249.532344347261
34,121,1244.8057,1249.616714691072
34,122,1244.8295,1249.700364111172
34,123,1244.8525,1249.783176137633
34,124,1244.8749,1249.865034300527
34,125,1244.8969,1249.945822129925
34,126,1244.9182,1250.025423155898
34,127,1244.9395,1250.103720908518
34,128,1244.9602,1250.180598917857
34,129,1244.9808,1250.255940713986
34,130,1245.0015,1250.329629826976
34,131,1245.022,1250.4015497869
34,132,1245.0427,1250.471584123828
34,133,1245.0636,1250.539616367832
34,134,1245.0847,1250.605530048984
34,135,1245.1062,1250.669208697355
34,136,1245.128,1250.730535843017
34,137,1245.1506,1250.789395016041
34,138,1245.1738,1250.845669746498
34,139,1245.1976,1250.899243564461
34,140,1245.2223,1250.95
34,141,1245.2479,1250.997930712141
34,142,1245.2747,1251.043459875724
34,143,1245.3022,1251.087119794543
34,144,1245.3309,1251.129442772392
34,145,1245.3611,1251.170961113063
34,146,1245.3922,1251.212207120352
34,147,1245.4248,1251.253713098052
34,148,1245.4587,1251.296011349956
34,149,1245.4941,1251.339634179858
34,150,1245.531,1251.385113891553
34,151,1245.5695,1251.432982788834
34,152,1245.6094,1251.483773175495
34,153,1245.6511,1251.538017355329
34,154,1245.6947,1251.59624763213
34,155,1245.7399,1251.658996309693
34,156,1245.7871,1251.72679569181
34,157,1245.8362,1251.800178082276
34,158,1245.8872,1251.879675784885
34,159,1245.9404,1251.96582110343
34,160,1245.9956,1252.059146341704
34,161,1246.053,1252.160183803503
34,162,1246.1127,1252.269465792619
34,163,1246.1746,1252.387524612846
34,164,1246.2389,1252.514892567979
34,165,1246.3055,1252.65210196181
34,166,1246.3748,1252.799685098134
34,167,1246.4465,1252.958174280745
34,168,1246.5208,1253.128101813435
34,169,1246.5978,1253.31
34,170,1246.6775,1253.504231947576
34,171,1246.7612,1253.710483976672
34,172,1246.8535,1253.928273211141
34,173,1246.9568,1254.157116774837
34,174,1247.0707,1254.396531791611
34,175,1247.1947,1254.646035385317
34,176,1247.3284,1254.905144679807
34,177,1247.4711,1255.173376798934
34,178,1247.6223,1255.450248866551
34,179,1247.7819,1255.73527800651
34,180,1247.9489,1256.027981342665
34,181,1248.123,1256.327875998868
34,182,1248.3037,1256.634479098971
34,183,1248.4905,1256.947307766829
34,184,1248.683,1257.265879126292
34,185,1248.8806,1257.589710301214
34,186,1249.0829,1257.918318415448
34,187,1249.2892,1258.251220592846
34,188,1249.4993,1258.587933957263
34,189,1249.7125,1258.927975632548
34,190,1249.9283,1259.270862742557
34,191,1250.1465,1259.616112411141
34,192,1250.3662,1259.963241762154
34,193,1250.5872,1260.311767919447
34,194,1250.8088,1260.661208006874
34,195,1251.0309,1261.011079148288
34,196,1251.2527,1261.360898467541
34,197,1251.4738,1261.710183088486
34,198,1251.6937,1262.058450134975
34,199,1251.912,1262.405216730863
34,200,1252.128,1262.75
34,201,1252.3416,1263.09240646678
34,202,1252.5526,1263.432400257749
34,203,1252.7618,1263.770034899996
34,204,1252.9702,1264.105363920607
34,205,1253.1776,1264.438440846671
34,206,1253.3842,1264.769319205273
34,207,1253.59,1265.098052523501
34,208,1253.7949,1265.424694328442
34,209,1253.9991,1265.749298147183
34,210,1254.2025,1266.071917506812
34,211,1254.4053,1266.392605934416
34,212,1254.6074,1266.711416957081
34,213,1254.8088,1267.028404101896
34,214,1255.0096,1267.343620895946
34,215,1255.2097,1267.65712086632
34,216,1255.4094,1267.968957540104
34,217,1255.6086,1268.279184444387
34,218,1255.8071,1268.587855106253
34,219,1256.0054,1268.895023052792
34,220,1256.203,1269.20074181109
34,221,1256.4003,1269.505064908234
34,222,1256.5972,1269.808045871312
34,223,1256.7937,1270.109738227411
34,224,1256.99,1270.410195503617
34,225,1257.1858,1270.709471227018
34,226,1257.3815,1271.007618924702
34,227,1257.5768,1271.304692123754
34,228,1257.772,1271.600744351264
34,229,1257.9669,1271.895829134316
34,230,1258.1617,1272.19
34,231,1258.3563,1272.483326653522
34,232,1258.5504,1272.775943512573
34,233,1258.7423,1273.068001172964
34,234,1258.931,1273.359650230506
34,235,1259.1168,1273.651041281009
34,236,1259.3,1273.942324920284
34,237,1259.4811,1274.233651744142
34,238,1259.6602,1274.525172348395
34,239,1259.8376,1274.817037328853
34,240,1260.0138,1275.109397281326
34,241,1260.1892,1275.402402801627
34,242,1260.3638,1275.696204485565
34,243,1260.538,1275.990952928951
34,244,1260.7123,1276.286798727597
34,245,1260.8868,1276.583892477313
34,246,1261.0621,1276.88238477391
34,247,1261.2383,1277.182426213199
34,248,1261.4158,1277.484167390991
34,249,1261.5947,1277.787758903097
34,250,1261.7756,1278.093351345327
34,251,1261.9589,1278.401095313493
34,252,1262.1445,1278.711141403406
34,253,1262.3331,1279.023640210876
34,254,1262.5248,1279.338742331714
34,255,1262.7201,1279.65659836173
34,256,1262.919,1279.977358896737
34,257,1263.1221,1280.301174532545
34,258,1263.3296,1280.628195864964
34,259,1263.5417,1280.958573489806
34,260,1263.759,1281.292458002881
34,261,1263.9816,1281.63
34,262,1264.2097,1281.971310301226
34,263,1264.4434,1282.316340623625
34,264,1264.6812,1282.665002908517
34,265,1264.9215,1283.017209097218
34,266,1265.1648,1283.372871131049
34,267,1265.411,1283.731900951327
34,268,1265.6599,1284.09421049937
34,269,1265.9117,1284.459711716498
34,270,1266.1665,1284.828316544028
34,271,1266.4242,1285.199936923278
34,272,1266.6848,1285.574484795568
34,273,1266.9484,1285.951872102215
34,274,1267.2148,1286.332010784539
34,275,1267.4844,1286.714812783856
34,276,1267.757,1287.100190041487
34,277,1268.0326,1287.488054498749
34,278,1268.3112,1287.878318096961
34,279,1268.5929,1288.27089277744
34,280,1268.8776,1288.665690481506
34,281,1269.1654,1289.062623150477
34,282,1269.4563,1289.461602725671
34,283,1269.7502,1289.862541148407
34,284,1270.0475,1290.265350360002
34,285,1270.3478,1290.669942301776
34,286,1270.6512,1291.076228915048
34,287,1270.9578,1291.484122141134
34,288,1271.2676,1291.893533921354
34,289,1271.5806,1292.304376197026
34,290,1271.8966,1292.716560909469
35,0,1234.1064,1239.908559267027
35,1,1234.209,1240.100299513874
35,2,1234.3134,1240.290084429472
35,3,1234.4192,1240.477601927919
35,4,1234.5261,1240.662539923313
35,5,1234.634,1240.844586329752
35,6,1234.7428,1241.023429061332
35,7,1234.852,1241.198756032152
35,8,1234.9615,1241.370255156309
35,9,1235.0709,1241.537614347901
35,10,1235.1802,1241.700521521026
35,11,1235.289,1241.85866458978
35,12,1235.3971,1242.011731468262
35,13,1235.5043,1242.159410070568
35,14,1235.6104,1242.301388310798
35,15,1235.7148,1242.437354103048
35,16,1235.8179,1242.566995361417
35,17,1235.9191,1242.69
35,18,1236.0181,1242.806155001753
35,19,1236.1161,1242.915643625056
35,20,1236.2174,1243.018748197144
35,21,1236.3247,1243.115751045252
35,22,1236.4377,1243.206934496617
35,23,1236.556,1243.292580878474
35,24,1236.6791,1243.372972518061
35,25,1236.8064,1243.448391742611
35,26,1236.9376,1243.519120879362
35,27,1237.0723,1243.585442255549
35,28,1237.2098,1243.647638198408
35,29,1237.3499,1243.705991035176
35,30,1237.4921,1243.760783093087
35,31,1237.6359,1243.812296699377
35,32,1237.7808,1243.860814181284
35,33,1237.9264,1243.906617866042
35,34,1238.0724,1243.949990080887
35,35,1238.218,1243.991213153056
35,36,1238.3632,1244.030569409784
35,37,1238.5072,1244.068341178307
35,38,1238.6497,1244.104810785861
35,39,1238.7903,1244.140260559682
35,40,1238.9285,1244.174972827006
35,41,1239.0638,1244.209229915068
35,42,1239.1959,1244.243314151105
35,43,1239.3243,1244.277507862352
35,44,1239.4486,1244.312093376045
35,45,1239.5682,1244.347353019421
35,46,1239.6829,1244.383569119715
35,47,1239.7921,1244.421024004163
35,48,1239.8954,1244.46
35,49,1239.9924,1244.50072362188
35,50,1240.0845,1244.543198134119
35,51,1240.1774,1244.58737098845
35,52,1240.2751,1244.633189636607
35,53,1240.3772,1244.680601530323
35,54,1240.4833,1244.729554121332
35,55,1240.5925,1244.779994861366
35,56,1240.7047,1244.83187120216
35,57,1240.8191,1244.885130595446
35,58,1240.9354,1244.939720492958
35,59,1241.053,1244.99558834643
35,60,1241.1714,1245.052681607594
35,61,1241.29,1245.110947728184
35,62,1241.4086,1245.170334159933
35,63,1241.5264,1245.230788354575
35,64,1241.643,1245.292257763843
35,65,1241.7578,1245.35468983947
35,66,1241.8706,1245.41803203319
35,67,1241.9807,1245.482231796736
35,68,1242.0875,1245.547236581842
35,69,1242.1908,1245.61299384024
35,70,1242.2898,1245.679451023664
35,71,1242.3843,1245.746555583848
35,72,1242.4736,1245.814254972524
35,73,1242.5571,1245.882496641427
35,74,1242.6348,1245.951228042289
35,75,1242.7058,1246.020396626844
35,76,1242.7697,1246.089949846826
35,77,1242.8259,1246.159835153966
35,78,1242.8741,1246.23
35,79,1242.9138,1246.30040301258
35,80,1242.946,1246.371047523038
35,81,1242.9752,1246.441948038625
35,82,1243.0049,1246.513119066595
35,83,1243.0353,1246.584575114197
35,84,1243.0659,1246.656330688685
35,85,1243.0973,1246.728400297309
35,86,1243.1289,1246.800798447322
35,87,1243.1613,1246.873539645976
35,88,1243.194,1246.946638400522
35,89,1243.227,1247.020109218212
35,90,1243.2607,1247.093966606298
35,91,1243.2947,1247.168225072031
35,92,1243.3291,1247.242899122664
35,93,1243.3639,1247.318003265448
35,94,1243.399,1247.393552007635
35,95,1243.4346,1247.469559856477
35,96,1243.4705,1247.546041319225
35,97,1243.5067,1247.623010903131
35,98,1243.5432,1247.700483115447
35,99,1243.5801,1247.778472463426
35,100,1243.6172,1247.856993454318
35,101,1243.6545,1247.936060595375
35,102,1243.6923,1248.015688393849
35,103,1243.7301,1248.095891356993
35,104,1243.7682,1248.176683992057
35,105,1243.8066,1248.258080806293
35,106,1243.8452,1248.340096306954
35,107,1243.8839,1248.422745001291
35,108,1243.9229,1248.506041396556
35,109,1243.9619,1248.59
35,110,1244.0012,1248.674613489346
35,111,1244.0403,1248.759787224194
35,112,1244.0782,1248.845404734617
35,113,1244.1145,1248.931349550686
35,114,1244.1489,1249.017505202473
35,115,1244.1816,1249.103755220048
35,116,1244.2131,1249.189983133484
35,117,1244.2429,1249.276072472851
35,118,1244.2717,1249.361906768223
35,119,1244.2992,1249.447369549669
35,120,1244.3256,1249.532344347261
35,121,1244.351,1249.616714691072
35,122,1244.3754,1249.700364111172
35,123,1244.399,1249.783176137633
35,124,1244.4221,1249.865034300527
35,125,1244.4445,1249.945822129925
35,126,1244.4666,1250.025423155898
35,127,1244.488,1250.103720908518
35,128,1244.5094,1250.180598917857
35,129,1244.5304,1250.255940713986
35,130,1244.5515,1250.329629826976
35,131,1244.5726,1250.4015497869
35,132,1244.5938,1250.471584123828
35,133,1244.6152,1250.539616367832
35,134,1244.637,1250.605530048984
35,135,1244.659,1250.669208697355
35,136,1244.6819,1250.730535843017
35,137,1244.7052,1250.789395016041
35,138,1244.7294,1250.845669746498
35,139,1244.7543,1250.899243564461
35,140,1244.7802,1250.95
35,141,1244.807,1250.997930712141
35,142,1244.8351,1251.043459875724
35,143,1244.8644,1251.087119794543
35,144,1244.895,1251.129442772392
35,145,1244.927,1251.170961113063
35,146,1244.9603,1251.212207120352
35,147,1244.9951,1251.253713098052
35,148,1245.0315,1251.296011349956
35,149,1245.0695,1251.339634179858
35,150,1245.1091,1251.385113891553
35,151,1245.1506,1251.432982788834
35,152,1245.1938,1251.483773175495
35,153,1245.2389,1251.538017355329
35,154,1245.2859,1251.59624763213
35,155,1245.3348,1251.658996309693
35,156,1245.386,1251.72679569181
35,157,1245.4392,1251.800178082276
35,158,1245.4945,1251.879675784885
35,159,1245.5521,1251.96582110343
35,160,1245.612,1252.059146341704
35,161,1245.6743,1252.160183803503
35,162,1245.7391,1252.269465792619
35,163,1245.8064,1252.387524612846
35,164,1245.8761,1252.514892567979
35,165,1245.9486,1252.65210196181
35,166,1246.0237,1252.799685098134
35,167,1246.1016,1252.958174280745
35,168,1246.1823,1253.128101813435
35,169,1246.2659,1253.31
35,170,1246.3524,1253.504231947576
35,171,1246.4431,1253.710483976672
35,172,1246.542,1253.928273211141
35,173,1246.6519,1254.157116774837
35,174,1246.7721,1254.396531791611
35,175,1246.9021,1254.646035385317
35,176,1247.0416,1254.905144679807
35,177,1247.1902,1255.173376798934
35,178,1247.3472,1255.450248866551
35,179,1247.5122,1255.73527800651
35,180,1247.6847,1256.027981342665
35,181,1247.8644,1256.327875998868
35,182,1248.0505,1256.634479098971
35,183,1248.2428,1256.947307766829
35,184,1248.4408,1257.265879126292
35,185,1248.6439,1257.589710301214
35,186,1248.8517,1257.918318415448
35,187,1249.0638,1258.251220592846
35,188,1249.2795,1258.587933957263
35,189,1249.4988,1258.927975632548
35,190,1249.7208,1259.270862742557
35,191,1249.9451,1259.616112411141
35,192,1250.1714,1259.963241762154
35,193,1250.3989,1260.311767919447
35,194,1250.6277,1260.661208006874
35,195,1250.8569,1261.011079148288
35,196,1251.0862,1261.360898467541
35,197,1251.3152,1261.710183088486
35,198,1251.5433,1262.058450134975
35,199,1251.7701,1262.405216730863
35,200,1251.9952,1262.75
35,201,1252.2183,1263.09240646678
35,202,1252.4388,1263.432400257749
35,203,1252.6578,1263.770034899996
35,204,1252.8759,1264.105363920607
35,205,1253.093,1264.438440846671
35,206,1253.3092,1264.769319205273
35,207,1253.5247,1265.098052523501
35,208,1253.739,1265.424694328442
35,209,1253.9526,1265.749298147183
35,210,1254.1656,1266.071917506812
35,211,1254.3777,1266.392605934416
35,212,1254.5891,1266.711416957081
35,213,1254.7998,1267.028404101896
35,214,1255.0099,1267.343620895946
35,215,1255.2192,1267.65712086632
35,216,1255.4279,1267.968957540104
35,217,1255.636,1268.279184444387
35,218,1255.8436,1268.587855106253
35,219,1256.0507,1268.895023052792
35,220,1256.2571,1269.20074181109
35,221,1256.4631,1269.505064908234
35,222,1256.6687,1269.808045871312
35,223,1256.8739,1270.109738227411
35,224,1257.0786,1270.410195503617
35,225,1257.2828,1270.709471227018
35,226,1257.4869,1271.007618924702
35,227,1257.6906,1271.304692123754
35,228,1257.8939,1271.600744351264
35,229,1258.097,1271.895829134316
35,230,1258.2999,1272.19
35,231,1258.5026,1272.483326653522
35,232,1258.7043,1272.775943512573
35,233,1258.9033,1273.068001172964
35,234,1259.098,1273.359650230506
35,235,1259.2892,1273.651041281009
35,236,1259.4768,1273.942324920284
35,237,1259.6617,1274.233651744142
35,238,1259.8441,1274.525172348395
35,239,1260.0245,1274.817037328853
35,240,1260.2035,1275.109397281326
35,241,1260.3812,1275.402402801627
35,242,1260.5583,1275.696204485565
35,243,1260.735,1275.990952928951
35,244,1260.912,1276.286798727597
35,245,1261.0896,1276.583892477313
35,246,1261.2682,1276.88238477391
35,247,1261.4484,1277.182426213199
35,248,1261.6302,1277.484167390991
35,249,1261.8147,1277.787758903097
35,250,1262.0018,1278.093351345327
35,251,1262.1923,1278.401095313493
35,252,1262.3862,1278.711141403406
35,253,1262.5844,1279.023640210876
35,254,1262.787,1279.338742331714
35,255,1262.9946,1279.65659836173
35,256,1263.2076,1279.977358896737
35,257,1263.4264,1280.301174532545
35,258,1263.6514,1280.628195864964
35,259,1263.8832,1280.958573489806
35,260,1264.1218,1281.292458002881
35,261,1264.3682,1281.63
35,262,1264.6224,1281.971310301226
35,263,1264.8844,1282.316340623625
35,264,1265.1521,1282.665002908517
35,265,1265.4241,1283.017209097218
35,266,1265.7002,1283.372871131049
35,267,1265.9805,1283.731900951327
35,268,1266.2651,1284.09421049937
35,269,1266.554,1284.459711716498
35,270,1266.847,1284.828316544028
35,271,1267.1444,1285.199936923278
35,272,1267.446,1285.574484795568
35,273,1267.7518,1285.951872102215
35,274,1268.0619,1286.332010784539
35,275,1268.3761,1286.714812783856
35,276,1268.6947,1287.100190041487
35,277,1269.0176,1287.488054498749
35,278,1269.3447,1287.878318096961
35,279,1269.676,1288.27089277744
35,280,1270.0117,1288.665690481506
35,281,1270.3516,1289.062623150477
35,282,1270.6957,1289.461602725671
35,283,1271.0441,1289.862541148407
35,284,1271.3966,1290.265350360002
35,285,1271.7535,1290.669942301776
35,286,1272.1146,1291.076228915048
35,287,1272.4799,1291.484122141134
35,288,1272.8495,1291.893533921354
35,289,1273.2233,1292.304376197026
35,290,1273.6013,1292.716560909469
36,0,1229.0524,1239.908559267027
36,1,1229.1486,1240.100299513874
36,2,1229.246,1240.290084429472
36,3,1229.3445,1240.477601927919
36,4,1229.4441,1240.662539923313
36,5,1229.5442,1240.844586329752
36,6,1229.6447,1241.023429061332
36,7,1229.7455,1241.198756032152
36,8,1229.8462,1241.370255156309
36,9,1229.9467,1241.537614347901
36,10,1230.0465,1241.700521521026
36,11,1230.1459,1241.85866458978
36,12,1230.244,1242.011731468262
36,13,1230.3411,1242.159410070568
36,14,1230.4368,1242.301388310798
36,15,1230.5306,1242.437354103048
36,16,1230.6228,1242.566995361417
36,17,1230.7126,1242.69
36,18,1230.8003,1242.806155001753
36,19,1230.8862,1242.915643625056
36,20,1230.974,1243.018748197144
36,21,1231.0656,1243.115751045252
36,22,1231.1609,1243.206934496617
36,23,1231.2596,1243.292580878474
36,24,1231.3612,1243.372972518061
36,25,1231.4656,1243.448391742611
36,26,1231.5721,1243.519120879362
36,27,1231.6808,1243.585442255549
36,28,1231.7911,1243.647638198408
36,29,1231.9028,1243.705991035176
36,30,1232.0155,1243.760783093087
36,31,1232.1288,1243.812296699377
36,32,1232.2427,1243.860814181284
36,33,1232.3563,1243.906617866042
36,34,1232.47,1243.949990080887
36,35,1232.5828,1243.991213153056
36,36,1232.6948,1244.030569409784
36,37,1232.8055,1244.068341178307
36,38,1232.9147,1244.104810785861
36,39,1233.022,1244.140260559682
36,40,1233.127,1244.174972827006
36,41,1233.2295,1244.209229915068
36,42,1233.3292,1244.243314151105
36,43,1233.4257,1244.277507862352
36,44,1233.5188,1244.312093376045
36,45,1233.608,1244.347353019421
36,46,1233.6931,1244.383569119715
36,47,1233.7738,1244.421024004163
36,48,1233.8499,1244.46
36,49,1233.9207,1244.50072362188
36,50,1233.9874,1244.543198134119
36,51,1234.0544,1244.58737098845
36,52,1234.1248,1244.633189636607
36,53,1234.1981,1244.680601530323
36,54,1234.2742,1244.729554121332
36,55,1234.3525,1244.779994861366
36,56,1234.433,1244.83187120216
36,57,1234.515,1244.885130595446
36,58,1234.5985,1244.939720492958
36,59,1234.6831,1244.99558834643
36,60,1234.7682,1245.052681607594
36,61,1234.8539,1245.110947728184
36,62,1234.9396,1245.170334159933
36,63,1235.025,1245.230788354575
36,64,1235.1099,1245.292257763843
36,65,1235.194,1245.35468983947
36,66,1235.2767,1245.41803203319
36,67,1235.3579,1245.482231796736
36,68,1235.4371,1245.547236581842
36,69,1235.5144,1245.61299384024
36,70,1235.5891,1245.679451023664
36,71,1235.6609,1245.746555583848
36,72,1235.7296,1245.814254972524
36,73,1235.795,1245.882496641427
36,74,1235.8566,1245.951228042289
36,75,1235.914,1246.020396626844
36,76,1235.967,1246.089949846826
36,77,1236.0155,1246.159835153966
36,78,1236.0588,1246.23
36,79,1236.0969,1246.30040301258
36,80,1236.13,1246.371047523038
36,81,1236.1613,1246.441948038625
36,82,1236.1931,1246.513119066595
36,83,1236.2257,1246.584575114197
36,84,1236.2589,1246.656330688685
36,85,1236.2928,1246.728400297309
36,86,1236.3271,1246.800798447322
36,87,1236.3622,1246.873539645976
36,88,1236.3977,1246.946638400522
36,89,1236.4337,1247.020109218212
36,90,1236.4703,1247.093966606298
36,91,1236.5074,1247.168225072031
36,92,1236.545,1247.242899122664
36,93,1236.583,1247.318003265448
36,94,1236.6215,1247.393552007635
36,95,1236.6604,1247.469559856477
36,96,1236.6996,1247.546041319225
36,97,1236.7394,1247.623010903131
36,98,1236.7793,1247.700483115447
36,99,1236.8197,1247.778472463426
36,100,1236.8605,1247.856993454318
36,101,1236.9014,1247.936060595375
36,102,1236.9427,1248.015688393849
36,103,1236.9843,1248.095891356993
36,104,1237.0261,1248.176683992057
36,105,1237.0682,1248.258080806293
36,106,1237.1105,1248.340096306954
36,107,1237.153,1248.422745001291
36,108,1237.1957,1248.506041396556
36,109,1237.2384,1248.59
36,110,1237.2814,1248.674613489346
36,111,1237.3242,1248.759787224194
36,112,1237.366,1248.845404734617
36,113,1237.4061,1248.931349550686
36,114,1237.4448,1249.017505202473
36,115,1237.482,1249.103755220048
36,116,1237.5178,1249.189983133484
36,117,1237.5525,1249.276072472851
36,118,1237.5859,1249.361906768223
36,119,1237.6183,1249.447369549669
36,120,1237.6495,1249.532344347261
36,121,1237.68,1249.616714691072
36,122,1237.7095,1249.700364111172
36,123,1237.7384,1249.783176137633
36,124,1237.7665,1249.865034300527
36,125,1237.794,1249.945822129925
36,126,1237.8209,1250.025423155898
36,127,1237.8475,1250.103720908518
36,128,1237.8738,1250.180598917857
36,129,1237.8998,1250.255940713986
36,130,1237.9255,1250.329629826976
36,131,1237.9512,1250.4015497869
36,132,1237.9769,1250.471584123828
36,133,1238.0026,1250.539616367832
36,134,1238.0284,1250.605530048984
36,135,1238.0546,1250.669208697355
36,136,1238.081,1250.730535843017
36,137,1238.1079,1250.789395016041
36,138,1238.1351,1250.845669746498
36,139,1238.1631,1250.899243564461
36,140,1238.1917,1250.95
36,141,1238.2208,1250.997930712141
36,142,1238.251,1251.043459875724
36,143,1238.282,1251.087119794543
36,144,1238.3138,1251.129442772392
36,145,1238.3469,1251.170961113063
36,146,1238.3812,1251.212207120352
36,147,1238.4167,1251.253713098052
36,148,1238.4536,1251.296011349956
36,149,1238.492,1251.339634179858
36,150,1238.5319,1251.385113891553
36,151,1238.5735,1251.432982788834
36,152,1238.6168,1251.483773175495
36,153,1238.662,1251.538017355329
36,154,1238.7091,1251.59624763213
36,155,1238.7583,1251.658996309693
36,156,1238.8094,1251.72679569181
36,157,1238.863,1251.800178082276
36,158,1238.9188,1251.879675784885
36,159,1238.977,1251.96582110343
36,160,1239.0377,1252.059146341704
36,161,1239.1011,1252.160183803503
36,162,1239.1671,1252.269465792619
36,163,1239.2358,1252.387524612846
36,164,1239.3076,1252.514892567979
36,165,1239.3822,1252.65210196181
36,166,1239.46,1252.799685098134
36,167,1239.5408,1252.958174280745
36,168,1239.625,1253.128101813435
36,169,1239.7125,1253.31
36,170,1239.8033,1253.504231947576
36,171,1239.8983,1253.710483976672
36,172,1240.0002,1253.928273211141
36,173,1240.111,1254.157116774837
36,174,1240.2301,1254.396531791611
36,175,1240.3573,1254.646035385317
36,176,1240.4921,1254.905144679807
36,177,1240.6342,1255.173376798934
36,178,1240.7832,1255.450248866551
36,179,1240.9387,1255.73527800651
36,180,1241.1005,1256.027981342665
36,181,1241.268,1256.327875998868
36,182,1241.4408,1256.634479098971
36,183,1241.6188,1256.947307766829
36,184,1241.8015,1257.265879126292
36,185,1241.9885,1257.589710301214
36,186,1242.1794,1257.918318415448
36,187,1242.374,1258.251220592846
36,188,1242.5718,1258.587933957263
36,189,1242.7725,1258.927975632548
36,190,1242.9756,1259.270862742557
36,191,1243.1808,1259.616112411141
36,192,1243.3878,1259.963241762154
36,193,1243.5962,1260.311767919447
36,194,1243.8058,1260.661208006874
36,195,1244.016,1261.011079148288
36,196,1244.2266,1261.360898467541
36,197,1244.4371,1261.710183088486
36,198,1244.6473,1262.058450134975
36,199,1244.8569,1262.405216730863
36,200,1245.0654,1262.75
36,201,1245.2726,1263.09240646678
36,202,1245.4779,1263.432400257749
36,203,1245.6819,1263.770034899996
36,204,1245.8846,1264.105363920607
36,205,1246.0864,1264.438440846671
36,206,1246.2872,1264.769319205273
36,207,1246.487,1265.098052523501
36,208,1246.686,1265.424694328442
36,209,1246.8839,1265.749298147183
36,210,1247.081,1266.071917506812
36,211,1247.2773,1266.392605934416
36,212,1247.4729,1266.711416957081
36,213,1247.6676,1267.028404101896
36,214,1247.8615,1267.343620895946
36,215,1248.0548,1267.65712086632
36,216,1248.2474,1267.968957540104
36,217,1248.4395,1268.279184444387
36,218,1248.6307,1268.587855106253
36,219,1248.8217,1268.895023052792
36,220,1249.012,1269.20074181109
36,221,1249.2017,1269.505064908234
36,222,1249.3911,1269.808045871312
36,223,1249.58,1270.109738227411
36,224,1249.7684,1270.410195503617
36,225,1249.9567,1270.709471227018
36,226,1250.1444,1271.007618924702
36,227,1250.3319,1271.304692123754
36,228,1250.519,1271.600744351264
36,229,1250.7062,1271.895829134316
36,230,1250.893,1272.19
36,231,1251.0797,1272.483326653522
36,232,1251.2655,1272.775943512573
36,233,1251.4484,1273.068001172964
36,234,1251.6271,1273.359650230506
36,235,1251.8025,1273.651041281009
36,236,1251.9747,1273.942324920284
36,237,1252.1442,1274.233651744142
36,238,1252.3113,1274.525172348395
36,239,1252.4766,1274.817037328853
36,240,1252.6403,1275.109397281326
36,241,1252.803,1275.402402801627
36,242,1252.9651,1275.696204485565
36,243,1253.127,1275.990952928951
36,244,1253.2891,1276.286798727597
36,245,1253.4518,1276.583892477313
36,246,1253.6155,1276.88238477391
36,247,1253.7806,1277.182426213199
36,248,1253.9478,1277.484167390991
36,249,1254.117,1277.787758903097
36,250,1254.289,1278.093351345327
36,251,1254.4641,1278.401095313493
36,252,1254.6428,1278.711141403406
36,253,1254.8254,1279.023640210876
36,254,1255.0122,1279.338742331714
36,255,1255.2039,1279.65659836173
36,256,1255.4009,1279.977358896737
36,257,1255.6033,1280.301174532545
36,258,1255.8116,1280.628195864964
36,259,1256.0265,1280.958573489806
36,260,1256.248,1281.292458002881
36,261,1256.4769,1281.63
36,262,1256.7133,1281.971310301226
36,263,1256.9569,1282.316340623625
36,264,1257.2059,1282.665002908517
36,265,1257.4587,1283.017209097218
36,266,1257.7157,1283.372871131049
36,267,1257.9766,1283.731900951327
36,268,1258.2416,1284.09421049937
36,269,1258.5105,1284.459711716498
36,270,1258.7836,1284.828316544028
36,271,1259.0607,1285.199936923278
36,272,1259.3418,1285.574484795568
36,273,1259.6272,1285.951872102215
36,274,1259.9166,1286.332010784539
36,275,1260.2103,1286.714812783856
36,276,1260.5082,1287.100190041487
36,277,1260.8102,1287.488054498749
36,278,1261.1163,1287.878318096961
36,279,1261.4269,1288.27089277744
36,280,1261.7416,1288.665690481506
36,281,1262.0607,1289.062623150477
36,282,1262.3839,1289.461602725671
36,283,1262.7115,1289.862541148407
36,284,1263.0435,1290.265350360002
36,285,1263.3796,1290.669942301776
36,286,1263.7202,1291.076228915048
36,287,1264.0652,1291.484122141134
36,288,1264.4146,1291.893533921354
36,289,1264.7683,1292.304376197026
36,290,1265.1265,1292.716560909469
37,0,1234.1959,1239.908559267027
37,1,1234.2914,1240.100299513874
37,2,1234.3887,1240.290084429472
37,3,1234.4875,1240.477601927919
37,4,1234.5875,1240.662539923313
37,5,1234.6886,1240.844586329752
37,6,1234.7905,1241.023429061332
37,7,1234.893,1241.198756032152
37,8,1234.996,1241.370255156309
37,9,1235.0991,1241.537614347901
37,10,1235.2021,1241.700521521026
37,11,1235.3049,1241.85866458978
37,12,1235.4073,1242.011731468262
37,13,1235.509,1242.159410070568
37,14,1235.6099,1242.301388310798
37,15,1235.7095,1242.437354103048
37,16,1235.8077,1242.566995361417
37,17,1235.9045,1242.69
37,18,1235.9996,1242.806155001753
37,19,1236.0941,1242.915643625056
37,20,1236.1923,1243.018748197144
37,21,1236.2971,1243.115751045252
37,22,1236.4081,1243.206934496617
37,23,1236.5245,1243.292580878474
37,24,1236.6462,1243.372972518061
37,25,1236.7726,1243.448391742611
37,26,1236.9031,1243.519120879362
37,27,1237.0375,1243.585442255549
37,28,1237.1749,1243.647638198408
37,29,1237.3153,1243.705991035176
37,30,1237.458,1243.760783093087
37,31,1237.6025,1243.812296699377
37,32,1237.7484,1243.860814181284
37,33,1237.8951,1243.906617866042
37,34,1238.0425,1243.949990080887
37,35,1238.1897,1243.991213153056
37,36,1238.3365,1244.030569409784
37,37,1238.4823,1244.068341178307
37,38,1238.6267,1244.104810785861
37,39,1238.7693,1244.140260559682
37,40,1238.9095,1244.174972827006
37,41,1239.047,1244.209229915068
37,42,1239.1812,1244.243314151105
37,43,1239.3116,1244.277507862352
37,44,1239.438,1244.312093376045
37,45,1239.5597,1244.347353019421
37,46,1239.6763,1244.383569119715
37,47,1239.7875,1244.421024004163
37,48,1239.8925,1244.46
37,49,1239.9912,1244.50072362188
37,50,1240.085,1244.543198134119
37,51,1240.1797,1244.58737098845
37,52,1240.2793,1244.633189636607
37,53,1240.3833,1244.680601530323
37,54,1240.4913,1244.729554121332
37,55,1240.6027,1244.779994861366
37,56,1240.7168,1244.83187120216
37,57,1240.8333,1244.885130595446
37,58,1240.9515,1244.939720492958
37,59,1241.0712,1244.99558834643
37,60,1241.1915,1245.052681607594
37,61,1241.3121,1245.110947728184
37,62,1241.4325,1245.170334159933
37,63,1241.5521,1245.230788354575
37,64,1241.6704,1245.292257763843
37,65,1241.787,1245.35468983947
37,66,1241.9014,1245.41803203319
37,67,1242.0128,1245.482231796736
37,68,1242.1211,1245.547236581842
37,69,1242.2255,1245.61299384024
37,70,1242.3256,1245.679451023664
37,71,1242.4209,1245.746555583848
37,72,1242.511,1245.814254972524
37,73,1242.5952,1245.882496641427
37,74,1242.6732,1245.951228042289
37,75,1242.7443,1246.020396626844
37,76,1242.8082,1246.089949846826
37,77,1242.8643,1246.159835153966
37,78,1242.912,1246.23
37,79,1242.9509,1246.30040301258
37,80,1242.9822,1246.371047523038
37,81,1243.0106,1246.441948038625
37,82,1243.0396,1246.513119066595
37,83,1243.0693,1246.584575114197
37,84,1243.0996,1246.656330688685
37,85,1243.1306,1246.728400297309
37,86,1243.1621,1246.800798447322
37,87,1243.1942,1246.873539645976
37,88,1243.2268,1246.946638400522
37,89,1243.2599,1247.020109218212
37,90,1243.2937,1247.093966606298
37,91,1243.3278,1247.168225072031
37,92,1243.3623,1247.242899122664
37,93,1243.3975,1247.318003265448
37,94,1243.4329,1247.393552007635
37,95,1243.4688,1247.469559856477
37,96,1243.505,1247.546041319225
37,97,1243.5416,1247.623010903131
37,98,1243.5786,1247.700483115447
37,99,1243.6158,1247.778472463426
37,100,1243.6534,1247.856993454318
37,101,1243.6914,1247.936060595375
37,102,1243.7295,1248.015688393849
37,103,1243.768,1248.095891356993
37,104,1243.8066,1248.176683992057
37,105,1243.8455,1248.258080806293
37,106,1243.8845,1248.340096306954
37,107,1243.9237,1248.422745001291
37,108,1243.9631,1248.506041396556
37,109,1244.0027,1248.59
37,110,1244.0422,1248.674613489346
37,111,1244.0817,1248.759787224194
37,112,1244.1199,1248.845404734617
37,113,1244.1562,1248.931349550686
37,114,1244.191,1249.017505202473
37,115,1244.2241,1249.103755220048
37,116,1244.2557,1249.189983133484
37,117,1244.286,1249.276072472851
37,118,1244.3148,1249.361906768223
37,119,1244.3425,1249.447369549669
37,120,1244.3693,1249.532344347261
37,121,1244.3948,1249.616714691072
37,122,1244.4196,1249.700364111172
37,123,1244.4435,1249.783176137633
37,124,1244.4668,1249.865034300527
37,125,1244.4895,1249.945822129925
37,126,1244.5117,1250.025423155898
37,127,1244.5334,1250.103720908518
37,128,1244.555,1250.180598917857
37,129,1244.5765,1250.255940713986
37,130,1244.5978,1250.329629826976
37,131,1244.6191,1250.4015497869
37,132,1244.6406,1250.471584123828
37,133,1244.6625,1250.539616367832
37,134,1244.6844,1250.605530048984
37,135,1244.707,1250.669208697355
37,136,1244.7301,1250.730535843017
37,137,1244.7538,1250.789395016041
37,138,1244.7783,1250.845669746498
37,139,1244.8036,1250.899243564461
37,140,1244.83,1250.95
37,141,1244.8572,1250.997930712141
37,142,1244.8857,1251.043459875724
37,143,1244.9154,1251.087119794543
37,144,1244.9465,1251.129442772392
37,145,1244.9789,1251.170961113063
37,146,1245.0127,1251.212207120352
37,147,1245.048,1251.253713098052
37,148,1245.0848,1251.296011349956
37,149,1245.1233,1251.339634179858
37,150,1245.1633,1251.385113891553
37,151,1245.2052,1251.432982788834
37,152,1245.2488,1251.483773175495
37,153,1245.2942,1251.538017355329
37,154,1245.3413,1251.59624763213
37,155,1245.3906,1251.658996309693
37,156,1245.4419,1251.72679569181
37,157,1245.4952,1251.800178082276
37,158,1245.5507,1251.879675784885
37,159,1245.6083,1251.96582110343
37,160,1245.6681,1252.059146341704
37,161,1245.7302,1252.160183803503
37,162,1245.7947,1252.269465792619
37,163,1245.8616,1252.387524612846
37,164,1245.931,1252.514892567979
37,165,1246.003,1252.65210196181
37,166,1246.0775,1252.799685098134
37,167,1246.1547,1252.958174280745
37,168,1246.2346,1253.128101813435
37,169,1246.3173,1253.31
37,170,1246.4027,1253.504231947576
37,171,1246.4923,1253.710483976672
37,172,1246.5903,1253.928273211141
37,173,1246.6993,1254.157116774837
37,174,1246.8188,1254.396531791611
37,175,1246.9482,1254.646035385317
37,176,1247.0873,1254.905144679807
37,177,1247.2354,1255.173376798934
37,178,1247.392,1255.450248866551
37,179,1247.5566,1255.73527800651
37,180,1247.7289,1256.027981342665
37,181,1247.9082,1256.327875998868
37,182,1248.0941,1256.634479098971
37,183,1248.2861,1256.947307766829
37,184,1248.4839,1257.265879126292
37,185,1248.6868,1257.589710301214
37,186,1248.8943,1257.918318415448
37,187,1249.1061,1258.251220592846
37,188,1249.3215,1258.587933957263
37,189,1249.5403,1258.927975632548
37,190,1249.7618,1259.270862742557
37,191,1249.9857,1259.616112411141
37,192,1250.2114,1259.963241762154
37,193,1250.4384,1260.311767919447
37,194,1250.6663,1260.661208006874
37,195,1250.8947,1261.011079148288
37,196,1251.123,1261.360898467541
37,197,1251.3508,1261.710183088486
37,198,1251.5778,1262.058450134975
37,199,1251.8032,1262.405216730863
37,200,1252.0267,1262.75
37,201,1252.2479,1263.09240646678
37,202,1252.4668,1263.432400257749
37,203,1252.684,1263.770034899996
37,204,1252.9001,1264.105363920607
37,205,1253.1155,1264.438440846671
37,206,1253.3298,1264.769319205273
37,207,1253.5435,1265.098052523501
37,208,1253.7562,1265.424694328442
37,209,1253.9681,1265.749298147183
37,210,1254.1793,1266.071917506812
37,211,1254.3898,1266.392605934416
37,212,1254.5995,1266.711416957081
37,213,1254.8086,1267.028404101896
37,214,1255.017,1267.343620895946
37,215,1255.2249,1267.65712086632
37,216,1255.4321,1267.968957540104
37,217,1255.6388,1268.279184444387
37,218,1255.845,1268.587855106253
37,219,1256.0508,1268.895023052792
37,220,1256.256,1269.20074181109
37,221,1256.4608,1269.505064908234
37,222,1256.6654,1269.808045871312
37,223,1256.8695,1270.109738227411
37,224,1257.0732,1270.410195503617
37,225,1257.2767,1270.709471227018
37,226,1257.4799,1271.007618924702
37,227,1257.6829,1271.304692123754
37,228,1257.8856,1271.600744351264
37,229,1258.0883,1271.895829134316
37,230,1258.2906,1272.19
37,231,1258.4929,1272.483326653522
37,232,1258.6946,1272.775943512573
37,233,1258.8936,1273.068001172964
37,234,1259.0885,1273.359650230506
37,235,1259.2802,1273.651041281009
37,236,1259.4685,1273.942324920284
37,237,1259.6543,1274.233651744142
37,238,1259.8376,1274.525172348395
37,239,1260.0193,1274.817037328853
37,240,1260.1993,1275.109397281326
37,241,1260.3783,1275.402402801627
37,242,1260.5565,1275.696204485565
37,243,1260.7344,1275.990952928951
37,244,1260.9122,1276.286798727597
37,245,1261.0907,1276.583892477313
37,246,1261.27,1276.88238477391
37,247,1261.4506,1277.182426213199
37,248,1261.6327,1277.484167390991
37,249,1261.8169,1277.787758903097
37,250,1262.0037,1278.093351345327
37,251,1262.193,1278.401095313493
37,252,1262.3857,1278.711141403406
37,253,1262.582,1279.023640210876
37,254,1262.7825,1279.338742331714
37,255,1262.9872,1279.65659836173
37,256,1263.1967,1279.977358896737
37,257,1263.4113,1280.301174532545
37,258,1263.6315,1280.628195864964
37,259,1263.8577,1280.958573489806
37,260,1264.0902,1281.292458002881
37,261,1264.3295,1281.63
37,262,1264.5758,1281.971310301226
37,263,1264.8289,1282.316340623625
37,264,1265.087,1282.665002908517
37,265,1265.3488,1283.017209097218
37,266,1265.6141,1283.372871131049
37,267,1265.8832,1283.731900951327
37,268,1266.1558,1284.09421049937
37,269,1266.4321,1284.459711716498
37,270,1266.712,1284.828316544028
37,271,1266.9958,1285.199936923278
37,272,1267.2833,1285.574484795568
37,273,1267.5745,1285.951872102215
37,274,1267.8696,1286.332010784539
37,275,1268.1685,1286.714812783856
37,276,1268.4711,1287.100190041487
37,277,1268.7776,1287.488054498749
37,278,1269.088,1287.878318096961
37,279,1269.4023,1288.27089277744
37,280,1269.7206,1288.665690481506
37,281,1270.0427,1289.062623150477
37,282,1270.3689,1289.461602725671
37,283,1270.699,1289.862541148407
37,284,1271.0331,1290.265350360002
37,285,1271.3712,1290.669942301776
37,286,1271.7133,1291.076228915048
37,287,1272.0594,1291.484122141134
37,288,1272.4097,1291.893533921354
37,289,1272.7639,1292.304376197026
37,290,1273.1223,1292.716560909469
38,0,1232.1189,1239.908559267027
38,1,1232.2084,1240.100299513874
38,2,1232.2985,1240.290084429472
38,3,1232.389,1240.477601927919
38,4,1232.4801,1240.662539923313
38,5,1232.5714,1240.844586329752
38,6,1232.6627,1241.023429061332
38,7,1232.7542,1241.198756032152
38,8,1232.8452,1241.370255156309
38,9,1232.9362,1241.537614347901
38,10,1233.0264,1241.700521521026
38,11,1233.1161,1241.85866458978
38,12,1233.205,1242.011731468262
38,13,1233.293,1242.159410070568
38,14,1233.38,1242.301388310798
38,15,1233.4656,1242.437354103048
38,16,1233.55,1242.566995361417
38,17,1233.6329,1242.69
38,18,1233.7141,1242.806155001753
38,19,1233.7948,1242.915643625056
38,20,1233.8773,1243.018748197144
38,21,1233.9639,1243.115751045252
38,22,1234.054,1243.206934496617
38,23,1234.1471,1243.292580878474
38,24,1234.2434,1243.372972518061
38,25,1234.3422,1243.448391742611
38,26,1234.4435,1243.519120879362
38,27,1234.5469,1243.585442255549
38,28,1234.652,1243.647638198408
38,29,1234.7588,1243.705991035176
38,30,1234.8668,1243.760783093087
38,31,1234.9758,1243.812296699377
38,32,1235.0854,1243.860814181284
38,33,1235.1957,1243.906617866042
38,34,1235.306,1243.949990080887
38,35,1235.416,1243.991213153056
38,36,1235.5259,1244.030569409784
38,37,1235.6349,1244.068341178307
38,38,1235.7429,1244.104810785861
38,39,1235.8497,1244.140260559682
38,40,1235.9551,1244.174972827006
38,41,1236.0586,1244.209229915068
38,42,1236.1602,1244.243314151105
38,43,1236.2592,1244.277507862352
38,44,1236.3557,1244.312093376045
38,45,1236.4493,1244.347353019421
38,46,1236.5398,1244.383569119715
38,47,1236.6268,1244.421024004163
38,48,1236.7101,1244.46
38,49,1236.7893,1244.50072362188
38,50,1236.866,1244.543198134119
38,51,1236.944,1244.58737098845
38,52,1237.0258,1244.633189636607
38,53,1237.1108,1244.680601530323
38,54,1237.1991,1244.729554121332
38,55,1237.29,1244.779994861366
38,56,1237.3832,1244.83187120216
38,57,1237.4783,1244.885130595446
38,58,1237.5748,1244.939720492958
38,59,1237.6727,1244.99558834643
38,60,1237.7712,1245.052681607594
38,61,1237.8702,1245.110947728184
38,62,1237.9692,1245.170334159933
38,63,1238.0679,1245.230788354575
38,64,1238.1659,1245.292257763843
38,65,1238.2628,1245.35468983947
38,66,1238.3582,1245.41803203319
38,67,1238.4518,1245.482231796736
38,68,1238.5432,1245.547236581842
38,69,1238.6321,1245.61299384024
38,70,1238.718,1245.679451023664
38,71,1238.8007,1245.746555583848
38,72,1238.8796,1245.814254972524
38,73,1238.9546,1245.882496641427
38,74,1239.0253,1245.951228042289
38,75,1239.091,1246.020396626844
38,76,1239.1516,1246.089949846826
38,77,1239.2068,1246.159835153966
38,78,1239.256,1246.23
38,79,1239.2991,1246.30040301258
38,80,1239.3369,1246.371047523038
38,81,1239.3734,1246.441948038625
38,82,1239.4108,1246.513119066595
38,83,1239.449,1246.584575114197
38,84,1239.4883,1246.656330688685
38,85,1239.5283,1246.728400297309
38,86,1239.5693,1246.800798447322
38,87,1239.6111,1246.873539645976
38,88,1239.6537,1246.946638400522
38,89,1239.6969,1247.020109218212
38,90,1239.741,1247.093966606298
38,91,1239.7858,1247.168225072031
38,92,1239.8312,1247.242899122664
38,93,1239.8772,1247.318003265448
38,94,1239.9238,1247.393552007635
38,95,1239.9711,1247.469559856477
38,96,1240.0188,1247.546041319225
38,97,1240.0671,1247.623010903131
38,98,1240.1158,1247.700483115447
38,99,1240.1652,1247.778472463426
38,100,1240.2147,1247.856993454318
38,101,1240.2648,1247.936060595375
38,102,1240.3152,1248.015688393849
38,103,1240.366,1248.095891356993
38,104,1240.4171,1248.176683992057
38,105,1240.4684,1248.258080806293
38,106,1240.5199,1248.340096306954
38,107,1240.5718,1248.422745001291
38,108,1240.6237,1248.506041396556
38,109,1240.6758,1248.59
38,110,1240.7281,1248.674613489346
38,111,1240.7803,1248.759787224194
38,112,1240.8318,1248.845404734617
38,113,1240.8822,1248.931349550686
38,114,1240.9319,1249.017505202473
38,115,1240.9805,1249.103755220048
38,116,1241.0282,1249.189983133484
38,117,1241.0751,1249.276072472851
38,118,1241.1211,1249.361906768223
38,119,1241.1664,1249.447369549669
38,120,1241.2107,1249.532344347261
38,121,1241.2544,1249.616714691072
38,122,1241.2974,1249.700364111172
38,123,1241.3396,1249.783176137633
38,124,1241.3813,1249.865034300527
38,125,1241.4224,1249.945822129925
38,126,1241.4626,1250.025423155898
38,127,1241.5026,1250.103720908518
38,128,1241.5419,1250.180598917857
38,129,1241.5806,1250.255940713986
38,130,1241.6189,1250.329629826976
38,131,1241.6567,1250.4015497869
38,132,1241.6942,1250.471584123828
38,133,1241.7313,1250.539616367832
38,134,1241.768,1250.605530048984
38,135,1241.8044,1250.669208697355
38,136,1241.8405,1250.730535843017
38,137,1241.8763,1250.789395016041
38,138,1241.912,1250.845669746498
38,139,1241.9473,1250.899243564461
38,140,1241.9825,1250.95
38,141,1242.0176,1250.997930712141
38,142,1242.0525,1251.043459875724
38,143,1242.0875,1251.087119794543
38,144,1242.1226,1251.129442772392
38,145,1242.1578,1251.170961113063
38,146,1242.1937,1251.212207120352
38,147,1242.2303,1251.253713098052
38,148,1242.2677,1251.296011349956
38,149,1242.3062,1251.339634179858
38,150,1242.3458,1251.385113891553
38,151,1242.3868,1251.432982788834
38,152,1242.4294,1251.483773175495
38,153,1242.4739,1251.538017355329
38,154,1242.5201,1251.59624763213
38,155,1242.5686,1251.658996309693
38,156,1242.6194,1251.72679569181
38,157,1242.6725,1251.800178082276
38,158,1242.7283,1251.879675784885
38,159,1242.787,1251.96582110343
38,160,1242.8488,1252.059146341704
38,161,1242.9137,1252.160183803503
38,162,1242.9819,1252.269465792619
38,163,1243.0537,1252.387524612846
38,164,1243.1294,1252.514892567979
38,165,1243.2089,1252.65210196181
38,166,1243.2924,1252.799685098134
38,167,1243.3802,1252.958174280745
38,168,1243.4727,1253.128101813435
38,169,1243.5696,1253.31
38,170,1243.6713,1253.504231947576
38,171,1243.779,1253.710483976672
38,172,1243.8962,1253.928273211141
38,173,1244.0243,1254.157116774837
38,174,1244.1627,1254.396531791611
38,175,1244.3112,1254.646035385317
38,176,1244.4691,1254.905144679807
38,177,1244.636,1255.173376798934
38,178,1244.8113,1255.450248866551
38,179,1244.9945,1255.73527800651
38,180,1245.1854,1256.027981342665
38,181,1245.3832,1256.327875998868
38,182,1245.5875,1256.634479098971
38,183,1245.7979,1256.947307766829
38,184,1246.0138,1257.265879126292
38,185,1246.2347,1257.589710301214
38,186,1246.4602,1257.918318415448
38,187,1246.6898,1258.251220592846
38,188,1246.923,1258.587933957263
38,189,1247.1593,1258.927975632548
38,190,1247.3983,1259.270862742557
38,191,1247.6394,1259.616112411141
38,192,1247.8822,1259.963241762154
38,193,1248.1262,1260.311767919447
38,194,1248.371,1260.661208006874
38,195,1248.616,1261.011079148288
38,196,1248.8607,1261.360898467541
38,197,1249.1047,1261.710183088486
38,198,1249.3477,1262.058450134975
38,199,1249.5889,1262.405216730863
38,200,1249.828,1262.75
38,201,1250.0647,1263.09240646678
38,202,1250.2986,1263.432400257749
38,203,1250.5305,1263.770034899996
38,204,1250.7612,1264.105363920607
38,205,1250.9907,1264.438440846671
38,206,1251.219,1264.769319205273
38,207,1251.446,1265.098052523501
38,208,1251.672,1265.424694328442
38,209,1251.897,1265.749298147183
38,210,1252.121,1266.071917506812
38,211,1252.344,1266.392605934416
38,212,1252.566,1266.711416957081
38,213,1252.7874,1267.028404101896
38,214,1253.0078,1267.343620895946
38,215,1253.2274,1267.65712086632
38,216,1253.4464,1267.968957540104
38,217,1253.6647,1268.279184444387
38,218,1253.8824,1268.587855106253
38,219,1254.0996,1268.895023052792
38,220,1254.3163,1269.20074181109
38,221,1254.5323,1269.505064908234
38,222,1254.7482,1269.808045871312
38,223,1254.9635,1270.109738227411
38,224,1255.1787,1270.410195503617
38,225,1255.3936,1270.709471227018
38,226,1255.6082,1271.007618924702
38,227,1255.8224,1271.304692123754
38,228,1256.0367,1271.600744351264
38,229,1256.251,1271.895829134316
38,230,1256.4651,1272.19
38,231,1256.6793,1272.483326653522
38,232,1256.8933,1272.775943512573
38,233,1257.1061,1273.068001172964
38,234,1257.3174,1273.359650230506
38,235,1257.5272,1273.651041281009
38,236,1257.7357,1273.942324920284
38,237,1257.9431,1274.233651744142
38,238,1258.1495,1274.525172348395
38,239,1258.355,1274.817037328853
38,240,1258.5598,1275.109397281326
38,241,1258.764,1275.402402801627
38,242,1258.9678,1275.696204485565
38,243,1259.1713,1275.990952928951
38,244,1259.3746,1276.286798727597
38,245,1259.5779,1276.583892477313
38,246,1259.7814,1276.88238477391
38,247,1259.9851,1277.182426213199
38,248,1260.1893,1277.484167390991
38,249,1260.3939,1277.787758903097
38,250,1260.5994,1278.093351345327
38,251,1260.8055,1278.401095313493
38,252,1261.0128,1278.711141403406
38,253,1261.2212,1279.023640210876
38,254,1261.4308,1279.338742331714
38,255,1261.6418,1279.65659836173
38,256,1261.8545,1279.977358896737
38,257,1262.0687,1280.301174532545
38,258,1262.2849,1280.628195864964
38,259,1262.503,1280.958573489806
38,260,1262.7233,1281.292458002881
38,261,1262.9457,1281.63
38,262,1263.1705,1281.971310301226
38,263,1263.3975,1282.316340623625
38,264,1263.626,1282.665002908517
38,265,1263.8553,1283.017209097218
38,266,1264.0857,1283.372871131049
38,267,1264.317,1283.731900951327
38,268,1264.5494,1284.09421049937
38,269,1264.783,1284.459711716498
38,270,1265.0176,1284.828316544028
38,271,1265.2534,1285.199936923278
38,272,1265.4906,1285.574484795568
38,273,1265.729,1285.951872102215
38,274,1265.9689,1286.332010784539
38,275,1266.2101,1286.714812783856
38,276,1266.4529,1287.100190041487
38,277,1266.697,1287.488054498749
38,278,1266.9429,1287.878318096961
38,279,1267.1902,1288.27089277744
38,280,1267.4392,1288.665690481506
38,281,1267.69,1289.062623150477
38,282,1267.9425,1289.461602725671
38,283,1268.1968,1289.862541148407
38,284,1268.4529,1290.265350360002
38,285,1268.7109,1290.669942301776
38,286,1268.971,1291.076228915048
38,287,1269.2329,1291.484122141134
38,288,1269.4968,1291.893533921354
38,289,1269.763,1292.304376197026
38,290,1270.031,1292.716560909469
39,0,1228.2523,1239.908559267027
39,1,1228.3737,1240.100299513874
39,2,1228.4967,1240.290084429472
39,3,1228.6213,1240.477601927919
39,4,1228.7468,1240.662539923313
39,5,1228.8732,1240.844586329752
39,6,1228.9998,1241.023429061332
39,7,1229.1263,1241.198756032152
39,8,1229.2524,1241.370255156309
39,9,1229.3778,1241.537614347901
39,10,1229.5021,1241.700521521026
39,11,1229.625,1241.85866458978
39,12,1229.7461,1242.011731468262
39,13,1229.865,1242.159410070568
39,14,1229.9813,1242.301388310798
39,15,1230.0948,1242.437354103048
39,16,1230.2051,1242.566995361417
39,17,1230.3118,1242.69
39,18,1230.4146,1242.806155001753
39,19,1230.5142,1242.915643625056
39,20,1230.6135,1243.018748197144
39,21,1230.7151,1243.115751045252
39,22,1230.8185,1243.206934496617
39,23,1230.9235,1243.292580878474
39,24,1231.0297,1243.372972518061
39,25,1231.137,1243.448391742611
39,26,1231.2449,1243.519120879362
39,27,1231.3534,1243.585442255549
39,28,1231.462,1243.647638198408
39,29,1231.5707,1243.705991035176
39,30,1231.679,1243.760783093087
39,31,1231.7867,1243.812296699377
39,32,1231.8936,1243.860814181284
39,33,1231.9993,1243.906617866042
39,34,1232.1034,1243.949990080887
39,35,1232.206,1243.991213153056
39,36,1232.3068,1244.030569409784
39,37,1232.4052,1244.068341178307
39,38,1232.5011,1244.104810785861
39,39,1232.5942,1244.140260559682
39,40,1232.6844,1244.174972827006
39,41,1232.7714,1244.209229915068
39,42,1232.8546,1244.243314151105
39,43,1232.9342,1244.277507862352
39,44,1233.0096,1244.312093376045
39,45,1233.0808,1244.347353019421
39,46,1233.1473,1244.383569119715
39,47,1233.209,1244.421024004163
39,48,1233.2655,1244.46
39,49,1233.3167,1244.50072362188
39,50,1233.3634,1244.543198134119
39,51,1233.4094,1244.58737098845
39,52,1233.4575,1244.633189636607
39,53,1233.5074,1244.680601530323
39,54,1233.5592,1244.729554121332
39,55,1233.6123,1244.779994861366
39,56,1233.6669,1244.83187120216
39,57,1233.7225,1244.885130595446
39,58,1233.7793,1244.939720492958
39,59,1233.8369,1244.99558834643
39,60,1233.895,1245.052681607594
39,61,1233.9539,1245.110947728184
39,62,1234.0128,1245.170334159933
39,63,1234.0721,1245.230788354575
39,64,1234.1313,1245.292257763843
39,65,1234.1904,1245.35468983947
39,66,1234.2491,1245.41803203319
39,67,1234.3075,1245.482231796736
39,68,1234.3651,1245.547236581842
39,69,1234.422,1245.61299384024
39,70,1234.4779,1245.679451023664
39,71,1234.5328,1245.746555583848
39,72,1234.5863,1245.814254972524
39,73,1234.6385,1245.882496641427
39,74,1234.6892,1245.951228042289
39,75,1234.7382,1246.020396626844
39,76,1234.785,1246.089949846826
39,77,1234.8301,1246.159835153966
39,78,1234.8729,1246.23
39,79,1234.9133,1246.30040301258
39,80,1234.9518,1246.371047523038
39,81,1234.9897,1246.441948038625
39,82,1235.0282,1246.513119066595
39,83,1235.0673,1246.584575114197
39,84,1235.1068,1246.656330688685
39,85,1235.1471,1246.728400297309
39,86,1235.1879,1246.800798447322
39,87,1235.2291,1246.873539645976
39,88,1235.2709,1246.946638400522
39,89,1235.3131,1247.020109218212
39,90,1235.356,1247.093966606298
39,91,1235.3992,1247.168225072031
39,92,1235.4429,1247.242899122664
39,93,1235.487,1247.318003265448
39,94,1235.5316,1247.393552007635
39,95,1235.5767,1247.469559856477
39,96,1235.6221,1247.546041319225
39,97,1235.668,1247.623010903131
39,98,1235.7141,1247.700483115447
39,99,1235.7607,1247.778472463426
39,100,1235.8075,1247.856993454318
39,101,1235.8549,1247.936060595375
39,102,1235.9025,1248.015688393849
39,103,1235.9504,1248.095891356993
39,104,1235.9987,1248.176683992057
39,105,1236.0471,1248.258080806293
39,106,1236.096,1248.340096306954
39,107,1236.145,1248.422745001291
39,108,1236.1943,1248.506041396556
39,109,1236.2439,1248.59
39,110,1236.2936,1248.674613489346
39,111,1236.3433,1248.759787224194
39,112,1236.3915,1248.845404734617
39,113,1236.4376,1248.931349550686
39,114,1236.4818,1249.017505202473
39,115,1236.5242,1249.103755220048
39,116,1236.5647,1249.189983133484
39,117,1236.6035,1249.276072472851
39,118,1236.6409,1249.361906768223
39,119,1236.6769,1249.447369549669
39,120,1236.7114,1249.532344347261
39,121,1236.7449,1249.616714691072
39,122,1236.7771,1249.700364111172
39,123,1236.8086,1249.783176137633
39,124,1236.8391,1249.865034300527
39,125,1236.8689,1249.945822129925
39,126,1236.8982,1250.025423155898
39,127,1236.9268,1250.103720908518
39,128,1236.9552,1250.180598917857
39,129,1236.9832,1250.255940713986
39,130,1237.0111,1250.329629826976
39,131,1237.039,1250.4015497869
39,132,1237.067,1250.471584123828
39,133,1237.0951,1250.539616367832
39,134,1237.1235,1250.605530048984
39,135,1237.1523,1250.669208697355
39,136,1237.1818,1250.730535843017
39,137,1237.2119,1250.789395016041
39,138,1237.2427,1250.845669746498
39,139,1237.2744,1250.899243564461
39,140,1237.3073,1250.95
39,141,1237.3411,1250.997930712141
39,142,1237.3762,1251.043459875724
39,143,1237.4126,1251.087119794543
39,144,1237.4506,1251.129442772392
39,145,1237.49,1251.170961113063
39,146,1237.5311,1251.212207120352
39,147,1237.574,1251.253713098052
39,148,1237.6187,1251.296011349956
39,149,1237.6654,1251.339634179858
39,150,1237.7141,1251.385113891553
39,151,1237.765,1251.432982788834
39,152,1237.8181,1251.483773175495
39,153,1237.8737,1251.538017355329
39,154,1237.9315,1251.59624763213
39,155,1237.9921,1251.658996309693
39,156,1238.0552,1251.72679569181
39,157,1238.1211,1251.800178082276
39,158,1238.1898,1251.879675784885
39,159,1238.2615,1251.96582110343
39,160,1238.3362,1252.059146341704
39,161,1238.414,1252.160183803503
39,162,1238.495,1252.269465792619
39,163,1238.5795,1252.387524612846
39,164,1238.6672,1252.514892567979
39,165,1238.7587,1252.65210196181
39,166,1238.8536,1252.799685098134
39,167,1238.9524,1252.958174280745
39,168,1239.0549,1253.128101813435
39,169,1239.1614,1253.31
39,170,1239.272,1253.504231947576
39,171,1239.387,1253.710483976672
39,172,1239.5082,1253.928273211141
39,173,1239.6365,1254.157116774837
39,174,1239.7717,1254.396531791611
39,175,1239.9136,1254.646035385317
39,176,1240.0616,1254.905144679807
39,177,1240.2158,1255.173376798934
39,178,1240.3759,1255.450248866551
39,179,1240.5414,1255.73527800651
39,180,1240.7123,1256.027981342665
39,181,1240.8883,1256.327875998868
39,182,1241.0691,1256.634479098971
39,183,1241.2545,1256.947307766829
39,184,1241.4441,1257.265879126292
39,185,1241.6378,1257.589710301214
39,186,1241.8353,1257.918318415448
39,187,1242.0363,1258.251220592846
39,188,1242.2406,1258.587933957263
39,189,1242.448,1258.927975632548
39,190,1242.6581,1259.270862742557
39,191,1242.8708,1259.616112411141
39,192,1243.0858,1259.963241762154
39,193,1243.3029,1260.311767919447
39,194,1243.5216,1260.661208006874
39,195,1243.7421,1261.011079148288
39,196,1243.9637,1261.360898467541
39,197,1244.1864,1261.710183088486
39,198,1244.41,1262.058450134975
39,199,1244.6342,1262.405216730863
39,200,1244.8586,1262.75
39,201,1245.0833,1263.09240646678
39,202,1245.3076,1263.432400257749
39,203,1245.531,1263.770034899996
39,204,1245.7533,1264.105363920607
39,205,1245.9744,1264.438440846671
39,206,1246.1943,1264.769319205273
39,207,1246.4132,1265.098052523501
39,208,1246.631,1265.424694328442
39,209,1246.8479,1265.749298147183
39,210,1247.0637,1266.071917506812
39,211,1247.2786,1266.392605934416
39,212,1247.4926,1266.711416957081
39,213,1247.7056,1267.028404101896
39,214,1247.9177,1267.343620895946
39,215,1248.1293,1267.65712086632
39,216,1248.3398,1267.968957540104
39,217,1248.5498,1268.279184444387
39,218,1248.7589,1268.587855106253
39,219,1248.9674,1268.895023052792
39,220,1249.1753,1269.20074181109
39,221,1249.3826,1269.505064908234
39,222,1249.5891,1269.808045871312
39,223,1249.7953,1270.109738227411
39,224,1250.0009,1270.410195503617
39,225,1250.2059,1270.709471227018
39,226,1250.4106,1271.007618924702
39,227,1250.615,1271.304692123754
39,228,1250.8187,1271.600744351264
39,229,1251.0223,1271.895829134316
39,230,1251.2256,1272.19
39,231,1251.4285,1272.483326653522
39,232,1251.6302,1272.775943512573
39,233,1251.8271,1273.068001172964
39,234,1252.0176,1273.359650230506
39,235,1252.2019,1273.651041281009
39,236,1252.381,1273.942324920284
39,237,1252.5557,1274.233651744142
39,238,1252.7266,1274.525172348395
39,239,1252.8945,1274.817037328853
39,240,1253.0602,1275.109397281326
39,241,1253.2244,1275.402402801627
39,242,1253.3877,1275.696204485565
39,243,1253.551,1275.990952928951
39,244,1253.7148,1276.286798727597
39,245,1253.8802,1276.583892477313
39,246,1254.0477,1276.88238477391
39,247,1254.218,1277.182426213199
39,248,1254.3921,1277.484167390991
39,249,1254.5704,1277.787758903097
39,250,1254.7538,1278.093351345327
39,251,1254.943,1278.401095313493
39,252,1255.1388,1278.711141403406
39,253,1255.3418,1279.023640210876
39,254,1255.5529,1279.338742331714
39,255,1255.7727,1279.65659836173
39,256,1256.002,1279.977358896737
39,257,1256.2416,1280.301174532545
39,258,1256.492,1280.628195864964
39,259,1256.754,1280.958573489806
39,260,1257.0286,1281.292458002881
39,261,1257.3162,1281.63
39,262,1257.6176,1281.971310301226
39,263,1257.9324,1282.316340623625
39,264,1258.2574,1282.665002908517
39,265,1258.59,1283.017209097218
39,266,1258.9303,1283.372871131049
39,267,1259.2782,1283.731900951327
39,268,1259.6337,1284.09421049937
39,269,1259.997,1284.459711716498
39,270,1260.3676,1284.828316544028
39,271,1260.7458,1285.199936923278
39,272,1261.1318,1285.574484795568
39,273,1261.5253,1285.951872102215
39,274,1261.9263,1286.332010784539
39,275,1262.335,1286.714812783856
39,276,1262.751,1287.100190041487
39,277,1263.1744,1287.488054498749
39,278,1263.6056,1287.878318096961
39,279,1264.0441,1288.27089277744
39,280,1264.4901,1288.665690481506
39,281,1264.9435,1289.062623150477
39,282,1265.4043,1289.461602725671
39,283,1265.8726,1289.862541148407
39,284,1266.348,1290.265350360002
39,285,1266.8309,1290.669942301776
39,286,1267.3212,1291.076228915048
39,287,1267.8187,1291.484122141134
39,288,1268.3235,1291.893533921354
39,289,1268.8354,1292.304376197026
39,290,1269.3546,1292.716560909469
40,0,1234.8403,1239.908559267027
40,1,1234.9312,1240.100299513874
40,2,1235.0238,1240.290084429472
40,3,1235.1183,1240.477601927919
40,4,1235.2144,1240.662539923313
40,5,1235.3118,1240.844586329752
40,6,1235.4104,1241.023429061332
40,7,1235.51,1241.198756032152
40,8,1235.6104,1241.370255156309
40,9,1235.7114,1241.537614347901
40,10,1235.8129,1241.700521521026
40,11,1235.9146,1241.85866458978
40,12,1236.0164,1242.011731468262
40,13,1236.1178,1242.159410070568
40,14,1236.219,1242.301388310798
40,15,1236.3197,1242.437354103048
40,16,1236.4197,1242.566995361417
40,17,1236.5186,1242.69
40,18,1236.6165,1242.806155001753
40,19,1236.7147,1242.915643625056
40,20,1236.8182,1243.018748197144
40,21,1236.9307,1243.115751045252
40,22,1237.0515,1243.206934496617
40,23,1237.1799,1243.292580878474
40,24,1237.3156,1243.372972518061
40,25,1237.4576,1243.448391742611
40,26,1237.6056,1243.519120879362
40,27,1237.7589,1243.585442255549
40,28,1237.9169,1243.647638198408
40,29,1238.079,1243.705991035176
40,30,1238.2446,1243.760783093087
40,31,1238.4132,1243.812296699377
40,32,1238.584,1243.860814181284
40,33,1238.7567,1243.906617866042
40,34,1238.9305,1243.949990080887
40,35,1239.1049,1243.991213153056
40,36,1239.2793,1244.030569409784
40,37,1239.453,1244.068341178307
40,38,1239.6257,1244.104810785861
40,39,1239.7965,1244.140260559682
40,40,1239.9651,1244.174972827006
40,41,1240.1306,1244.209229915068
40,42,1240.2928,1244.243314151105
40,43,1240.4508,1244.277507862352
40,44,1240.6042,1244.312093376045
40,45,1240.7524,1244.347353019421
40,46,1240.8949,1244.383569119715
40,47,1241.031,1244.421024004163
40,48,1241.1602,1244.46
40,49,1241.2817,1244.50072362188
40,50,1241.3976,1244.543198134119
40,51,1241.5148,1244.58737098845
40,52,1241.6382,1244.633189636607
40,53,1241.7673,1244.680601530323
40,54,1241.9012,1244.729554121332
40,55,1242.0396,1244.779994861366
40,56,1242.1814,1244.83187120216
40,57,1242.326,1244.885130595446
40,58,1242.4729,1244.939720492958
40,59,1242.6212,1244.99558834643
40,60,1242.7704,1245.052681607594
40,61,1242.9198,1245.110947728184
40,62,1243.0685,1245.170334159933
40,63,1243.2161,1245.230788354575
40,64,1243.3618,1245.292257763843
40,65,1243.5049,1245.35468983947
40,66,1243.6449,1245.41803203319
40,67,1243.7809,1245.482231796736
40,68,1243.9124,1245.547236581842
40,69,1244.0387,1245.61299384024
40,70,1244.1592,1245.679451023664
40,71,1244.2731,1245.746555583848
40,72,1244.3796,1245.814254972524
40,73,1244.4785,1245.882496641427
40,74,1244.5688,1245.951228042289
40,75,1244.65,1246.020396626844
40,76,1244.7213,1246.089949846826
40,77,1244.7821,1246.159835153966
40,78,1244.8318,1246.23
40,79,1244.8698,1246.30040301258
40,80,1244.8971,1246.371047523038
40,81,1244.92,1246.441948038625
40,82,1244.9436,1246.513119066595
40,83,1244.9678,1246.584575114197
40,84,1244.9923,1246.656330688685
40,85,1245.0173,1246.728400297309
40,86,1245.043,1246.800798447322
40,87,1245.069,1246.873539645976
40,88,1245.0955,1246.946638400522
40,89,1245.1224,1247.020109218212
40,90,1245.1497,1247.093966606298
40,91,1245.1775,1247.168225072031
40,92,1245.2056,1247.242899122664
40,93,1245.234,1247.318003265448
40,94,1245.263,1247.393552007635
40,95,1245.2921,1247.469559856477
40,96,1245.3215,1247.546041319225
40,97,1245.3513,1247.623010903131
40,98,1245.3813,1247.700483115447
40,99,1245.4116,1247.778472463426
40,100,1245.4423,1247.856993454318
40,101,1245.473,1247.936060595375
40,102,1245.504,1248.015688393849
40,103,1245.5353,1248.095891356993
40,104,1245.5667,1248.176683992057
40,105,1245.5983,1248.258080806293
40,106,1245.63,1248.340096306954
40,107,1245.6619,1248.422745001291
40,108,1245.6938,1248.506041396556
40,109,1245.726,1248.59
40,110,1245.758,1248.674613489346
40,111,1245.79,1248.759787224194
40,112,1245.8207,1248.845404734617
40,113,1245.8494,1248.931349550686
40,114,1245.8763,1249.017505202473
40,115,1245.9016,1249.103755220048
40,116,1245.9253,1249.189983133484
40,117,1245.9475,1249.276072472851
40,118,1245.9684,1249.361906768223
40,119,1245.9882,1249.447369549669
40,120,1246.0067,1249.532344347261
40,121,1246.0242,1249.616714691072
40,122,1246.0409,1249.700364111172
40,123,1246.0569,1249.783176137633
40,124,1246.0723,1249.865034300527
40,125,1246.087,1249.945822129925
40,126,1246.1014,1250.025423155898
40,127,1246.1157,1250.103720908518
40,128,1246.1296,1250.180598917857
40,129,1246.1437,1250.255940713986
40,130,1246.1576,1250.329629826976
40,131,1246.1719,1250.4015497869
40,132,1246.1864,1250.471584123828
40,133,1246.2013,1250.539616367832
40,134,1246.2169,1250.605530048984
40,135,1246.233,1250.669208697355
40,136,1246.2499,1250.730535843017
40,137,1246.2678,1250.789395016041
40,138,1246.2866,1250.845669746498
40,139,1246.3066,1250.899243564461
40,140,1246.3279,1250.95
40,141,1246.3505,1250.997930712141
40,142,1246.3745,1251.043459875724
40,143,1246.4001,1251.087119794543
40,144,1246.4274,1251.129442772392
40,145,1246.4562,1251.170961113063
40,146,1246.4865,1251.212207120352
40,147,1246.5186,1251.253713098052
40,148,1246.5521,1251.296011349956
40,149,1246.5873,1251.339634179858
40,150,1246.624,1251.385113891553
40,151,1246.6626,1251.432982788834
40,152,1246.7028,1251.483773175495
40,153,1246.7446,1251.538017355329
40,154,1246.7881,1251.59624763213
40,155,1246.8334,1251.658996309693
40,156,1246.8802,1251.72679569181
40,157,1246.9288,1251.800178082276
40,158,1246.9792,1251.879675784885
40,159,1247.0312,1251.96582110343
40,160,1247.0852,1252.059146341704
40,161,1247.141,1252.160183803503
40,162,1247.1984,1252.269465792619
40,163,1247.2577,1252.387524612846
40,164,1247.3187,1252.514892567979
40,165,1247.3816,1252.65210196181
40,166,1247.4463,1252.799685098134
40,167,1247.5128,1252.958174280745
40,168,1247.5812,1253.128101813435
40,169,1247.6515,1253.31
40,170,1247.7236,1253.504231947576
40,171,1247.7992,1253.710483976672
40,172,1247.8835,1253.928273211141
40,173,1247.9803,1254.157116774837
40,174,1248.0889,1254.396531791611
40,175,1248.2087,1254.646035385317
40,176,1248.3394,1254.905144679807
40,177,1248.4801,1255.173376798934
40,178,1248.6305,1255.450248866551
40,179,1248.7898,1255.73527800651
40,180,1248.9575,1256.027981342665
40,181,1249.1333,1256.327875998868
40,182,1249.3164,1256.634479098971
40,183,1249.506,1256.947307766829
40,184,1249.702,1257.265879126292
40,185,1249.9037,1257.589710301214
40,186,1250.1104,1257.918318415448
40,187,1250.3214,1258.251220592846
40,188,1250.5366,1258.587933957263
40,189,1250.7551,1258.927975632548
40,190,1250.9766,1259.270862742557
40,191,1251.2003,1259.616112411141
40,192,1251.4258,1259.963241762154
40,193,1251.6523,1260.311767919447
40,194,1251.8798,1260.661208006874
40,195,1252.1072,1261.011079148288
40,196,1252.3342,1261.360898467541
40,197,1252.5603,1261.710183088486
40,198,1252.785,1262.058450134975
40,199,1253.0076,1262.405216730863
40,200,1253.2275,1262.75
40,201,1253.4446,1263.09240646678
40,202,1253.6584,1263.432400257749
40,203,1253.8702,1263.770034899996
40,204,1254.0814,1264.105363920607
40,205,1254.2919,1264.438440846671
40,206,1254.5015,1264.769319205273
40,207,1254.7104,1265.098052523501
40,208,1254.9188,1265.424694328442
40,209,1255.1265,1265.749298147183
40,210,1255.3334,1266.071917506812
40,211,1255.5399,1266.392605934416
40,212,1255.7457,1266.711416957081
40,213,1255.951,1267.028404101896
40,214,1256.1558,1267.343620895946
40,215,1256.36,1267.65712086632
40,216,1256.5637,1267.968957540104
40,217,1256.767,1268.279184444387
40,218,1256.9698,1268.587855106253
40,219,1257.1724,1268.895023052792
40,220,1257.3744,1269.20074181109
40,221,1257.576,1269.505064908234
40,222,1257.7775,1269.808045871312
40,223,1257.9783,1270.109738227411
40,224,1258.1791,1270.410195503617
40,225,1258.3795,1270.709471227018
40,226,1258.5796,1271.007618924702
40,227,1258.7794,1271.304692123754
40,228,1258.9791,1271.600744351264
40,229,1259.1787,1271.895829134316
40,230,1259.378,1272.19
40,231,1259.5771,1272.483326653522
40,232,1259.7758,1272.775943512573
40,233,1259.9717,1273.068001172964
40,234,1260.164,1273.359650230506
40,235,1260.3529,1273.651041281009
40,236,1260.5388,1273.942324920284
40,237,1260.7223,1274.233651744142
40,238,1260.9036,1274.525172348395
40,239,1261.0829,1274.817037328853
40,240,1261.2609,1275.109397281326
40,241,1261.4376,1275.402402801627
40,242,1261.6136,1275.696204485565
40,243,1261.7893,1275.990952928951
40,244,1261.965,1276.286798727597
40,245,1262.141,1276.583892477313
40,246,1262.3176,1276.88238477391
40,247,1262.4954,1277.182426213199
40,248,1262.6746,1277.484167390991
40,249,1262.8555,1277.787758903097
40,250,1263.0386,1278.093351345327
40,251,1263.2242,1278.401095313493
40,252,1263.4128,1278.711141403406
40,253,1263.6046,1279.023640210876
40,254,1263.7999,1279.338742331714
40,255,1263.9993,1279.65659836173
40,256,1264.203,1279.977358896737
40,257,1264.4113,1280.301174532545
40,258,1264.6248,1280.628195864964
40,259,1264.8435,1280.958573489806
40,260,1265.0681,1281.292458002881
40,261,1265.2988,1281.63
40,262,1265.536,1281.971310301226
40,263,1265.7793,1282.316340623625
40,264,1266.0271,1282.665002908517
40,265,1266.2782,1283.017209097218
40,266,1266.5325,1283.372871131049
40,267,1266.7899,1283.731900951327
40,268,1267.0507,1284.09421049937
40,269,1267.3147,1284.459711716498
40,270,1267.5819,1284.828316544028
40,271,1267.8525,1285.199936923278
40,272,1268.1265,1285.574484795568
40,273,1268.4036,1285.951872102215
40,274,1268.6842,1286.332010784539
40,275,1268.9683,1286.714812783856
40,276,1269.2555,1287.100190041487
40,277,1269.5463,1287.488054498749
40,278,1269.8403,1287.878318096961
40,279,1270.138,1288.27089277744
40,280,1270.4388,1288.665690481506
40,281,1270.7433,1289.062623150477
40,282,1271.051,1289.461602725671
40,283,1271.3624,1289.862541148407
40,284,1271.6772,1290.265350360002
40,285,1271.9954,1290.669942301776
40,286,1272.3171,1291.076228915048
40,287,1272.6425,1291.484122141134
40,288,1272.9711,1291.893533921354
40,289,1273.3033,1292.304376197026
40,290,1273.6392,1292.716560909469
41,0,1227.5929,1239.908559267027
41,1,1227.6808,1240.100299513874
41,2,1227.7706,1240.290084429472
41,3,1227.8622,1240.477601927919
41,4,1227.9551,1240.662539923313
41,5,1228.0493,1240.844586329752
41,6,1228.1445,1241.023429061332
41,7,1228.2405,1241.198756032152
41,8,1228.337,1241.370255156309
41,9,1228.434,1241.537614347901
41,10,1228.5308,1241.700521521026
41,11,1228.6274,1241.85866458978
41,12,1228.724,1242.011731468262
41,13,1228.8197,1242.159410070568
41,14,1228.9147,1242.301388310798
41,15,1229.0085,1242.437354103048
41,16,1229.1012,1242.566995361417
41,17,1229.1924,1242.69
41,18,1229.2817,1242.806155001753
41,19,1229.3704,1242.915643625056
41,20,1229.4628,1243.018748197144
41,21,1229.5616,1243.115751045252
41,22,1229.6665,1243.206934496617
41,23,1229.777,1243.292580878474
41,24,1229.8927,1243.372972518061
41,25,1230.0128,1243.448391742611
41,26,1230.1372,1243.519120879362
41,27,1230.2653,1243.585442255549
41,28,1230.3965,1243.647638198408
41,29,1230.5304,1243.705991035176
41,30,1230.6666,1243.760783093087
41,31,1230.8046,1243.812296699377
41,32,1230.9438,1243.860814181284
41,33,1231.084,1243.906617866042
41,34,1231.2244,1243.949990080887
41,35,1231.3647,1243.991213153056
41,36,1231.5045,1244.030569409784
41,37,1231.6432,1244.068341178307
41,38,1231.7804,1244.104810785861
41,39,1231.9155,1244.140260559682
41,40,1232.0483,1244.174972827006
41,41,1232.1782,1244.209229915068
41,42,1232.3047,1244.243314151105
41,43,1232.4272,1244.277507862352
41,44,1232.5457,1244.312093376045
41,45,1232.659,1244.347353019421
41,46,1232.7675,1244.383569119715
41,47,1232.8701,1244.421024004163
41,48,1232.9666,1244.46
41,49,1233.0565,1244.50072362188
41,50,1233.1411,1244.543198134119
41,51,1233.2261,1244.58737098845
41,52,1233.3157,1244.633189636607
41,53,1233.409,1244.680601530323
41,54,1233.5061,1244.729554121332
41,55,1233.606,1244.779994861366
41,56,1233.7086,1244.83187120216
41,57,1233.8132,1244.885130595446
41,58,1233.9196,1244.939720492958
41,59,1234.027,1244.99558834643
41,60,1234.1351,1245.052681607594
41,61,1234.2434,1245.110947728184
41,62,1234.3516,1245.170334159933
41,63,1234.459,1245.230788354575
41,64,1234.5653,1245.292257763843
41,65,1234.6699,1245.35468983947
41,66,1234.7726,1245.41803203319
41,67,1234.8726,1245.482231796736
41,68,1234.9696,1245.547236581842
41,69,1235.0632,1245.61299384024
41,70,1235.1527,1245.679451023664
41,71,1235.2382,1245.746555583848
41,72,1235.3186,1245.814254972524
41,73,1235.3939,1245.882496641427
41,74,1235.4634,1245.951228042289
41,75,1235.5266,1246.020396626844
41,76,1235.5834,1246.089949846826
41,77,1235.6329,1246.159835153966
41,78,1235.6749,1246.23
41,79,1235.709,1246.30040301258
41,80,1235.7358,1246.371047523038
41,81,1235.76,1246.441948038625
41,82,1235.7847,1246.513119066595
41,83,1235.8099,1246.584575114197
41,84,1235.8358,1246.656330688685
41,85,1235.862,1246.728400297309
41,86,1235.8889,1246.800798447322
41,87,1235.9161,1246.873539645976
41,88,1235.944,1246.946638400522
41,89,1235.9722,1247.020109218212
41,90,1236.0007,1247.093966606298
41,91,1236.0298,1247.168225072031
41,92,1236.0593,1247.242899122664
41,93,1236.0891,1247.318003265448
41,94,1236.1193,1247.393552007635
41,95,1236.1498,1247.469559856477
41,96,1236.1807,1247.546041319225
41,97,1236.2119,1247.623010903131
41,98,1236.2434,1247.700483115447
41,99,1236.275,1247.778472463426
41,100,1236.3071,1247.856993454318
41,101,1236.3394,1247.936060595375
41,102,1236.3718,1248.015688393849
41,103,1236.4045,1248.095891356993
41,104,1236.4375,1248.176683992057
41,105,1236.4706,1248.258080806293
41,106,1236.5038,1248.340096306954
41,107,1236.5371,1248.422745001291
41,108,1236.5707,1248.506041396556
41,109,1236.6042,1248.59
41,110,1236.638,1248.674613489346
41,111,1236.6714,1248.759787224194
41,112,1236.7036,1248.845404734617
41,113,1236.7336,1248.931349550686
41,114,1236.762,1249.017505202473
41,115,1236.7885,1249.103755220048
41,116,1236.8134,1249.189983133484
41,117,1236.8368,1249.276072472851
41,118,1236.8588,1249.361906768223
41,119,1236.8795,1249.447369549669
41,120,1236.8992,1249.532344347261
41,121,1236.9177,1249.616714691072
41,122,1236.9354,1249.700364111172
41,123,1236.9523,1249.783176137633
41,124,1236.9685,1249.865034300527
41,125,1236.9843,1249.945822129925
41,126,1236.9996,1250.025423155898
41,127,1237.0145,1250.103720908518
41,128,1237.0294,1250.180598917857
41,129,1237.0442,1250.255940713986
41,130,1237.059,1250.329629826976
41,131,1237.0741,1250.4015497869
41,132,1237.0894,1250.471584123828
41,133,1237.1052,1250.539616367832
41,134,1237.1215,1250.605530048984
41,135,1237.1385,1250.669208697355
41,136,1237.1562,1250.730535843017
41,137,1237.175,1250.789395016041
41,138,1237.1948,1250.845669746498
41,139,1237.2157,1250.899243564461
41,140,1237.238,1250.95
41,141,1237.2616,1250.997930712141
41,142,1237.2867,1251.043459875724
41,143,1237.3135,1251.087119794543
41,144,1237.3418,1251.129442772392
41,145,1237.3717,1251.170961113063
41,146,1237.4034,1251.212207120352
41,147,1237.4368,1251.253713098052
41,148,1237.4717,1251.296011349956
41,149,1237.5083,1251.339634179858
41,150,1237.5468,1251.385113891553
41,151,1237.5868,1251.432982788834
41,152,1237.6287,1251.483773175495
41,153,1237.6722,1251.538017355329
41,154,1237.7175,1251.59624763213
41,155,1237.7646,1251.658996309693
41,156,1237.8135,1251.72679569181
41,157,1237.8643,1251.800178082276
41,158,1237.9167,1251.879675784885
41,159,1237.9712,1251.96582110343
41,160,1238.0273,1252.059146341704
41,161,1238.0853,1252.160183803503
41,162,1238.1453,1252.269465792619
41,163,1238.2072,1252.387524612846
41,164,1238.2708,1252.514892567979
41,165,1238.3364,1252.65210196181
41,166,1238.4039,1252.799685098134
41,167,1238.4734,1252.958174280745
41,168,1238.5448,1253.128101813435
41,169,1238.6182,1253.31
41,170,1238.6936,1253.504231947576
41,171,1238.772,1253.710483976672
41,172,1238.8574,1253.928273211141
41,173,1238.9523,1254.157116774837
41,174,1239.0562,1254.396531791611
41,175,1239.1687,1254.646035385317
41,176,1239.2894,1254.905144679807
41,177,1239.4181,1255.173376798934
41,178,1239.5541,1255.450248866551
41,179,1239.6971,1255.73527800651
41,180,1239.8468,1256.027981342665
41,181,1240.0027,1256.327875998868
41,182,1240.1643,1256.634479098971
41,183,1240.3313,1256.947307766829
41,184,1240.5033,1257.265879126292
41,185,1240.6799,1257.589710301214
41,186,1240.8607,1257.918318415448
41,187,1241.0452,1258.251220592846
41,188,1241.233,1258.587933957263
41,189,1241.424,1258.927975632548
41,190,1241.6174,1259.270862742557
41,191,1241.813,1259.616112411141
41,192,1242.0103,1259.963241762154
41,193,1242.209,1260.311767919447
41,194,1242.4087,1260.661208006874
41,195,1242.609,1261.011079148288
41,196,1242.8094,1261.360898467541
41,197,1243.0098,1261.710183088486
41,198,1243.2095,1262.058450134975
41,199,1243.4082,1262.405216730863
41,200,1243.6056,1262.75
41,201,1243.8011,1263.09240646678
41,202,1243.9949,1263.432400257749
41,203,1244.1874,1263.770034899996
41,204,1244.3789,1264.105363920607
41,205,1244.5698,1264.438440846671
41,206,1244.7599,1264.769319205273
41,207,1244.9493,1265.098052523501
41,208,1245.1381,1265.424694328442
41,209,1245.3262,1265.749298147183
41,210,1245.5137,1266.071917506812
41,211,1245.7004,1266.392605934416
41,212,1245.8867,1266.711416957081
41,213,1246.0725,1267.028404101896
41,214,1246.2578,1267.343620895946
41,215,1246.4425,1267.65712086632
41,216,1246.6267,1267.968957540104
41,217,1246.8105,1268.279184444387
41,218,1246.9939,1268.587855106253
41,219,1247.1768,1268.895023052792
41,220,1247.3593,1269.20074181109
41,221,1247.5415,1269.505064908234
41,222,1247.7234,1269.808045871312
41,223,1247.9049,1270.109738227411
41,224,1248.0862,1270.410195503617
41,225,1248.2672,1270.709471227018
41,226,1248.448,1271.007618924702
41,227,1248.6284,1271.304692123754
41,228,1248.8088,1271.600744351264
41,229,1248.989,1271.895829134316
41,230,1249.1691,1272.19
41,231,1249.3489,1272.483326653522
41,232,1249.528,1272.775943512573
41,233,1249.7037,1273.068001172964
41,234,1249.875,1273.359650230506
41,235,1250.0421,1273.651041281009
41,236,1250.2056,1273.942324920284
41,237,1250.3658,1274.233651744142
41,238,1250.5236,1274.525172348395
41,239,1250.679,1274.817037328853
41,240,1250.8326,1275.109397281326
41,241,1250.985,1275.402402801627
41,242,1251.1368,1275.696204485565
41,243,1251.2882,1275.990952928951
41,244,1251.4397,1276.286798727597
41,245,1251.592,1276.583892477313
41,246,1251.7454,1276.88238477391
41,247,1251.9003,1277.182426213199
41,248,1252.0575,1277.484167390991
41,249,1252.217,1277.787758903097
41,250,1252.3798,1278.093351345327
41,251,1252.5459,1278.401095313493
41,252,1252.7161,1278.711141403406
41,253,1252.8907,1279.023640210876
41,254,1253.0703,1279.338742331714
41,255,1253.2554,1279.65659836173
41,256,1253.4462,1279.977358896737
41,257,1253.6434,1280.301174532545
41,258,1253.8474,1280.628195864964
41,259,1254.0587,1280.958573489806
41,260,1254.2777,1281.292458002881
41,261,1254.505,1281.63
41,262,1254.7408,1281.971310301226
41,263,1254.9852,1282.316340623625
41,264,1255.2356,1282.665002908517
41,265,1255.4905,1283.017209097218
41,266,1255.7498,1283.372871131049
41,267,1256.0135,1283.731900951327
41,268,1256.2819,1284.09421049937
41,269,1256.5548,1284.459711716498
41,270,1256.8322,1284.828316544028
41,271,1257.1141,1285.199936923278
41,272,1257.4005,1285.574484795568
41,273,1257.6917,1285.951872102215
41,274,1257.9874,1286.332010784539
41,275,1258.2878,1286.714812783856
41,276,1258.5927,1287.100190041487
41,277,1258.9023,1287.488054498749
41,278,1259.2166,1287.878318096961
41,279,1259.5355,1288.27089277744
41,280,1259.8591,1288.665690481506
41,281,1260.1874,1289.062623150477
41,282,1260.5204,1289.461602725671
41,283,1260.858,1289.862541148407
41,284,1261.2006,1290.265350360002
41,285,1261.5476,1290.669942301776
41,286,1261.8995,1291.076228915048
41,287,1262.2561,1291.484122141134
41,288,1262.6174,1291.893533921354
41,289,1262.9835,1292.304376197026
41,290,1263.3545,1292.716560909469
42,0,1228.6798,1239.908559267027
42,1,1228.7723,1240.100299513874
42,2,1228.8671,1240.290084429472
42,3,1228.9637,1240.477601927919
42,4,1229.0621,1240.662539923313
42,5,1229.1619,1240.844586329752
42,6,1229.263,1241.023429061332
42,7,1229.3649,1241.198756032152
42,8,1229.4675,1241.370255156309
42,9,1229.5706,1241.537614347901
42,10,1229.6737,1241.700521521026
42,11,1229.7766,1241.85866458978
42,12,1229.8793,1242.011731468262
42,13,1229.9812,1242.159410070568
42,14,1230.0822,1242.301388310798
42,15,1230.182,1242.437354103048
42,16,1230.2805,1242.566995361417
42,17,1230.3772,1242.69
42,18,1230.4719,1242.806155001753
42,19,1230.566,1242.915643625056
42,20,1230.6643,1243.018748197144
42,21,1230.7695,1243.115751045252
42,22,1230.8813,1243.206934496617
42,23,1230.9991,1243.292580878474
42,24,1231.1224,1243.372972518061
42,25,1231.2506,1243.448391742611
42,26,1231.3834,1243.519120879362
42,27,1231.5201,1243.585442255549
42,28,1231.6603,1243.647638198408
42,29,1231.8031,1243.705991035176
42,30,1231.9485,1243.760783093087
42,31,1232.0956,1243.812296699377
42,32,1232.244,1243.860814181284
42,33,1232.3934,1243.906617866042
42,34,1232.543,1243.949990080887
42,35,1232.6924,1243.991213153056
42,36,1232.841,1244.030569409784
42,37,1232.9884,1244.068341178307
42,38,1233.134,1244.104810785861
42,39,1233.2773,1244.140260559682
42,40,1233.418,1244.174972827006
42,41,1233.5552,1244.209229915068
42,42,1233.6887,1244.243314151105
42,43,1233.818,1244.277507862352
42,44,1233.9425,1244.312093376045
42,45,1234.0615,1244.347353019421
42,46,1234.1748,1244.383569119715
42,47,1234.2817,1244.421024004163
42,48,1234.382,1244.46
42,49,1234.4747,1244.50072362188
42,50,1234.5619,1244.543198134119
42,51,1234.6494,1244.58737098845
42,52,1234.7417,1244.633189636607
42,53,1234.838,1244.680601530323
42,54,1234.938,1244.729554121332
42,55,1235.041,1244.779994861366
42,56,1235.1467,1244.83187120216
42,57,1235.2546,1244.885130595446
42,58,1235.364,1244.939720492958
42,59,1235.4746,1244.99558834643
42,60,1235.5859,1245.052681607594
42,61,1235.6974,1245.110947728184
42,62,1235.8086,1245.170334159933
42,63,1235.9188,1245.230788354575
42,64,1236.028,1245.292257763843
42,65,1236.1351,1245.35468983947
42,66,1236.2402,1245.41803203319
42,67,1236.3425,1245.482231796736
42,68,1236.4417,1245.547236581842
42,69,1236.537,1245.61299384024
42,70,1236.6284,1245.679451023664
42,71,1236.715,1245.746555583848
42,72,1236.7966,1245.814254972524
42,73,1236.8727,1245.882496641427
42,74,1236.9425,1245.951228042289
42,75,1237.006,1246.020396626844
42,76,1237.0624,1246.089949846826
42,77,1237.1113,1246.159835153966
42,78,1237.1523,1246.23
42,79,1237.1848,1246.30040301258
42,80,1237.2101,1246.371047523038
42,81,1237.2323,1246.441948038625
42,82,1237.2551,1246.513119066595
42,83,1237.2783,1246.584575114197
42,84,1237.302,1246.656330688685
42,85,1237.326,1246.728400297309
42,86,1237.3505,1246.800798447322
42,87,1237.3752,1246.873539645976
42,88,1237.4005,1246.946638400522
42,89,1237.4261,1247.020109218212
42,90,1237.452,1247.093966606298
42,91,1237.4783,1247.168225072031
42,92,1237.5049,1247.242899122664
42,93,1237.5317,1247.318003265448
42,94,1237.559,1247.393552007635
42,95,1237.5864,1247.469559856477
42,96,1237.6143,1247.546041319225
42,97,1237.6422,1247.623010903131
42,98,1237.6707,1247.700483115447
42,99,1237.6991,1247.778472463426
42,100,1237.7278,1247.856993454318
42,101,1237.7568,1247.936060595375
42,102,1237.7859,1248.015688393849
42,103,1237.8153,1248.095891356993
42,104,1237.8448,1248.176683992057
42,105,1237.8746,1248.258080806293
42,106,1237.9044,1248.340096306954
42,107,1237.9343,1248.422745001291
42,108,1237.9645,1248.506041396556
42,109,1237.9946,1248.59
42,110,1238.0249,1248.674613489346
42,111,1238.0549,1248.759787224194
42,112,1238.0835,1248.845404734617
42,113,1238.1096,1248.931349550686
42,114,1238.1338,1249.017505202473
42,115,1238.1559,1249.103755220048
42,116,1238.1761,1249.189983133484
42,117,1238.1948,1249.276072472851
42,118,1238.2119,1249.361906768223
42,119,1238.2278,1249.447369549669
42,120,1238.2422,1249.532344347261
42,121,1238.2556,1249.616714691072
42,122,1238.268,1249.700364111172
42,123,1238.2797,1249.783176137633
42,124,1238.2905,1249.865034300527
42,125,1238.301,1249.945822129925
42,126,1238.311,1250.025423155898
42,127,1238.3208,1250.103720908518
42,128,1238.3304,1250.180598917857
42,129,1238.3403,1250.255940713986
42,130,1238.3502,1250.329629826976
42,131,1238.3606,1250.4015497869
42,132,1238.3712,1250.471584123828
42,133,1238.3827,1250.539616367832
42,134,1238.3948,1250.605530048984
42,135,1238.4078,1250.669208697355
42,136,1238.422,1250.730535843017
42,137,1238.4374,1250.789395016041
42,138,1238.4541,1250.845669746498
42,139,1238.4723,1250.899243564461
42,140,1238.4921,1250.95
42,141,1238.5137,1250.997930712141
42,142,1238.5372,1251.043459875724
42,143,1238.5626,1251.087119794543
42,144,1238.5902,1251.129442772392
42,145,1238.6195,1251.170961113063
42,146,1238.6509,1251.212207120352
42,147,1238.6842,1251.253713098052
42,148,1238.7194,1251.296011349956
42,149,1238.7565,1251.339634179858
42,150,1238.7954,1251.385113891553
42,151,1238.8362,1251.432982788834
42,152,1238.8788,1251.483773175495
42,153,1238.9232,1251.538017355329
42,154,1238.9695,1251.59624763213
42,155,1239.0173,1251.658996309693
42,156,1239.067,1251.72679569181
42,157,1239.1184,1251.800178082276
42,158,1239.1715,1251.879675784885
42,159,1239.2262,1251.96582110343
42,160,1239.2826,1252.059146341704
42,161,1239.3407,1252.160183803503
42,162,1239.4004,1252.269465792619
42,163,1239.4615,1252.387524612846
42,164,1239.5244,1252.514892567979
42,165,1239.5887,1252.65210196181
42,166,1239.6547,1252.799685098134
42,167,1239.722,1252.958174280745
42,168,1239.791,1253.128101813435
42,169,1239.8613,1253.31
42,170,1239.9331,1253.504231947576
42,171,1240.0076,1253.710483976672
42,172,1240.0887,1253.928273211141
42,173,1240.1791,1254.157116774837
42,174,1240.2783,1254.396531791611
42,175,1240.386,1254.646035385317
42,176,1240.5017,1254.905144679807
42,177,1240.625,1255.173376798934
42,178,1240.7556,1255.450248866551
42,179,1240.8932,1255.73527800651
42,180,1241.0372,1256.027981342665
42,181,1241.1874,1256.327875998868
42,182,1241.3431,1256.634479098971
42,183,1241.5043,1256.947307766829
42,184,1241.6703,1257.265879126292
42,185,1241.8408,1257.589710301214
42,186,1242.0155,1257.918318415448
42,187,1242.1938,1258.251220592846
42,188,1242.3756,1258.587933957263
42,189,1242.5604,1258.927975632548
42,190,1242.7478,1259.270862742557
42,191,1242.9373,1259.616112411141
42,192,1243.1287,1259.963241762154
42,193,1243.3214,1260.311767919447
42,194,1243.5153,1260.661208006874
42,195,1243.71,1261.011079148288
42,196,1243.9048,1261.360898467541
42,197,1244.0997,1261.710183088486
42,198,1244.2941,1262.058450134975
42,199,1244.4877,1262.405216730863
42,200,1244.68,1262.75
42,201,1244.871,1263.09240646678
42,202,1245.0602,1263.432400257749
42,203,1245.2482,1263.770034899996
42,204,1245.4355,1264.105363920607
42,205,1245.6223,1264.438440846671
42,206,1245.8082,1264.769319205273
42,207,1245.9937,1265.098052523501
42,208,1246.1783,1265.424694328442
42,209,1246.3625,1265.749298147183
42,210,1246.5461,1266.071917506812
42,211,1246.7294,1266.392605934416
42,212,1246.9117,1266.711416957081
42,213,1247.0939,1267.028404101896
42,214,1247.2753,1267.343620895946
42,215,1247.4563,1267.65712086632
42,216,1247.637,1267.968957540104
42,217,1247.8171,1268.279184444387
42,218,1247.9967,1268.587855106253
42,219,1248.176,1268.895023052792
42,220,1248.355,1269.20074181109
42,221,1248.5334,1269.505064908234
42,222,1248.7117,1269.808045871312
42,223,1248.8896,1270.109738227411
42,224,1249.0671,1270.410195503617
42,225,1249.2445,1270.709471227018
42,226,1249.4214,1271.007618924702
42,227,1249.5981,1271.304692123754
42,228,1249.7747,1271.600744351264
42,229,1249.9509,1271.895829134316
42,230,1250.127,1272.19
42,231,1250.3027,1272.483326653522
42,232,1250.4774,1272.775943512573
42,233,1250.6483,1273.068001172964
42,234,1250.8136,1273.359650230506
42,235,1250.9739,1273.651041281009
42,236,1251.13,1273.942324920284
42,237,1251.2823,1274.233651744142
42,238,1251.4315,1274.525172348395
42,239,1251.5781,1274.817037328853
42,240,1251.7227,1275.109397281326
42,241,1251.8658,1275.402402801627
42,242,1252.0082,1275.696204485565
42,243,1252.1503,1275.990952928951
42,244,1252.2926,1276.286798727597
42,245,1252.4359,1276.583892477313
42,246,1252.5806,1276.88238477391
42,247,1252.7273,1277.182426213199
42,248,1252.8766,1277.484167390991
42,249,1253.0293,1277.787758903097
42,250,1253.1857,1278.093351345327
42,251,1253.3463,1278.401095313493
42,252,1253.512,1278.711141403406
42,253,1253.683,1279.023640210876
42,254,1253.8601,1279.338742331714
42,255,1254.044,1279.65659836173
42,256,1254.235,1279.977358896737
42,257,1254.4337,1280.301174532545
42,258,1254.6409,1280.628195864964
42,259,1254.8568,1280.958573489806
42,260,1255.0824,1281.292458002881
42,261,1255.318,1281.63
42,262,1255.5642,1281.971310301226
42,263,1255.8206,1282.316340623625
42,264,1256.0845,1282.665002908517
42,265,1256.3538,1283.017209097218
42,266,1256.6288,1283.372871131049
42,267,1256.9094,1283.731900951327
42,268,1257.1957,1284.09421049937
42,269,1257.4875,1284.459711716498
42,270,1257.785,1284.828316544028
42,271,1258.0881,1285.199936923278
42,272,1258.3969,1285.574484795568
42,273,1258.7113,1285.951872102215
42,274,1259.0314,1286.332010784539
42,275,1259.3572,1286.714812783856
42,276,1259.6886,1287.100190041487
42,277,1260.0256,1287.488054498749
42,278,1260.3684,1287.878318096961
42,279,1260.7168,1288.27089277744
42,280,1261.071,1288.665690481506
42,281,1261.4309,1289.062623150477
42,282,1261.7964,1289.461602725671
42,283,1262.1676,1289.862541148407
42,284,1262.5447,1290.265350360002
42,285,1262.9272,1290.669942301776
42,286,1263.3156,1291.076228915048
42,287,1263.7096,1291.484122141134
42,288,1264.1094,1291.893533921354
42,289,1264.5149,1292.304376197026
42,290,1264.926,1292.716560909469
43,0,1237.954,1239.908559267027
43,1,1238.073,1240.100299513874
43,2,1238.1937,1240.290084429472
43,3,1238.316,1240.477601927919
43,4,1238.4397,1240.662539923313
43,5,1238.5641,1240.844586329752
43,6,1238.6893,1241.023429061332
43,7,1238.8148,1241.198756032152
43,8,1238.9404,1241.370255156309
43,9,1239.0659,1241.537614347901
43,10,1239.1909,1241.700521521026
43,11,1239.3153,1241.85866458978
43,12,1239.4385,1242.011731468262
43,13,1239.5605,1242.159410070568
43,14,1239.6809,1242.301388310798
43,15,1239.7996,1242.437354103048
43,16,1239.9159,1242.566995361417
43,17,1240.0299,1242.69
43,18,1240.1412,1242.806155001753
43,19,1240.2511,1242.915643625056
43,20,1240.3641,1243.018748197144
43,21,1240.4833,1243.115751045252
43,22,1240.6078,1243.206934496617
43,23,1240.7377,1243.292580878474
43,24,1240.8721,1243.372972518061
43,25,1241.0109,1243.448391742611
43,26,1241.1533,1243.519120879362
43,27,1241.2991,1243.585442255549
43,28,1241.4475,1243.647638198408
43,29,1241.5985,1243.705991035176
43,30,1241.7513,1243.760783093087
43,31,1241.9055,1243.812296699377
43,32,1242.0608,1243.860814181284
43,33,1242.2164,1243.906617866042
43,34,1242.3722,1243.949990080887
43,35,1242.5276,1243.991213153056
43,36,1242.682,1244.030569409784
43,37,1242.8351,1244.068341178307
43,38,1242.9865,1244.104810785861
43,39,1243.1356,1244.140260559682
43,40,1243.2821,1244.174972827006
43,41,1243.4254,1244.209229915068
43,42,1243.5651,1244.243314151105
43,43,1243.7007,1244.277507862352
43,44,1243.8318,1244.312093376045
43,45,1243.9581,1244.347353019421
43,46,1244.0789,1244.383569119715
43,47,1244.1938,1244.421024004163
43,48,1244.3024,1244.46
43,49,1244.4043,1244.50072362188
43,50,1244.5011,1244.543198134119
43,51,1244.5989,1244.58737098845
43,52,1244.7017,1244.633189636607
43,53,1244.8092,1244.680601530323
43,54,1244.9207,1244.729554121332
43,55,1245.0358,1244.779994861366
43,56,1245.1538,1244.83187120216
43,57,1245.2743,1244.885130595446
43,58,1245.3967,1244.939720492958
43,59,1245.5206,1244.99558834643
43,60,1245.6453,1245.052681607594
43,61,1245.7703,1245.110947728184
43,62,1245.8951,1245.170334159933
43,63,1246.0193,1245.230788354575
43,64,1246.1422,1245.292257763843
43,65,1246.2634,1245.35468983947
43,66,1246.3823,1245.41803203319
43,67,1246.4984,1245.482231796736
43,68,1246.6113,1245.547236581842
43,69,1246.7205,1245.61299384024
43,70,1246.8252,1245.679451023664
43,71,1246.9252,1245.746555583848
43,72,1247.0199,1245.814254972524
43,73,1247.1086,1245.882496641427
43,74,1247.1912,1245.951228042289
43,75,1247.2667,1246.020396626844
43,76,1247.335,1246.089949846826
43,77,1247.3954,1246.159835153966
43,78,1247.4474,1246.23
43,79,1247.4905,1246.30040301258
43,80,1247.5258,1246.371047523038
43,81,1247.558,1246.441948038625
43,82,1247.5906,1246.513119066595
43,83,1247.6237,1246.584575114197
43,84,1247.6572,1246.656330688685
43,85,1247.6912,1246.728400297309
43,86,1247.7255,1246.800798447322
43,87,1247.7601,1246.873539645976
43,88,1247.7952,1246.946638400522
43,89,1247.8307,1247.020109218212
43,90,1247.8666,1247.093966606298
43,91,1247.9028,1247.168225072031
43,92,1247.9393,1247.242899122664
43,93,1247.9764,1247.318003265448
43,94,1248.0135,1247.393552007635
43,95,1248.0511,1247.469559856477
43,96,1248.0892,1247.546041319225
43,97,1248.1274,1247.623010903131
43,98,1248.1659,1247.700483115447
43,99,1248.2048,1247.778472463426
43,100,1248.2439,1247.856993454318
43,101,1248.2833,1247.936060595375
43,102,1248.323,1248.015688393849
43,103,1248.363,1248.095891356993
43,104,1248.4032,1248.176683992057
43,105,1248.4437,1248.258080806293
43,106,1248.4844,1248.340096306954
43,107,1248.5254,1248.422745001291
43,108,1248.5665,1248.506041396556
43,109,1248.6079,1248.59
43,110,1248.6494,1248.674613489346
43,111,1248.6909,1248.759787224194
43,112,1248.731,1248.845404734617
43,113,1248.7692,1248.931349550686
43,114,1248.8054,1249.017505202473
43,115,1248.8401,1249.103755220048
43,116,1248.873,1249.189983133484
43,117,1248.9044,1249.276072472851
43,118,1248.9344,1249.361906768223
43,119,1248.9633,1249.447369549669
43,120,1248.9908,1249.532344347261
43,121,1249.0172,1249.616714691072
43,122,1249.0428,1249.700364111172
43,123,1249.0675,1249.783176137633
43,124,1249.0914,1249.865034300527
43,125,1249.1147,1249.945822129925
43,126,1249.1376,1250.025423155898
43,127,1249.1602,1250.103720908518
43,128,1249.1823,1250.180598917857
43,129,1249.2041,1250.255940713986
43,130,1249.2261,1250.329629826976
43,131,1249.2479,1250.4015497869
43,132,1249.27,1250.471584123828
43,133,1249.2924,1250.539616367832
43,134,1249.3151,1250.605530048984
43,135,1249.3384,1250.669208697355
43,136,1249.362,1250.730535843017
43,137,1249.3867,1250.789395016041
43,138,1249.412,1250.845669746498
43,139,1249.4382,1250.899243564461
43,140,1249.4656,1250.95
43,141,1249.4941,1250.997930712141
43,142,1249.5238,1251.043459875724
43,143,1249.5548,1251.087119794543
43,144,1249.5874,1251.129442772392
43,145,1249.6215,1251.170961113063
43,146,1249.657,1251.212207120352
43,147,1249.6942,1251.253713098052
43,148,1249.7332,1251.296011349956
43,149,1249.7738,1251.339634179858
43,150,1249.8164,1251.385113891553
43,151,1249.861,1251.432982788834
43,152,1249.9073,1251.483773175495
43,153,1249.9559,1251.538017355329
43,154,1250.0067,1251.59624763213
43,155,1250.0597,1251.658996309693
43,156,1250.1149,1251.72679569181
43,157,1250.1725,1251.800178082276
43,158,1250.2324,1251.879675784885
43,159,1250.2949,1251.96582110343
43,160,1250.3601,1252.059146341704
43,161,1250.4277,1252.160183803503
43,162,1250.4982,1252.269465792619
43,163,1250.5715,1252.387524612846
43,164,1250.6475,1252.514892567979
43,165,1250.7267,1252.65210196181
43,166,1250.8086,1252.799685098134
43,167,1250.8937,1252.958174280745
43,168,1250.982,1253.128101813435
43,169,1251.0735,1253.31
43,170,1251.1682,1253.504231947576
43,171,1251.2676,1253.710483976672
43,172,1251.3757,1253.928273211141
43,173,1251.4954,1254.157116774837
43,174,1251.626,1254.396531791611
43,175,1251.767,1254.646035385317
43,176,1251.918,1254.905144679807
43,177,1252.0785,1255.173376798934
43,178,1252.2479,1255.450248866551
43,179,1252.4259,1255.73527800651
43,180,1252.6119,1256.027981342665
43,181,1252.8053,1256.327875998868
43,182,1253.0057,1256.634479098971
43,183,1253.2126,1256.947307766829
43,184,1253.4257,1257.265879126292
43,185,1253.6442,1257.589710301214
43,186,1253.8677,1257.918318415448
43,187,1254.0958,1258.251220592846
43,188,1254.328,1258.587933957263
43,189,1254.5637,1258.927975632548
43,190,1254.8025,1259.270862742557
43,191,1255.0441,1259.616112411141
43,192,1255.2876,1259.963241762154
43,193,1255.5328,1260.311767919447
43,194,1255.7793,1260.661208006874
43,195,1256.0266,1261.011079148288
43,196,1256.2739,1261.360898467541
43,197,1256.5211,1261.710183088486
43,198,1256.7677,1262.058450134975
43,199,1257.013,1262.405216730863
43,200,1257.2568,1262.75
43,201,1257.4984,1263.09240646678
43,202,1257.7378,1263.432400257749
43,203,1257.9755,1263.770034899996
43,204,1258.2123,1264.105363920607
43,205,1258.4479,1264.438440846671
43,206,1258.6826,1264.769319205273
43,207,1258.9164,1265.098052523501
43,208,1259.1492,1265.424694328442
43,209,1259.381,1265.749298147183
43,210,1259.612,1266.071917506812
43,211,1259.8423,1266.392605934416
43,212,1260.0717,1266.711416957081
43,213,1260.3002,1267.028404101896
43,214,1260.528,1267.343620895946
43,215,1260.755,1267.65712086632
43,216,1260.9813,1267.968957540104
43,217,1261.2069,1268.279184444387
43,218,1261.4319,1268.587855106253
43,219,1261.6562,1268.895023052792
43,220,1261.8799,1269.20074181109
43,221,1262.103,1269.505064908234
43,222,1262.3256,1269.808045871312
43,223,1262.5475,1270.109738227411
43,224,1262.7689,1270.410195503617
43,225,1262.9899,1270.709471227018
43,226,1263.2104,1271.007618924702
43,227,1263.4305,1271.304692123754
43,228,1263.6501,1271.600744351264
43,229,1263.8693,1271.895829134316
43,230,1264.0881,1272.19
43,231,1264.3066,1272.483326653522
43,232,1264.524,1272.775943512573
43,233,1264.7378,1273.068001172964
43,234,1264.9464,1273.359650230506
43,235,1265.1508,1273.651041281009
43,236,1265.3511,1273.942324920284
43,237,1265.548,1274.233651744142
43,238,1265.7422,1274.525172348395
43,239,1265.9341,1274.817037328853
43,240,1266.1241,1275.109397281326
43,241,1266.313,1275.402402801627
43,242,1266.5011,1275.696204485565
43,243,1266.6891,1275.990952928951
43,244,1266.8774,1276.286798727597
43,245,1267.0667,1276.583892477313
43,246,1267.2573,1276.88238477391
43,247,1267.4501,1277.182426213199
43,248,1267.6453,1277.484167390991
43,249,1267.8435,1277.787758903097
43,250,1268.0454,1278.093351345327
43,251,1268.2515,1278.401095313493
43,252,1268.4622,1278.711141403406
43,253,1268.6781,1279.023640210876
43,254,1268.8998,1279.338742331714
43,255,1269.1279,1279.65659836173
43,256,1269.3627,1279.977358896737
43,257,1269.605,1280.301174532545
43,258,1269.8551,1280.628195864964
43,259,1270.1138,1280.958573489806
43,260,1270.3815,1281.292458002881
43,261,1270.6586,1281.63
43,262,1270.9458,1281.971310301226
43,263,1271.2428,1282.316340623625
43,264,1271.5471,1282.665002908517
43,265,1271.8569,1283.017209097218
43,266,1272.1726,1283.372871131049
43,267,1272.4938,1283.731900951327
43,268,1272.8206,1284.09421049937
43,269,1273.153,1284.459711716498
43,270,1273.491,1284.828316544028
43,271,1273.8347,1285.199936923278
43,272,1274.184,1285.574484795568
43,273,1274.5388,1285.951872102215
43,274,1274.8994,1286.332010784539
43,275,1275.2655,1286.714812783856
43,276,1275.6372,1287.100190041487
43,277,1276.0144,1287.488054498749
43,278,1276.3972,1287.878318096961
43,279,1276.7855,1288.27089277744
43,280,1277.1796,1288.665690481506
43,281,1277.579,1289.062623150477
43,282,1277.9839,1289.461602725671
43,283,1278.3945,1289.862541148407
43,284,1278.8105,1290.265350360002
43,285,1279.232,1290.669942301776
43,286,1279.659,1291.076228915048
43,287,1280.0914,1291.484122141134
43,288,1280.5294,1291.893533921354
43,289,1280.9728,1292.304376197026
43,290,1281.4216,1292.716560909469
44,0,1231.6825,1239.908559267027
44,1,1231.791,1240.100299513874
44,2,1231.901,1240.290084429472
44,3,1232.0122,1240.477601927919
44,4,1232.1246,1240.662539923313
44,5,1232.2377,1240.844586329752
44,6,1232.3514,1241.023429061332
44,7,1232.4655,1241.198756032152
44,8,1232.5797,1241.370255156309
44,9,1232.6937,1241.537614347901
44,10,1232.8074,1241.700521521026
44,11,1232.9205,1241.85866458978
44,12,1233.0328,1242.011731468262
44,13,1233.1442,1242.159410070568
44,14,1233.2542,1242.301388310798
44,15,1233.3628,1242.437354103048
44,16,1233.4696,1242.566995361417
44,17,1233.5746,1242.69
44,18,1233.6774,1242.806155001753
44,19,1233.779,1242.915643625056
44,20,1233.884,1243.018748197144
44,21,1233.9951,1243.115751045252
44,22,1234.1119,1243.206934496617
44,23,1234.234,1243.292580878474
44,24,1234.3607,1243.372972518061
44,25,1234.4917,1243.448391742611
44,26,1234.6267,1243.519120879362
44,27,1234.7651,1243.585442255549
44,28,1234.9065,1243.647638198408
44,29,1235.0503,1243.705991035176
44,30,1235.1963,1243.760783093087
44,31,1235.344,1243.812296699377
44,32,1235.4929,1243.860814181284
44,33,1235.6426,1243.906617866042
44,34,1235.7926,1243.949990080887
44,35,1235.9426,1243.991213153056
44,36,1236.0919,1244.030569409784
44,37,1236.2404,1244.068341178307
44,38,1236.3873,1244.104810785861
44,39,1236.5326,1244.140260559682
44,40,1236.6755,1244.174972827006
44,41,1236.8157,1244.209229915068
44,42,1236.9528,1244.243314151105
44,43,1237.0863,1244.277507862352
44,44,1237.2158,1244.312093376045
44,45,1237.341,1244.347353019421
44,46,1237.461,1244.383569119715
44,47,1237.576,1244.421024004163
44,48,1237.6853,1244.46
44,49,1237.7882,1244.50072362188
44,50,1237.8866,1244.543198134119
44,51,1237.9863,1244.58737098845
44,52,1238.0913,1244.633189636607
44,53,1238.201,1244.680601530323
44,54,1238.3148,1244.729554121332
44,55,1238.4324,1244.779994861366
44,56,1238.5529,1244.83187120216
44,57,1238.6759,1244.885130595446
44,58,1238.801,1244.939720492958
44,59,1238.9274,1244.99558834643
44,60,1239.0548,1245.052681607594
44,61,1239.1825,1245.110947728184
44,62,1239.3098,1245.170334159933
44,63,1239.4365,1245.230788354575
44,64,1239.562,1245.292257763843
44,65,1239.6855,1245.35468983947
44,66,1239.8066,1245.41803203319
44,67,1239.9249,1245.482231796736
44,68,1240.0399,1245.547236581842
44,69,1240.1506,1245.61299384024
44,70,1240.2571,1245.679451023664
44,71,1240.3584,1245.746555583848
44,72,1240.4542,1245.814254972524
44,73,1240.544,1245.882496641427
44,74,1240.627,1245.951228042289
44,75,1240.7028,1246.020396626844
44,76,1240.771,1246.089949846826
44,77,1240.831,1246.159835153966
44,78,1240.8822,1246.23
44,79,1240.9242,1246.30040301258
44,80,1240.9578,1246.371047523038
44,81,1240.9883,1246.441948038625
44,82,1241.019,1246.513119066595
44,83,1241.0504,1246.584575114197
44,84,1241.0822,1246.656330688685
44,85,1241.1144,1246.728400297309
44,86,1241.147,1246.800798447322
44,87,1241.18,1246.873539645976
44,88,1241.2135,1246.946638400522
44,89,1241.2473,1247.020109218212
44,90,1241.2816,1247.093966606298
44,91,1241.3163,1247.168225072031
44,92,1241.3512,1247.242899122664
44,93,1241.3866,1247.318003265448
44,94,1241.4222,1247.393552007635
44,95,1241.4583,1247.469559856477
44,96,1241.4946,1247.546041319225
44,97,1241.5312,1247.623010903131
44,98,1241.5682,1247.700483115447
44,99,1241.6056,1247.778472463426
44,100,1241.6431,1247.856993454318
44,101,1241.6808,1247.936060595375
44,102,1241.7189,1248.015688393849
44,103,1241.7572,1248.095891356993
44,104,1241.7958,1248.176683992057
44,105,1241.8346,1248.258080806293
44,106,1241.8737,1248.340096306954
44,107,1241.9128,1248.422745001291
44,108,1241.9523,1248.506041396556
44,109,1241.9918,1248.59
44,110,1242.0316,1248.674613489346
44,111,1242.0713,1248.759787224194
44,112,1242.1099,1248.845404734617
44,113,1242.1467,1248.931349550686
44,114,1242.1821,1249.017505202473
44,115,1242.216,1249.103755220048
44,116,1242.2485,1249.189983133484
44,117,1242.2798,1249.276072472851
44,118,1242.3099,1249.361906768223
44,119,1242.3387,1249.447369549669
44,120,1242.3667,1249.532344347261
44,121,1242.3937,1249.616714691072
44,122,1242.4198,1249.700364111172
44,123,1242.4452,1249.783176137633
44,124,1242.47,1249.865034300527
44,125,1242.4941,1249.945822129925
44,126,1242.5177,1250.025423155898
44,127,1242.541,1250.103720908518
44,128,1242.564,1250.180598917857
44,129,1242.5867,1250.255940713986
44,130,1242.6094,1250.329629826976
44,131,1242.632,1250.4015497869
44,132,1242.6547,1250.471584123828
44,133,1242.6774,1250.539616367832
44,134,1242.7003,1250.605530048984
44,135,1242.7236,1250.669208697355
44,136,1242.7474,1250.730535843017
44,137,1242.7717,1250.789395016041
44,138,1242.7965,1250.845669746498
44,139,1242.822,1250.899243564461
44,140,1242.8483,1250.95
44,141,1242.8755,1250.997930712141
44,142,1242.9034,1251.043459875724
44,143,1242.9325,1251.087119794543
44,144,1242.9628,1251.129442772392
44,145,1242.994,1251.170961113063
44,146,1243.0267,1251.212207120352
44,147,1243.0607,1251.253713098052
44,148,1243.0961,1251.296011349956
44,149,1243.133,1251.339634179858
44,150,1243.1715,1251.385113891553
44,151,1243.2117,1251.432982788834
44,152,1243.2537,1251.483773175495
44,153,1243.2976,1251.538017355329
44,154,1243.3433,1251.59624763213
44,155,1243.391,1251.658996309693
44,156,1243.4409,1251.72679569181
44,157,1243.4929,1251.800178082276
44,158,1243.5474,1251.879675784885
44,159,1243.604,1251.96582110343
44,160,1243.6631,1252.059146341704
44,161,1243.7247,1252.160183803503
44,162,1243.789,1252.269465792619
44,163,1243.856,1252.387524612846
44,164,1243.9257,1252.514892567979
44,165,1243.9982,1252.65210196181
44,166,1244.0737,1252.799685098134
44,167,1244.1521,1252.958174280745
44,168,1244.2338,1253.128101813435
44,169,1244.3185,1253.31
44,170,1244.4066,1253.504231947576
44,171,1244.4991,1253.710483976672
44,172,1244.6007,1253.928273211141
44,173,1244.7139,1254.157116774837
44,174,1244.8384,1254.396531791611
44,175,1244.9733,1254.646035385317
44,176,1245.1185,1254.905144679807
44,177,1245.2732,1255.173376798934
44,178,1245.437,1255.450248866551
44,179,1245.6094,1255.73527800651
44,180,1245.7899,1256.027981342665
44,181,1245.9778,1256.327875998868
44,182,1246.1729,1256.634479098971
44,183,1246.3743,1256.947307766829
44,184,1246.5818,1257.265879126292
44,185,1246.7947,1257.589710301214
44,186,1247.0126,1257.918318415448
44,187,1247.235,1258.251220592846
44,188,1247.4612,1258.587933957263
44,189,1247.6908,1258.927975632548
44,190,1247.9235,1259.270862742557
44,191,1248.1584,1259.616112411141
44,192,1248.3954,1259.963241762154
44,193,1248.6337,1260.311767919447
44,194,1248.8729,1260.661208006874
44,195,1249.1125,1261.011079148288
44,196,1249.3522,1261.360898467541
44,197,1249.5911,1261.710183088486
44,198,1249.829,1262.058450134975
44,199,1250.0654,1262.405216730863
44,200,1250.2997,1262.75
44,201,1250.5315,1263.09240646678
44,202,1250.7606,1263.432400257749
44,203,1250.9878,1263.770034899996
44,204,1251.214,1264.105363920607
44,205,1251.4393,1264.438440846671
44,206,1251.6635,1264.769319205273
44,207,1251.8868,1265.098052523501
44,208,1252.1093,1265.424694328442
44,209,1252.3308,1265.749298147183
44,210,1252.5515,1266.071917506812
44,211,1252.7714,1266.392605934416
44,212,1252.9905,1266.711416957081
44,213,1253.2086,1267.028404101896
44,214,1253.4261,1267.343620895946
44,215,1253.643,1267.65712086632
44,216,1253.859,1267.968957540104
44,217,1254.0746,1268.279184444387
44,218,1254.2893,1268.587855106253
44,219,1254.5035,1268.895023052792
44,220,1254.7172,1269.20074181109
44,221,1254.9302,1269.505064908234
44,222,1255.1427,1269.808045871312
44,223,1255.3546,1270.109738227411
44,224,1255.566,1270.410195503617
44,225,1255.7772,1270.709471227018
44,226,1255.9878,1271.007618924702
44,227,1256.198,1271.304692123754
44,228,1256.4078,1271.600744351264
44,229,1256.6173,1271.895829134316
44,230,1256.8264,1272.19
44,231,1257.0352,1272.483326653522
44,232,1257.243,1272.775943512573
44,233,1257.4482,1273.068001172964
44,234,1257.6495,1273.359650230506
44,235,1257.8475,1273.651041281009
44,236,1258.0425,1273.942324920284
44,237,1258.235,1274.233651744142
44,238,1258.4253,1274.525172348395
44,239,1258.6138,1274.817037328853
44,240,1258.8009,1275.109397281326
44,241,1258.9872,1275.402402801627
44,242,1259.1726,1275.696204485565
44,243,1259.3579,1275.990952928951
44,244,1259.5435,1276.286798727597
44,245,1259.7296,1276.583892477313
44,246,1259.9165,1276.88238477391
44,247,1260.1051,1277.182426213199
44,248,1260.2953,1277.484167390991
44,249,1260.4877,1277.787758903097
44,250,1260.6825,1278.093351345327
44,251,1260.8804,1278.401095313493
44,252,1261.0817,1278.711141403406
44,253,1261.2865,1279.023640210876
44,254,1261.4956,1279.338742331714
44,255,1261.7092,1279.65659836173
44,256,1261.9277,1279.977358896737
44,257,1262.1515,1280.301174532545
44,258,1262.3811,1280.628195864964
44,259,1262.6167,1280.958573489806
44,260,1262.8588,1281.292458002881
44,261,1263.1078,1281.63
44,262,1263.3641,1281.971310301226
44,263,1263.6273,1282.316340623625
44,264,1263.8956,1282.665002908517
44,265,1264.1681,1283.017209097218
44,266,1264.4443,1283.372871131049
44,267,1264.7246,1283.731900951327
44,268,1265.0089,1284.09421049937
44,269,1265.2971,1284.459711716498
44,270,1265.5894,1284.828316544028
44,271,1265.8856,1285.199936923278
44,272,1266.1859,1285.574484795568
44,273,1266.49,1285.951872102215
44,274,1266.7982,1286.332010784539
44,275,1267.1102,1286.714812783856
44,276,1267.4263,1287.100190041487
44,277,1267.7465,1287.488054498749
44,278,1268.0704,1287.878318096961
44,279,1268.3983,1288.27089277744
44,280,1268.7302,1288.665690481506
44,281,1269.066,1289.062623150477
44,282,1269.4058,1289.461602725671
44,283,1269.7495,1289.862541148407
44,284,1270.0972,1290.265350360002
44,285,1270.4486,1290.669942301776
44,286,1270.804,1291.076228915048
44,287,1271.1632,1291.484122141134
44,288,1271.5265,1291.893533921354
44,289,1271.8934,1292.304376197026
44,290,1272.2644,1292.716560909469
45,0,1231.8435,1239.908559267027
45,1,1231.9279,1240.100299513874
45,2,1232.0138,1240.290084429472
45,3,1232.1011,1240.477601927919
45,4,1232.1896,1240.662539923313
45,5,1232.2792,1240.844586329752
45,6,1232.3695,1241.023429061332
45,7,1232.4603,1241.198756032152
45,8,1232.5519,1241.370255156309
45,9,1232.6434,1241.537614347901
45,10,1232.7352,1241.700521521026
45,11,1232.8269,1241.85866458978
45,12,1232.9183,1242.011731468262
45,13,1233.0093,1242.159410070568
45,14,1233.0996,1242.301388310798
45,15,1233.1891,1242.437354103048
45,16,1233.2777,1242.566995361417
45,17,1233.365,1242.69
45,18,1233.4509,1242.806155001753
45,19,1233.5366,1242.915643625056
45,20,1233.6261,1243.018748197144
45,21,1233.7222,1243.115751045252
45,22,1233.8243,1243.206934496617
45,23,1233.9321,1243.292580878474
45,24,1234.0452,1243.372972518061
45,25,1234.1628,1243.448391742611
45,26,1234.2849,1243.519120879362
45,27,1234.4108,1243.585442255549
45,28,1234.5399,1243.647638198408
45,29,1234.6721,1243.705991035176
45,30,1234.8066,1243.760783093087
45,31,1234.9432,1243.812296699377
45,32,1235.0813,1243.860814181284
45,33,1235.2206,1243.906617866042
45,34,1235.3605,1243.949990080887
45,35,1235.5004,1243.991213153056
45,36,1235.6401,1244.030569409784
45,37,1235.7793,1244.068341178307
45,38,1235.9172,1244.104810785861
45,39,1236.0536,1244.140260559682
45,40,1236.1879,1244.174972827006
45,41,1236.3197,1244.209229915068
45,42,1236.4486,1244.243314151105
45,43,1236.5741,1244.277507862352
45,44,1236.6958,1244.312093376045
45,45,1236.8132,1244.347353019421
45,46,1236.9259,1244.383569119715
45,47,1237.0336,1244.421024004163
45,48,1237.1356,1244.46
45,49,1237.2316,1244.50072362188
45,50,1237.3229,1244.543198134119
45,51,1237.4152,1244.58737098845
45,52,1237.5122,1244.633189636607
45,53,1237.6136,1244.680601530323
45,54,1237.719,1244.729554121332
45,55,1237.8276,1244.779994861366
45,56,1237.9392,1244.83187120216
45,57,1238.0529,1244.885130595446
45,58,1238.1683,1244.939720492958
45,59,1238.285,1244.99558834643
45,60,1238.4026,1245.052681607594
45,61,1238.5201,1245.110947728184
45,62,1238.6375,1245.170334159933
45,63,1238.754,1245.230788354575
45,64,1238.8693,1245.292257763843
45,65,1238.9827,1245.35468983947
45,66,1239.0938,1245.41803203319
45,67,1239.2019,1245.482231796736
45,68,1239.3068,1245.547236581842
45,69,1239.4078,1245.61299384024
45,70,1239.5045,1245.679451023664
45,71,1239.5963,1245.746555583848
45,72,1239.6829,1245.814254972524
45,73,1239.7633,1245.882496641427
45,74,1239.8376,1245.951228042289
45,75,1239.905,1246.020396626844
45,76,1239.9651,1246.089949846826
45,77,1240.0172,1246.159835153966
45,78,1240.061,1246.23
45,79,1240.096,1246.30040301258
45,80,1240.1229,1246.371047523038
45,81,1240.1467,1246.441948038625
45,82,1240.1713,1246.513119066595
45,83,1240.1963,1246.584575114197
45,84,1240.2218,1246.656330688685
45,85,1240.2478,1246.728400297309
45,86,1240.2744,1246.800798447322
45,87,1240.3014,1246.873539645976
45,88,1240.3289,1246.946638400522
45,89,1240.3568,1247.020109218212
45,90,1240.3851,1247.093966606298
45,91,1240.414,1247.168225072031
45,92,1240.443,1247.242899122664
45,93,1240.4724,1247.318003265448
45,94,1240.5024,1247.393552007635
45,95,1240.5326,1247.469559856477
45,96,1240.5631,1247.546041319225
45,97,1240.5939,1247.623010903131
45,98,1240.625,1247.700483115447
45,99,1240.6564,1247.778472463426
45,100,1240.6881,1247.856993454318
45,101,1240.72,1247.936060595375
45,102,1240.7521,1248.015688393849
45,103,1240.7844,1248.095891356993
45,104,1240.817,1248.176683992057
45,105,1240.8497,1248.258080806293
45,106,1240.8826,1248.340096306954
45,107,1240.9155,1248.422745001291
45,108,1240.9486,1248.506041396556
45,109,1240.9818,1248.59
45,110,1241.0153,1248.674613489346
45,111,1241.0485,1248.759787224194
45,112,1241.0804,1248.845404734617
45,113,1241.111,1248.931349550686
45,114,1241.1399,1249.017505202473
45,115,1241.1675,1249.103755220048
45,116,1241.1936,1249.189983133484
45,117,1241.2185,1249.276072472851
45,118,1241.2423,1249.361906768223
45,119,1241.2651,1249.447369549669
45,120,1241.2869,1249.532344347261
45,121,1241.3077,1249.616714691072
45,122,1241.328,1249.700364111172
45,123,1241.3474,1249.783176137633
45,124,1241.3662,1249.865034300527
45,125,1241.3845,1249.945822129925
45,126,1241.4025,1250.025423155898
45,127,1241.4202,1250.103720908518
45,128,1241.4376,1250.180598917857
45,129,1241.455,1250.255940713986
45,130,1241.4722,1250.329629826976
45,131,1241.4895,1250.4015497869
45,132,1241.507,1250.471584123828
45,133,1241.5248,1250.539616367832
45,134,1241.5428,1250.605530048984
45,135,1241.5614,1250.669208697355
45,136,1241.5803,1250.730535843017
45,137,1241.6001,1250.789395016041
45,138,1241.6205,1250.845669746498
45,139,1241.6416,1250.899243564461
45,140,1241.6637,1250.95
45,141,1241.6868,1250.997930712141
45,142,1241.7109,1251.043459875724
45,143,1241.7363,1251.087119794543
45,144,1241.7628,1251.129442772392
45,145,1241.7905,1251.170961113063
45,146,1241.8196,1251.212207120352
45,147,1241.8499,1251.253713098052
45,148,1241.8815,1251.296011349956
45,149,1241.9146,1251.339634179858
45,150,1241.949,1251.385113891553
45,151,1241.9851,1251.432982788834
45,152,1242.0225,1251.483773175495
45,153,1242.0616,1251.538017355329
45,154,1242.1023,1251.59624763213
45,155,1242.1447,1251.658996309693
45,156,1242.1886,1251.72679569181
45,157,1242.2344,1251.800178082276
45,158,1242.2819,1251.879675784885
45,159,1242.3313,1251.96582110343
45,160,1242.3826,1252.059146341704
45,161,1242.4355,1252.160183803503
45,162,1242.4906,1252.269465792619
45,163,1242.5477,1252.387524612846
45,164,1242.6067,1252.514892567979
45,165,1242.6678,1252.65210196181
45,166,1242.7311,1252.799685098134
45,167,1242.7965,1252.958174280745
45,168,1242.864,1253.128101813435
45,169,1242.9337,1253.31
45,170,1243.0057,1253.504231947576
45,171,1243.0812,1253.710483976672
45,172,1243.1644,1253.928273211141
45,173,1243.2578,1254.157116774837
45,174,1243.3612,1254.396531791611
45,175,1243.474,1254.646035385317
45,176,1243.5956,1254.905144679807
45,177,1243.7257,1255.173376798934
45,178,1243.8638,1255.450248866551
45,179,1244.0094,1255.73527800651
45,180,1244.1622,1256.027981342665
45,181,1244.3215,1256.327875998868
45,182,1244.487,1256.634479098971
45,183,1244.6581,1256.947307766829
45,184,1244.8345,1257.265879126292
45,185,1245.0155,1257.589710301214
45,186,1245.2009,1257.918318415448
45,187,1245.3901,1258.251220592846
45,188,1245.5828,1258.587933957263
45,189,1245.7782,1258.927975632548
45,190,1245.9762,1259.270862742557
45,191,1246.1763,1259.616112411141
45,192,1246.3778,1259.963241762154
45,193,1246.5804,1260.311767919447
45,194,1246.7838,1260.661208006874
45,195,1246.9874,1261.011079148288
45,196,1247.1908,1261.360898467541
45,197,1247.3934,1261.710183088486
45,198,1247.5951,1262.058450134975
45,199,1247.7952,1262.405216730863
45,200,1247.9933,1262.75
45,201,1248.1891,1263.09240646678
45,202,1248.3822,1263.432400257749
45,203,1248.5739,1263.770034899996
45,204,1248.7645,1264.105363920607
45,205,1248.9545,1264.438440846671
45,206,1249.1437,1264.769319205273
45,207,1249.3319,1265.098052523501
45,208,1249.5197,1265.424694328442
45,209,1249.7065,1265.749298147183
45,210,1249.8928,1266.071917506812
45,211,1250.0785,1266.392605934416
45,212,1250.2634,1266.711416957081
45,213,1250.4478,1267.028404101896
45,214,1250.6317,1267.343620895946
45,215,1250.8148,1267.65712086632
45,216,1250.9977,1267.968957540104
45,217,1251.1799,1268.279184444387
45,218,1251.3616,1268.587855106253
45,219,1251.543,1268.895023052792
45,220,1251.7238,1269.20074181109
45,221,1251.9042,1269.505064908234
45,222,1252.0844,1269.808045871312
45,223,1252.2642,1270.109738227411
45,224,1252.4436,1270.410195503617
45,225,1252.6226,1270.709471227018
45,226,1252.8015,1271.007618924702
45,227,1252.9801,1271.304692123754
45,228,1253.1584,1271.600744351264
45,229,1253.3365,1271.895829134316
45,230,1253.5145,1272.19
45,231,1253.6924,1272.483326653522
45,232,1253.8696,1272.775943512573
45,233,1254.0444,1273.068001172964
45,234,1254.216,1273.359650230506
45,235,1254.3846,1273.651041281009
45,236,1254.5508,1273.942324920284
45,237,1254.7146,1274.233651744142
45,238,1254.8763,1274.525172348395
45,239,1255.0366,1274.817037328853
45,240,1255.1956,1275.109397281326
45,241,1255.3535,1275.402402801627
45,242,1255.5109,1275.696204485565
45,243,1255.6677,1275.990952928951
45,244,1255.8247,1276.286798727597
45,245,1255.982,1276.583892477313
45,246,1256.1399,1276.88238477391
45,247,1256.2988,1277.182426213199
45,248,1256.4591,1277.484167390991
45,249,1256.6208,1277.787758903097
45,250,1256.7845,1278.093351345327
45,251,1256.9506,1278.401095313493
45,252,1257.119,1278.711141403406
45,253,1257.2905,1279.023640210876
45,254,1257.4652,1279.338742331714
45,255,1257.6433,1279.65659836173
45,256,1257.8254,1279.977358896737
45,257,1258.0116,1280.301174532545
45,258,1258.2024,1280.628195864964
45,259,1258.3978,1280.958573489806
45,260,1258.5984,1281.292458002881
45,261,1258.8044,1281.63
45,262,1259.0162,1281.971310301226
45,263,1259.2334,1282.316340623625
45,264,1259.4547,1282.665002908517
45,265,1259.6788,1283.017209097218
45,266,1259.9059,1283.372871131049
45,267,1260.1359,1283.731900951327
45,268,1260.3687,1284.09421049937
45,269,1260.6045,1284.459711716498
45,270,1260.8434,1284.828316544028
45,271,1261.0851,1285.199936923278
45,272,1261.3298,1285.574484795568
45,273,1261.5776,1285.951872102215
45,274,1261.8284,1286.332010784539
45,275,1262.0823,1286.714812783856
45,276,1262.3394,1287.100190041487
45,277,1262.5994,1287.488054498749
45,278,1262.8625,1287.878318096961
45,279,1263.1289,1288.27089277744
45,280,1263.3983,1288.665690481506
45,281,1263.671,1289.062623150477
45,282,1263.9468,1289.461602725671
45,283,1264.2258,1289.862541148407
45,284,1264.508,1290.265350360002
45,285,1264.7936,1290.669942301776
45,286,1265.0823,1291.076228915048
45,287,1265.3743,1291.484122141134
45,288,1265.6696,1291.893533921354
45,289,1265.968,1292.304376197026
45,290,1266.27,1292.716560909469
46,0,1236.1998,1239.908559267027
46,1,1236.3013,1240.100299513874
46,2,1236.4039,1240.290084429472
46,3,1236.5077,1240.477601927919
46,4,1236.6122,1240.662539923313
46,5,1236.7173,1240.844586329752
46,6,1236.8226,1241.023429061332
46,7,1236.9282,1241.198756032152
46,8,1237.0336,1241.370255156309
46,9,1237.1387,1241.537614347901
46,10,1237.2432,1241.700521521026
46,11,1237.3468,1241.85866458978
46,12,1237.4495,1242.011731468262
46,13,1237.5509,1242.159410070568
46,14,1237.6506,1242.301388310798
46,15,1237.7488,1242.437354103048
46,16,1237.8448,1242.566995361417
46,17,1237.9387,1242.69
46,18,1238.0303,1242.806155001753
46,19,1238.1201,1242.915643625056
46,20,1238.2118,1243.018748197144
46,21,1238.3073,1243.115751045252
46,22,1238.4062,1243.206934496617
46,23,1238.5084,1243.292580878474
46,24,1238.6135,1243.372972518061
46,25,1238.7211,1243.448391742611
46,26,1238.8309,1243.519120879362
46,27,1238.9426,1243.585442255549
46,28,1239.0559,1243.647638198408
46,29,1239.1705,1243.705991035176
46,30,1239.2861,1243.760783093087
46,31,1239.4022,1243.812296699377
46,32,1239.5188,1243.860814181284
46,33,1239.6353,1243.906617866042
46,34,1239.7513,1243.949990080887
46,35,1239.867,1243.991213153056
46,36,1239.9814,1244.030569409784
46,37,1240.0948,1244.068341178307
46,38,1240.2065,1244.104810785861
46,39,1240.3164,1244.140260559682
46,40,1240.424,1244.174972827006
46,41,1240.5289,1244.209229915068
46,42,1240.6312,1244.243314151105
46,43,1240.7302,1244.277507862352
46,44,1240.8259,1244.312093376045
46,45,1240.9177,1244.347353019421
46,46,1241.0055,1244.383569119715
46,47,1241.0887,1244.421024004163
46,48,1241.1674,1244.46
46,49,1241.2411,1244.50072362188
46,50,1241.3108,1244.543198134119
46,51,1241.3811,1244.58737098845
46,52,1241.4547,1244.633189636607
46,53,1241.5314,1244.680601530323
46,54,1241.6108,1244.729554121332
46,55,1241.6927,1244.779994861366
46,56,1241.7766,1244.83187120216
46,57,1241.8622,1244.885130595446
46,58,1241.9492,1244.939720492958
46,59,1242.0372,1244.99558834643
46,60,1242.1261,1245.052681607594
46,61,1242.2152,1245.110947728184
46,62,1242.3046,1245.170334159933
46,63,1242.3936,1245.230788354575
46,64,1242.482,1245.292257763843
46,65,1242.5697,1245.35468983947
46,66,1242.656,1245.41803203319
46,67,1242.7408,1245.482231796736
46,68,1242.8239,1245.547236581842
46,69,1242.9045,1245.61299384024
46,70,1242.9829,1245.679451023664
46,71,1243.0583,1245.746555583848
46,72,1243.1307,1245.814254972524
46,73,1243.1997,1245.882496641427
46,74,1243.2648,1245.951228042289
46,75,1243.3258,1246.020396626844
46,76,1243.3826,1246.089949846826
46,77,1243.4346,1246.159835153966
46,78,1243.4814,1246.23
46,79,1243.523,1246.30040301258
46,80,1243.5599,1246.371047523038
46,81,1243.5955,1246.441948038625
46,82,1243.6318,1246.513119066595
46,83,1243.6691,1246.584575114197
46,84,1243.7069,1246.656330688685
46,85,1243.7456,1246.728400297309
46,86,1243.7849,1246.800798447322
46,87,1243.825,1246.873539645976
46,88,1243.8656,1246.946638400522
46,89,1243.907,1247.020109218212
46,90,1243.949,1247.093966606298
46,91,1243.9916,1247.168225072031
46,92,1244.0347,1247.242899122664
46,93,1244.0785,1247.318003265448
46,94,1244.1227,1247.393552007635
46,95,1244.1674,1247.469559856477
46,96,1244.2125,1247.546041319225
46,97,1244.2582,1247.623010903131
46,98,1244.3043,1247.700483115447
46,99,1244.3508,1247.778472463426
46,100,1244.3977,1247.856993454318
46,101,1244.445,1247.936060595375
46,102,1244.4926,1248.015688393849
46,103,1244.5404,1248.095891356993
46,104,1244.5886,1248.176683992057
46,105,1244.6371,1248.258080806293
46,106,1244.6858,1248.340096306954
46,107,1244.7347,1248.422745001291
46,108,1244.7838,1248.506041396556
46,109,1244.8331,1248.59
46,110,1244.8826,1248.674613489346
46,111,1244.932,1248.759787224194
46,112,1244.9802,1248.845404734617
46,113,1245.027,1248.931349550686
46,114,1245.0721,1249.017505202473
46,115,1245.1161,1249.103755220048
46,116,1245.1584,1249.189983133484
46,117,1245.1997,1249.276072472851
46,118,1245.2397,1249.361906768223
46,119,1245.2786,1249.447369549669
46,120,1245.3164,1249.532344347261
46,121,1245.3533,1249.616714691072
46,122,1245.3894,1249.700364111172
46,123,1245.4246,1249.783176137633
46,124,1245.459,1249.865034300527
46,125,1245.4928,1249.945822129925
46,126,1245.526,1250.025423155898
46,127,1245.5587,1250.103720908518
46,128,1245.591,1250.180598917857
46,129,1245.6228,1250.255940713986
46,130,1245.6544,1250.329629826976
46,131,1245.6858,1250.4015497869
46,132,1245.717,1250.471584123828
46,133,1245.7483,1250.539616367832
46,134,1245.7795,1250.605530048984
46,135,1245.8109,1250.669208697355
46,136,1245.8424,1250.730535843017
46,137,1245.8741,1250.789395016041
46,138,1245.9062,1250.845669746498
46,139,1245.9387,1250.899243564461
46,140,1245.9717,1250.95
46,141,1246.0052,1250.997930712141
46,142,1246.0394,1251.043459875724
46,143,1246.0742,1251.087119794543
46,144,1246.11,1251.129442772392
46,145,1246.1466,1251.170961113063
46,146,1246.1844,1251.212207120352
46,147,1246.2234,1251.253713098052
46,148,1246.2638,1251.296011349956
46,149,1246.3057,1251.339634179858
46,150,1246.349,1251.385113891553
46,151,1246.3943,1251.432982788834
46,152,1246.4413,1251.483773175495
46,153,1246.4904,1251.538017355329
46,154,1246.5415,1251.59624763213
46,155,1246.595,1251.658996309693
46,156,1246.6506,1251.72679569181
46,157,1246.7089,1251.800178082276
46,158,1246.7698,1251.879675784885
46,159,1246.8334,1251.96582110343
46,160,1246.8999,1252.059146341704
46,161,1246.9695,1252.160183803503
46,162,1247.0421,1252.269465792619
46,163,1247.1179,1252.387524612846
46,164,1247.1973,1252.514892567979
46,165,1247.2802,1252.65210196181
46,166,1247.3665,1252.799685098134
46,167,1247.4567,1252.958174280745
46,168,1247.5507,1253.128101813435
46,169,1247.6488,1253.31
46,170,1247.751,1253.504231947576
46,171,1247.8584,1253.710483976672
46,172,1247.9736,1253.928273211141
46,173,1248.0985,1254.157116774837
46,174,1248.2325,1254.396531791611
46,175,1248.3754,1254.646035385317
46,176,1248.5266,1254.905144679807
46,177,1248.6859,1255.173376798934
46,178,1248.8527,1255.450248866551
46,179,1249.0266,1255.73527800651
46,180,1249.2073,1256.027981342665
46,181,1249.3943,1256.327875998868
46,182,1249.5873,1256.634479098971
46,183,1249.7856,1256.947307766829
46,184,1249.9893,1257.265879126292
46,185,1250.1975,1257.589710301214
46,186,1250.4102,1257.918318415448
46,187,1250.6266,1258.251220592846
46,188,1250.8466,1258.587933957263
46,189,1251.0697,1258.927975632548
46,190,1251.2955,1259.270862742557
46,191,1251.5236,1259.616112411141
46,192,1251.7538,1259.963241762154
46,193,1251.9852,1260.311767919447
46,194,1252.2179,1260.661208006874
46,195,1252.4513,1261.011079148288
46,196,1252.685,1261.360898467541
46,197,1252.9188,1261.710183088486
46,198,1253.1521,1262.058450134975
46,199,1253.3845,1262.405216730863
46,200,1253.6158,1262.75
46,201,1253.8456,1263.09240646678
46,202,1254.0735,1263.432400257749
46,203,1254.2998,1263.770034899996
46,204,1254.525,1264.105363920607
46,205,1254.7489,1264.438440846671
46,206,1254.9718,1264.769319205273
46,207,1255.1936,1265.098052523501
46,208,1255.4143,1265.424694328442
46,209,1255.634,1265.749298147183
46,210,1255.8528,1266.071917506812
46,211,1256.0707,1266.392605934416
46,212,1256.2876,1266.711416957081
46,213,1256.5037,1267.028404101896
46,214,1256.719,1267.343620895946
46,215,1256.9336,1267.65712086632
46,216,1257.1473,1267.968957540104
46,217,1257.3606,1268.279184444387
46,218,1257.573,1268.587855106253
46,219,1257.785,1268.895023052792
46,220,1257.9965,1269.20074181109
46,221,1258.2073,1269.505064908234
46,222,1258.4177,1269.808045871312
46,223,1258.6277,1270.109738227411
46,224,1258.8373,1270.410195503617
46,225,1259.0465,1270.709471227018
46,226,1259.2554,1271.007618924702
46,227,1259.464,1271.304692123754
46,228,1259.6724,1271.600744351264
46,229,1259.8807,1271.895829134316
46,230,1260.0887,1272.19
46,231,1260.2966,1272.483326653522
46,232,1260.5039,1272.775943512573
46,233,1260.7085,1273.068001172964
46,234,1260.909,1273.359650230506
46,235,1261.1062,1273.651041281009
46,236,1261.3003,1273.942324920284
46,237,1261.4915,1274.233651744142
46,238,1261.6807,1274.525172348395
46,239,1261.8677,1274.817037328853
46,240,1262.0535,1275.109397281326
46,241,1262.238,1275.402402801627
46,242,1262.4219,1275.696204485565
46,243,1262.6056,1275.990952928951
46,244,1262.7894,1276.286798727597
46,245,1262.9739,1276.583892477313
46,246,1263.1592,1276.88238477391
46,247,1263.346,1277.182426213199
46,248,1263.5343,1277.484167390991
46,249,1263.7251,1277.787758903097
46,250,1263.9183,1278.093351345327
46,251,1264.1146,1278.401095313493
46,252,1264.3143,1278.711141403406
46,253,1264.518,1279.023640210876
46,254,1264.7257,1279.338742331714
46,255,1264.9381,1279.65659836173
46,256,1265.1558,1279.977358896737
46,257,1265.3785,1280.301174532545
46,258,1265.6074,1280.628195864964
46,259,1265.8425,1280.958573489806
46,260,1266.0844,1281.292458002881
46,261,1266.3331,1281.63
46,262,1266.5894,1281.971310301226
46,263,1266.8529,1282.316340623625
46,264,1267.1217,1282.665002908517
46,265,1267.3944,1283.017209097218
46,266,1267.6709,1283.372871131049
46,267,1267.9513,1283.731900951327
46,268,1268.2356,1284.09421049937
46,269,1268.5239,1284.459711716498
46,270,1268.8162,1284.828316544028
46,271,1269.1124,1285.199936923278
46,272,1269.4127,1285.574484795568
46,273,1269.7172,1285.951872102215
46,274,1270.0256,1286.332010784539
46,275,1270.3383,1286.714812783856
46,276,1270.6549,1287.100190041487
46,277,1270.976,1287.488054498749
46,278,1271.301,1287.878318096961
46,279,1271.6304,1288.27089277744
46,280,1271.9639,1288.665690481506
46,281,1272.3018,1289.062623150477
46,282,1272.6438,1289.461602725671
46,283,1272.9901,1289.862541148407
46,284,1273.3408,1290.265350360002
46,285,1273.6958,1290.669942301776
46,286,1274.0552,1291.076228915048
46,287,1274.4188,1291.484122141134
46,288,1274.787,1291.893533921354
46,289,1275.1594,1292.304376197026
46,290,1275.5364,1292.716560909469
47,0,1238.6832,1239.908559267027
47,1,1238.7786,1240.100299513874
47,2,1238.8752,1240.290084429472
47,3,1238.9734,1240.477601927919
47,4,1239.0725,1240.662539923313
47,5,1239.1726,1240.844586329752
47,6,1239.2732,1241.023429061332
47,7,1239.3743,1241.198756032152
47,8,1239.4757,1241.370255156309
47,9,1239.5771,1241.537614347901
47,10,1239.6785,1241.700521521026
47,11,1239.7795,1241.85866458978
47,12,1239.88,1242.011731468262
47,13,1239.9797,1242.159410070568
47,14,1240.0786,1242.301388310798
47,15,1240.1764,1242.437354103048
47,16,1240.2727,1242.566995361417
47,17,1240.3677,1242.69
47,18,1240.4608,1242.806155001753
47,19,1240.5533,1242.915643625056
47,20,1240.6495,1243.018748197144
47,21,1240.7517,1243.115751045252
47,22,1240.8597,1243.206934496617
47,23,1240.973,1243.292580878474
47,24,1241.0912,1243.372972518061
47,25,1241.2137,1243.448391742611
47,26,1241.3403,1243.519120879362
47,27,1241.4703,1243.585442255549
47,28,1241.6036,1243.647638198408
47,29,1241.7395,1243.705991035176
47,30,1241.8776,1243.760783093087
47,31,1242.0175,1243.812296699377
47,32,1242.1587,1243.860814181284
47,33,1242.3008,1243.906617866042
47,34,1242.4435,1243.949990080887
47,35,1242.5862,1243.991213153056
47,36,1242.7286,1244.030569409784
47,37,1242.87,1244.068341178307
47,38,1243.0104,1244.104810785861
47,39,1243.1489,1244.140260559682
47,40,1243.2854,1244.174972827006
47,41,1243.4194,1244.209229915068
47,42,1243.5505,1244.243314151105
47,43,1243.6781,1244.277507862352
47,44,1243.8019,1244.312093376045
47,45,1243.9215,1244.347353019421
47,46,1244.0364,1244.383569119715
47,47,1244.1461,1244.421024004163
47,48,1244.2505,1244.46
47,49,1244.3486,1244.50072362188
47,50,1244.4424,1244.543198134119
47,51,1244.5374,1244.58737098845
47,52,1244.6371,1244.633189636607
47,53,1244.7415,1244.680601530323
47,54,1244.8495,1244.729554121332
47,55,1244.9612,1244.779994861366
47,56,1245.0757,1244.83187120216
47,57,1245.1925,1244.885130595446
47,58,1245.3113,1244.939720492958
47,59,1245.4313,1244.99558834643
47,60,1245.5521,1245.052681607594
47,61,1245.6732,1245.110947728184
47,62,1245.7943,1245.170334159933
47,63,1245.9146,1245.230788354575
47,64,1246.0336,1245.292257763843
47,65,1246.1508,1245.35468983947
47,66,1246.2659,1245.41803203319
47,67,1246.3782,1245.482231796736
47,68,1246.4872,1245.547236581842
47,69,1246.5925,1245.61299384024
47,70,1246.6935,1245.679451023664
47,71,1246.7897,1245.746555583848
47,72,1246.8806,1245.814254972524
47,73,1246.9657,1245.882496641427
47,74,1247.0446,1245.951228042289
47,75,1247.1167,1246.020396626844
47,76,1247.1814,1246.089949846826
47,77,1247.2383,1246.159835153966
47,78,1247.287,1246.23
47,79,1247.3268,1246.30040301258
47,80,1247.3589,1246.371047523038
47,81,1247.3881,1246.441948038625
47,82,1247.4176,1246.513119066595
47,83,1247.4481,1246.584575114197
47,84,1247.479,1246.656330688685
47,85,1247.5105,1246.728400297309
47,86,1247.5427,1246.800798447322
47,87,1247.5753,1246.873539645976
47,88,1247.6085,1246.946638400522
47,89,1247.6422,1247.020109218212
47,90,1247.6765,1247.093966606298
47,91,1247.7112,1247.168225072031
47,92,1247.7463,1247.242899122664
47,93,1247.7819,1247.318003265448
47,94,1247.8179,1247.393552007635
47,95,1247.8544,1247.469559856477
47,96,1247.8911,1247.546041319225
47,97,1247.9282,1247.623010903131
47,98,1247.9658,1247.700483115447
47,99,1248.0037,1247.778472463426
47,100,1248.0417,1247.856993454318
47,101,1248.0802,1247.936060595375
47,102,1248.1189,1248.015688393849
47,103,1248.1578,1248.095891356993
47,104,1248.1971,1248.176683992057
47,105,1248.2366,1248.258080806293
47,106,1248.276,1248.340096306954
47,107,1248.3159,1248.422745001291
47,108,1248.3558,1248.506041396556
47,109,1248.396,1248.59
47,110,1248.4362,1248.674613489346
47,111,1248.4762,1248.759787224194
47,112,1248.5153,1248.845404734617
47,113,1248.5527,1248.931349550686
47,114,1248.5886,1249.017505202473
47,115,1248.6232,1249.103755220048
47,116,1248.6562,1249.189983133484
47,117,1248.6882,1249.276072472851
47,118,1248.7189,1249.361906768223
47,119,1248.7485,1249.447369549669
47,120,1248.7772,1249.532344347261
47,121,1248.8049,1249.616714691072
47,122,1248.8318,1249.700364111172
47,123,1248.858,1249.783176137633
47,124,1248.8835,1249.865034300527
47,125,1248.9086,1249.945822129925
47,126,1248.933,1250.025423155898
47,127,1248.957,1250.103720908518
47,128,1248.9808,1250.180598917857
47,129,1249.0043,1250.255940713986
47,130,1249.0278,1250.329629826976
47,131,1249.0511,1250.4015497869
47,132,1249.0746,1250.471584123828
47,133,1249.098,1250.539616367832
47,134,1249.1218,1250.605530048984
47,135,1249.1458,1250.669208697355
47,136,1249.17,1250.730535843017
47,137,1249.195,1250.789395016041
47,138,1249.2203,1250.845669746498
47,139,1249.2465,1250.899243564461
47,140,1249.2732,1250.95
47,141,1249.3008,1250.997930712141
47,142,1249.3291,1251.043459875724
47,143,1249.3586,1251.087119794543
47,144,1249.389,1251.129442772392
47,145,1249.4207,1251.170961113063
47,146,1249.4534,1251.212207120352
47,147,1249.4873,1251.253713098052
47,148,1249.5227,1251.296011349956
47,149,1249.5596,1251.339634179858
47,150,1249.5979,1251.385113891553
47,151,1249.6378,1251.432982788834
47,152,1249.6794,1251.483773175495
47,153,1249.7229,1251.538017355329
47,154,1249.7681,1251.59624763213
47,155,1249.8152,1251.658996309693
47,156,1249.8643,1251.72679569181
47,157,1249.9155,1251.800178082276
47,158,1249.9689,1251.879675784885
47,159,1250.0245,1251.96582110343
47,160,1250.0824,1252.059146341704
47,161,1250.1427,1252.160183803503
47,162,1250.2054,1252.269465792619
47,163,1250.2709,1252.387524612846
47,164,1250.3387,1252.514892567979
47,165,1250.4095,1252.65210196181
47,166,1250.483,1252.799685098134
47,167,1250.5593,1252.958174280745
47,168,1250.6387,1253.128101813435
47,169,1250.721,1253.31
47,170,1250.8063,1253.504231947576
47,171,1250.8962,1253.710483976672
47,172,1250.9946,1253.928273211141
47,173,1251.1041,1254.157116774837
47,174,1251.2245,1254.396531791611
47,175,1251.3551,1254.646035385317
47,176,1251.4954,1254.905144679807
47,177,1251.6449,1255.173376798934
47,178,1251.8031,1255.450248866551
47,179,1251.9695,1255.73527800651
47,180,1252.1437,1256.027981342665
47,181,1252.325,1256.327875998868
47,182,1252.5131,1256.634479098971
47,183,1252.7073,1256.947307766829
47,184,1252.9072,1257.265879126292
47,185,1253.1125,1257.589710301214
47,186,1253.3225,1257.918318415448
47,187,1253.5366,1258.251220592846
47,188,1253.7545,1258.587933957263
47,189,1253.9757,1258.927975632548
47,190,1254.1996,1259.270862742557
47,191,1254.4258,1259.616112411141
47,192,1254.6538,1259.963241762154
47,193,1254.883,1260.311767919447
47,194,1255.113,1260.661208006874
47,195,1255.3435,1261.011079148288
47,196,1255.5736,1261.360898467541
47,197,1255.8032,1261.710183088486
47,198,1256.0317,1262.058450134975
47,199,1256.2587,1262.405216730863
47,200,1256.4834,1262.75
47,201,1256.7058,1263.09240646678
47,202,1256.9253,1263.432400257749
47,203,1257.1432,1263.770034899996
47,204,1257.36,1264.105363920607
47,205,1257.5758,1264.438440846671
47,206,1257.7908,1264.769319205273
47,207,1258.0048,1265.098052523501
47,208,1258.2179,1265.424694328442
47,209,1258.4302,1265.749298147183
47,210,1258.6416,1266.071917506812
47,211,1258.8524,1266.392605934416
47,212,1259.0624,1266.711416957081
47,213,1259.2717,1267.028404101896
47,214,1259.4802,1267.343620895946
47,215,1259.6882,1267.65712086632
47,216,1259.8955,1267.968957540104
47,217,1260.1023,1268.279184444387
47,218,1260.3085,1268.587855106253
47,219,1260.5142,1268.895023052792
47,220,1260.7194,1269.20074181109
47,221,1260.9241,1269.505064908234
47,222,1261.1283,1269.808045871312
47,223,1261.3323,1270.109738227411
47,224,1261.5358,1270.410195503617
47,225,1261.739,1270.709471227018
47,226,1261.9419,1271.007618924702
47,227,1262.1444,1271.304692123754
47,228,1262.3468,1271.600744351264
47,229,1262.549,1271.895829134316
47,230,1262.7509,1272.19
47,231,1262.9526,1272.483326653522
47,232,1263.1538,1272.775943512573
47,233,1263.3527,1273.068001172964
47,234,1263.5482,1273.359650230506
47,235,1263.7411,1273.651041281009
47,236,1263.9312,1273.942324920284
47,237,1264.119,1274.233651744142
47,238,1264.3049,1274.525172348395
47,239,1264.4893,1274.817037328853
47,240,1264.6724,1275.109397281326
47,241,1264.8545,1275.402402801627
47,242,1265.0361,1275.696204485565
47,243,1265.2173,1275.990952928951
47,244,1265.3986,1276.286798727597
47,245,1265.5802,1276.583892477313
47,246,1265.7625,1276.88238477391
47,247,1265.9457,1277.182426213199
47,248,1266.1304,1277.484167390991
47,249,1266.3167,1277.787758903097
47,250,1266.5049,1278.093351345327
47,251,1266.6954,1278.401095313493
47,252,1266.8884,1278.711141403406
47,253,1267.0846,1279.023640210876
47,254,1267.2839,1279.338742331714
47,255,1267.4869,1279.65659836173
47,256,1267.6937,1279.977358896737
47,257,1267.9047,1280.301174532545
47,258,1268.1202,1280.628195864964
47,259,1268.3406,1280.958573489806
47,260,1268.5662,1281.292458002881
47,261,1268.7972,1281.63
47,262,1269.0339,1281.971310301226
47,263,1269.2762,1282.316340623625
47,264,1269.5227,1282.665002908517
47,265,1269.772,1283.017209097218
47,266,1270.0242,1283.372871131049
47,267,1270.2793,1283.731900951327
47,268,1270.5374,1284.09421049937
47,269,1270.7986,1284.459711716498
47,270,1271.0627,1284.828316544028
47,271,1271.3298,1285.199936923278
47,272,1271.6,1285.574484795568
47,273,1271.8732,1285.951872102215
47,274,1272.1495,1286.332010784539
47,275,1272.429,1286.714812783856
47,276,1272.7115,1287.100190041487
47,277,1272.9972,1287.488054498749
47,278,1273.286,1287.878318096961
47,279,1273.5779,1288.27089277744
47,280,1273.8732,1288.665690481506
47,281,1274.1715,1289.062623150477
47,282,1274.4729,1289.461602725671
47,283,1274.7778,1289.862541148407
47,284,1275.0858,1290.265350360002
47,285,1275.3971,1290.669942301776
47,286,1275.7117,1291.076228915048
47,287,1276.0293,1291.484122141134
47,288,1276.3505,1291.893533921354
47,289,1276.6748,1292.304376197026
47,290,1277.0026,1292.716560909469
48,0,1234.4327,1239.908559267027
48,1,1234.5306,1240.100299513874
48,2,1234.6301,1240.290084429472
48,3,1234.731,1240.477601927919
48,4,1234.8331,1240.662539923313
48,5,1234.936,1240.844586329752
48,6,1235.0398,1241.023429061332
48,7,1235.1442,1241.198756032152
48,8,1235.2489,1241.370255156309
48,9,1235.3536,1241.537614347901
48,10,1235.4583,1241.700521521026
48,11,1235.5627,1241.85866458978
48,12,1235.6666,1242.011731468262
48,13,1235.7698,1242.159410070568
48,14,1235.8721,1242.301388310798
48,15,1235.9731,1242.437354103048
48,16,1236.073,1242.566995361417
48,17,1236.1713,1242.69
48,18,1236.2677,1242.806155001753
48,19,1236.3635,1242.915643625056
48,20,1236.4633,1243.018748197144
48,21,1236.5695,1243.115751045252
48,22,1236.6818,1243.206934496617
48,23,1236.7997,1243.292580878474
48,24,1236.9229,1243.372972518061
48,25,1237.0505,1243.448391742611
48,26,1237.1826,1243.519120879362
48,27,1237.3184,1243.585442255549
48,28,1237.4575,1243.647638198408
48,29,1237.5994,1243.705991035176
48,30,1237.7437,1243.760783093087
48,31,1237.8896,1243.812296699377
48,32,1238.0374,1243.860814181284
48,33,1238.1859,1243.906617866042
48,34,1238.3352,1243.949990080887
48,35,1238.4844,1243.991213153056
48,36,1238.633,1244.030569409784
48,37,1238.781,1244.068341178307
48,38,1238.9276,1244.104810785861
48,39,1239.0725,1244.140260559682
48,40,1239.2151,1244.174972827006
48,41,1239.355,1244.209229915068
48,42,1239.4917,1244.243314151105
48,43,1239.6249,1244.277507862352
48,44,1239.754,1244.312093376045
48,45,1239.8787,1244.347353019421
48,46,1239.9983,1244.383569119715
48,47,1240.1125,1244.421024004163
48,48,1240.221,1244.46
48,49,1240.323,1244.50072362188
48,50,1240.4202,1244.543198134119
48,51,1240.5188,1244.58737098845
48,52,1240.6224,1244.633189636607
48,53,1240.7306,1244.680601530323
48,54,1240.843,1244.729554121332
48,55,1240.9587,1244.779994861366
48,56,1241.0776,1244.83187120216
48,57,1241.1989,1244.885130595446
48,58,1241.322,1244.939720492958
48,59,1241.4465,1244.99558834643
48,60,1241.5718,1245.052681607594
48,61,1241.6974,1245.110947728184
48,62,1241.8228,1245.170334159933
48,63,1241.9473,1245.230788354575
48,64,1242.0706,1245.292257763843
48,65,1242.1919,1245.35468983947
48,66,1242.3108,1245.41803203319
48,67,1242.4269,1245.482231796736
48,68,1242.5396,1245.547236581842
48,69,1242.6482,1245.61299384024
48,70,1242.7522,1245.679451023664
48,71,1242.8513,1245.746555583848
48,72,1242.9448,1245.814254972524
48,73,1243.0323,1245.882496641427
48,74,1243.1132,1245.951228042289
48,75,1243.1869,1246.020396626844
48,76,1243.2529,1246.089949846826
48,77,1243.3109,1246.159835153966
48,78,1243.3601,1246.23
48,79,1243.4,1246.30040301258
48,80,1243.432,1246.371047523038
48,81,1243.4608,1246.441948038625
48,82,1243.4904,1246.513119066595
48,83,1243.5204,1246.584575114197
48,84,1243.551,1246.656330688685
48,85,1243.5822,1246.728400297309
48,86,1243.6138,1246.800798447322
48,87,1243.646,1246.873539645976
48,88,1243.6788,1246.946638400522
48,89,1243.7122,1247.020109218212
48,90,1243.7457,1247.093966606298
48,91,1243.7799,1247.168225072031
48,92,1243.8146,1247.242899122664
48,93,1243.8495,1247.318003265448
48,94,1243.8849,1247.393552007635
48,95,1243.9207,1247.469559856477
48,96,1243.9569,1247.546041319225
48,97,1243.9934,1247.623010903131
48,98,1244.0303,1247.700483115447
48,99,1244.0674,1247.778472463426
48,100,1244.1049,1247.856993454318
48,101,1244.1426,1247.936060595375
48,102,1244.1807,1248.015688393849
48,103,1244.2189,1248.095891356993
48,104,1244.2574,1248.176683992057
48,105,1244.2961,1248.258080806293
48,106,1244.3351,1248.340096306954
48,107,1244.3741,1248.422745001291
48,108,1244.4133,1248.506041396556
48,109,1244.4528,1248.59
48,110,1244.4923,1248.674613489346
48,111,1244.5316,1248.759787224194
48,112,1244.57,1248.845404734617
48,113,1244.6064,1248.931349550686
48,114,1244.6414,1249.017505202473
48,115,1244.6748,1249.103755220048
48,116,1244.7068,1249.189983133484
48,117,1244.7374,1249.276072472851
48,118,1244.7667,1249.361906768223
48,119,1244.795,1249.447369549669
48,120,1244.8223,1249.532344347261
48,121,1244.8484,1249.616714691072
48,122,1244.8739,1249.700364111172
48,123,1244.8986,1249.783176137633
48,124,1244.9224,1249.865034300527
48,125,1244.9458,1249.945822129925
48,126,1244.9688,1250.025423155898
48,127,1244.9913,1250.103720908518
48,128,1245.0135,1250.180598917857
48,129,1245.0355,1250.255940713986
48,130,1245.0575,1250.329629826976
48,131,1245.0795,1250.4015497869
48,132,1245.1016,1250.471584123828
48,133,1245.1237,1250.539616367832
48,134,1245.1462,1250.605530048984
48,135,1245.1691,1250.669208697355
48,136,1245.1925,1250.730535843017
48,137,1245.2164,1250.789395016041
48,138,1245.2411,1250.845669746498
48,139,1245.2664,1250.899243564461
48,140,1245.2926,1250.95
48,141,1245.3197,1250.997930712141
48,142,1245.3479,1251.043459875724
48,143,1245.3772,1251.087119794543
48,144,1245.4077,1251.129442772392
48,145,1245.4395,1251.170961113063
48,146,1245.4725,1251.212207120352
48,147,1245.5071,1251.253713098052
48,148,1245.543,1251.296011349956
48,149,1245.5803,1251.339634179858
48,150,1245.6195,1251.385113891553
48,151,1245.6602,1251.432982788834
48,152,1245.7026,1251.483773175495
48,153,1245.7468,1251.538017355329
48,154,1245.7931,1251.59624763213
48,155,1245.8411,1251.658996309693
48,156,1245.8912,1251.72679569181
48,157,1245.9435,1251.800178082276
48,158,1245.9977,1251.879675784885
48,159,1246.0543,1251.96582110343
48,160,1246.1132,1252.059146341704
48,161,1246.1744,1252.160183803503
48,162,1246.238,1252.269465792619
48,163,1246.3042,1252.387524612846
48,164,1246.3728,1252.514892567979
48,165,1246.4442,1252.65210196181
48,166,1246.5182,1252.799685098134
48,167,1246.595,1252.958174280745
48,168,1246.6746,1253.128101813435
48,169,1246.7571,1253.31
48,170,1246.8425,1253.504231947576
48,171,1246.9325,1253.710483976672
48,172,1247.031,1253.928273211141
48,173,1247.1411,1254.157116774837
48,174,1247.2622,1254.396531791611
48,175,1247.3936,1254.646035385317
48,176,1247.535,1254.905144679807
48,177,1247.6858,1255.173376798934
48,178,1247.8455,1255.450248866551
48,179,1248.0135,1255.73527800651
48,180,1248.1896,1256.027981342665
48,181,1248.3729,1256.327875998868
48,182,1248.5632,1256.634479098971
48,183,1248.7598,1256.947307766829
48,184,1248.9623,1257.265879126292
48,185,1249.17,1257.589710301214
48,186,1249.3828,1257.918318415448
48,187,1249.6,1258.251220592846
48,188,1249.8208,1258.587933957263
48,189,1250.045,1258.927975632548
48,190,1250.2721,1259.270862742557
48,191,1250.5016,1259.616112411141
48,192,1250.7329,1259.963241762154
48,193,1250.9656,1260.311767919447
48,194,1251.1991,1260.661208006874
48,195,1251.4331,1261.011079148288
48,196,1251.6669,1261.360898467541
48,197,1251.9,1261.710183088486
48,198,1252.1322,1262.058450134975
48,199,1252.3628,1262.405216730863
48,200,1252.5912,1262.75
48,201,1252.8173,1263.09240646678
48,202,1253.0405,1263.432400257749
48,203,1253.2621,1263.770034899996
48,204,1253.4828,1264.105363920607
48,205,1253.7025,1264.438440846671
48,206,1253.9213,1264.769319205273
48,207,1254.1392,1265.098052523501
48,208,1254.3563,1265.424694328442
48,209,1254.5728,1265.749298147183
48,210,1254.7882,1266.071917506812
48,211,1255.003,1266.392605934416
48,212,1255.217,1266.711416957081
48,213,1255.4304,1267.028404101896
48,214,1255.6432,1267.343620895946
48,215,1255.8553,1267.65712086632
48,216,1256.0668,1267.968957540104
48,217,1256.2777,1268.279184444387
48,218,1256.4883,1268.587855106253
48,219,1256.6981,1268.895023052792
48,220,1256.9075,1269.20074181109
48,221,1257.1165,1269.505064908234
48,222,1257.3251,1269.808045871312
48,223,1257.5332,1270.109738227411
48,224,1257.741,1270.410195503617
48,225,1257.9485,1270.709471227018
48,226,1258.1556,1271.007618924702
48,227,1258.3625,1271.304692123754
48,228,1258.5691,1271.600744351264
48,229,1258.7755,1271.895829134316
48,230,1258.9818,1272.19
48,231,1259.1879,1272.483326653522
48,232,1259.3932,1272.775943512573
48,233,1259.5961,1273.068001172964
48,234,1259.7954,1273.359650230506
48,235,1259.9915,1273.651041281009
48,236,1260.1846,1273.942324920284
48,237,1260.3752,1274.233651744142
48,238,1260.5638,1274.525172348395
48,239,1260.7506,1274.817037328853
48,240,1260.936,1275.109397281326
48,241,1261.1205,1275.402402801627
48,242,1261.3042,1275.696204485565
48,243,1261.4877,1275.990952928951
48,244,1261.6711,1276.286798727597
48,245,1261.8551,1276.583892477313
48,246,1262.0399,1276.88238477391
48,247,1262.226,1277.182426213199
48,248,1262.4133,1277.484167390991
48,249,1262.6028,1277.787758903097
48,250,1262.7946,1278.093351345327
48,251,1262.9889,1278.401095313493
48,252,1263.1863,1278.711141403406
48,253,1263.3871,1279.023640210876
48,254,1263.5916,1279.338742331714
48,255,1263.8002,1279.65659836173
48,256,1264.0133,1279.977358896737
48,257,1264.2313,1280.301174532545
48,258,1264.4545,1280.628195864964
48,259,1264.6831,1280.958573489806
48,260,1264.9178,1281.292458002881
48,261,1265.1587,1281.63
48,262,1265.4062,1281.971310301226
48,263,1265.6602,1282.316340623625
48,264,1265.9188,1282.665002908517
48,265,1266.1809,1283.017209097218
48,266,1266.4464,1283.372871131049
48,267,1266.7155,1283.731900951327
48,268,1266.9878,1284.09421049937
48,269,1267.2637,1284.459711716498
48,270,1267.5431,1284.828316544028
48,271,1267.8259,1285.199936923278
48,272,1268.1124,1285.574484795568
48,273,1268.4022,1285.951872102215
48,274,1268.6958,1286.332010784539
48,275,1268.9928,1286.714812783856
48,276,1269.2935,1287.100190041487
48,277,1269.5975,1287.488054498749
48,278,1269.9053,1287.878318096961
48,279,1270.2166,1288.27089277744
48,280,1270.5315,1288.665690481506
48,281,1270.85,1289.062623150477
48,282,1271.1721,1289.461602725671
48,283,1271.4978,1289.862541148407
48,284,1271.8273,1290.265350360002
48,285,1272.1602,1290.669942301776
48,286,1272.4968,1291.076228915048
48,287,1272.8369,1291.484122141134
48,288,1273.1808,1291.893533921354
48,289,1273.5283,1292.304376197026
48,290,1273.8794,1292.716560909469
49,0,1229.4412,1239.908559267027
49,1,1229.5334,1240.100299513874
49,2,1229.6272,1240.290084429472
49,3,1229.7223,1240.477601927919
49,4,1229.8184,1240.662539923313
49,5,1229.9153,1240.844586329752
49,6,1230.0128,1241.023429061332
49,7,1230.1105,1241.198756032152
49,8,1230.2085,1241.370255156309
49,9,1230.306,1241.537614347901
49,10,1230.4034,1241.700521521026
49,11,1230.5,1241.85866458978
49,12,1230.5958,1242.011731468262
49,13,1230.6903,1242.159410070568
49,14,1230.7836,1242.301388310798
49,15,1230.8752,1242.437354103048
49,16,1230.965,1242.566995361417
49,17,1231.0526,1242.69
49,18,1231.1378,1242.806155001753
49,19,1231.2216,1242.915643625056
49,20,1231.307,1243.018748197144
49,21,1231.3965,1243.115751045252
49,22,1231.4897,1243.206934496617
49,23,1231.5862,1243.292580878474
49,24,1231.6857,1243.372972518061
49,25,1231.7878,1243.448391742611
49,26,1231.8925,1243.519120879362
49,27,1231.9988,1243.585442255549
49,28,1232.1069,1243.647638198408
49,29,1232.2164,1243.705991035176
49,30,1232.3268,1243.760783093087
49,31,1232.4379,1243.812296699377
49,32,1232.5492,1243.860814181284
49,33,1232.6606,1243.906617866042
49,34,1232.7715,1243.949990080887
49,35,1232.8818,1243.991213153056
49,36,1232.9911,1244.030569409784
49,37,1233.099,1244.068341178307
49,38,1233.2052,1244.104810785861
49,39,1233.3094,1244.140260559682
49,40,1233.4114,1244.174972827006
49,41,1233.5105,1244.209229915068
49,42,1233.6067,1244.243314151105
49,43,1233.6996,1244.277507862352
49,44,1233.789,1244.312093376045
49,45,1233.8743,1244.347353019421
49,46,1233.9553,1244.383569119715
49,47,1234.0317,1244.421024004163
49,48,1234.1033,1244.46
49,49,1234.1694,1244.50072362188
49,50,1234.2313,1244.543198134119
49,51,1234.2932,1244.58737098845
49,52,1234.3583,1244.633189636607
49,53,1234.4259,1244.680601530323
49,54,1234.4961,1244.729554121332
49,55,1234.5682,1244.779994861366
49,56,1234.6423,1244.83187120216
49,57,1234.7179,1244.885130595446
49,58,1234.7946,1244.939720492958
49,59,1234.8722,1244.99558834643
49,60,1234.9506,1245.052681607594
49,61,1235.0292,1245.110947728184
49,62,1235.1079,1245.170334159933
49,63,1235.1864,1245.230788354575
49,64,1235.2643,1245.292257763843
49,65,1235.3413,1245.35468983947
49,66,1235.4174,1245.41803203319
49,67,1235.492,1245.482231796736
49,68,1235.5648,1245.547236581842
49,69,1235.6357,1245.61299384024
49,70,1235.7043,1245.679451023664
49,71,1235.7704,1245.746555583848
49,72,1235.8337,1245.814254972524
49,73,1235.8939,1245.882496641427
49,74,1235.9507,1245.951228042289
49,75,1236.0039,1246.020396626844
49,76,1236.053,1246.089949846826
49,77,1236.0979,1246.159835153966
49,78,1236.1383,1246.23
49,79,1236.174,1246.30040301258
49,80,1236.2052,1246.371047523038
49,81,1236.2352,1246.441948038625
49,82,1236.2659,1246.513119066595
49,83,1236.297,1246.584575114197
49,84,1236.329,1246.656330688685
49,85,1236.3616,1246.728400297309
49,86,1236.3947,1246.800798447322
49,87,1236.4283,1246.873539645976
49,88,1236.4626,1246.946638400522
49,89,1236.4976,1247.020109218212
49,90,1236.5328,1247.093966606298
49,91,1236.5687,1247.168225072031
49,92,1236.605,1247.242899122664
49,93,1236.6418,1247.318003265448
49,94,1236.6792,1247.393552007635
49,95,1236.7168,1247.469559856477
49,96,1236.7549,1247.546041319225
49,97,1236.7933,1247.623010903131
49,98,1236.8323,1247.700483115447
49,99,1236.8715,1247.778472463426
49,100,1236.9109,1247.856993454318
49,101,1236.9507,1247.936060595375
49,102,1236.9907,1248.015688393849
49,103,1237.0311,1248.095891356993
49,104,1237.0718,1248.176683992057
49,105,1237.1127,1248.258080806293
49,106,1237.1537,1248.340096306954
49,107,1237.1948,1248.422745001291
49,108,1237.2363,1248.506041396556
49,109,1237.2778,1248.59
49,110,1237.3195,1248.674613489346
49,111,1237.361,1248.759787224194
49,112,1237.4014,1248.845404734617
49,113,1237.4401,1248.931349550686
49,114,1237.4769,1249.017505202473
49,115,1237.5125,1249.103755220048
49,116,1237.5465,1249.189983133484
49,117,1237.5791,1249.276072472851
49,118,1237.6105,1249.361906768223
49,119,1237.6406,1249.447369549669
49,120,1237.6698,1249.532344347261
49,121,1237.698,1249.616714691072
49,122,1237.7252,1249.700364111172
49,123,1237.7517,1249.783176137633
49,124,1237.7775,1249.865034300527
49,125,1237.8026,1249.945822129925
49,126,1237.8273,1250.025423155898
49,127,1237.8516,1250.103720908518
49,128,1237.8755,1250.180598917857
49,129,1237.8993,1250.255940713986
49,130,1237.9229,1250.329629826976
49,131,1237.9465,1250.4015497869
49,132,1237.9701,1250.471584123828
49,133,1237.994,1250.539616367832
49,134,1238.0181,1250.605530048984
49,135,1238.0425,1250.669208697355
49,136,1238.0674,1250.730535843017
49,137,1238.0928,1250.789395016041
49,138,1238.1189,1250.845669746498
49,139,1238.1458,1250.899243564461
49,140,1238.1732,1250.95
49,141,1238.2018,1250.997930712141
49,142,1238.2314,1251.043459875724
49,143,1238.2621,1251.087119794543
49,144,1238.294,1251.129442772392
49,145,1238.3271,1251.170961113063
49,146,1238.3616,1251.212207120352
49,147,1238.3975,1251.253713098052
49,148,1238.4348,1251.296011349956
49,149,1238.4739,1251.339634179858
49,150,1238.5144,1251.385113891553
49,151,1238.5566,1251.432982788834
49,152,1238.6008,1251.483773175495
49,153,1238.6467,1251.538017355329
49,154,1238.6946,1251.59624763213
49,155,1238.7445,1251.658996309693
49,156,1238.7964,1251.72679569181
49,157,1238.8506,1251.800178082276
49,158,1238.907,1251.879675784885
49,159,1238.9657,1251.96582110343
49,160,1239.0267,1252.059146341704
49,161,1239.0903,1252.160183803503
49,162,1239.1562,1252.269465792619
49,163,1239.2249,1252.387524612846
49,164,1239.2963,1252.514892567979
49,165,1239.3702,1252.65210196181
49,166,1239.4471,1252.799685098134
49,167,1239.527,1252.958174280745
49,168,1239.6097,1253.128101813435
49,169,1239.6956,1253.31
49,170,1239.7845,1253.504231947576
49,171,1239.8773,1253.710483976672
49,172,1239.9766,1253.928273211141
49,173,1240.084,1254.157116774837
49,174,1240.1989,1254.396531791611
49,175,1240.3213,1254.646035385317
49,176,1240.4507,1254.905144679807
49,177,1240.5868,1255.173376798934
49,178,1240.7294,1255.450248866551
49,179,1240.8779,1255.73527800651
49,180,1241.0322,1256.027981342665
49,181,1241.1919,1256.327875998868
49,182,1241.3566,1256.634479098971
49,183,1241.5261,1256.947307766829
49,184,1241.6998,1257.265879126292
49,185,1241.8777,1257.589710301214
49,186,1242.0594,1257.918318415448
49,187,1242.2444,1258.251220592846
49,188,1242.4325,1258.587933957263
49,189,1242.6233,1258.927975632548
49,190,1242.8165,1259.270862742557
49,191,1243.012,1259.616112411141
49,192,1243.2091,1259.963241762154
49,193,1243.4076,1260.311767919447
49,194,1243.6073,1260.661208006874
49,195,1243.808,1261.011079148288
49,196,1244.009,1261.360898467541
49,197,1244.2102,1261.710183088486
49,198,1244.4114,1262.058450134975
49,199,1244.612,1262.405216730863
49,200,1244.812,1262.75
49,201,1245.0109,1263.09240646678
49,202,1245.2085,1263.432400257749
49,203,1245.4049,1263.770034899996
49,204,1245.6002,1264.105363920607
49,205,1245.7948,1264.438440846671
49,206,1245.9883,1264.769319205273
49,207,1246.1809,1265.098052523501
49,208,1246.3726,1265.424694328442
49,209,1246.5635,1265.749298147183
49,210,1246.7534,1266.071917506812
49,211,1246.9429,1266.392605934416
49,212,1247.1313,1266.711416957081
49,213,1247.3192,1267.028404101896
49,214,1247.5065,1267.343620895946
49,215,1247.693,1267.65712086632
49,216,1247.8789,1267.968957540104
49,217,1248.0643,1268.279184444387
49,218,1248.2491,1268.587855106253
49,219,1248.4335,1268.895023052792
49,220,1248.6174,1269.20074181109
49,221,1248.8009,1269.505064908234
49,222,1248.9839,1269.808045871312
49,223,1249.1665,1270.109738227411
49,224,1249.3489,1270.410195503617
49,225,1249.5309,1270.709471227018
49,226,1249.7126,1271.007618924702
49,227,1249.8943,1271.304692123754
49,228,1250.0756,1271.600744351264
49,229,1250.2567,1271.895829134316
49,230,1250.4377,1272.19
49,231,1250.6187,1272.483326653522
49,232,1250.7987,1272.775943512573
49,233,1250.9758,1273.068001172964
49,234,1251.1484,1273.359650230506
49,235,1251.317,1273.651041281009
49,236,1251.482,1273.942324920284
49,237,1251.644,1274.233651744142
49,238,1251.8035,1274.525172348395
49,239,1251.9608,1274.817037328853
49,240,1252.1163,1275.109397281326
49,241,1252.2708,1275.402402801627
49,242,1252.4244,1275.696204485565
49,243,1252.578,1275.990952928951
49,244,1252.7316,1276.286798727597
49,245,1252.886,1276.583892477313
49,246,1253.0415,1276.88238477391
49,247,1253.1987,1277.182426213199
49,248,1253.358,1277.484167390991
49,249,1253.5198,1277.787758903097
49,250,1253.6846,1278.093351345327
49,251,1253.8529,1278.401095313493
49,252,1254.0253,1278.711141403406
49,253,1254.2019,1279.023640210876
49,254,1254.3835,1279.338742331714
49,255,1254.5704,1279.65659836173
49,256,1254.7632,1279.977358896737
49,257,1254.9622,1280.301174532545
49,258,1255.1678,1280.628195864964
49,259,1255.3807,1280.958573489806
49,260,1255.6013,1281.292458002881
49,261,1255.83,1281.63
49,262,1256.067,1281.971310301226
49,263,1256.3125,1282.316340623625
49,264,1256.564,1282.665002908517
49,265,1256.82,1283.017209097218
49,266,1257.0801,1283.372871131049
49,267,1257.345,1283.731900951327
49,268,1257.6141,1284.09421049937
49,269,1257.8878,1284.459711716498
49,270,1258.166,1284.828316544028
49,271,1258.4486,1285.199936923278
49,272,1258.7358,1285.574484795568
49,273,1259.0277,1285.951872102215
49,274,1259.3241,1286.332010784539
49,275,1259.625,1286.714812783856
49,276,1259.9305,1287.100190041487
49,277,1260.2408,1287.488054498749
49,278,1260.5557,1287.878318096961
49,279,1260.8751,1288.27089277744
49,280,1261.1993,1288.665690481506
49,281,1261.5282,1289.062623150477
49,282,1261.8617,1289.461602725671
49,283,1262.2001,1289.862541148407
49,284,1262.543,1290.265350360002
49,285,1262.8909,1290.669942301776
49,286,1263.2433,1291.076228915048
49,287,1263.6006,1291.484122141134
49,288,1263.9625,1291.893533921354
49,289,1264.3293,1292.304376197026
49,290,1264.7009,1292.716560909469
50,0,1232.539,1239.908559267027
50,1,1232.6603,1240.100299513874
50,2,1232.7828,1240.290084429472
50,3,1232.9065,1240.477601927919
50,4,1233.031,1240.662539923313
50,5,1233.156,1240.844586329752
50,6,1233.2814,1241.023429061332
50,7,1233.4069,1241.198756032152
50,8,1233.5321,1241.370255156309
50,9,1233.6571,1241.537614347901
50,10,1233.7812,1241.700521521026
50,11,1233.9045,1241.85866458978
50,12,1234.0267,1242.011731468262
50,13,1234.1477,1242.159410070568
50,14,1234.267,1242.301388310798
50,15,1234.3843,1242.437354103048
50,16,1234.4995,1242.566995361417
50,17,1234.6125,1242.69
50,18,1234.7229,1242.806155001753
50,19,1234.8318,1242.915643625056
50,20,1234.9434,1243.018748197144
50,21,1235.0605,1243.115751045252
50,22,1235.1827,1243.206934496617
50,23,1235.3094,1243.292580878474
50,24,1235.4407,1243.372972518061
50,25,1235.5756,1243.448391742611
50,26,1235.7139,1243.519120879362
50,27,1235.8552,1243.585442255549
50,28,1235.9993,1243.647638198408
50,29,1236.1455,1243.705991035176
50,30,1236.2935,1243.760783093087
50,31,1236.4429,1243.812296699377
50,32,1236.5933,1243.860814181284
50,33,1236.7443,1243.906617866042
50,34,1236.8954,1243.949990080887
50,35,1237.0463,1243.991213153056
50,36,1237.1967,1244.030569409784
50,37,1237.3461,1244.068341178307
50,38,1237.4939,1244.104810785861
50,39,1237.64,1244.140260559682
50,40,1237.7838,1244.174972827006
50,41,1237.925,1244.209229915068
50,42,1238.0632,1244.243314151105
50,43,1238.1981,1244.277507862352
50,44,1238.3291,1244.312093376045
50,45,1238.4558,1244.347353019421
50,46,1238.578,1244.383569119715
50,47,1238.6951,1244.421024004163
50,48,1238.8068,1244.46
50,49,1238.9127,1244.50072362188
50,50,1239.0144,1244.543198134119
50,51,1239.1178,1244.58737098845
50,52,1239.2266,1244.633189636607
50,53,1239.3403,1244.680601530323
50,54,1239.4585,1244.729554121332
50,55,1239.5803,1244.779994861366
50,56,1239.7054,1244.83187120216
50,57,1239.8334,1244.885130595446
50,58,1239.9633,1244.939720492958
50,59,1240.0947,1244.99558834643
50,60,1240.2272,1245.052681607594
50,61,1240.3601,1245.110947728184
50,62,1240.4929,1245.170334159933
50,63,1240.6249,1245.230788354575
50,64,1240.7557,1245.292257763843
50,65,1240.8849,1245.35468983947
50,66,1241.0115,1245.41803203319
50,67,1241.1351,1245.482231796736
50,68,1241.2556,1245.547236581842
50,69,1241.3718,1245.61299384024
50,70,1241.4836,1245.679451023664
50,71,1241.5902,1245.746555583848
50,72,1241.6912,1245.814254972524
50,73,1241.7859,1245.882496641427
50,74,1241.8738,1245.951228042289
50,75,1241.9545,1246.020396626844
50,76,1242.0271,1246.089949846826
50,77,1242.0914,1246.159835153966
50,78,1242.1469,1246.23
50,79,1242.1926,1246.30040301258
50,80,1242.2302,1246.371047523038
50,81,1242.2643,1246.441948038625
50,82,1242.299,1246.513119066595
50,83,1242.334,1246.584575114197
50,84,1242.3693,1246.656330688685
50,85,1242.405,1246.728400297309
50,86,1242.4412,1246.800798447322
50,87,1242.4777,1246.873539645976
50,88,1242.5144,1246.946638400522
50,89,1242.5516,1247.020109218212
50,90,1242.5891,1247.093966606298
50,91,1242.627,1247.168225072031
50,92,1242.6653,1247.242899122664
50,93,1242.7039,1247.318003265448
50,94,1242.7427,1247.393552007635
50,95,1242.7819,1247.469559856477
50,96,1242.8214,1247.546041319225
50,97,1242.8612,1247.623010903131
50,98,1242.9012,1247.700483115447
50,99,1242.9417,1247.778472463426
50,100,1242.9823,1247.856993454318
50,101,1243.0233,1247.936060595375
50,102,1243.0646,1248.015688393849
50,103,1243.1062,1248.095891356993
50,104,1243.1481,1248.176683992057
50,105,1243.1902,1248.258080806293
50,106,1243.2324,1248.340096306954
50,107,1243.275,1248.422745001291
50,108,1243.3179,1248.506041396556
50,109,1243.361,1248.59
50,110,1243.4043,1248.674613489346
50,111,1243.4475,1248.759787224194
50,112,1243.49,1248.845404734617
50,113,1243.5308,1248.931349550686
50,114,1243.5703,1249.017505202473
50,115,1243.6084,1249.103755220048
50,116,1243.6453,1249.189983133484
50,117,1243.6809,1249.276072472851
50,118,1243.7155,1249.361906768223
50,119,1243.749,1249.447369549669
50,120,1243.7815,1249.532344347261
50,121,1243.8131,1249.616714691072
50,122,1243.844,1249.700364111172
50,123,1243.874,1249.783176137633
50,124,1243.9034,1249.865034300527
50,125,1243.9323,1249.945822129925
50,126,1243.9606,1250.025423155898
50,127,1243.9883,1250.103720908518
50,128,1244.0156,1250.180598917857
50,129,1244.0428,1250.255940713986
50,130,1244.0696,1250.329629826976
50,131,1244.0963,1250.4015497869
50,132,1244.123,1250.471584123828
50,133,1244.1497,1250.539616367832
50,134,1244.1763,1250.605530048984
50,135,1244.203,1250.669208697355
50,136,1244.23,1250.730535843017
50,137,1244.2572,1250.789395016041
50,138,1244.2849,1250.845669746498
50,139,1244.313,1250.899243564461
50,140,1244.3416,1250.95
50,141,1244.3706,1250.997930712141
50,142,1244.4004,1251.043459875724
50,143,1244.4308,1251.087119794543
50,144,1244.4622,1251.129442772392
50,145,1244.4944,1251.170961113063
50,146,1244.5278,1251.212207120352
50,147,1244.5624,1251.253713098052
50,148,1244.5983,1251.296011349956
50,149,1244.6356,1251.339634179858
50,150,1244.6746,1251.385113891553
50,151,1244.7152,1251.432982788834
50,152,1244.7577,1251.483773175495
50,153,1244.802,1251.538017355329
50,154,1244.8486,1251.59624763213
50,155,1244.8972,1251.658996309693
50,156,1244.9482,1251.72679569181
50,157,1245.0017,1251.800178082276
50,158,1245.0577,1251.879675784885
50,159,1245.1165,1251.96582110343
50,160,1245.178,1252.059146341704
50,161,1245.2423,1252.160183803503
50,162,1245.3097,1252.269465792619
50,163,1245.3804,1252.387524612846
50,164,1245.4545,1252.514892567979
50,165,1245.5317,1252.65210196181
50,166,1245.6127,1252.799685098134
50,167,1245.6973,1252.958174280745
50,168,1245.7856,1253.128101813435
50,169,1245.8779,1253.31
50,170,1245.9741,1253.504231947576
50,171,1246.076,1253.710483976672
50,172,1246.1879,1253.928273211141
50,173,1246.3123,1254.157116774837
50,174,1246.4487,1254.396531791611
50,175,1246.5967,1254.646035385317
50,176,1246.7556,1254.905144679807
50,177,1246.9249,1255.173376798934
50,178,1247.104,1255.450248866551
50,179,1247.2926,1255.73527800651
50,180,1247.4896,1256.027981342665
50,181,1247.695,1256.327875998868
50,182,1247.908,1256.634479098971
50,183,1248.1279,1256.947307766829
50,184,1248.3545,1257.265879126292
50,185,1248.5869,1257.589710301214
50,186,1248.8248,1257.918318415448
50,187,1249.0676,1258.251220592846
50,188,1249.3146,1258.587933957263
50,189,1249.5654,1258.927975632548
50,190,1249.8195,1259.270862742557
50,191,1250.076,1259.616112411141
50,192,1250.3347,1259.963241762154
50,193,1250.5951,1260.311767919447
50,194,1250.8563,1260.661208006874
50,195,1251.1182,1261.011079148288
50,196,1251.3799,1261.360898467541
50,197,1251.6409,1261.710183088486
50,198,1251.9009,1262.058450134975
50,199,1252.1589,1262.405216730863
50,200,1252.4149,1262.75
50,201,1252.6681,1263.09240646678
50,202,1252.9185,1263.432400257749
50,203,1253.1667,1263.770034899996
50,204,1253.4141,1264.105363920607
50,205,1253.6603,1264.438440846671
50,206,1253.9053,1264.769319205273
50,207,1254.1494,1265.098052523501
50,208,1254.3926,1265.424694328442
50,209,1254.6348,1265.749298147183
50,210,1254.8759,1266.071917506812
50,211,1255.1162,1266.392605934416
50,212,1255.3556,1266.711416957081
50,213,1255.5941,1267.028404101896
50,214,1255.8319,1267.343620895946
50,215,1256.0688,1267.65712086632
50,216,1256.3049,1267.968957540104
50,217,1256.5403,1268.279184444387
50,218,1256.775,1268.587855106253
50,219,1257.009,1268.895023052792
50,220,1257.2423,1269.20074181109
50,221,1257.475,1269.505064908234
50,222,1257.707,1269.808045871312
50,223,1257.9386,1270.109738227411
50,224,1258.1694,1270.410195503617
50,225,1258.3998,1270.709471227018
50,226,1258.6298,1271.007618924702
50,227,1258.859,1271.304692123754
50,228,1259.088,1271.600744351264
50,229,1259.3165,1271.895829134316
50,230,1259.5446,1272.19
50,231,1259.7723,1272.483326653522
50,232,1259.9993,1272.775943512573
50,233,1260.2238,1273.068001172964
50,234,1260.4448,1273.359650230506
50,235,1260.663,1273.651041281009
50,236,1260.8785,1273.942324920284
50,237,1261.0918,1274.233651744142
50,238,1261.3032,1274.525172348395
50,239,1261.5132,1274.817037328853
50,240,1261.7219,1275.109397281326
50,241,1261.9298,1275.402402801627
50,242,1262.1373,1275.696204485565
50,243,1262.3447,1275.990952928951
50,244,1262.5524,1276.286798727597
50,245,1262.7606,1276.583892477313
50,246,1262.9698,1276.88238477391
50,247,1263.1804,1277.182426213199
50,248,1263.3928,1277.484167390991
50,249,1263.6072,1277.787758903097
50,250,1263.8241,1278.093351345327
50,251,1264.0437,1278.401095313493
50,252,1264.2664,1278.711141403406
50,253,1264.4926,1279.023640210876
50,254,1264.7225,1279.338742331714
50,255,1264.9568,1279.65659836173
50,256,1265.1957,1279.977358896737
50,257,1265.4393,1280.301174532545
50,258,1265.6882,1280.628195864964
50,259,1265.9427,1280.958573489806
50,260,1266.2032,1281.292458002881
50,261,1266.47,1281.63
50,262,1266.7434,1281.971310301226
50,263,1267.0232,1282.316340623625
50,264,1267.3081,1282.665002908517
50,265,1267.5969,1283.017209097218
50,266,1267.8894,1283.372871131049
50,267,1268.1859,1283.731900951327
50,268,1268.4861,1284.09421049937
50,269,1268.7902,1284.459711716498
50,270,1269.098,1284.828316544028
50,271,1269.4095,1285.199936923278
50,272,1269.7249,1285.574484795568
50,273,1270.044,1285.951872102215
50,274,1270.3667,1286.332010784539
50,275,1270.6931,1286.714812783856
50,276,1271.0233,1287.100190041487
50,277,1271.357,1287.488054498749
50,278,1271.6945,1287.878318096961
50,279,1272.0355,1288.27089277744
50,280,1272.3801,1288.665690481506
50,281,1272.7283,1289.062623150477
50,282,1273.0801,1289.461602725671
50,283,1273.4352,1289.862541148407
50,284,1273.7941,1290.265350360002
50,285,1274.1562,1290.669942301776
50,286,1274.522,1291.076228915048
50,287,1274.8911,1291.484122141134
50,288,1275.2637,1291.893533921354
50,289,1275.6396,1292.304376197026
50,290,1276.0189,1292.716560909469
