time_index,mean,std,p05,p25,p50,p75,p95,actual
0,695.3218,1.1352478,693.6781,694.5869,695.0944,696.14496,697.3499,674.1392824027828
1,695.47144,1.1317763,693.8048,694.755,695.2394,696.2874,697.50446,674.3357946002761
2,695.61975,1.1286235,693.9371,694.9298,695.38306,696.4286,697.66,674.5325519930916
3,695.7667,1.1257988,694.08624,695.072,695.51483,696.5686,697.8142,674.7296363130034
4,695.9125,1.1232401,694.23413,695.25354,695.6486,696.7073,697.9666,674.9271292917855
5,696.057,1.1209451,694.3787,695.39954,695.7975,696.83386,698.1015,675.1251126612119
6,696.2003,1.1188841,694.51526,695.5466,695.9618,696.9551,698.2263,675.3236681530568
7,696.3424,1.1170447,694.6347,695.7025,696.1243,697.0881,698.35004,675.5228774990943
8,696.48334,1.1153747,694.7519,695.8574,696.28503,697.2235,698.47266,675.7228224310983
9,696.6231,1.113861,694.8682,696.0113,696.44403,697.3833,698.5941,675.923584680843
10,696.7618,1.1125016,694.98444,696.16425,696.60126,697.5414,698.7146,676.1252459801024
11,696.89935,1.111254,695.1005,696.31616,696.7567,697.676,698.83405,676.3278880606506
12,697.03595,1.1100891,695.21655,696.4672,696.9084,697.80554,698.95245,676.5315926542615
13,697.1714,1.1090022,695.3326,696.6173,697.0554,697.93835,699.0707,676.7364414927096
14,697.30585,1.1079615,695.4486,696.76404,697.20966,698.07117,699.18805,676.9425163077685
15,697.4393,1.106934,695.5647,696.903,697.34485,698.20306,699.3044,677.1498988312125
16,697.5717,1.1059326,695.6808,697.0413,697.4874,698.33374,699.4316,677.3586707948156
17,697.7033,1.1049095,695.80896,697.1697,697.6263,698.46344,699.5623,677.5689139303518
18,697.8339,1.1038553,695.93823,697.2905,697.7538,698.5921,699.6884,677.7807099695951
19,697.9636,1.1027544,696.067,697.4094,697.88074,698.7198,699.8012,677.9941406443199
20,698.0924,1.1015775,696.1954,697.52344,698.00696,698.8392,699.91266,678.2092876863001
21,698.2204,1.1003222,696.32324,697.6373,698.1326,698.95135,700.02295,678.4262328273096
22,698.3476,1.0989554,696.4508,697.751,698.2577,699.0632,700.1321,678.6450577991227
23,698.474,1.0974989,696.578,697.8644,698.3906,699.1749,700.24005,678.8658443335132
24,698.5996,1.095888,696.70496,697.9776,698.5318,699.2865,700.3468,679.0886741622555
25,698.7244,1.0941427,696.83154,698.0907,698.6721,699.3978,700.4526,679.3136290171234
26,698.8486,1.092242,696.95795,698.2036,698.8115,699.50903,700.5576,679.540790629891
27,698.97205,1.0901747,697.0841,698.3165,698.95013,699.6202,700.66156,679.7702407323326
28,699.09485,1.087921,697.2101,698.4293,699.0879,699.73724,700.76434,680.0020610562219
29,699.217,1.0854688,697.3359,698.5421,699.20996,699.85583,700.8661,680.2363333333333
30,699.3385,1.0828265,697.4616,698.65485,699.33026,699.9822,700.96686,680.4730575636665
31,699.4592,1.0799379,697.58704,698.7675,699.4497,700.1248,701.06635,680.7119068201256
32,699.5786,1.0767307,697.71173,698.8791,699.5676,700.27,701.16394,680.9524724438398
33,699.69617,1.0731454,697.8354,698.98834,699.68365,700.4121,701.2591,681.1943457759392
34,699.8119,1.0691999,697.9579,699.09644,699.796,700.52405,701.3541,681.4371181575533
35,699.9258,1.064927,698.07916,699.20337,699.90283,700.6366,701.4558,681.6803809298119
36,700.0377,1.0603697,698.1991,699.309,700.0072,700.74695,701.55505,681.9237254338444
37,700.1479,1.0555536,698.3177,699.4134,700.1157,700.8551,701.6535,682.1667430107806
38,700.2561,1.0504745,698.43494,699.5164,700.2282,700.9612,701.7499,682.4090250017504
39,700.36237,1.045217,698.55054,699.618,700.33826,701.06506,701.8439,682.6501627478831
40,700.4666,1.0397671,698.6646,699.71814,700.4458,701.16797,701.9355,682.8897475903087
41,700.569,1.0341973,698.777,699.8246,700.5416,701.2739,702.0249,683.1273708701567
42,700.6693,1.028503,698.8877,699.93054,700.6378,701.37744,702.11206,683.3626239285568
43,700.76764,1.0227453,698.9966,700.03467,700.74274,701.47864,702.199,683.5950981066387
44,700.8639,1.0169406,699.1036,700.1369,700.8457,701.57745,702.2866,683.824384745532
45,700.95807,1.0111158,699.2087,700.2373,700.94666,701.6738,702.3723,684.0500751863666
46,701.0502,1.0053236,699.3117,700.3341,701.0455,701.76794,702.45593,684.271760770272
47,701.14014,0.9995791,699.41266,700.4193,701.1422,701.8596,702.5375,684.4890328383776
48,701.22797,0.9938909,699.5115,700.5025,701.23083,701.9493,702.62085,684.7014827318137
49,701.31366,0.9883307,699.6081,700.58374,701.3142,702.03784,702.7055,684.9087017917095
50,701.3972,0.982887,699.7024,700.6629,701.3955,702.1239,702.78796,685.1102813591949
51,701.4785,0.9776197,699.7939,700.74,701.47473,702.2077,702.86835,685.3058127753994
52,701.5577,0.9725212,699.883,700.8209,701.55164,702.2892,702.94666,685.4948873814528
53,701.63446,0.96764696,699.9753,700.9024,701.6264,702.3683,703.02277,685.6770965184846
54,701.70905,0.9629856,700.06555,700.98145,701.69904,702.445,703.0966,685.8520315276248
55,701.7813,0.95858556,700.1527,701.05804,701.7694,702.5194,703.16833,686.0192837500028
56,701.8513,0.9544528,700.2368,701.1322,701.8375,702.59143,703.23785,686.1784445267484
57,701.919,0.9506072,700.3177,701.2037,701.90344,702.6612,703.3051,686.3291051989913
58,701.9843,0.9470818,700.3953,701.2701,701.9671,702.72864,703.37024,686.4708571078611
59,702.0472,0.9438713,700.4694,701.33215,702.0292,702.7937,703.4329,686.6032915944874
60,702.1077,0.9410197,700.54004,701.39185,702.0918,702.8565,703.4934,686.726
61,702.16583,0.93853873,700.60693,701.4489,702.1517,702.91693,703.55164,686.8387126775118
62,702.2199,0.9363482,700.6692,701.50165,702.2074,702.9737,703.60565,686.9417160280692
63,702.265,0.9343213,700.72327,701.5439,702.2544,703.02203,703.6498,687.0354354647013
64,702.2979,0.93233097,700.7674,701.572,702.2899,703.05945,703.6807,687.1202964004384
65,702.3193,0.9304323,700.802,701.58673,702.31433,703.0837,703.69885,687.1967242483091
66,702.32983,0.9286641,700.8275,701.58875,702.3284,703.09326,703.7052,687.2651444213436
67,702.3301,0.9270688,700.8446,701.57886,702.33276,703.0824,703.7002,687.325982332571
68,702.3207,0.9256926,700.8536,701.55774,702.3279,703.0614,703.69543,687.3796633950211
69,702.30237,0.9245876,700.8547,701.5409,702.3144,703.0342,703.70044,687.4266130217234
70,702.2756,0.9238001,700.8463,701.531,702.29285,703.01807,703.69946,687.4672566257074
71,702.241,0.92339283,700.816,701.51447,702.253,702.9949,703.6927,687.5020196200023
72,702.1993,0.9233891,700.77826,701.4918,702.20264,702.9459,703.6805,687.5313274176382
73,702.1511,0.92384154,700.73254,701.46356,702.1454,702.8778,703.6633,687.5556054316442
74,702.09705,0.9247814,700.6808,701.4303,702.0817,702.7926,703.62134,687.57527907505
75,702.0377,0.9262362,700.6236,701.3789,702.01245,702.7149,703.5636,687.590773760885
76,701.97375,0.9282347,700.56146,701.32104,701.93823,702.63324,703.50146,687.6025149021789
77,701.9057,0.9307657,700.4953,701.2595,701.8596,702.56964,703.43555,687.610927911961
78,701.83435,0.9338692,700.4254,701.18506,701.77734,702.4681,703.3664,687.6164382032609
79,701.76025,0.93751657,700.34735,701.1053,701.69226,702.3783,703.2947,687.6194711891083
80,701.68396,0.9417048,700.2585,701.02344,701.5999,702.3163,703.22095,687.6204522825326
81,701.60626,0.9464003,700.16797,700.9402,701.5011,702.26526,703.1459,687.6198068965633
82,701.5276,0.9515891,700.07654,700.8561,701.4014,702.21326,703.07007,687.6179604442299
83,701.44867,0.95722425,699.9848,700.77014,701.30145,702.1609,702.99396,687.6153383385621
84,701.37006,0.96324384,699.8942,700.67737,701.202,702.08563,702.91833,687.6123659925892
85,701.2925,0.96960783,699.815,700.586,701.11084,702.0233,702.8437,687.6094688193408
86,701.2165,0.9762638,699.7372,700.4963,701.031,701.9606,702.7707,687.6070722318465
87,701.14264,0.9831363,699.66156,700.43634,700.9542,701.8805,702.6999,687.6056016431356
88,701.0717,0.9901392,699.58875,700.39294,700.89417,701.80334,702.63184,687.6054824662381
89,701.00415,0.9972158,699.5195,700.33453,700.8391,701.72986,702.5672,687.6071401141829
90,700.9406,1.0042747,699.4543,700.2749,700.77734,701.6606,702.5066,687.6109999999999
91,700.8818,1.0112325,699.39386,700.2133,700.72736,701.5961,702.4578,687.6173986501444
92,700.8269,1.0181414,699.3375,700.1557,700.68787,701.5358,702.4162,687.6263170447745
93,700.77185,1.0253153,699.2813,700.0978,700.64966,701.4775,702.3746,687.637647277474
94,700.7141,1.0330528,699.22266,700.0368,700.6064,701.4229,702.3309,687.651281441827
95,700.65393,1.0413083,699.1504,699.97314,700.5582,701.36597,702.2854,687.6671116314171
96,700.59174,1.0500841,699.0747,699.9072,700.5094,701.3071,702.23834,687.6850299398288
97,700.5279,1.059376,698.99664,699.8394,700.4581,701.2427,702.19006,687.7049284606456
98,700.4628,1.0691365,698.91516,699.7677,700.39166,701.1661,702.13995,687.7266992874515
99,700.3968,1.0793587,698.83246,699.6933,700.3154,701.0885,702.08356,687.7502345138303
100,700.33026,1.0899816,698.7491,699.61816,700.23816,701.01025,702.0269,687.7754262333664
101,700.2636,1.1009779,698.6654,699.5453,700.16046,700.9319,701.97003,687.802166539643
102,700.1971,1.1122953,698.582,699.4815,700.10144,700.85376,701.91345,687.8303475262446
103,700.13116,1.1238838,698.4991,699.4182,700.0614,700.7763,701.8575,687.8598612867548
104,700.0662,1.1356916,698.41736,699.3559,700.0092,700.7127,701.80237,687.8905999147576
105,700.00256,1.1476413,698.337,699.293,699.9349,700.6558,701.7486,687.9224555038372
106,699.9406,1.1596746,698.2599,699.2299,699.8623,700.6005,701.6963,687.9553201475771
107,699.8808,1.1717279,698.1961,699.1681,699.80237,700.547,701.6459,687.9890859395614
108,699.82336,1.1837192,698.1349,699.0948,699.74744,700.49915,701.60077,688.0236449733741
109,699.7687,1.1955705,698.07666,699.01184,699.6952,700.458,701.55853,688.058889342599
110,699.71716,1.2072241,698.0217,698.93304,699.64606,700.4196,701.51904,688.0947111408201
111,699.6692,1.2185735,697.97064,698.85876,699.6003,700.3841,701.48267,688.131002461621
112,699.6252,1.229549,697.92365,698.79767,699.5543,700.34485,701.4614,688.1676553985862
113,699.5853,1.2400635,697.8811,698.7475,699.50476,700.3064,701.43756,688.2045620452994
114,699.5502,1.2500445,697.8435,698.7025,699.4603,700.2724,701.4153,688.2416144953442
115,699.52,1.2594142,697.81116,698.66345,699.4215,700.24316,701.3971,688.2787048423049
116,699.4952,1.2680702,697.7845,698.62744,699.3886,700.2191,701.3831,688.3157251797653
117,699.4761,1.2759348,697.76385,698.59674,699.36206,700.20087,701.37384,688.3525676013094
118,699.4631,1.2829357,697.7497,698.57336,699.3424,700.1883,701.36945,688.3891242005209
119,699.45654,1.2889854,697.7424,698.5576,699.32983,700.18225,701.3703,688.425287070984
120,699.4568,1.2940189,697.74225,698.5501,699.32495,700.1827,701.37665,688.4609483062823
121,699.4643,1.2979398,697.74976,698.5512,699.3281,700.1902,701.3895,688.496
122,699.4794,1.3006884,697.7652,698.56134,699.3397,700.2051,701.4084,688.5303693112213
123,699.5014,1.3023741,697.788,698.5798,699.359,700.22675,701.4325,688.5641236610331
124,699.5271,1.3035269,697.8147,698.60266,699.38257,700.25214,701.45966,688.5973655360219
125,699.5544,1.3045236,697.84283,698.6272,699.40784,700.27905,701.48804,688.6301974227752
126,699.58295,1.3053726,697.8724,698.6534,699.4345,700.30743,701.5177,688.6627218078795
127,699.6129,1.3060807,697.9032,698.6811,699.4627,700.3371,701.54834,688.6950411779222
128,699.64404,1.3066458,697.9353,698.7103,699.49225,700.3679,701.5801,688.7272580194901
129,699.6764,1.307104,697.9685,698.74084,699.523,700.4,701.61285,688.7594748191705
130,699.7098,1.3074226,698.00287,698.77264,699.55505,700.43317,701.6464,688.7917940635504
131,699.7442,1.3076472,698.0382,698.80554,699.5881,700.4674,701.68097,688.824318239216
132,699.7796,1.307748,698.0745,698.83966,699.6223,700.50244,701.71625,688.8571498327556
133,699.8158,1.3077528,698.11176,698.8748,699.65735,700.5383,701.75226,688.8903913307553
134,699.8528,1.307664,698.1498,698.9108,699.69324,700.5751,701.78894,688.9241452198023
135,699.89056,1.3074894,698.1886,698.94775,699.7301,700.6124,701.8262,688.9585139864838
136,699.92896,1.3072263,698.2281,698.9854,699.7676,700.6504,701.86395,688.9936001173867
137,699.9679,1.3068973,698.2681,699.02374,699.8056,700.6888,701.9022,689.029506099098
138,700.0073,1.3064963,698.30884,699.0627,699.84424,700.7277,701.9408,689.0663344182046
139,700.0472,1.3060238,698.3499,699.10223,699.88336,700.76697,701.9798,689.1041875612938
140,700.0874,1.3054955,698.3915,699.1421,699.92285,700.8065,702.01904,689.1431680149524
141,700.12787,1.304927,698.43335,699.1824,699.9625,700.8462,702.0584,689.1833782657675
142,700.1685,1.3042961,698.4755,699.2235,700.00256,700.886,702.09796,689.224920800326
143,700.2093,1.3036387,698.5178,699.26746,700.0426,700.92474,702.13763,689.2678981052152
144,700.2502,1.3029412,698.56024,699.3114,700.0828,700.9614,702.17725,689.3124126670215
145,700.29095,1.3022008,698.6028,699.3553,700.1229,700.99817,702.2168,689.3585669723326
146,700.33154,1.301451,698.6453,699.3989,700.16296,701.03485,702.25616,689.4064635077353
147,700.37213,1.3006757,698.68774,699.4423,700.20276,701.0716,702.2954,689.4562047598164
148,700.41235,1.2998769,698.7301,699.48535,700.24225,701.10815,702.3344,689.5078932151631
149,700.4523,1.2990812,698.77216,699.5279,700.2814,701.14465,702.373,689.5616313603624
150,700.4917,1.2982754,698.81396,699.56976,700.3201,701.1809,702.41125,689.6175216820013
151,700.5307,1.2974875,698.85535,699.611,700.3583,701.2169,702.44904,689.6756666666666
152,700.56915,1.2966847,698.8964,699.6515,700.39594,701.2527,702.4862,689.7360915860976
153,700.6072,1.295919,698.93713,699.6913,700.433,701.2882,702.52313,689.7985128526411
154,700.64545,1.2951636,698.97815,699.7312,700.4703,701.32404,702.5603,689.8625696637959
155,700.6843,1.2944294,699.0198,699.7718,700.5082,701.36053,702.5981,689.9279012170604
156,700.7237,1.2937096,699.062,699.8128,700.5464,701.3975,702.63635,689.9941467099337
157,700.76337,1.2929991,699.1046,699.8542,700.5851,701.4349,702.67505,690.0609453399143
158,700.80334,1.2923015,699.1475,699.8958,700.624,701.4725,702.7141,690.1279363045015
159,700.8435,1.2916026,699.19055,699.93756,700.6631,701.51025,702.75323,690.1947588011936
160,700.8837,1.2909219,699.23364,699.9794,700.7022,701.5481,702.7925,690.26105202749
161,700.9238,1.2902257,699.2767,700.0205,700.7412,701.5858,702.8316,690.3264551808887
162,700.96375,1.289533,699.3195,700.0614,700.7801,701.62335,702.8705,690.3906074588891
163,701.00336,1.2888457,699.36194,700.1019,700.81866,701.66064,702.909,690.4531480589898
164,701.0425,1.2881324,699.404,700.1421,700.8568,701.69763,702.9486,690.5137161786894
165,701.0812,1.2874041,699.44543,700.18176,700.8945,701.73505,702.9878,690.5719510154867
166,701.11914,1.2866795,699.4862,700.2208,700.9315,701.7717,703.02625,690.6274917668808
167,701.15643,1.2859219,699.5262,700.25916,700.96783,701.80774,703.06384,690.6799776303701
168,701.19275,1.2851287,699.5652,700.29663,701.0033,701.8428,703.1002,690.7290478034539
169,701.228,1.2843156,699.60315,700.3332,701.03784,701.87683,703.1356,690.7743414836306
170,701.2623,1.2834846,699.63995,700.36865,701.0713,701.9097,703.1697,690.8154978683987
171,701.2953,1.2826041,699.67535,700.403,701.10364,701.9414,703.2023,690.8521561552577
172,701.32697,1.2816916,699.7095,700.43616,701.13464,701.97174,703.23334,690.883955541706
173,701.3572,1.2807283,699.74194,700.4679,701.1643,702.0006,703.2627,690.910535225242
174,701.3858,1.2797226,699.77277,700.4981,701.1925,702.0281,703.2902,690.9315344033653
175,701.4127,1.2786707,699.8018,700.52686,701.21906,702.054,703.31573,690.9465922735742
176,701.4378,1.277565,699.82886,700.55383,701.2439,702.0781,703.3392,690.9553480333675
177,701.461,1.2764026,699.85394,700.579,701.2669,702.1002,703.3604,690.9574408802441
178,701.4822,1.2751871,699.87683,700.6023,701.288,702.1201,703.3792,690.9525100117028
179,701.5012,1.2739074,699.89746,700.62354,701.30707,702.1378,703.3955,690.9401946252422
180,701.51794,1.27257,699.91565,700.64264,701.324,702.1531,703.4092,690.9201339183612
181,701.53235,1.2711743,699.9313,700.6596,701.3386,702.1659,703.4201,690.8919670885588
182,701.5442,1.2697022,699.9443,700.67413,701.3517,702.1759,703.42816,690.8553333333333
183,701.55347,1.2681869,699.95447,700.6863,701.3625,702.18335,703.43304,690.8101566156008
184,701.56,1.2665981,699.9618,700.6959,701.3707,702.18787,703.43494,690.7574999599444
185,701.5639,1.2649629,699.9664,700.70306,701.37646,702.18964,703.4337,690.6987111563644
186,701.5656,1.263292,699.9685,700.7081,701.38,702.18964,703.4299,690.6351379948612
187,701.56555,1.2615875,699.9688,700.7116,701.3819,702.18787,703.42395,690.5681282654348
188,701.5641,1.2598866,699.9676,700.7137,701.38245,702.1847,703.41644,690.4990297580853
189,701.56165,1.258183,699.96533,700.7149,701.3821,702.18054,703.4078,690.4291902628129
190,701.55865,1.2565002,699.9626,700.7157,701.3812,702.1759,703.3985,690.3599575696181
191,701.55554,1.2548418,699.95966,700.7164,701.38025,702.1711,703.39105,690.2926794685009
192,701.5528,1.2532233,699.9571,700.71643,701.3795,702.16656,703.38434,690.2287037494616
193,701.55084,1.251642,699.9525,700.71686,701.37964,702.1629,703.3795,690.1693782025004
194,701.55005,1.2501014,699.94653,700.7184,701.38086,702.1604,703.379,690.1160506176174
195,701.55084,1.2486365,699.9424,700.72144,701.38367,702.15955,703.38007,690.0700687848131
196,701.5538,1.2472215,699.94086,700.7263,701.3883,702.1607,703.38306,690.0327804940874
197,701.5591,1.24587,699.9424,700.7335,701.3954,702.16437,703.3883,690.0055335354406
198,701.56726,1.2445852,699.9474,700.7435,701.4053,702.17096,703.39624,689.989675698873
199,701.57886,1.2433715,699.9565,700.7559,701.4182,702.1809,703.40735,689.9865547743848
200,701.5941,1.2422168,699.9702,700.77185,701.43494,702.1946,703.4218,689.9975185519761
201,701.6136,1.2411397,699.9891,700.7918,701.45557,702.2126,703.44025,690.0239148216473
202,701.63763,1.2401377,700.0135,700.8162,701.4806,702.2352,703.46295,690.0670913733982
203,701.6668,1.2392118,700.0442,700.8455,701.5106,702.2629,703.4903,690.1283959972296
204,701.7014,1.238363,700.0816,700.88007,701.5457,702.2961,703.5227,690.2091764831412
205,701.7419,1.2376268,700.12616,700.9202,701.58655,702.33527,703.56067,690.3107806211335
206,701.7887,1.2369809,700.1786,700.9665,701.6334,702.3808,703.60443,690.4345562012066
207,701.8423,1.2364626,700.23926,701.0193,701.68677,702.4332,703.6545,690.5818510133607
208,701.9031,1.2360704,700.3088,701.079,701.7471,702.4929,703.7112,690.7540128475963
209,701.97144,1.2358602,700.3877,701.14594,701.8146,702.5614,703.7755,690.9523894939133
210,702.0479,1.2358271,700.4765,701.22015,701.8899,702.63947,703.8517,691.1783287423118
211,702.1328,1.2360266,700.5757,701.302,701.9734,702.72644,703.9439,691.4331783827923
212,702.22675,1.2364905,700.68115,701.3921,702.0654,702.8229,704.04724,691.7182862053551
213,702.33,1.237286,700.7914,701.49097,702.1664,702.92914,704.1615,692.035
214,702.4431,1.2384614,700.9122,701.59625,702.27686,703.0458,704.2872,692.384182284088
215,702.57056,1.2394246,701.0481,701.71454,702.4021,703.17236,704.42773,692.7647544844214
216,702.7255,1.2382128,701.2134,701.86127,702.557,703.3253,704.5925,693.1751527551634
217,702.91595,1.2335638,701.41644,702.0448,702.7503,703.5061,704.7866,693.6138132504772
218,703.1398,1.2257154,701.65515,702.2518,702.98,703.7178,705.0086,694.0791721245255
219,703.395,1.2149482,701.9157,702.50757,703.2107,703.97363,705.26483,694.5696655314713
220,703.67993,1.2015512,702.2029,702.7926,703.47217,704.255,705.5488,695.0837296254778
221,703.9924,1.1858332,702.5189,703.12054,703.7922,704.54785,705.85626,695.619800560708
222,704.33057,1.1681232,702.8615,703.47504,704.1396,704.86237,706.1855,696.1763144913249
223,704.6925,1.1487784,703.22455,703.8545,704.51245,705.1979,706.53485,696.7517075714916
224,705.07635,1.1281557,703.63513,704.2619,704.9087,705.55524,706.90295,697.3444159553709
225,705.4801,1.1066358,704.0876,704.6913,705.3076,705.9303,707.288,697.952875797126
226,705.90173,1.084617,704.5331,705.14764,705.6898,706.3213,707.6885,698.5755232509198
227,706.33936,1.0624844,704.97864,705.6422,706.08563,706.73724,708.10266,699.2107944709154
228,706.79095,1.0406464,705.46136,706.0768,706.5362,707.2074,708.53,699.8571256112758
229,707.25464,1.0194958,705.9547,706.5633,707.0299,707.6998,708.96893,700.5129528261641
230,707.7282,0.9994273,706.4557,707.0534,707.5343,708.21783,709.41675,701.1767122697433
231,708.20984,0.9808097,706.9257,707.549,708.0542,708.7446,709.8717,701.8468400961763
232,708.6973,0.9639985,707.39355,708.0508,708.542,709.2777,710.3322,702.5217724596262
233,709.1887,0.9492885,707.86346,708.52203,709.03406,709.7942,710.7965,703.199945514256
234,709.682,0.936946,708.3347,709.02826,709.5282,710.29584,711.3081,703.8797954142286
235,710.1749,0.9271593,708.80536,709.5494,710.03906,710.81024,711.8345,704.5597583137073
236,710.66547,0.9200574,709.25665,710.09644,710.56287,711.26843,712.3629,705.2382703668549
237,711.1514,0.9156959,709.68726,710.60205,711.07355,711.729,712.85864,705.9137677278347
238,711.6307,0.9140452,710.1113,711.09283,711.5679,712.20056,713.3221,706.5846865508092
239,712.1012,0.9150216,710.53577,711.57446,712.0541,712.6903,713.7167,707.2494629899419
240,712.5606,0.91844714,710.9675,712.0447,712.5394,713.1797,714.1078,707.9065331993955
241,713.0068,0.9240982,711.3858,712.4989,712.94824,713.6736,714.49744,708.5543333333333
242,713.43756,0.931715,711.7883,712.9306,713.36615,714.14575,714.8774,709.191620711019
243,713.85333,0.9409803,712.1756,713.3468,713.7955,714.5693,715.2699,709.818437312121
244,714.2609,0.9514536,712.55493,713.75195,714.2339,714.9535,715.671,710.4351462814078
245,714.6657,0.962881,712.9321,714.161,714.6696,715.3346,716.09186,711.042110763649
246,715.0678,0.97524095,713.30725,714.56323,715.07434,715.7295,716.511,711.639693903613
247,715.4673,0.98850554,713.6803,714.95807,715.47546,716.1644,716.9271,712.228258846069
248,715.86414,1.0026288,714.0514,715.35675,715.87384,716.5488,717.3403,712.808168735786
249,716.25867,1.0175611,714.42065,715.73755,716.2522,716.8953,717.7508,713.3797867175332
250,716.6507,1.0332954,714.78796,716.12396,716.62354,717.2999,718.15857,713.9434759360793
251,717.0405,1.04977,715.1423,716.5152,716.9928,717.719,718.56366,714.4995995361933
252,717.4281,1.0669749,715.489,716.9143,717.34595,718.1352,718.96625,715.0485206626443
253,717.8136,1.0848712,715.83356,717.2865,717.71075,718.53455,719.3698,715.5906024602012
254,718.197,1.1034393,716.1761,717.6564,718.11523,718.92035,719.7723,716.1262080736332
255,718.5786,1.1226436,716.5166,718.02466,718.51807,719.30444,720.1494,716.655700647709
256,718.95825,1.1424625,716.8552,718.39734,718.887,719.69196,720.5174,717.1794433271975
257,719.3362,1.1628776,717.192,718.7683,719.2927,720.11163,720.88306,717.697799256868
258,719.7124,1.1838553,717.5271,719.13293,719.68274,720.5303,721.2499,718.2111315814896
259,720.08704,1.2053864,717.86053,719.4944,720.0678,720.93823,721.63806,718.719803445831
260,720.4602,1.2274467,718.1924,719.8419,720.4516,721.29895,722.03033,719.2241779946613
261,720.832,1.2500222,718.5228,720.163,720.8342,721.6579,722.4501,719.7246183727494
262,721.2024,1.2730994,718.85144,720.45074,721.1957,722.0248,722.87274,720.2214877248641
263,721.5717,1.296645,719.1865,720.78796,721.5723,722.41144,723.294,720.715149195775
264,721.9398,1.3206729,719.53064,721.131,721.9496,722.80176,723.714,721.2059659302506
265,722.30695,1.3451455,719.87317,721.4728,722.32184,723.20215,724.13275,721.6943010730599
266,722.6731,1.3700553,720.21436,721.80914,722.69293,723.60175,724.5504,722.1805177689719
267,723.03845,1.3954068,720.5546,722.1402,723.0663,724.0006,724.9672,722.6649791627558
268,723.4031,1.4211739,720.89404,722.47046,723.44495,724.399,725.3831,723.1480483991804
269,723.767,1.4473544,721.2327,722.8289,723.8231,724.7918,725.7983,723.6300886230149
270,724.1304,1.4739357,721.5707,723.1889,724.19714,725.17456,726.21277,724.1114629790281
271,724.49335,1.5009054,721.9079,723.549,724.56555,725.55664,726.62683,724.5925346119891
272,724.85596,1.5282658,722.2445,723.90936,724.93,725.9383,727.0405,725.0736666666664
273,725.2184,1.5560127,722.5806,724.246,725.2899,726.3195,727.45386,725.5552317721832
274,725.58154,1.5841439,722.91736,724.57336,725.647,726.7046,727.8682,726.0376404950747
275,725.94916,1.6126242,723.2584,724.9045,726.0094,727.1039,728.28656,726.5213128862301
276,726.32306,1.6414499,723.6062,725.2644,726.3939,727.5099,728.71106,727.0066689965383
277,726.7033,1.6705774,723.9605,725.6356,726.78467,727.8779,729.14154,727.494128876889
278,727.0898,1.6999867,724.3213,726.0013,727.18164,728.24646,729.5779,727.9841125781708
279,727.48224,1.7296326,724.6884,726.372,727.5847,728.6371,730.01984,728.4770401512731
280,727.8807,1.7594799,725.06165,726.7497,727.9936,729.0353,730.4673,728.9733316470846
281,728.285,1.7894949,725.428,727.1324,728.40845,729.4381,730.92017,729.4734071164947
282,728.69495,1.8196352,725.7685,727.51544,728.81024,729.8534,731.3782,729.9776866103928
283,729.1104,1.8498343,726.11316,727.90466,729.20605,730.27783,731.8413,730.4865901796675
284,729.5313,1.8800752,726.4639,728.29974,729.6072,730.69635,732.3094,731.0005378752082
285,729.9575,1.9102936,726.82043,728.7006,730.02545,731.1319,732.78217,731.5199497479039
286,730.38885,1.9404075,727.1829,729.10693,730.46564,731.5772,733.25946,732.0452458486436
287,730.82526,1.9703795,727.5513,729.5186,730.9106,732.0447,733.7413,732.576846228317
288,731.26654,2.0001483,727.92017,729.9354,731.3602,732.52277,734.22736,733.1151709378122
289,731.7126,2.029666,728.2819,730.3571,731.8142,733.0054,734.7176,733.6606400280191
290,732.16327,2.0588384,728.6502,730.7836,732.27246,733.4921,735.21173,734.2136735498268
291,732.6185,2.0876095,729.0251,731.2147,732.7346,733.9755,735.7097,734.7746915541242
292,733.07806,2.115923,729.4066,731.65015,733.1966,734.4551,736.2114,735.3441140918002
293,733.5418,2.1437147,729.7948,732.0897,733.6565,734.9387,736.7166,735.922361213744
294,734.0097,2.1708937,730.19,732.5332,734.12085,735.42615,737.2251,736.5098529708451
295,734.48157,2.19741,730.592,732.98065,734.58954,735.91736,737.73676,737.1070094139923
296,734.9572,2.223212,731.001,733.4315,735.0625,736.4121,738.2515,737.7142505940745
297,735.43646,2.2482312,731.41693,733.8858,735.53955,736.9104,738.76917,738.3319965619814
298,735.9194,2.2723997,731.84015,734.34326,736.0205,737.412,739.2899,738.9606673686017
299,736.40564,2.29567,732.27045,734.80365,736.50525,737.9166,739.81616,739.6006830648246
300,736.89514,2.3179743,732.7081,735.26685,736.9937,738.4243,740.3434,740.2524637015391
301,737.38776,2.3392842,733.15314,735.73267,737.4857,738.93274,740.8716,740.9164293296346
302,737.88336,2.3595486,733.6055,736.2008,737.9811,739.4318,741.4002,741.5929999999998
303,738.3818,2.378744,734.0654,736.6716,738.4796,739.9371,741.92926,742.2824663925933
304,738.8836,2.3968766,734.53345,737.1668,738.9822,740.45074,742.4604,742.9846017036507
305,739.3912,2.414122,735.0112,737.6681,739.49097,740.97,742.9994,743.699049758476
306,739.90607,2.430633,735.4997,738.17706,740.00793,741.4966,743.54486,744.4254543823741
307,740.4283,2.44645,735.9988,738.6938,740.5343,742.0304,744.09686,745.1634594006495
308,740.95776,2.461638,736.50824,739.21826,741.0689,742.57153,744.6554,745.9127086386068
309,741.49445,2.476233,737.0281,739.7503,741.6036,743.1199,745.2204,746.6728459215503
310,742.03845,2.490283,737.55817,740.29004,742.15533,743.6755,745.79175,747.4435150747851
311,742.5896,2.5038488,738.0983,740.83673,742.71826,744.2382,746.37506,748.2243599236153
312,743.1481,2.516961,738.6566,741.391,743.2887,744.83545,746.96625,749.0150242933457
313,743.7137,2.5296805,739.2251,741.9529,743.8666,745.4418,747.538,749.815152009281
314,744.2865,2.5420475,739.7922,742.52246,744.4518,746.0018,748.124,750.6243868967251
315,744.8664,2.5540972,740.35657,743.1022,745.04425,746.5528,748.716,751.4423727809832
316,745.4535,2.5658803,740.929,743.68463,745.64404,747.1094,749.31824,752.2687534873601
317,746.0477,2.577427,741.5094,744.27264,746.2511,747.67474,749.92737,753.1031728411594
318,746.64905,2.5887566,742.0976,744.86816,746.86536,748.262,750.5427,753.9452746676865
319,747.25745,2.5999238,742.69354,745.47107,747.47723,748.85596,751.1642,754.7947027922455
320,747.87286,2.6109438,743.2972,746.0815,748.07104,749.474,751.7918,755.6511010401414
321,748.4955,2.621828,743.9085,746.6992,748.6522,750.11676,752.4258,756.5141132366783
322,749.125,2.6326013,744.5272,747.32434,749.24536,750.79517,753.0659,757.3833832071612
323,749.76154,2.643294,745.1535,747.9568,749.8644,751.4812,753.7124,758.2585547768944
324,750.4051,2.6539104,745.7871,748.58203,750.49,752.1456,754.36523,759.1392717711825
325,751.0556,2.664444,746.4279,749.2195,751.1223,752.78015,755.02423,760.02517801533
326,751.71313,2.6749058,747.0759,749.8735,751.7612,753.42236,755.6897,760.9159173346416
327,752.3775,2.685287,747.7311,750.5344,752.44836,754.0748,756.3615,761.8111335544218
328,753.0488,2.695602,748.3932,751.20154,753.1493,754.73364,757.03973,762.7104704999754
329,753.72705,2.705833,749.06226,751.87585,753.85693,755.39874,757.72437,763.6135719966064
330,754.4121,2.7159634,749.73816,752.55725,754.57117,756.0702,758.41547,764.5200818696198
331,755.10406,2.7259855,750.4208,753.2457,755.292,756.7595,759.11304,765.4296439443202
332,755.8028,2.7358732,751.11005,753.9412,756.01904,757.4619,759.8171,766.3419020460121
333,756.50836,2.7456083,751.80585,754.64374,756.7524,758.1827,760.52765,767.2564999999997
334,757.2207,2.755172,752.5064,755.35315,757.4918,758.9092,761.2448,768.1730410447939
335,757.9392,2.7645915,753.2093,756.0689,758.23663,759.6417,761.9679,769.0909660717269
336,758.6616,2.774027,753.9302,756.7886,758.985,760.3865,762.69464,770.0096753853372
337,759.3864,2.7835944,754.67413,757.5105,759.7356,761.1331,763.4235,770.9285692901631
338,760.1133,2.7932744,755.4201,758.23456,760.488,761.8815,764.1543,771.847048090743
339,760.84186,2.803039,756.1676,758.9604,761.24194,762.6311,764.8866,772.7645120916154
340,761.57196,2.8128633,756.91656,759.6876,761.9914,763.38184,765.6202,773.6803615973184
341,762.3032,2.8227303,757.66644,760.416,762.7081,764.13336,766.3547,774.5939969123904
342,763.03534,2.8325968,758.41705,761.14526,763.42584,764.8545,767.0898,775.5048183413703
343,763.7679,2.8424492,759.167,761.8751,764.14404,765.56165,767.82947,776.4122261887956
344,764.5008,2.8522797,759.91656,762.6052,764.86255,766.2693,768.5774,777.3156207592052
345,765.2336,2.8620572,760.66595,763.3312,765.58093,766.99536,769.33795,778.2144023571373
346,765.96594,2.8717597,761.41486,764.05646,766.2988,767.7239,770.09766,779.1079712871303
347,766.6976,2.881378,762.1629,764.7811,767.016,768.45166,770.85626,779.9957278537227
348,767.4282,2.8908901,762.9098,765.50476,767.73193,769.188,771.6134,780.8770723614526
349,768.1574,2.9002805,763.65533,766.2272,768.4464,769.9308,772.3688,781.7514051148584
350,768.885,2.909536,764.399,766.948,769.15894,770.672,773.1222,782.6181264184788
351,769.6105,2.9186332,765.14056,767.6669,769.8693,771.4113,773.8733,783.4766365768515
352,770.3337,2.9275756,765.8797,768.3833,770.59485,772.14856,774.62177,784.3263358945155
353,771.05414,2.936329,766.61615,769.09674,771.344,772.88635,775.3674,785.166624676009
354,771.77167,2.9448936,767.3495,769.8016,772.08997,773.6311,776.10974,785.99690322587
355,772.4857,2.9532547,768.07947,770.5029,772.8324,774.3726,776.8486,786.8165718486374
356,773.1961,2.9614189,768.8056,771.2006,773.57104,775.11066,777.5837,787.6250308488492
357,773.9025,2.969348,769.5278,771.8943,774.30554,775.84503,778.3146,788.4216805310439
358,774.60443,2.9770591,770.2361,772.5833,775.03546,776.5753,779.0411,789.2059211997597
359,775.3017,2.984533,770.9283,773.2676,775.7607,777.3012,779.7628,789.9771531595351
360,775.9939,2.991762,771.61554,773.94666,776.4807,778.02295,780.4795,790.7347767149085
361,776.6807,2.9987528,772.2976,774.6202,777.1952,778.74835,781.1908,791.4781921704183
362,777.3617,3.0054986,772.97406,775.2878,777.904,779.4688,781.8965,792.2067998306026
363,778.0366,3.0120015,773.6446,775.9491,778.60657,780.18396,782.5961,792.9199999999998
364,778.7051,3.0182433,774.30884,776.6038,779.3026,780.89343,783.2894,793.6173915055865
365,779.3671,3.0242822,774.96674,777.24915,779.9922,781.5975,783.9766,794.2993672640911
366,780.0239,3.0301247,775.61664,777.8812,780.67615,782.2972,784.6591,794.96651871468
367,780.67633,3.035847,776.2611,778.50916,781.3552,782.9936,785.33795,795.6194372965198
368,781.3247,3.0414498,776.8952,779.133,782.01263,783.6867,786.01337,796.2587144487768
369,781.9691,3.0469592,777.50854,779.7529,782.6624,784.3541,786.6854,796.8849416106177
370,782.60974,3.0523922,778.1185,780.36926,783.308,785.00885,787.3543,797.4987102212087
371,783.2467,3.057751,778.7254,780.982,783.9495,785.6561,788.02,798.1006117197167
372,783.88025,3.0630622,779.32886,781.62225,784.5486,786.29974,788.68274,798.6912375453078
373,784.5104,3.068332,779.9283,782.2993,785.14404,786.9076,789.3426,799.2711791371486
374,785.1375,3.0735874,780.5251,782.9758,785.7362,787.511,789.99976,799.8410279344056
375,785.76154,3.0788314,781.1195,783.6502,786.32544,788.1141,790.6543,800.4013753762453
376,786.3829,3.08408,781.71173,784.3226,786.91174,788.72473,791.30634,800.9528129018342
377,787.0016,3.0893629,782.30176,784.9791,787.4955,789.3241,791.9561,801.4959319503387
378,787.6178,3.0946581,782.8899,785.6311,788.0767,789.91516,792.6036,802.0313239609254
379,788.2318,3.1000018,783.47626,786.264,788.6557,790.50354,793.24896,802.5595803727606
380,788.8437,3.1054215,784.0609,786.8884,789.2325,791.096,793.89246,803.0812926250111
381,789.4537,3.1109052,784.64417,787.51105,789.80743,791.6943,794.5341,803.5970521568431
382,790.0619,3.1164613,785.22614,788.1321,790.38055,792.3122,795.17413,804.1074504074232
383,790.66846,3.1221118,785.80695,788.7501,790.95215,792.92865,795.8149,804.6130788159176
384,791.27374,3.1278608,786.3868,789.3409,791.5224,793.54376,796.45465,805.1145288214934
385,791.87775,3.1337101,786.9658,789.9306,792.0915,794.1411,797.0932,805.6123918633165
386,792.4808,3.13967,787.5442,790.5192,792.65955,794.7333,797.7305,806.1072593805537
387,793.08295,3.1457388,788.1222,791.093,793.2268,795.3246,798.3669,806.5997228123714
388,793.68445,3.1519318,788.6998,791.6495,793.7934,795.91504,799.0052,807.0903735979361
389,794.2855,3.158249,789.2774,792.2057,794.35974,796.5049,799.6508,807.579803176414
390,794.8862,3.1646695,789.85504,792.7617,794.9258,797.09436,800.2959,808.068602986972
391,795.48694,3.1712286,790.43286,793.36835,795.4918,797.6836,800.9405,808.5573644687763
392,796.08765,3.17791,791.01105,793.986,796.058,798.2729,801.58484,809.0466790609939
393,796.68866,3.184707,791.5899,794.6039,796.6396,798.8623,802.22906,809.5371382027906
394,797.29016,3.1916232,792.1695,795.22217,797.22644,799.45215,802.8734,810.0293333333332
395,797.89233,3.1986463,792.75006,795.8409,797.8141,800.04266,803.51227,810.5237808134684
396,798.492,3.2063997,793.32196,796.4567,798.39966,800.63074,804.1197,811.0206966907638
397,799.08,3.2167861,793.87225,797.0599,798.9742,801.20654,804.71875,811.5202219344676
398,799.65076,3.2309775,794.4007,797.64465,799.53235,801.7643,805.3058,812.0224975138276
399,800.2058,3.248763,794.9088,798.2125,800.0757,802.30664,805.88544,812.5276643980918
400,800.74634,3.2698824,795.4019,798.76495,800.6199,802.84607,806.4552,813.0358635565084
401,801.2737,3.2941442,795.8916,799.3004,801.1799,803.3715,807.0156,813.5472359583247
402,801.7893,3.3213654,796.36273,799.81226,801.72675,803.88416,807.5676,814.0619225727895
403,802.29456,3.3512857,796.8129,800.31213,802.26196,804.3855,808.1124,814.5800643691501
404,802.79065,3.3837454,797.24976,800.80176,802.7728,804.87695,808.651,815.1018023166548
405,803.279,3.4185202,797.69916,801.2682,803.24994,805.3601,809.1845,815.6272773845516
406,803.7611,3.4554102,798.1221,801.725,803.7206,805.8329,809.72705,816.156630542088
407,804.2382,3.4941986,798.53156,802.17285,804.1863,806.2929,810.2682,816.6900027585128
408,804.71173,3.5346713,798.93396,802.5993,804.6484,806.74884,810.80743,817.2275350030733
409,805.18304,3.5766094,799.32837,803.0218,805.10815,807.19165,811.34595,817.7693682450174
410,805.65356,3.6197815,799.72015,803.44214,805.56903,807.63477,811.8848,818.3156434535936
411,806.1247,3.6639724,800.11115,803.862,806.03894,808.1002,812.42523,818.8665015980495
412,806.59784,3.7089016,800.5032,804.28326,806.5104,808.5901,812.9691,819.422083647633
413,807.0743,3.7543566,800.89795,804.70776,806.9851,809.0964,813.51874,819.9825305715922
414,807.55554,3.800076,801.29736,805.1372,807.47,809.6074,814.07324,820.5479833391753
415,808.043,3.8458064,801.7032,805.5735,807.9701,810.1244,814.63354,821.1185829196296
416,808.5382,3.8912933,802.1173,806.0183,808.4776,810.6485,815.20087,821.694470282204
417,809.0424,3.936247,802.5415,806.4735,808.9858,811.1811,815.7763,822.2757863961456
418,809.5571,3.9804037,802.9776,806.94104,809.4856,811.72314,816.36084,822.8626722307029
419,810.08374,4.023523,803.4274,807.4226,810.0523,812.2761,816.9557,823.4552687551236
420,810.6238,4.0653043,803.89294,807.9201,810.6092,812.84125,817.56195,824.0537169386556
421,811.1785,4.10549,804.37585,808.43536,811.1743,813.4197,818.1807,824.658157750547
422,811.74963,4.143811,804.8781,808.9702,811.74146,814.02606,818.8131,825.268732160046
423,812.3384,4.179989,805.40155,809.5266,812.3255,814.649,819.4602,825.8855811364002
424,812.94635,4.213743,805.9481,810.1064,812.9196,815.2883,820.1231,826.5088456488577
425,813.57495,4.244837,806.51965,810.71136,813.5322,815.94543,820.803,827.1386666666664
426,814.2257,4.2729917,807.13153,811.34357,814.1646,816.62146,821.501,827.7749802227906
427,814.91675,4.2947664,807.7897,812.02686,814.8331,817.3295,822.23047,828.4169026050604
428,815.69653,4.299957,808.5523,812.82477,815.5803,818.10706,823.02637,829.0633451650209
429,816.59143,4.282943,809.4514,813.7712,816.4702,818.97534,823.91016,829.7132192542184
430,817.5926,4.2458243,810.5099,814.8436,817.54626,819.92737,824.8821,830.3654362241989
431,818.6911,4.1909933,811.7003,816.0321,818.7336,820.982,825.9281,831.018907426508
432,819.87787,4.121035,813.00995,817.33264,819.9254,822.1253,827.0409,831.6725442126922
433,821.14404,4.038716,814.41626,818.70844,821.1411,823.25995,828.15125,832.325257934297
434,822.48065,3.9470136,815.9037,820.0696,822.4181,824.50183,829.3862,832.9759599428685
435,823.8783,3.849107,817.47314,821.4971,823.8429,825.80835,830.7061,833.6235615899525
436,825.32794,3.7483358,819.1506,822.95087,825.3011,827.2152,832.0125,834.266974227095
437,826.8203,3.6481848,820.9243,824.3911,826.74976,828.72534,833.34344,834.905109205842
438,828.34625,3.5522,822.59753,825.84106,828.2315,830.3064,834.6203,835.5368778777392
439,829.8962,3.4639251,824.2265,827.55286,829.73706,831.92676,835.90936,836.1611915943329
440,831.4607,3.386676,825.8754,829.15344,831.28705,833.54346,837.204,836.7769617071685
441,833.0305,3.3234777,827.5629,830.7587,832.94617,835.2608,838.49744,837.3830995677924
442,834.596,3.276721,829.3363,832.47485,834.55054,836.81573,839.79535,837.9785165277503
443,836.1477,3.24807,831.15936,833.6896,836.0294,838.2894,841.23914,838.5621239385885
444,837.676,3.2382352,832.8409,835.3393,837.6106,839.6106,842.7318,839.1328331518522
445,839.1714,3.2468824,834.3913,836.9679,839.1964,841.09625,844.1924,839.6895555190879
446,840.6242,3.2726955,835.89197,838.4519,840.572,842.53516,845.61206,840.2312023918415
447,842.025,3.3134053,837.2205,839.8208,841.9977,843.96857,846.98206,840.7566851216586
448,843.3641,3.3660977,838.3999,841.102,843.3293,845.3626,848.29346,841.2649150600851
449,844.6319,3.4273396,839.45935,842.1677,844.6708,846.6693,849.5376,841.7548035586676
450,845.8189,3.4934762,840.4399,843.21265,845.8241,848.0156,850.70557,842.2252619689513
451,846.91547,3.5607238,841.3396,844.2791,846.8485,849.27423,851.79724,842.6752016424824
452,847.9122,3.6254878,842.2412,845.4123,847.78156,850.3033,852.8083,843.1035339308072
453,848.79944,3.6843588,843.0709,846.3544,848.6146,851.2123,853.7612,843.5091701854709
454,849.56775,3.7342758,843.7859,847.1562,849.3394,851.9906,854.6254,843.8910217580197
455,850.2075,3.7726135,844.3768,847.80664,849.94727,852.64795,855.3424,844.2479999999998
456,850.70917,3.7972832,844.8434,848.2942,850.4297,853.1447,855.9014,844.5793771162043
457,851.086,3.80937,845.1987,848.63654,850.7982,853.49445,856.3192,844.885868724416
458,851.3992,3.8160968,845.4975,848.91,851.1073,853.7743,856.66583,845.1685512956653
459,851.6928,3.822735,845.77783,849.1682,851.3969,854.0386,856.99054,845.4285013009824
460,851.9679,3.8292341,846.0406,849.412,851.66785,854.288,857.2942,845.6667952113976
461,852.2252,3.8355849,846.28613,849.6421,851.9209,854.52344,857.5777,845.8845094979407
462,852.4657,3.8417659,846.5144,849.85913,852.1571,854.7455,857.8421,846.0827206316427
463,852.69025,3.8477569,846.72797,850.0638,852.38055,854.9548,858.08844,846.2625050835333
464,852.8996,3.853569,846.92773,850.2567,852.5913,855.1521,858.3176,846.4249393246425
465,853.0948,3.859193,847.1143,850.4387,852.78735,855.33826,858.53076,846.5710998260015
466,853.27655,3.8646283,847.28864,850.6105,852.9695,855.5138,858.7287,846.7020630586397
467,853.44586,3.8699,847.4515,850.7726,853.1386,855.67957,858.9124,846.8189054935877
468,853.6036,3.8749864,847.60376,850.92584,853.2957,855.83624,859.08295,846.9227036018756
469,853.7506,3.8799288,847.7462,851.0709,853.44165,855.9845,859.2414,847.0145338545336
470,853.8879,3.884744,847.8796,851.2085,853.57733,856.1251,859.3886,847.0954727225921
471,854.0162,3.8894207,848.0049,851.33923,853.70374,856.2587,859.52563,847.1665966770814
472,854.1364,3.8940117,848.1228,851.46387,853.82166,856.3861,859.65344,847.2289821890316
473,854.24945,3.8984997,848.2333,851.5831,853.9321,856.50793,859.7731,847.2837057294728
474,854.35626,3.9029331,848.3373,851.6977,854.0361,856.625,859.8855,847.3318437694355
475,854.45764,3.9073155,848.43616,851.8082,854.1344,856.73804,859.99176,847.3744727799499
476,854.5546,3.911658,848.531,851.9154,854.2279,856.84766,860.0929,847.4126692320461
477,854.6479,3.9159825,848.6224,852.0201,854.3176,856.9546,860.1897,847.4475095967545
478,854.73846,3.9202993,848.7113,852.12274,854.4044,857.0596,860.2834,847.4800703451054
479,854.8271,3.9246383,848.79865,852.22424,854.48926,857.1633,860.3748,847.5114279481287
480,854.9149,3.92899,848.88513,852.32526,854.56665,857.2667,860.465,847.5426588768551
481,855.0027,3.933366,848.9718,852.4264,854.6505,857.37024,860.5551,847.5748396023146
482,855.0912,3.9377997,849.05927,852.5285,854.7353,857.47473,860.646,847.609046595537
483,855.1814,3.9422653,849.1486,852.6321,854.8219,857.5809,860.73865,847.6463563275536
484,855.2743,3.9468005,849.2404,852.73804,854.91113,857.68945,860.83417,847.6878452693937
485,855.3707,3.9513803,849.3358,852.8469,855.0042,857.8011,860.9335,847.7345898920878
486,855.4715,3.9560177,849.4354,852.9596,855.10187,857.91833,861.0376,847.7876666666665
487,855.5775,3.960734,849.54034,853.0766,855.2051,858.04407,861.1476,847.8479173832891
488,855.6895,3.9655073,849.65094,853.1985,855.3145,858.17456,861.26416,847.9152451086326
489,855.8074,3.9704106,849.767,853.3251,855.42993,858.3098,861.3873,847.9893182285039
490,855.9304,3.9754648,849.88776,853.4557,855.5508,858.44916,861.51654,848.0698051287088
491,856.0584,3.9806333,850.01306,853.5902,855.67664,858.59247,861.6514,848.1563741950546
492,856.19116,3.9859302,850.14264,853.7284,855.80743,858.73944,861.79193,848.2486938133471
493,856.32837,3.9913235,850.27625,853.87,855.9427,858.8899,861.93744,848.3464323693934
494,856.46967,3.996824,850.4137,854.0148,856.0823,859.04346,862.0878,848.4492582489993
495,856.61487,4.0023775,850.5547,854.1624,856.2258,859.1925,862.2427,848.556839837972
496,856.7637,4.008019,850.6989,854.31287,856.37305,859.3415,862.4018,848.6688455221174
497,856.9158,4.0137086,850.8461,854.46564,856.5238,859.4935,862.56476,848.7849436872423
498,857.07104,4.0194416,850.9962,854.61835,856.67773,859.64856,862.7312,848.9048027191532
499,857.229,4.0252013,851.14886,854.7721,856.83453,859.80615,862.901,849.0280910036565
500,857.38947,4.0310054,851.3037,854.9276,856.99396,859.9662,863.0738,849.1544769265586
501,857.5522,4.036798,851.46063,855.08484,857.15576,860.1283,863.2491,849.2836288736662
502,857.7168,4.0426006,851.6193,855.2435,857.31964,860.29236,863.42676,849.4152152307852
503,857.8831,4.0483775,851.77954,855.40344,857.4853,860.4579,863.6064,849.5489043837232
504,858.05096,4.0541563,851.9411,855.5643,857.6526,860.62476,863.7877,849.6843647182856
505,858.2198,4.059896,852.1037,855.72577,857.821,860.7928,863.9704,849.8212646202794
506,858.38947,4.0656004,852.267,855.8878,857.9905,860.9615,864.1542,849.959272475511
507,858.5597,4.071263,852.4309,856.05005,858.1605,861.13086,864.3386,850.0980566697871
508,858.7303,4.0768604,852.5951,856.2123,858.3312,861.3004,864.52356,850.2372855889137
509,858.9009,4.082391,852.75934,856.37427,858.50183,861.4724,864.70856,850.3766276186975
510,859.07117,4.0878496,852.92334,856.5359,858.6725,861.64496,864.8933,850.5157511449452
511,859.24097,4.093218,853.08685,856.69666,858.8427,861.81683,865.07764,850.6543245534632
512,859.4099,4.098498,853.2497,856.85657,859.01227,861.9878,865.26105,850.7920162300577
513,859.57776,4.1036806,853.4115,857.0152,859.1808,862.15765,865.4433,850.9284945605357
514,859.7442,4.1087265,853.57214,857.1724,859.34814,862.32605,865.6241,851.0634279307031
515,859.90906,4.1136627,853.73126,857.328,859.51404,862.4928,865.8031,851.1964847263667
516,860.07196,4.118462,853.8887,857.48987,859.6781,862.6575,865.98,851.3273333333332
517,860.23267,4.1231213,854.04407,857.64966,859.8401,862.81995,866.1544,851.455722292774
518,860.39026,4.12755,854.1966,857.806,859.99915,862.97925,866.32526,851.5817207673214
519,860.5424,4.131479,854.34436,857.9566,860.1533,863.13293,866.4902,851.7054780749733
520,860.6883,4.1347675,854.48627,858.0999,860.3015,863.27985,866.6478,851.8271435337272
521,860.82794,4.1374316,854.62274,858.2363,860.4442,863.4203,866.7986,851.9468664615806
522,860.96204,4.139524,854.7541,858.3664,860.5815,863.55475,866.9429,852.0647961765314
523,861.0907,4.141068,854.8807,858.4904,860.7138,863.6835,867.0811,852.1810819965773
524,861.2145,4.14212,855.0027,858.60876,860.8416,863.807,867.2137,852.2958732397157
525,861.3335,4.142686,855.12067,858.722,860.9651,863.92554,867.3409,852.4093192239443
526,861.44836,4.1428313,855.2348,858.83044,861.08453,864.03955,867.4632,852.5215692672608
527,861.5592,4.142562,855.34546,858.9346,861.20044,864.14954,867.581,852.6327726876625
528,861.6666,4.1419315,855.45306,859.03467,861.313,864.2403,867.6947,852.7430788031475
529,861.7709,4.1409826,855.5578,859.1312,861.4226,864.3251,867.8046,852.8526369317132
530,861.87225,4.139732,855.6601,859.2247,861.52954,864.4061,867.9112,852.9615963913573
531,861.9712,4.1382155,855.7603,859.3154,861.63416,864.4839,868.0148,853.0701065000773
532,862.06805,4.1365047,855.85864,859.4038,861.7369,864.55896,868.11584,853.1783165758708
533,862.1632,4.134584,855.95557,859.49036,861.8379,864.6317,868.2148,853.2863759367358
534,862.257,4.13251,856.0514,859.57544,861.9376,864.7029,868.3118,853.3944339006697
535,862.34985,4.1303115,856.1463,859.6587,862.0364,864.7727,868.4076,853.5026397856699
536,862.442,4.1280165,856.24084,859.7373,862.1344,864.8418,868.5023,853.6111429097342
537,862.53394,4.125659,856.3353,859.8157,862.2322,864.91077,868.59644,853.7200925908605
538,862.6259,4.123267,856.42993,859.8943,862.32996,864.98145,868.69037,853.8296381470461
539,862.7184,4.1208744,856.5251,859.9735,862.428,865.05457,868.78455,853.9399288962891
540,862.81165,4.1185055,856.62115,860.05383,862.52094,865.12897,868.87915,854.0511141565863
541,862.9062,4.1161823,856.71844,860.13574,862.6102,865.2052,868.97485,854.163343245936
542,863.0022,4.11395,856.8174,860.21967,862.7013,865.2836,869.0719,854.2767654823356
543,863.10016,4.111812,856.91815,860.306,862.79443,865.36475,869.17065,854.3915301837827
544,863.20044,4.1098166,857.02106,860.39526,862.89026,865.4491,869.2716,854.5077866682752
545,863.30334,4.1079855,857.1266,860.4879,862.989,865.53705,869.3751,854.6256842538104
546,863.40924,4.1063175,857.2351,860.58435,863.09125,865.6293,869.4815,854.745372258386
547,863.5186,4.1048613,857.34686,860.6851,863.19727,865.7282,869.59125,854.8669999999997
548,863.63165,4.103653,857.4621,860.7904,863.3074,865.8347,869.7047,854.9906494189663
549,863.74884,4.102612,857.58154,860.9009,863.4221,865.9463,869.82227,855.1161329448679
550,863.8708,4.101495,857.7061,861.0166,863.54175,866.06323,869.94403,855.2431956296036
551,863.9975,4.1001515,857.83636,861.13727,863.66614,866.18567,870.06995,855.3715825250729
552,864.1287,4.0985775,857.972,861.2626,863.7949,866.31305,870.19977,855.5010386831749
553,864.2642,4.096817,858.1126,861.3924,863.928,866.4452,870.3334,855.6313091558093
554,864.4037,4.0948577,858.25793,861.5262,864.06494,866.58185,870.47046,855.762138994875
555,864.5468,4.09275,858.40765,861.6639,864.20544,866.72266,870.61084,855.8932732522715
556,864.6933,4.0905013,858.56134,861.80505,864.34937,866.8672,870.7543,856.0244569798976
557,864.8429,4.088141,858.7189,861.9495,864.49634,867.01514,870.9005,856.1554352296533
558,864.9953,4.0856786,858.87964,862.09686,864.6461,867.16644,871.04944,856.2859530534373
559,865.1503,4.083129,859.0436,862.24695,864.8004,867.32043,871.20074,856.4157555031494
560,865.30756,4.0805516,859.21014,862.3993,864.9569,867.477,871.35425,856.5445876306884
561,865.4668,4.077933,859.3792,862.5538,865.1153,867.63574,871.50977,856.6721944879539
562,865.6277,4.07529,859.55035,862.7101,865.27515,867.7964,871.66693,856.7983211268446
563,865.79,4.0726647,859.72327,862.8678,865.4361,867.95886,871.8257,856.9227125992608
564,865.9534,4.0700736,859.8975,863.02686,865.598,868.12415,871.9858,857.0451139571009
565,866.11774,4.0675387,860.0729,863.1867,865.7606,868.29047,872.147,857.1652702522646
566,866.2826,4.0650835,860.249,863.3472,865.9236,868.45734,872.309,857.2829265366508
567,866.44775,4.0627146,860.42566,863.50806,866.08655,868.6245,872.4717,857.3978278621593
568,866.6128,4.060456,860.60236,863.66895,866.24927,868.7917,872.6347,857.5097192806888
569,866.7776,4.0583467,860.7789,863.8295,866.4116,868.9585,872.7981,857.6183458441392
570,866.9418,4.0564036,860.95483,863.9896,866.573,869.12463,872.9615,857.7234526044094
571,867.10516,4.05465,861.1299,864.14886,866.73346,869.2898,873.1245,857.8247846133987
572,867.26733,4.053071,861.3037,864.30695,866.8926,869.45355,873.2871,857.9220869230064
573,867.4281,4.051714,861.4761,864.4637,867.05,869.6157,873.44904,858.015104585132
574,867.58716,4.0506196,861.63354,864.6186,867.2055,869.7759,873.61017,858.1035826516744
575,867.7442,4.049779,861.7854,864.7716,867.3588,869.9338,873.77014,858.1872661745332
576,867.899,4.049208,861.9347,864.92224,867.50964,870.0889,873.9287,858.2659002056075
577,868.0511,4.0489607,862.08014,865.0703,867.6578,870.24115,874.08575,858.3392297967966
578,868.2004,4.049029,862.2206,865.21545,867.80286,870.3741,874.24097,858.407
579,868.34656,4.0494413,862.35785,865.3575,867.94446,870.48535,874.3942,858.4691806591684
580,868.4893,4.0502114,862.4918,865.49603,868.08264,870.5963,874.5454,858.5266407864605
581,868.6291,4.0513415,862.6227,865.6316,868.2175,870.7046,874.69464,858.5804741860861
582,868.7662,4.0528016,862.751,865.7646,868.34973,870.8104,874.8429,858.6317746622558
583,868.9014,4.054523,862.8774,865.8956,868.48376,870.9142,874.99915,858.6816360191797
584,869.0351,4.056448,863.0023,866.02515,868.62085,871.0168,875.15436,858.731152061068
585,869.1679,4.0585246,863.1264,866.1537,868.75696,871.11847,875.30884,858.7814165921308
586,869.30023,4.0606756,863.2503,866.2818,868.8739,871.2199,875.46454,858.8335234165781
587,869.43274,4.0628734,863.3744,866.40985,868.99634,871.3216,875.6206,858.8885663386204
588,869.5659,4.0650306,863.49945,866.5385,869.1388,871.4242,875.77057,858.9476391624678
589,869.70026,4.0670805,863.626,866.6682,869.2822,871.5391,875.91156,859.0118356923302
590,869.8363,4.068983,863.7544,866.7995,869.427,871.6648,876.054,859.0822497324184
591,869.9746,4.0706735,863.8855,866.93286,869.5736,871.79285,876.1985,859.1599750869422
592,870.1158,4.0720825,864.01965,867.06885,869.72253,871.9238,876.3455,859.2461055601117
593,870.26013,4.0731387,864.1576,867.20435,869.87415,872.05835,876.4954,859.3417349561371
594,870.40845,4.073816,864.2998,867.3417,870.0263,872.1992,876.64874,859.4479570792287
595,870.56104,4.0740023,864.4469,867.4837,870.18115,872.34863,876.8058,859.5658657335968
596,870.71857,4.073666,864.5994,867.6308,870.3406,872.5032,876.96716,859.6965547234516
597,870.88165,4.0727425,864.75793,867.78357,870.505,872.6681,877.1333,859.8411178530029
598,871.0506,4.071154,864.92303,867.94257,870.67505,872.8402,877.3047,860.000648926461
599,871.2261,4.068849,865.0953,868.10834,870.8512,873.0189,877.4817,860.1762417480367
600,871.4087,4.06577,865.2752,868.2816,871.0338,873.2046,877.6648,860.3689901219394
601,871.59875,4.061836,865.46356,868.46277,871.22363,873.3978,877.85455,860.5799878523796
602,871.79706,4.057003,865.66064,868.65247,871.42084,873.59924,878.0513,860.8103287435675
603,872.0039,4.0512037,865.86725,868.8512,871.6262,873.8094,878.25555,861.0611065997134
604,872.2201,4.0443788,866.0838,869.05963,871.8401,874.0287,878.4678,861.3334152250272
605,872.44586,4.0364575,866.31104,869.2782,872.0631,874.2578,878.68835,861.6283484237194
606,872.682,4.0273957,866.54944,869.5077,872.29565,874.4972,878.91785,861.9469999999999
607,872.9289,4.0171523,866.79956,869.7484,872.5381,874.74744,879.15674,862.2901112586692
608,873.18677,4.0056314,867.0617,870.0078,872.7881,875.00854,879.40497,862.657013506888
609,873.4545,3.9928744,867.335,870.2776,873.0434,875.2796,879.66174,863.0466855524077
610,873.7311,3.9789307,867.6186,870.5457,873.30554,875.55927,879.9259,863.4581062029787
611,874.0161,3.963851,867.9119,870.8328,873.57434,875.8472,880.1973,863.8902542663524
612,874.30914,3.9477155,868.20715,871.13,873.85815,876.1432,880.4755,864.3421085502795
613,874.6099,3.9305754,868.51733,871.43555,874.16003,876.4474,880.7447,864.8126478625112
614,874.918,3.9124894,868.8472,871.74915,874.47864,876.75964,881.00525,865.3008510107985
615,875.23303,3.8935392,869.1848,872.0702,874.80524,877.07874,881.2694,865.8056968028923
616,875.5546,3.8737826,869.52966,872.39844,875.13806,877.40436,881.537,866.3261640465435
617,875.8823,3.853289,869.8812,872.7334,875.4905,877.7361,881.8077,866.861231549503
618,876.21594,3.8321173,870.23926,873.07465,875.861,878.07367,882.0813,867.4098781195225
619,876.55493,3.8103464,870.6032,873.4218,876.23816,878.4165,882.3577,867.9710825643521
620,876.8989,3.7880452,870.9727,873.7745,876.6036,878.7644,882.6368,868.5438236917432
621,877.2477,3.7652562,871.3474,874.1322,876.97034,879.11694,882.9181,869.1270803094469
622,877.60065,3.7420626,871.7268,874.518,877.34186,879.47363,883.2018,869.7198312252139
623,877.9575,3.7185264,872.1105,874.9279,877.7178,879.8343,883.4874,870.3210552467951
624,878.3179,3.694712,872.4979,875.3423,878.10846,880.1985,883.7748,870.9297311819419
625,878.68146,3.6706822,872.8889,875.7605,878.5192,880.5656,884.0637,871.5448378384052
626,879.0478,3.6465123,873.28284,876.1589,878.9338,880.93555,884.3548,872.1653540239357
627,879.41656,3.6222491,873.6793,876.55786,879.35156,881.31525,884.6554,872.7902585462845
628,879.7873,3.597957,874.07806,876.9591,879.7689,881.6978,884.9571,873.4185302132028
629,880.1596,3.573686,874.4785,877.3621,880.14966,882.08215,885.25964,874.0491478324413
630,880.53326,3.5495174,874.88025,877.7665,880.5317,882.46765,885.563,874.6810902117512
631,880.90765,3.5254948,875.28296,878.17175,880.9147,882.85406,885.8667,875.3133361588833
632,881.28265,3.501668,875.68604,878.5775,881.2981,883.24097,886.1708,875.9448644815888
633,881.65765,3.4780893,876.0892,878.9833,881.6815,883.628,886.4748,876.5746539876185
634,882.0324,3.4548185,876.4919,879.38873,882.0647,884.01465,886.77875,877.2016834847235
635,882.4065,3.4318886,876.89386,879.79333,882.447,884.4006,887.08215,877.8249317806547
636,882.7795,3.4093773,877.2945,880.19684,882.82806,884.7853,887.3851,878.4433776831632
637,883.151,3.387292,877.69354,880.59863,883.2076,885.1686,887.68726,879.0559999999998
638,883.52075,3.3656805,878.09174,880.99835,883.58765,885.54974,887.9972,879.6620184060042
639,883.8885,3.3445988,878.497,881.3959,883.975,885.92896,888.3227,880.2616160443692
640,884.2547,3.3240666,878.90027,881.7914,884.3602,886.3064,888.6474,880.8552169253767
641,884.61975,3.3040726,879.3005,882.18555,884.744,886.68274,888.9716,881.4432450593077
642,884.9839,3.2846065,879.6954,882.5783,885.12634,887.05804,889.2956,882.0261244564439
643,885.34717,3.2656212,880.1051,882.96594,885.50757,887.43243,889.61926,882.604279127067
644,885.70984,3.2471228,880.51697,883.33704,885.8877,887.8061,889.9429,883.1781330814587
645,886.0719,3.2290783,880.9276,883.7076,886.2667,888.1796,890.26636,883.7481103298999
646,886.4336,3.211462,881.3372,884.07764,886.6228,888.5609,890.5899,884.3146348826722
647,886.7949,3.1942718,881.74603,884.4475,886.9784,888.906,890.9136,884.8781307500577
648,887.1562,3.1774976,882.15405,884.81714,887.33374,889.25745,891.2374,885.4390219423375
649,887.51733,3.1610842,882.5616,885.18677,887.68896,889.60913,891.56256,885.9977324697932
650,887.8787,3.1450427,882.9688,885.55646,888.0442,889.96094,891.9049,886.5546863427062
651,888.2403,3.1293519,883.3758,885.9264,888.4065,890.31335,892.24744,887.1103075713582
652,888.6023,3.113995,883.78284,886.29663,888.77893,890.66785,892.5903,887.6650201660307
653,888.9648,3.098971,884.19,886.66724,889.15204,891.038,892.9337,888.219248137005
654,889.3279,3.0842576,884.5976,887.0385,889.5259,891.40894,893.2775,888.773415494563
655,889.6919,3.0698211,885.00574,887.4106,889.9005,891.702,893.6222,889.3279462489858
656,890.0567,3.0556862,885.4146,887.7821,890.27637,891.99536,893.9676,889.8832644105551
657,890.42267,3.0418344,885.82434,888.1533,890.6535,892.2899,894.31396,890.4397939895524
658,890.7898,3.0282388,886.2351,888.5257,891.03204,892.6486,894.6613,890.9979589962592
659,891.1582,3.0148995,886.64716,888.8995,891.4122,893.0404,895.0098,891.5581834409572
660,891.52814,3.0018294,887.03296,889.27466,891.7942,893.43884,895.3596,892.1208913339276
661,891.89966,2.9889877,887.4175,889.65137,892.17804,893.85455,895.7108,892.6865066854523
662,892.2729,2.9763815,887.80383,890.0298,892.5641,894.26654,896.0731,893.2554535058123
663,892.6481,2.9640217,888.19214,890.41003,892.95245,894.60754,896.439,893.8281558052896
664,893.02515,2.9518876,888.5826,890.79224,893.34326,894.9828,896.8067,894.4050375941655
665,893.4045,2.9399955,888.974,891.1765,893.73676,895.38513,897.1763,894.9865228827214
666,893.786,2.928326,889.3636,891.56305,894.13306,895.7997,897.54767,895.573035681239
667,894.17,2.9168901,889.7557,891.9519,894.5324,896.2193,897.9212,896.165
668,894.55646,2.9056954,890.1504,892.3432,894.9219,896.6298,898.2968,896.7626297439509
669,894.94763,2.8947318,890.55005,892.7368,895.30927,897.02014,898.6769,897.3652983967016
670,895.34955,2.8840313,890.96136,893.16174,895.7083,897.4258,899.0676,897.9721693365271
671,895.7653,2.873629,891.38806,893.59607,896.07153,897.8595,899.4724,898.5824059417016
672,896.19354,2.8635209,891.8285,894.02844,896.4435,898.30396,899.8898,899.1951715905004
673,896.63275,2.8537343,892.2812,894.496,896.8265,898.70624,900.3181,899.8096296611988
674,897.08154,2.8442981,892.7446,894.9623,897.21936,899.1334,900.75616,900.424943532071
675,897.5386,2.835201,893.2173,895.4055,897.6207,899.57886,901.20233,901.0402765813923
676,898.0023,2.8265116,893.6976,895.8561,898.09546,900.03235,901.65515,901.6547921874375
677,898.4715,2.81822,894.184,896.3124,898.5758,900.4922,902.1133,902.2676537284814
678,898.9445,2.8103735,894.67505,896.77295,899.0593,900.9571,902.5752,902.8780245827993
679,899.42017,2.802957,895.1692,897.2363,899.5447,901.42554,903.0394,903.4850681286658
680,899.8967,2.796007,895.6647,897.7009,900.0305,901.8962,903.5045,904.087947744356
681,900.37305,2.78952,896.1594,898.1652,900.5157,902.36743,903.969,904.6858268081446
682,900.8475,2.7835102,896.62726,898.6429,900.9989,902.8379,904.4314,905.2778686983064
683,901.3187,2.7780113,897.092,899.14923,901.47894,903.30615,904.8975,905.8632367931166
684,901.78534,2.7730064,897.5521,899.651,901.9546,903.7707,905.35876,906.4410944708499
685,902.24585,2.7684994,898.0063,900.14655,902.42444,904.244,905.81354,907.0106051097815
686,902.69885,2.7645125,898.453,900.6343,902.8873,904.71326,906.2776,907.5709320881859
687,903.1428,2.7610242,898.891,901.11255,903.3419,905.17413,906.7628,908.1212387843384
688,903.5765,2.7580297,899.3188,901.5797,903.787,905.6253,907.2371,908.6606885765136
689,903.9983,2.7555487,899.73486,902.0343,904.2146,906.06537,907.6992,909.1884448429865
690,904.4068,2.7535498,900.1378,902.47455,904.61725,906.4927,908.14746,909.7036709620321
691,904.8007,2.7520416,900.52625,902.89874,905.0026,906.9059,908.5804,910.2055303119251
692,905.17834,2.7510037,900.89874,903.3055,905.35333,907.30347,908.9966,910.6931862709406
693,905.5385,2.7504478,901.2538,903.69305,905.68713,907.6841,909.3977,911.1658022173534
694,905.8795,2.7503417,901.5901,904.02216,906.00256,908.04614,909.7807,911.6225415294388
695,906.20013,2.7506933,901.90607,904.2885,906.2982,908.38824,910.1428,912.062567585471
696,906.4989,2.7515032,902.2004,904.5691,906.57275,908.70886,910.48236,912.4850437637252
697,906.7743,2.7527652,902.47156,904.85876,906.8248,909.0066,910.798,912.8891334424767
698,907.0249,2.754479,902.7182,905.1207,907.0436,909.27997,911.088,913.274
699,907.24927,2.756657,902.93884,905.35425,907.235,909.5275,911.35114,913.6390824466096
700,907.4495,2.759273,903.1354,905.5617,907.4043,909.75134,911.58936,913.9849223207783
701,907.6356,2.7621968,903.318,905.7541,907.58185,909.96094,911.7764,914.3123367930185
702,907.8152,2.765295,903.4942,905.9397,907.7528,910.1635,911.9558,914.6221430338427
703,907.9881,2.768542,903.66425,906.1185,907.9171,910.35016,912.1286,914.9151582137629
704,908.15485,2.7719085,903.82825,906.2909,908.0687,910.51807,912.29535,915.1921995032918
705,908.3155,2.7753496,903.9863,906.457,908.2147,910.6798,912.4558,915.4540840729414
706,908.4701,2.778859,904.1386,906.6168,908.35583,910.8355,912.61053,915.7016290932244
707,908.61896,2.7823975,904.2854,906.7706,908.4923,910.9852,912.7595,915.935651734653
708,908.7623,2.7859411,904.42676,906.9187,908.6242,911.1292,912.903,916.1569691677395
709,908.9003,2.7894838,904.563,907.06104,908.7517,911.26764,913.0411,916.3663985629966
710,909.033,2.793007,904.69415,907.19794,908.8749,911.4007,913.174,916.5647570909359
711,909.16077,2.7964878,904.8205,907.3295,908.99695,911.5286,913.302,916.7528619220706
712,909.28357,2.7999113,904.9421,907.45605,909.1198,911.65155,913.4251,916.9315302269125
713,909.4018,2.8032668,905.0592,907.5761,909.2384,911.76965,913.54346,917.101579175974
714,909.51544,2.8065505,905.17194,907.6886,909.3527,911.88293,913.6574,917.2638259397678
715,909.62494,2.8097365,905.2804,907.79675,909.4629,911.98035,913.76715,917.419087688806
716,909.73016,2.812828,905.385,907.90076,909.5691,912.0743,913.8727,917.568181593601
717,909.8315,2.815809,905.4857,908.0007,909.6713,912.16486,913.9743,917.7119248246651
718,909.9291,2.8186772,905.58276,908.0968,909.7699,912.25226,914.0722,917.8511345525106
719,910.0231,2.821418,905.6763,908.1892,909.86475,912.33673,914.1701,917.9866279476502
720,910.11365,2.824021,905.76654,908.27826,909.9561,912.41833,914.2689,918.1192221805958
721,910.201,2.8265116,905.8536,908.3626,910.044,912.50146,914.3641,918.2497344218598
722,910.2854,2.828847,905.93774,908.443,910.12866,912.5874,914.4556,918.3789818419551
723,910.3669,2.8310351,906.0191,908.52075,910.2101,912.6706,914.5438,918.5077816113935
724,910.4456,2.8330731,906.0978,908.5958,910.28845,912.7511,914.62866,918.6369509006876
725,910.522,2.8349564,906.174,908.6686,910.36395,912.8291,914.71045,918.7673068803493
726,910.59595,2.836689,906.248,908.73914,910.43665,912.905,914.78937,918.8996667208919
727,910.6678,2.8382826,906.3198,908.8076,910.5066,912.9789,914.8655,919.0348475928267
728,910.73773,2.8397102,906.38965,908.87427,910.574,913.05096,914.939,919.1736666666666
729,910.80585,2.8409967,906.4579,908.93933,910.6389,913.1216,915.01013,919.3167844630942
730,910.873,2.842161,906.5249,909.00336,910.702,913.18585,915.0795,919.464234903472
731,910.9405,2.8433197,906.59235,909.0679,910.76526,913.2484,915.14923,919.6158952593328
732,911.0096,2.8445592,906.6613,909.1339,910.82983,913.3123,915.2205,919.7716428022102
733,911.08014,2.8458703,906.7317,909.20135,910.8956,913.3777,915.2933,919.9313548036362
734,911.1521,2.8472717,906.8034,909.27026,910.96265,913.4443,915.3676,920.0949085351446
735,911.22546,2.8487525,906.8764,909.34033,911.0309,913.51215,915.44336,920.2621812682679
736,911.30005,2.8503256,906.9507,909.41187,911.1002,913.5812,915.5204,920.4330502745391
737,911.37604,2.851973,907.0263,909.4845,911.17053,913.65137,915.59875,920.607392825491
738,911.4531,2.8537116,907.103,909.5584,911.24194,913.7227,915.6784,920.7850861926566
739,911.53143,2.855547,907.1808,909.63336,911.3144,913.7951,915.7592,920.9660076475691
740,911.6108,2.857481,907.25964,909.7095,911.3878,913.86847,915.8412,921.1500344617613
741,911.69116,2.859501,907.33954,909.7865,911.4619,913.9429,915.9243,921.3370439067659
742,911.77264,2.8616216,907.4205,909.8647,911.53705,914.0181,916.0085,921.5269132541158
743,911.8551,2.863838,907.5022,909.94366,911.6129,914.0943,916.09357,921.7195197753441
744,911.93835,2.8661532,907.58484,910.02356,911.6896,914.17126,916.1797,921.914740741984
745,912.0225,2.8685665,907.6683,910.10443,911.7722,914.249,916.26666,922.112453425568
746,912.1074,2.8710973,907.7525,910.186,911.86145,914.3275,916.35443,922.3125350976293
747,912.1931,2.8737288,907.83734,910.2683,911.9514,914.40674,916.44305,922.5148630297006
748,912.27954,2.8764522,907.923,910.3513,912.042,914.4866,916.5325,922.719314493315
749,912.3666,2.8792844,908.0091,910.43494,912.1332,914.56696,916.62244,922.9257667600053
750,912.4542,2.8822243,908.09576,910.52454,912.2249,914.64795,916.7146,923.1340971013047
751,912.5424,2.885283,908.18304,910.6208,912.31714,914.7294,916.8099,923.3441827887459
752,912.6311,2.8884435,908.2633,910.7177,912.4098,914.8113,916.90576,923.5559010938618
753,912.72015,2.891707,908.33,910.8124,912.5029,914.8936,917.0021,923.7691292881855
754,912.8097,2.895086,908.3969,910.9029,912.5962,914.97626,917.09875,923.9837446432498
755,912.89954,2.898561,908.46387,910.9938,912.6898,915.05927,917.1958,924.1996244305876
756,912.9897,2.902152,908.5309,911.085,912.7837,915.14246,917.2931,924.4166459217321
757,913.08,2.9058504,908.59796,911.1765,912.87256,915.22595,917.39075,924.6346863882156
758,913.17053,2.9096587,908.6649,911.2761,912.9501,915.3125,917.4885,924.8536231015721
759,913.2612,2.9135754,908.7319,911.39185,913.0275,915.4003,917.58636,925.0733333333334
760,913.35205,2.9175944,908.7987,911.5077,913.1049,915.4884,917.6844,925.2936733618092
761,913.4428,2.9217188,908.86536,911.6207,913.1822,915.577,917.7823,925.5144154924131
762,913.53357,2.9259393,908.93195,911.72363,913.2593,915.6687,917.8819,925.7353110373358
763,913.62427,2.9302573,908.9983,911.8191,913.3362,915.7605,917.9861,925.9561113087665
764,913.7149,2.9346673,909.06445,911.9138,913.4129,915.8502,918.09,926.1765676188958
765,913.8053,2.9391534,909.13043,912.0084,913.4894,915.93915,918.1938,926.3964312799135
766,913.89545,2.9437137,909.1962,912.1028,913.5657,916.02783,918.2973,926.6154536040095
767,913.9855,2.9483309,909.2618,912.19696,913.6417,916.1162,918.4005,926.8333859033745
768,914.075,2.953008,909.3272,912.2908,913.71747,916.20435,918.5033,927.0499794901979
769,914.1643,2.9577255,909.39246,912.38416,913.79297,916.2921,918.60565,927.2649856766698
770,914.25305,2.962483,909.45734,912.47705,913.8682,916.3794,918.70764,927.4781557749806
771,914.34143,2.9672704,909.52216,912.56934,913.9432,916.47314,918.809,927.68924109732
772,914.4292,2.9720583,909.5866,912.66113,914.0178,916.5652,918.9098,927.8979929558784
773,914.5165,2.976849,909.65094,912.7521,914.0921,916.6471,919.0099,928.1041626628455
774,914.603,2.9816277,909.71497,912.8423,914.1754,916.7284,919.1093,928.3075015304115
775,914.68896,2.9863956,909.7788,912.9317,914.26495,916.8091,919.20795,928.5077608707667
776,914.77423,2.991123,909.8424,913.01904,914.3539,916.88904,919.3058,928.7046919961009
777,914.85864,2.9958024,909.9057,913.10266,914.4422,916.9706,919.4027,928.8980462186038
778,914.94226,3.0004282,909.9688,913.1852,914.5298,917.0525,919.4987,929.087574850466
779,915.0251,3.0049863,910.03156,913.26654,914.6166,917.13324,919.59375,929.2730292038773
780,915.1069,3.0094478,910.0942,913.3467,914.70264,917.2134,919.6878,929.4541605910279
781,915.18774,3.0138075,910.15643,913.42554,914.78784,917.2975,919.78064,929.6307203241078
782,915.2675,3.0180643,910.2174,913.503,914.8722,917.3801,919.8723,929.8024597153068
783,915.3463,3.0221982,910.2899,913.57904,914.9557,917.46136,919.9629,929.9691300768152
784,915.4239,3.0261865,910.37335,913.6535,915.0382,917.54095,920.0521,930.130482720823
785,915.5003,3.0300255,910.4549,913.72644,915.1199,917.61914,920.1401,930.2862689595202
786,915.57556,3.0337083,910.5351,913.7976,915.20044,917.69556,920.2169,930.436240105097
787,915.64954,3.0371995,910.614,913.8671,915.28,917.7702,920.28723,930.5801474697433
788,915.7221,3.0404987,910.69147,913.9348,915.3584,917.8431,920.3569,930.7177423656493
789,915.79333,3.0435941,910.76746,914.00055,915.4358,917.92114,920.4256,930.848776105005
790,915.8632,3.0464723,910.8419,914.0644,915.512,917.9972,920.4934,930.9730000000001
791,915.93146,3.0491154,910.91486,914.12616,915.58704,918.07104,920.56036,931.0902558573553
792,916.00165,3.05128,910.98883,914.1894,915.6639,918.15027,920.62933,931.2007474619111
793,916.08374,3.0521634,911.0726,914.26514,915.7522,918.2468,920.7092,931.3047690930395
794,916.18463,3.051257,911.17145,914.36035,915.8584,918.3611,920.8058,931.4026150301107
795,916.30304,3.0486684,911.28455,914.47406,915.9812,918.49207,920.91815,931.4945795524968
796,916.4381,3.0445085,911.4113,914.605,916.12,918.6388,921.0453,931.5809569395681
797,916.5888,3.0389063,911.55066,914.7522,916.2737,918.80023,921.18646,931.6620414706962
798,916.75415,3.031956,911.70197,914.9148,916.44116,918.95825,921.34076,931.7381274252523
799,916.93304,3.023815,911.8643,915.09143,916.6217,919.10156,921.5072,931.8095090826074
800,917.12463,3.0146146,912.0369,915.2813,916.81433,919.28296,921.68494,931.876480722133
801,917.32776,3.0044801,912.21893,915.4833,917.01794,919.48486,921.87317,931.9393366231998
802,917.5415,2.9935458,912.40753,915.7094,917.2318,919.71014,922.05493,931.9983710651793
803,917.76483,2.9819808,912.6383,915.94604,917.4547,919.9458,922.2375,932.0538783274428
804,917.9968,2.969891,912.88605,916.18274,917.6859,920.19073,922.45245,932.1061526893608
805,918.2363,2.9574041,913.1412,916.4277,917.92444,920.4439,922.674,932.1554884303054
806,918.4824,2.9446614,913.40375,916.67957,918.1692,920.70416,922.9012,932.2021798296469
807,918.7341,2.9317796,913.673,916.9426,918.41943,920.97034,923.1331,932.2465211667569
808,918.9903,2.9188957,913.9474,917.21216,918.674,921.24146,923.369,932.2888067210067
809,919.25006,2.9060998,914.2262,917.4911,918.9321,921.51636,923.608,932.3293307717672
810,919.51245,2.8934937,914.5082,917.78503,919.1947,921.7903,923.8492,932.3683875984095
811,919.7763,2.881175,914.7921,918.0791,919.45374,922.06,924.09174,932.4062714803052
812,920.0408,2.8692298,915.0769,918.3651,919.7135,922.3235,924.33484,932.4432766968253
813,920.30475,2.8577325,915.3615,918.65063,919.9731,922.5853,924.57745,932.4796975273406
814,920.5673,2.8467455,915.65936,918.9346,920.23145,922.8375,924.81885,932.5158282512227
815,920.82733,2.8363175,915.96466,919.21576,920.49615,923.10065,925.05853,932.5519631478426
816,921.084,2.8265007,916.26575,919.49304,920.79254,923.3603,925.29816,932.5883964965712
817,921.3361,2.8173215,916.56146,919.76526,921.0907,923.61554,925.5339,932.6254225767805
818,921.58276,2.8088107,916.8505,920.03143,921.3823,923.8655,925.7648,932.6633356678407
819,921.8229,2.8010008,917.1315,920.29016,921.666,924.109,925.9899,932.7024300491237
820,922.05554,2.7938418,917.40326,920.5405,921.9406,924.3251,926.2296,932.743
821,922.2798,2.787381,917.6646,920.78125,922.20483,924.54407,926.4687,932.7852785350555
822,922.498,2.7814813,917.9184,921.01514,922.3999,924.7727,926.70123,932.8292536097296
823,922.72046,2.7758353,918.17694,921.25214,922.5934,925.009,926.93823,932.874851914677
824,922.95404,2.7702718,918.4483,921.4971,922.7971,925.25586,927.19025,932.9220001405516
825,923.1976,2.7648623,918.7311,921.75244,923.01,925.5003,927.4525,932.9706249780077
826,923.44977,2.7596772,919.0238,921.9941,923.2311,925.7589,927.72394,933.0206531176995
827,923.70953,2.7547495,919.3252,922.23065,923.4592,926.02515,928.00323,933.0720112502811
828,923.9757,2.7501318,919.63385,922.47266,923.69714,926.29785,928.28906,933.1246260664066
829,924.24713,2.7458968,919.9484,922.7192,923.97205,926.5248,928.5803,933.1784242567304
830,924.52264,2.7420514,920.2676,922.96924,924.25085,926.77435,928.87573,933.233332511906
831,924.801,2.738619,920.5897,923.2208,924.5325,927.0261,929.174,933.2892775225887
832,925.0812,2.7356465,920.91376,923.4718,924.8157,927.27905,929.474,933.3461859794319
833,925.3619,2.7331252,921.23816,923.7235,925.09937,927.5322,929.7745,933.4039845730895
834,925.642,2.7310643,921.56165,923.97473,925.3823,927.7847,930.0741,933.4625999942164
835,925.9205,2.7294643,921.8828,924.2245,925.66345,928.02924,930.3357,933.5219589334661
836,926.19604,2.7283106,922.20026,924.47186,925.9415,928.27356,930.57196,933.5819880814933
837,926.4675,2.727575,922.5108,924.7275,926.21545,928.5146,930.80524,933.6426141289517
838,926.73376,2.7272303,922.81494,924.9868,926.4839,928.7511,931.03595,933.7037637664959
839,926.9936,2.7272546,923.1113,925.23157,926.749,928.9824,931.27075,933.7653636847795
840,927.2459,2.7275937,923.3986,925.51306,927.01276,929.2073,931.50116,933.8273405744575
841,927.4895,2.7282128,923.6755,925.75916,927.2672,929.42487,931.74475,933.8896211261833
842,927.7234,2.7290487,923.94055,925.9416,927.51117,929.63416,931.9902,933.9521320306112
843,927.9461,2.730045,924.19244,926.1305,927.7435,929.834,932.2237,934.0147999783957
844,928.1566,2.7311604,924.4299,926.33,927.95337,930.0235,932.44415,934.0775516601906
845,928.3538,2.73234,924.6514,926.5173,928.1387,930.2018,932.65015,934.1403137666503
846,928.5365,2.7335038,924.8559,926.6913,928.31067,930.36755,932.8405,934.2030129884287
847,928.7035,2.734608,925.0418,926.8509,928.4683,930.5202,933.0139,934.2655760161803
848,928.85376,2.7355938,925.20776,926.9951,928.61743,930.6585,933.1691,934.327929540559
849,928.98596,2.7364168,925.35254,927.1229,928.75,930.78156,933.3049,934.3900002522195
850,929.099,2.7370186,925.4748,927.2331,928.86334,930.88806,933.4199,934.4517148418148
851,929.1917,2.737389,925.5731,927.32465,928.9562,930.97754,933.513,934.5130000000001
852,929.26294,2.7374783,925.6461,927.3965,929.02734,931.0486,933.5828,934.5738007413262
853,929.31476,2.7373016,925.6963,927.45056,929.07886,931.103,933.63165,934.6341353759314
854,929.3563,2.736995,925.73456,927.4951,929.12036,931.14856,933.66986,934.6940405378512
855,929.3947,2.736675,925.7688,927.53674,929.1583,931.1911,933.7048,934.7535528611213
856,929.4299,2.7363527,925.79944,927.57526,929.1932,931.2308,933.73676,934.8127089797766
857,929.4621,2.7360177,925.8265,927.6111,929.2251,931.2678,933.7658,934.871545527853
858,929.49164,2.7356663,925.8502,927.64435,929.25415,931.30237,933.79205,934.9300991393856
859,929.5185,2.7353091,925.871,927.6751,929.2806,931.33453,933.8159,934.9884064484099
860,929.54315,2.7349527,925.88873,927.7037,929.30457,931.36456,933.83734,935.0465040889611
861,929.56537,2.7345784,925.90393,927.73004,929.3263,931.39246,933.8566,935.1044286950751
862,929.58563,2.7342339,925.91656,927.7545,929.34595,931.4185,933.87384,935.1622169007867
863,929.604,2.7338805,925.92694,927.77734,929.36365,931.4429,933.8893,935.2199053401317
864,929.6207,2.7335393,925.9353,927.79846,929.3811,931.46576,933.9031,935.2775306471453
865,929.63586,2.7331903,925.9418,927.81824,929.39954,931.4872,933.9153,935.3351294558632
866,929.64966,2.7328668,925.9466,927.83673,929.4167,931.5074,933.9264,935.3927384003206
867,929.66235,2.73256,925.95,927.85406,929.43286,931.5265,933.93616,935.4503941145529
868,929.674,2.732264,925.9521,927.8706,929.442,931.54474,933.94507,935.5081332325955
869,929.68475,2.7319834,925.95325,927.88635,929.4501,931.56213,933.9532,935.5659923884839
870,929.695,2.731723,925.9536,927.90155,929.45764,931.579,933.96136,935.6240082162535
871,929.7047,2.73149,925.95337,927.9163,929.46484,931.5955,933.9694,935.6822173499394
872,929.7141,2.7312753,925.95264,927.9308,929.4718,931.61163,933.9772,935.7406564235775
873,929.7235,2.731091,925.9518,927.9453,929.47864,931.6277,933.9849,935.7993620712031
874,929.7329,2.7309387,925.9509,927.957,929.4855,931.64386,933.99274,935.8583709268512
875,929.7425,2.7307997,925.95026,927.9669,929.4927,931.6601,934.00085,935.9177196245575
876,929.75256,2.7306783,925.95,927.9774,929.50037,931.6768,934.0094,935.9774447983574
877,929.7632,2.7305946,925.95044,927.98834,929.50867,931.69403,934.0185,936.0375830822863
878,929.7746,2.7305522,925.9517,928.0001,929.51764,931.71204,934.02844,936.0981711103797
879,929.7869,2.7305002,925.954,928.0129,929.5276,931.73065,934.03937,936.159245516673
880,929.8004,2.7304993,925.9575,928.0266,929.5387,931.7505,934.0571,936.220842935201
881,929.8152,2.730516,925.9625,928.0432,929.55096,931.7714,934.0809,936.2830000000001
882,929.8314,2.7305567,925.9692,928.06854,929.56476,931.79364,934.10583,936.3457320524712
883,929.8491,2.7306225,925.97754,928.0922,929.57996,931.81726,934.13214,936.4089692634803
884,929.8678,2.7306979,925.98694,928.1063,929.596,931.84186,934.15924,936.4726205112597
885,929.88696,2.730796,925.9969,928.12085,929.6124,931.86694,934.1868,936.5365946740415
886,929.9066,2.7308874,926.0073,928.13574,929.6293,931.8925,934.21484,936.6008006300572
887,929.92664,2.7310104,926.0182,928.151,929.6464,931.9186,934.2437,936.6651472575396
888,929.947,2.7311397,926.0293,928.1705,929.66376,931.94495,934.2736,936.7295434347204
889,929.96765,2.7312822,926.0405,928.19257,929.68134,931.9716,934.3037,936.7938980398317
890,929.98846,2.7314336,926.052,928.2148,929.6991,931.99854,934.3339,936.8581199511057
891,930.00946,2.7316058,926.0637,928.23553,929.7168,932.0255,934.36426,936.9221180467746
892,930.03046,2.7317848,926.0755,928.25616,929.7347,932.0526,934.3946,936.98580120507
893,930.0516,2.7319734,926.0874,928.2768,929.75574,932.0798,934.42487,937.0490783042243
894,930.0726,2.7321777,926.09937,928.29724,929.77734,932.1069,934.455,937.1118582224694
895,930.0935,2.7323935,926.11115,928.31757,929.7988,932.13385,934.485,937.1740498380377
896,930.1142,2.7326322,926.1229,928.3377,929.82007,932.1607,934.5147,937.2355620291611
897,930.13477,2.7328675,926.1345,928.35754,929.8412,932.1876,934.54407,937.2963036740715
898,930.155,2.733122,926.14594,928.3771,929.8618,932.21686,934.5731,937.3561836510014
899,930.17487,2.7333648,926.15704,928.39624,929.88214,932.2456,934.6016,937.4151108381824
900,930.1942,2.7336364,926.16785,928.4149,929.90204,932.27386,934.6297,937.4729941138467
901,930.2132,2.7339127,926.1782,928.43317,929.92145,932.30164,934.65717,937.5297423562267
902,930.23157,2.7341995,926.18823,928.45074,929.9403,932.32874,934.6839,937.5852644435541
903,930.2494,2.7344823,926.1977,928.46924,929.9585,932.3551,934.70996,937.6394692540613
904,930.2664,2.7347791,926.20667,928.49036,929.976,932.3808,934.7353,937.6922656659801
905,930.28284,2.735091,926.21497,928.5106,929.9928,932.4056,934.75977,937.7435625575424
906,930.29834,2.735399,926.2226,928.5299,930.0088,932.42944,934.7833,937.7932688069809
907,930.31305,2.7357018,926.2295,928.54846,930.0239,932.45233,934.8059,937.8412932925272
908,930.3268,2.7360208,926.2356,928.5658,930.0382,932.46924,934.82745,937.8875448924135
909,930.3396,2.7363307,926.24097,928.5822,930.0514,932.4821,934.8478,937.9319324848718
910,930.3513,2.7366498,926.2454,928.5974,930.0636,932.49396,934.86707,937.9743649481344
911,930.36194,2.7369704,926.24884,928.61145,930.0747,932.5047,934.885,938.0147511604333
912,930.3714,2.737279,926.2513,928.62427,930.0846,932.5143,934.90173,938.0530000000002
913,930.37964,2.7376058,926.2527,928.6357,930.0934,932.5227,934.91705,938.0890922319868
914,930.3864,2.7379057,926.25287,928.64557,930.1007,932.52985,934.9308,938.1232961692222
915,930.3915,2.738224,926.25146,928.6539,930.1063,932.5353,934.94275,938.1559520114539
916,930.39484,2.7385533,926.24835,928.6605,930.1102,932.53894,934.95276,938.1873999584308
917,930.3967,2.7389085,926.2438,928.6658,930.1125,932.54126,934.9611,938.2179802099001
918,930.39734,2.739257,926.238,928.66974,930.11346,932.5421,934.96796,938.2480329656108
919,930.39685,2.7396407,926.23114,928.67285,930.1133,932.542,934.9738,938.2778984253106
920,930.39557,2.7400343,926.2233,928.6751,930.1123,932.54114,934.97864,938.3079167887477
921,930.3936,2.740435,926.21484,928.6769,930.11053,932.53955,934.9828,938.3384282556702
922,930.39124,2.7408843,926.2059,928.67847,930.10834,932.53754,934.9866,938.3697730258262
923,930.3887,2.7413378,926.19653,928.67993,930.1059,932.5353,934.99005,938.402291298964
924,930.38617,2.7418268,926.18713,928.6816,930.10345,932.53314,934.9937,938.4363232748317
925,930.3839,2.7423432,926.1778,928.68365,930.1012,932.5311,934.9977,938.4722091531772
926,930.3821,2.742885,926.1687,928.6859,930.09937,932.52966,935.0021,938.5102891337488
927,930.38104,2.7434688,926.16003,928.688,930.0982,932.5287,935.0012,938.5509034162948
928,930.3808,2.744096,926.15204,928.69104,930.0978,932.5286,935.00146,938.5943922005631
929,930.3817,2.7447565,926.1449,928.6953,930.0986,932.52966,935.0029,938.6410956863018
930,930.384,2.745457,926.1388,928.701,930.1006,932.532,935.006,938.691354073259
931,930.3878,2.7462122,926.13385,928.70825,930.1041,932.53577,935.0108,938.7455075611833
932,930.3934,2.7470298,926.1303,928.71747,930.1093,932.5413,935.01764,938.8038963498223
933,930.40094,2.7478862,926.1284,928.7268,930.1166,932.54877,935.0266,938.8668606389244
934,930.41077,2.7488225,926.1283,928.738,930.126,932.55835,935.0382,938.9347406282375
935,930.42303,2.7498245,926.1302,928.75146,930.1377,932.5703,935.0524,939.0078765175101
936,930.438,2.7508903,926.1342,928.7677,930.1521,932.5848,935.06946,939.0866085064898
937,930.4558,2.75203,926.1406,928.7867,930.1692,932.60254,935.08966,939.1712767949255
938,930.4766,2.7532775,926.1496,928.80884,930.18945,932.6337,935.1133,939.2622215825645
939,930.50085,2.7545984,926.1614,928.8343,930.21295,932.66864,935.14044,939.3597830691552
940,930.5285,2.7560256,926.176,928.8631,930.2399,932.7075,935.17145,939.4643014544464
941,930.56,2.7575505,926.19385,928.89575,930.2706,932.75055,935.2065,939.5761169381852
942,930.59546,2.7591984,926.2149,928.9323,930.3052,932.7981,935.2458,939.6955697201206
943,930.6351,2.760967,926.23956,928.973,930.3439,932.8502,935.2896,939.8230000000001
944,930.67914,2.7628675,926.26794,929.01807,930.38696,932.9075,935.3382,939.9586168449655
945,930.7293,2.7648802,926.302,929.0691,930.43616,932.9708,935.39343,940.1021047917322
946,930.7905,2.7669232,926.3478,929.1305,930.4963,933.0437,935.4609,940.2530172444087
947,930.8657,2.7689362,926.4087,929.20496,930.5702,933.12823,935.5438,940.4109076071038
948,930.95404,2.7709143,926.48395,929.2916,930.6571,933.2235,935.6414,940.5753292839263
949,931.05475,2.7728798,926.57263,929.39,930.7564,933.329,935.7528,940.7458356789847
950,931.16705,2.7748086,926.67395,929.4992,930.8672,933.444,935.87695,940.9219801963878
951,931.2901,2.7767136,926.78705,929.6185,930.98865,933.56805,936.0131,941.1033162402445
952,931.4231,2.7786207,926.91095,929.73804,931.12,933.70026,936.1604,941.2893972146632
953,931.56537,2.7805233,927.045,929.8648,931.2605,933.84015,936.3179,941.4797765237525
954,931.71606,2.7824273,927.1882,929.99963,931.40955,933.98706,936.4846,941.6740075716216
955,931.87445,2.784357,927.33966,930.14166,931.566,934.14026,936.6599,941.8716437623791
956,932.0398,2.7862952,927.4987,930.2902,931.7185,934.2992,936.8427,942.0722385001332
957,932.211,2.7882795,927.6643,930.4445,931.8725,934.46326,937.0322,942.2753451889931
958,932.38763,2.790303,927.8357,930.604,932.03156,934.6317,937.22754,942.4805172330672
959,932.5687,2.792369,928.01196,930.7677,932.1951,934.80396,937.41754,942.6873080364647
960,932.75354,2.7944965,928.1923,930.9351,932.3622,934.9794,937.601,942.8952710032937
961,932.94135,2.7966824,928.3758,931.10535,932.5321,935.1573,937.78723,943.1039595376633
962,933.13116,2.7989113,928.5617,931.27765,932.7057,935.33704,937.9754,943.312927043682
963,933.32245,2.80122,928.7491,931.4514,932.8993,935.5181,938.16486,943.5217269254587
964,933.5143,2.8035824,928.9371,931.626,933.0935,935.69977,938.35474,943.7299125871018
965,933.7059,2.8060145,929.1248,931.8004,933.28735,935.88135,938.5445,943.9370374327204
966,933.8965,2.8084905,929.3115,931.97406,933.4801,936.0622,938.73346,944.1426548664228
967,934.0853,2.8110223,929.4963,932.14624,933.67084,936.24176,938.9209,944.3463182923181
968,934.27155,2.8136108,929.6782,932.31616,933.8586,936.4193,939.1061,944.5475811145147
969,934.45447,2.816222,929.85657,932.48315,934.0427,936.5943,939.2882,944.7459967371213
970,934.6332,2.8188794,930.03033,932.6465,934.2221,936.76605,939.4668,944.9411185642471
971,934.807,2.8215666,930.19885,932.8053,934.39606,936.93384,939.641,945.1325000000002
972,934.97516,2.8242497,930.3611,932.9591,934.5636,937.09717,939.8101,945.3198175909417
973,935.1372,2.8269455,930.51685,933.1074,934.72455,937.2555,939.9739,945.5032404534418
974,935.2943,2.8296475,930.66736,933.2511,934.8806,937.4097,940.1296,945.6830608463227
975,935.4475,2.8323214,930.814,933.39136,935.04,937.5604,940.27985,945.8595710284067
976,935.5971,2.8349793,930.9573,933.52844,935.1957,937.70795,940.4267,946.033063258516
977,935.7436,2.837645,931.09717,933.6627,935.34814,937.8526,940.5705,946.2038297954728
978,935.88727,2.840281,931.2343,933.79425,935.49756,937.99457,940.7114,946.3721628980995
979,936.02826,2.842917,931.3689,933.92365,935.6444,938.1343,940.8499,946.5383548252182
980,936.1672,2.845533,931.50134,934.0488,935.78894,938.2719,940.9863,946.7026978356515
981,936.3042,2.8481524,931.63196,934.19086,935.9315,938.40784,941.12085,946.8654841882213
982,936.4397,2.850757,931.761,934.3347,936.07245,938.5471,941.25385,947.0270061417501
983,936.574,2.8533583,931.889,934.4773,936.21216,938.68536,941.3858,947.1875559550601
984,936.70734,2.8559446,932.0161,934.6189,936.3508,938.82263,941.5167,947.3474258869737
985,936.8402,2.8585505,932.14276,934.7597,936.4889,938.9591,941.6472,947.5069081963131
986,936.9729,2.8611474,932.2692,934.9002,936.6267,939.09534,941.77747,947.6662951419004
987,937.1057,2.8637388,932.39594,935.04065,936.7646,939.2314,941.9078,947.8258789825579
988,937.2389,2.8663538,932.52313,935.1813,936.90283,939.36755,942.0386,947.985951977108
989,937.37286,2.8689551,932.6511,935.3225,937.0419,939.5042,942.17017,948.146806384373
990,937.50806,2.871579,932.7805,935.4647,937.1819,939.6416,942.30273,948.3087344631751
991,937.6446,2.8742125,932.9114,935.60803,937.32336,939.77997,942.43677,948.4720284723364
992,937.78296,2.8768723,933.0441,935.7528,937.46655,939.9197,942.5725,948.6369806706797
993,937.92346,2.8795402,933.179,935.8995,937.6118,940.06085,942.7102,948.8038833170266
994,938.06635,2.8822427,933.3165,936.04834,937.7595,940.2039,942.85034,948.9730286701998
995,938.212,2.8849723,933.4569,936.1996,937.91003,940.3491,942.9932,949.1447089890214
996,938.3607,2.8877306,933.6006,936.35364,938.0635,940.49677,943.13904,949.3192165323137
997,938.51294,2.8905225,933.7477,936.51074,938.223,940.64716,943.2881,949.4968435588992
998,938.6689,2.8933642,933.8988,936.6638,938.39136,940.8005,943.44104,949.6778823275997
999,938.829,2.8962626,934.05414,936.81116,938.5643,940.957,943.59784,949.8626250972379
1000,938.9934,2.899213,934.21405,936.9621,938.7422,941.1171,943.75885,950.0513641266358
1001,939.1627,2.9022255,934.3789,937.1167,938.92535,941.281,943.92456,950.2443916746158
1002,939.33704,2.9053068,934.549,937.2754,939.1143,941.44904,944.0953,950.4420000000002
1003,939.5168,2.9084759,934.7247,937.43835,939.3092,941.6249,944.2714,950.6443914264872
1004,939.7021,2.911721,934.90607,937.60565,939.5104,941.8124,944.47156,950.8514085372796
1005,939.8923,2.9150848,935.0922,937.77704,939.71704,942.0042,944.6806,951.0628039804558
1006,940.0867,2.91856,935.2825,937.95197,939.92847,942.2,944.89417,951.2783304040944
1007,940.2849,2.9221396,935.47565,938.13025,940.14435,942.3994,945.112,951.4977404562745
1008,940.48706,2.9258294,935.67065,938.3117,940.36444,942.6022,945.3338,951.7207867850741
1009,940.69257,2.9296331,935.869,938.4961,940.5885,942.8081,945.5594,951.9472220385724
1010,940.9013,2.933549,936.0703,938.68335,940.8162,943.0055,945.7885,952.1767988648475
1011,941.1131,2.9375844,936.27454,938.87695,941.0421,943.2056,946.0209,952.4092699119784
1012,941.32776,2.941722,936.4812,939.09357,941.26245,943.4085,946.2559,952.6443878280437
1013,941.54474,2.945962,936.69025,939.31384,941.4855,943.6139,946.47546,952.8819052611219
1014,941.7642,2.950318,936.9014,939.5423,941.71094,943.82153,946.6975,953.121574859292
1015,941.9856,2.9547713,937.11456,939.773,941.9386,944.0313,946.9216,953.3631492706322
1016,942.2089,2.9593477,937.3292,940.00574,942.16833,944.2428,947.1477,953.6063811432215
1017,942.4338,2.9640026,937.54535,940.2402,942.39954,944.4559,947.3754,953.8510231251379
1018,942.65985,2.9687636,937.76276,940.47614,942.6322,944.67035,947.6046,954.0968278644608
1019,942.8871,2.9736252,937.981,940.7133,942.86597,944.8859,947.83496,954.3435480092684
1020,943.11523,2.9785814,938.20013,940.95135,943.1007,945.1062,948.06616,954.5909362076394
1021,943.344,2.9836094,938.41974,941.1902,943.3361,945.33374,948.29816,954.8387451076527
1022,943.5731,2.98873,938.6397,941.42944,943.5719,945.5617,948.53064,955.0867273573867
1023,943.80237,2.9939208,938.8596,941.66876,943.80786,945.7899,948.7632,955.3346356049202
1024,944.03156,2.9991899,939.0795,941.90796,944.04346,946.01807,948.9958,955.5822224983312
1025,944.2604,3.004518,939.2989,942.14685,944.27893,946.2458,949.2281,955.8292406856993
1026,944.4886,3.0098877,939.51776,942.38513,944.5137,946.473,949.4598,956.0754428151025
1027,944.716,3.015337,939.7358,942.62244,944.74756,946.6994,949.69196,956.3205815346197
1028,944.94244,3.0208058,939.9527,942.85864,944.96826,946.9247,949.92316,956.5644094923296
1029,945.1675,3.0263236,940.16833,943.0934,945.17944,947.1606,950.1531,956.8066793363105
1030,945.391,3.031873,940.3825,943.3264,945.38916,947.3973,950.38153,957.0471437146413
1031,945.6128,3.0374253,940.59485,943.5468,945.59717,947.63196,950.6081,957.2855552754006
1032,945.8326,3.0429974,940.80536,943.7609,945.80334,947.86444,950.8328,957.5216666666669
1033,946.05005,3.0485742,941.01355,943.9652,946.00745,948.0945,951.05524,957.7553060844929
1034,946.2657,3.0540986,941.2291,944.16766,946.2098,948.32227,951.27563,957.9866039168262
1035,946.4808,3.0595102,941.447,944.37006,946.412,948.54944,951.4955,958.2157660995889
1036,946.6965,3.064749,941.6659,944.57355,946.6151,948.7769,951.71594,958.4429985687025
1037,946.91284,3.0698183,941.88586,944.778,946.81934,949.00494,951.9368,958.6685072600884
1038,947.12976,3.0747368,942.10693,944.9835,947.02454,949.2334,952.15826,958.8924981096688
1039,947.34735,3.0795128,942.32886,945.18787,947.2307,949.4624,952.3804,959.1151770533653
1040,947.56555,3.084155,942.5518,945.3926,947.43774,949.6881,952.603,959.3367500270994
1041,947.78436,3.0886872,942.7757,945.6011,947.64575,949.8986,952.82635,959.557422966793
1042,948.00385,3.0930965,943.0005,945.82166,947.8547,950.10986,953.0503,959.7774018083678
1043,948.224,3.0973926,943.2263,946.0392,948.07104,950.3218,953.27484,959.9968924877453
1044,948.4447,3.1016152,943.45294,946.26666,948.28986,950.53455,953.5002,960.2161009408475
1045,948.6661,3.10576,943.68036,946.4949,948.50916,950.74805,953.72614,960.435233103596
1046,948.8882,3.109825,943.90875,946.72375,948.729,950.9623,953.9529,960.6544949119125
1047,949.11084,3.113856,944.1379,946.95337,948.94934,951.1773,954.1803,960.8740923017185
1048,949.3342,3.1178315,944.3678,947.1838,949.1703,951.39307,954.40857,961.0942312089362
1049,949.5582,3.12178,944.5985,947.4148,949.3917,951.6098,954.6376,961.3151175694869
1050,949.7829,3.125701,944.83,947.6464,949.6138,951.83203,954.8674,961.5369573192922
1051,950.0082,3.129636,945.06226,947.86194,949.83636,952.0548,955.09796,961.7599563942745
1052,950.2342,3.1335797,945.29517,948.07574,950.0596,952.27826,955.3295,961.9843207303547
1053,950.4609,3.1375318,945.5288,948.28973,950.2833,952.50244,955.5619,962.2102562634552
1054,950.6881,3.1415093,945.76306,948.5044,950.5077,952.7272,955.7951,962.4379689294973
1055,950.9162,3.145548,945.998,948.7196,950.7328,952.95276,956.02924,962.6676646644027
1056,951.14484,3.1496465,946.2335,948.9354,950.9585,953.1847,956.26434,962.899549404093
1057,951.37415,3.1538289,946.4697,949.1518,951.1848,953.4275,956.5004,963.1338290844905
1058,951.60425,3.158073,946.7065,949.3688,951.41174,953.67114,956.73737,963.3707096415163
1059,951.8349,3.1624422,946.94366,949.58636,951.64124,953.91565,956.97534,963.6103970110926
1060,952.0662,3.166908,947.18164,949.80664,951.87744,954.161,957.21436,963.8530971291405
1061,952.29834,3.1715105,947.4199,950.0343,952.1144,954.4072,957.45435,964.0990159315822
1062,952.53107,3.1762667,947.65875,950.2625,952.35205,954.6544,957.69543,964.3483593543393
1063,952.7645,3.1811726,947.8981,950.4913,952.5907,954.9026,957.93756,964.6013333333334
1064,952.99866,3.1862407,948.1379,950.7207,952.82996,955.1518,958.18085,964.8580245747262
1065,953.23486,3.191432,948.37964,950.952,953.07153,955.4032,958.42645,965.1180428656385
1066,953.4773,3.1965628,948.62836,951.1896,953.3192,955.6625,958.6784,965.3808787634306
1067,953.72797,3.2015147,948.8867,951.4355,953.5751,955.9219,958.9388,965.6460228254632
1068,953.98615,3.2063065,949.15375,951.68896,953.83826,956.1788,959.20654,965.912965609097
1069,954.2509,3.2109656,949.42834,951.949,954.10767,956.442,959.4809,966.1811976716925
1070,954.52124,3.2155097,949.70935,952.2147,954.38257,956.7106,959.76074,966.4502095706104
1071,954.79626,3.219948,949.99585,952.4851,954.66205,956.9836,960.0453,966.7194918632108
1072,955.07495,3.22431,950.2691,952.7592,954.94507,957.2602,960.3333,966.9885351068549
1073,955.3564,3.228603,950.54474,953.03625,955.2307,957.5394,960.6241,967.2568298589028
1074,955.6397,3.2328494,950.8224,953.3158,955.51807,957.82043,960.9165,967.5238666767157
1075,955.9239,3.2370727,951.101,953.60596,955.8062,958.1023,961.20984,967.7891361176536
1076,956.20807,3.241263,951.3797,953.89624,956.0941,958.38416,961.50287,968.052128739077
1077,956.4913,3.2454438,951.6575,954.18567,956.3811,958.6651,961.7947,968.3123350983469
1078,956.7725,3.2496412,951.93335,954.47327,956.66614,958.94415,962.0845,968.5692457528237
1079,957.05084,3.253861,952.2063,954.75806,956.9482,959.2206,962.37115,968.822351259868
1080,957.32544,3.258103,952.47546,955.0368,957.22644,959.49335,962.6539,969.0711421768405
1081,957.5954,3.2623887,952.7397,955.31036,957.4999,959.76166,962.9315,969.3151090611016
1082,957.8596,3.2666938,952.99817,955.57825,957.76776,960.0245,963.2033,969.5537424700118
1083,958.1172,3.2710757,953.24976,955.83936,958.02893,960.28107,963.4681,969.7865329609317
1084,958.3674,3.275508,953.4935,956.093,958.2827,960.5305,963.72504,970.0129710912225
1085,958.6089,3.280019,953.72864,956.338,958.52795,960.77185,963.97314,970.2325474182438
1086,958.8412,3.2846003,953.954,956.5734,958.7639,961.0043,964.2116,970.4447524993568
1087,959.06305,3.2892673,954.1686,956.7984,958.9896,961.22675,964.4393,970.6490768919219
1088,959.2737,3.2940216,954.3714,957.01184,959.204,961.4385,964.65515,970.8450111532997
1089,959.47205,3.2988691,954.56165,957.2129,959.4064,961.6387,964.8585,971.0320458408511
1090,959.6573,3.3038332,954.7382,957.4005,959.5956,961.82623,965.04816,971.2096715119361
1091,959.8285,3.3089013,954.9001,957.57385,959.77094,962.0004,965.22327,971.3773787239156
1092,959.9846,3.314114,955.0463,957.73193,959.93134,962.16034,965.38293,971.5346580341501
1093,960.1248,3.3194904,955.17584,957.87366,960.0759,962.30493,965.52606,971.6810000000002
1094,960.2482,3.3250105,955.28796,957.99817,960.2039,962.43353,965.65173,971.816057907198
1095,960.3561,3.330636,955.3839,958.1071,960.3165,962.5427,965.76135,971.9401359549611
1096,960.45557,3.3361716,955.47095,958.2079,960.4208,962.6421,965.86127,972.0537010708792
1097,960.5517,3.3414745,955.5544,958.30597,960.5216,962.739,965.9565,972.1572201825413
1098,960.6447,3.3465698,955.6344,958.4014,960.61914,962.83344,966.04724,972.2511602175372
1099,960.73474,3.3514786,955.7111,958.4945,960.71375,962.9256,966.1338,972.3359881034552
1100,960.82196,3.3562033,955.78467,958.58514,960.8053,963.01544,966.21625,972.4121707678855
1101,960.90643,3.360732,955.8554,958.67365,960.89404,963.1033,966.2948,972.4801751384172
1102,960.9883,3.3651237,955.9231,958.76,960.97864,963.19763,966.3696,972.5404681426393
1103,961.06775,3.369356,955.9882,958.8443,961.0585,963.29297,966.441,972.5935167081414
1104,961.1449,3.373469,956.0508,958.92676,961.13586,963.38666,966.5091,972.6397877625129
1105,961.21985,3.3774722,956.11096,959.0074,961.21094,963.4789,966.57416,972.6797482333426
1106,961.2928,3.3813577,956.16895,959.0863,961.284,963.5696,966.6362,972.7138650482202
1107,961.36383,3.3851666,956.22485,959.16376,961.35,963.65894,966.6957,972.742605134735
1108,961.4331,3.3888824,956.27875,959.2397,961.41235,963.74695,966.7526,972.7664354204761
1109,961.5008,3.3925507,956.33093,959.312,961.4731,963.83386,966.80725,972.785822833033
1110,961.567,3.3961575,956.38153,959.37396,961.5322,963.9196,966.8599,972.8012342999951
1111,961.6319,3.3997376,956.43066,959.43445,961.5899,964.0045,966.91064,972.8131367489514
1112,961.6955,3.4032764,956.47845,959.4935,961.64624,964.0884,966.9595,972.8219971074916
1113,961.75806,3.4068217,956.52515,959.5514,961.70154,964.17145,967.0071,972.8282823032042
1114,961.8197,3.4103472,956.5708,959.6083,961.75586,964.2539,967.0532,972.8324592636793
1115,961.8805,3.4138956,956.6156,959.6642,961.8094,964.32666,967.0984,972.8349949165059
1116,961.9407,3.417462,956.65967,959.7195,961.8622,964.39703,967.14264,972.8363561892736
1117,962.0003,3.4210598,956.7031,959.7741,961.9144,964.4669,967.18616,972.8370100095711
1118,962.05963,3.4246974,956.7463,959.82837,961.9663,964.53656,967.2292,972.8374233049883
1119,962.1186,3.4283965,956.7892,959.8823,962.01794,964.60596,967.272,972.838063003114
1120,962.1775,3.4321413,956.832,959.9302,962.0695,964.6752,967.31464,972.8393960315378
1121,962.2364,3.43595,956.8748,959.97675,962.1211,964.7444,967.3573,972.8418893178492
1122,962.29553,3.4398618,956.9174,960.0234,962.173,964.81366,967.40045,972.846009789637
1123,962.3549,3.4438257,956.9579,960.07043,962.22516,964.8832,967.444,972.852224374491
1124,962.4148,3.447884,956.9989,960.1183,962.2778,964.9531,967.4882,972.8610000000001
1125,962.47516,3.4520445,957.04065,960.16675,962.3312,965.02344,967.53345,972.8727059173589
1126,962.5363,3.4563084,957.0832,960.2162,962.38525,965.09424,967.57965,972.8873206721814
1127,962.5982,3.4606652,957.1267,960.26666,962.4402,965.1658,967.6271,972.9047251336875
1128,962.66095,3.4651327,957.1712,960.31824,962.4961,965.2379,967.6757,972.9248001710963
1129,962.72437,3.469679,957.2165,960.3708,962.5528,965.31067,967.7256,972.9474266536271
1130,962.7886,3.4743414,957.26276,960.42426,962.6103,965.384,967.77637,972.9724854504994
1131,962.8535,3.4790885,957.3099,960.47864,962.6687,965.458,967.82837,972.9998574309325
1132,962.9191,3.4839041,957.35785,960.534,962.7277,965.5325,967.88135,973.0294234641461
1133,962.9855,3.4888163,957.4065,960.59015,962.7875,965.61053,967.9353,973.0610644193592
1134,963.0525,3.4938207,957.45593,960.64716,962.848,965.6947,967.99023,973.0946611657914
1135,963.12006,3.4988863,957.50616,960.70483,962.9092,965.77954,968.046,973.1300945726621
1136,963.18835,3.5040467,957.55707,960.7634,962.971,965.86487,968.1027,973.1672455091905
1137,963.2572,3.509267,957.62335,960.8227,963.03345,965.9507,968.16016,973.2059948445961
1138,963.32654,3.5145757,957.70264,960.88257,963.09656,966.0372,968.2184,973.2462234480985
1139,963.39655,3.519942,957.7823,960.9433,963.16016,966.124,968.27734,973.2878121889165
1140,963.4671,3.5253854,957.8623,961.0044,963.22437,966.21155,968.3554,973.3306419362701
1141,963.53815,3.5309029,957.9426,961.0662,963.2908,966.29956,968.43665,973.3745935593785
1142,963.6097,3.536481,958.0234,961.12854,963.36127,966.38794,968.5185,973.4195479274609
1143,963.6817,3.5421426,958.1045,961.1914,963.4321,966.477,968.6007,973.4653859097368
1144,963.7542,3.547847,958.186,961.25476,963.5021,966.5664,968.6834,973.5119883754257
1145,963.8271,3.5536318,958.2679,961.3185,963.56726,966.6564,968.7666,973.559236193747
1146,963.90045,3.5594838,958.35016,961.3827,963.6329,966.7468,968.8503,973.6070102339198
1147,963.9741,3.5653903,958.43286,961.4472,963.69885,966.8377,968.93427,973.6551913651638
1148,964.0483,3.5713737,958.516,961.5121,963.7652,966.929,969.0188,973.703660456698
1149,964.12274,3.5774074,958.5995,961.5772,963.8373,967.02075,969.1036,973.7522983777425
1150,964.1975,3.583516,958.6835,961.6427,963.9133,967.113,969.1888,973.8009859975159
1151,964.27264,3.5896842,958.7678,961.7083,963.98975,967.2056,969.27435,973.8496041852379
1152,964.348,3.5959177,958.85266,961.7743,964.06647,967.2987,969.3603,973.898033810128
1153,964.42365,3.602219,958.93744,961.84033,964.14343,967.39215,969.4465,973.9461557414054
1154,964.49963,3.6085923,959.0206,961.9065,964.2207,967.4861,969.5331,973.9938508482895
1155,964.5757,3.6150212,959.1042,961.9727,964.2981,967.5803,969.6199,974.041
1156,964.6521,3.6215308,959.1881,962.03906,964.37573,967.6749,969.707,974.0875066688403
1157,964.72906,3.627994,959.27295,962.1057,964.45386,967.77026,969.7945,974.1333647394514
1158,964.8077,3.6340692,959.36035,962.1738,964.53076,967.8667,969.88336,974.1785906995584
1159,964.88873,3.6395335,959.45105,962.2441,964.59894,967.96436,969.9739,974.2232010368867
1160,964.9721,3.6443903,959.5449,962.3164,964.6699,968.0633,970.0661,974.2672122391618
1161,965.0578,3.6487153,959.6419,962.3908,964.74347,968.15753,970.16003,974.3106407941084
1162,965.1456,3.6524765,959.7419,962.46704,964.81946,968.23816,970.25555,974.353503189452
1163,965.23553,3.655744,959.84467,962.54517,964.89795,968.3209,970.3526,974.395815912918
1164,965.3274,3.658539,959.95013,962.62506,964.986,968.4059,970.4511,974.4375954522314
1165,965.42114,3.6609046,960.0581,962.72235,965.0762,968.4929,970.55115,974.4788582951177
