run_id,time_index,prediction,actual
1,0,962.8575,974.5997115224653
1,1,962.9609,974.6390724568952
1,2,963.06616,974.6779991335238
1,3,963.17303,974.7165080400766
1,4,963.28156,974.7546156642793
1,5,963.3915,974.7923384938564
1,6,963.5026,974.8296930165335
1,7,963.6148,974.8666957200356
1,8,963.7281,974.9033630920887
1,9,963.8421,974.939711620417
1,10,963.9569,974.9757577927465
1,11,964.0723,975.0115180968023
1,12,964.1882,975.0470090203094
1,13,964.3042,975.0822470509929
1,14,964.4204,975.1172486765788
1,15,964.53674,975.1520303847916
1,16,964.65295,975.1866086633571
1,17,964.76886,975.2210000000001
1,18,964.88434,975.2552148952259
1,19,965.0013,975.2892399006599
1,20,965.126,975.3230555807072
1,21,965.26215,975.3566424997728
1,22,965.409,975.389981222262
1,23,965.566,975.42305231258
1,24,965.7322,975.4558363351321
1,25,965.9071,975.4883138543231
1,26,966.0899,975.5204654345584
1,27,966.27985,975.5522716402432
1,28,966.4763,975.5837130357826
1,29,966.6785,975.6147701855818
1,30,966.8858,975.6454236540461
1,31,967.09735,975.6756540055802
1,32,967.31256,975.7054418045897
1,33,967.5306,975.7347676154797
1,34,967.7508,975.7636120026553
1,35,967.9724,975.7919555305218
1,36,968.1948,975.819778763484
1,37,968.41724,975.8470622659476
1,38,968.63885,975.8737866023174
1,39,968.8592,975.899932336999
1,40,969.0774,975.9254800343967
1,41,969.2927,975.9504102589166
1,42,969.5044,975.9747035749632
1,43,969.71185,975.998340546942
1,44,969.9143,976.0213017392583
1,45,970.11115,976.043567716317
1,46,970.30145,976.0651190425235
1,47,970.4846,976.0859362822828
1,48,970.65985,976.1059999999999
1,49,970.82666,976.1253177925533
1,50,970.9871,976.1440053867123
1,51,971.1505,976.1622055417198
1,52,971.32245,976.1800610168182
1,53,971.50214,976.19771457125
1,54,971.68866,976.2153089642578
1,55,971.8811,976.2329869550846
1,56,972.0785,976.2508913029724
1,57,972.2798,976.2691647671642
1,58,972.4844,976.2879501069023
1,59,972.69104,976.3073900814296
1,60,972.899,976.3276274499883
1,61,973.10724,976.3488049718213
1,62,973.31494,976.371065406171
1,63,973.52106,976.3945515122804
1,64,973.72473,976.4194060493915
1,65,973.9252,976.4457717767472
1,66,974.12103,976.4737914535899
1,67,974.31195,976.5036078391626
1,68,974.4966,976.5353636927072
1,69,974.67413,976.569201773467
1,70,974.8438,976.6052648406841
1,71,975.0045,976.6436956536012
1,72,975.15533,976.684636971461
1,73,975.29553,976.728231553506
1,74,975.42395,976.7746221589788
1,75,975.53973,976.8239515471221
1,76,975.642,976.8763624771782
1,77,975.7299,976.9319977083901
1,78,975.8024,976.991
1,79,975.8586,977.0534675331088
1,80,975.90063,977.1193201762495
1,81,975.93744,977.1884332198136
1,82,975.97546,977.2606819541923
1,83,976.0148,977.3359416697765
1,84,976.05524,977.414087656958
1,85,976.09674,977.4949952061278
1,86,976.13934,977.5785396076772
1,87,976.1829,977.6645961519973
1,88,976.2276,977.7530401294802
1,89,976.27325,977.8437468305158
1,90,976.31976,977.9365915454963
1,91,976.3671,978.0314495648126
1,92,976.4153,978.1281961788563
1,93,976.46423,978.2267066780184
1,94,976.514,978.3268563526904
1,95,976.5644,978.4285204932632
1,96,976.6155,978.5315743901284
1,97,976.6671,978.6358933336771
1,98,976.7194,978.7413526143008
1,99,976.77216,978.8478275223904
1,100,976.8254,978.9551933483373
1,101,976.879,979.0633253825329
1,102,976.93317,979.1720989153682
1,103,976.98755,979.2813892372352
1,104,977.0424,979.3910716385241
1,105,977.0974,979.5010214096268
1,106,977.1527,979.6111138409344
1,107,977.20825,979.7212242228384
1,108,977.2638,979.8312278457298
1,109,977.3195,979.941
1,110,977.37524,980.0504274656605
1,111,977.4308,980.1594429812043
1,112,977.48505,980.2679907747444
1,113,977.5373,980.3760150743943
1,114,977.5878,980.4834601082667
1,115,977.6366,980.5902701044756
1,116,977.6838,980.6963892911332
1,117,977.72943,980.8017618963535
1,118,977.7737,980.9063321482495
1,119,977.8166,981.0100442749341
1,120,977.8583,981.1128425045208
1,121,977.89886,981.2146710651225
1,122,977.9384,981.3154741848527
1,123,977.97705,981.4151960918248
1,124,978.0148,981.5137810141514
1,125,978.0519,981.6111731799458
1,126,978.08826,981.7073168173217
1,127,978.1241,981.802156154392
1,128,978.1596,981.89563541927
1,129,978.1946,981.9876988400687
1,130,978.22943,982.0782906449011
1,131,978.2641,982.167355061881
1,132,978.29877,982.2548363191212
1,133,978.33344,982.3406786447351
1,134,978.36816,982.4248262668353
1,135,978.40326,982.5072234135359
1,136,978.4386,982.5878143129496
1,137,978.4744,982.6665431931896
1,138,978.51074,982.7433542823693
1,139,978.5478,982.8181918086017
1,140,978.58545,982.8910000000002
1,141,978.62396,982.9618039415283
1,142,978.6635,983.0309521455537
1,143,978.7039,983.0988739812938
1,144,978.7455,983.1659988179663
1,145,978.78815,983.2327560247896
1,146,978.8323,983.2995749709809
1,147,978.8778,983.3668850257582
1,148,978.925,983.4351155583397
1,149,978.97363,983.5046959379429
1,150,979.02423,983.5760555337854
1,151,979.0768,983.6496237150851
1,152,979.1313,983.7258298510602
1,153,979.1879,983.8051033109281
1,154,979.2468,983.8878734639071
1,155,979.30804,983.9745696792144
1,156,979.3718,984.0656213260684
1,157,979.43823,984.1614577736865
1,158,979.5074,984.2625083912866
1,159,979.5792,984.3692025480865
1,160,979.6541,984.4819696133043
1,161,979.73206,984.6012389561575
1,162,979.81323,984.727439945864
1,163,979.8977,984.8610019516418
1,164,979.9855,985.0023543427086
1,165,980.0769,985.151926488282
1,166,980.1719,985.3101477575801
1,167,980.27075,985.4774475198207
1,168,980.37335,985.6542551442213
1,169,980.48,985.8410000000001
1,170,980.5907,986.0379701073407
1,171,980.70807,986.2448880902894
1,172,980.8397,986.4613352238591
1,173,980.9903,986.6868927830621
1,174,981.1589,986.9211420429111
1,175,981.3447,987.1636642784184
1,176,981.5468,987.4140407645968
1,177,981.76447,987.6718527764584
1,178,981.99664,987.9366815890162
1,179,982.24255,988.2081084772824
1,180,982.5013,988.4857147162693
1,181,982.77203,988.7690815809896
1,182,983.05383,989.0577903464562
1,183,983.34595,989.351422287681
1,184,983.6474,989.6495586796768
1,185,983.9574,989.9517807974561
1,186,984.2749,990.2576699160314
1,187,984.59937,990.5668073104151
1,188,984.92957,990.87877425562
1,189,985.26483,991.1931520266581
1,190,985.60425,991.5095218985424
1,191,985.9469,991.8274651462851
1,192,986.29205,992.1465630448992
1,193,986.6388,992.4663968693962
1,194,986.98615,992.7865478947898
1,195,987.3333,993.1065973960915
1,196,987.67957,993.4261266483144
1,197,988.02386,993.7447169264708
1,198,988.36536,994.0619495055735
1,199,988.7033,994.3774056606345
1,200,989.0367,994.6906666666669
1,201,989.3648,995.0014082230057
1,202,989.6875,995.3096837262786
1,203,990.00726,995.6156409974369
1,204,990.32574,995.919427857431
1,205,990.6432,996.2211921272116
1,206,990.9596,996.5210816277296
1,207,991.2749,996.8192441799358
1,208,991.58923,997.1158276047809
1,209,991.9028,997.4109797232154
1,210,992.2153,997.7048483561904
1,211,992.52716,997.9975813246565
1,212,992.8382,998.2893264495647
1,213,993.1486,998.5802315518655
1,214,993.4584,998.8704444525093
1,215,993.7675,999.1601129724475
1,216,994.0761,999.4493849326306
1,217,994.3843,999.7384081540096
1,218,994.692,1000.0273304575351
1,219,994.99927,1000.316299664157
1,220,995.30634,1000.6054635948279
1,221,995.61316,1000.894970070496
1,222,995.91974,1001.1849669121149
1,223,996.22614,1001.475601940634
1,224,996.5324,1001.767022977003
1,225,996.8387,1002.0593778421749
1,226,997.14496,1002.352814357099
1,227,997.4513,1002.6474803427249
1,228,997.75775,1002.943523620006
1,229,998.0644,1003.241092009892
1,230,998.3712,1003.5403333333331
1,231,998.6783,1003.8413261588049
1,232,998.98535,1004.1438720448781
1,233,999.2913,1004.447703297647
1,234,999.5953,1004.7525522232081
1,235,999.89746,1005.0581511276552
1,236,1000.1981,1005.364232317084
1,237,1000.49725,1005.67052809759
1,238,1000.79504,1005.976770775268
1,239,1001.0917,1006.282692656212
1,240,1001.3873,1006.5880260465191
1,241,1001.68207,1006.892503252283
1,242,1001.97614,1007.195856579599
1,243,1002.2696,1007.4978183345629
1,244,1002.5626,1007.798120823269
1,245,1002.85547,1008.0964963518121
1,246,1003.1481,1008.3926772262881
1,247,1003.44073,1008.686395752792
1,248,1003.73364,1008.9773842374179
1,249,1004.0268,1009.265374986262
1,250,1004.3205,1009.55010030542
1,251,1004.61487,1009.831292500985
1,252,1004.91003,1010.108683879053
1,253,1005.2061,1010.38200674572
1,254,1005.50336,1010.6509934070801
1,255,1005.8018,1010.915376169228
1,256,1006.10175,1011.17488733826
1,257,1006.4032,1011.429259220271
1,258,1006.7065,1011.678224121355
1,259,1007.0114,1011.921514347608
1,260,1007.31866,1012.158862205124
1,261,1007.62787,1012.39
1,262,1007.9396,1012.614756012665
1,263,1008.2533,1012.83334242089
1,264,1008.5682,1013.0460673767819
1,265,1008.8836,1013.253239032446
1,266,1009.19946,1013.45516553999
1,267,1009.5159,1013.652155051519
1,268,1009.8331,1013.844515719139
1,269,1010.15106,1014.032555694957
1,270,1010.4699,1014.216583131078
1,271,1010.78973,1014.39690617961
1,272,1011.11066,1014.573832992659
1,273,1011.43256,1014.74767172233
1,274,1011.7559,1014.9187305207302
1,275,1012.08044,1015.087317539965
1,276,1012.4065,1015.2537409321421
1,277,1012.73395,1015.418308849366
1,278,1013.063,1015.5813294437442
1,279,1013.3937,1015.743110867382
1,280,1013.7262,1015.903961272387
1,281,1014.0604,1016.0641888108642
1,282,1014.39667,1016.22410163492
1,283,1014.7349,1016.384007896661
1,284,1015.07526,1016.544215748193
1,285,1015.41785,1016.705033341623
1,286,1015.7625,1016.866768829057
1,287,1016.1096,1017.0297303625999
1,288,1016.4591,1017.19422609436
1,289,1016.8112,1017.360564176443
1,290,1017.16583,1017.529052760954
2,0,964.8177,974.5997115224653
2,1,964.9139,974.6390724568952
2,2,965.01166,974.6779991335238
2,3,965.1107,974.7165080400766
2,4,965.21136,974.7546156642793
2,5,965.3133,974.7923384938564
2,6,965.41644,974.8296930165335
2,7,965.5207,974.8666957200356
2,8,965.62604,974.9033630920887
2,9,965.73236,974.939711620417
2,10,965.83954,974.9757577927465
2,11,965.9475,975.0115180968023
2,12,966.0562,975.0470090203094
2,13,966.16547,975.0822470509929
2,14,966.27527,975.1172486765788
2,15,966.3856,975.1520303847916
2,16,966.49615,975.1866086633571
2,17,966.6072,975.2210000000001
2,18,966.7182,975.2552148952259
2,19,966.8313,975.2892399006599
2,20,966.9527,975.3230555807072
2,21,967.08624,975.3566424997728
2,22,967.23114,975.389981222262
2,23,967.3868,975.42305231258
2,24,967.55255,975.4558363351321
2,25,967.7273,975.4883138543231
2,26,967.9107,975.5204654345584
2,27,968.10187,975.5522716402432
2,28,968.2999,975.5837130357826
2,29,968.5044,975.6147701855818
2,30,968.71436,975.6454236540461
2,31,968.9292,975.6756540055802
2,32,969.14813,975.7054418045897
2,33,969.3703,975.7347676154797
2,34,969.59515,975.7636120026553
2,35,969.82184,975.7919555305218
2,36,970.04974,975.819778763484
2,37,970.2781,975.8470622659476
2,38,970.50604,975.8737866023174
2,39,970.733,975.899932336999
2,40,970.9582,975.9254800343967
2,41,971.1809,975.9504102589166
2,42,971.4003,975.9747035749632
2,43,971.6159,975.998340546942
2,44,971.8267,976.0213017392583
2,45,972.0321,976.043567716317
2,46,972.23145,976.0651190425235
2,47,972.4239,976.0859362822828
2,48,972.6088,976.1059999999999
2,49,972.78534,976.1253177925533
2,50,972.95575,976.1440053867123
2,51,973.1295,976.1622055417198
2,52,973.31256,976.1800610168182
2,53,973.5038,976.19771457125
2,54,973.7024,976.2153089642578
2,55,973.9073,976.2329869550846
2,56,974.11743,976.2508913029724
2,57,974.3318,976.2691647671642
2,58,974.5495,976.2879501069023
2,59,974.7694,976.3073900814296
2,60,974.99054,976.3276274499883
2,61,975.2119,976.3488049718213
2,62,975.4325,976.371065406171
2,63,975.6513,976.3945515122804
2,64,975.8674,976.4194060493915
2,65,976.07965,976.4457717767472
2,66,976.2872,976.4737914535899
2,67,976.4889,976.5036078391626
2,68,976.6839,976.5353636927072
2,69,976.8712,976.569201773467
2,70,977.0496,976.6052648406841
2,71,977.2184,976.6436956536012
2,72,977.3764,976.684636971461
2,73,977.5227,976.728231553506
2,74,977.6563,976.7746221589788
2,75,977.77625,976.8239515471221
2,76,977.8814,976.8763624771782
2,77,977.9709,976.9319977083901
2,78,978.04376,976.991
2,79,978.0989,977.0534675331088
2,80,978.1384,977.1193201762495
2,81,978.17206,977.1884332198136
2,82,978.2068,977.2606819541923
2,83,978.2426,977.3359416697765
2,84,978.2796,977.414087656958
2,85,978.3176,977.4949952061278
2,86,978.3566,977.5785396076772
2,87,978.39655,977.6645961519973
2,88,978.43744,977.7530401294802
2,89,978.4793,977.8437468305158
2,90,978.522,977.9365915454963
2,91,978.5655,978.0314495648126
2,92,978.6096,978.1281961788563
2,93,978.65466,978.2267066780184
2,94,978.7002,978.3268563526904
2,95,978.7465,978.4285204932632
2,96,978.7934,978.5315743901284
2,97,978.8409,978.6358933336771
2,98,978.8889,978.7413526143008
2,99,978.9373,978.8478275223904
2,100,978.98627,978.9551933483373
2,101,979.03564,979.0633253825329
2,102,979.08527,979.1720989153682
2,103,979.1354,979.2813892372352
2,104,979.18567,979.3910716385241
2,105,979.23627,979.5010214096268
2,106,979.287,979.6111138409344
2,107,979.33795,979.7212242228384
2,108,979.38904,979.8312278457298
2,109,979.44025,979.941
2,110,979.4914,980.0504274656605
2,111,979.5424,980.1594429812043
2,112,979.5923,980.2679907747444
2,113,979.6407,980.3760150743943
2,114,979.6875,980.4834601082667
2,115,979.7329,980.5902701044756
2,116,979.7769,980.6963892911332
2,117,979.8196,980.8017618963535
2,118,979.8611,980.9063321482495
2,119,979.9015,981.0100442749341
2,120,979.94086,981.1128425045208
2,121,979.9792,981.2146710651225
2,122,980.01666,981.3154741848527
2,123,980.0533,981.4151960918248
2,124,980.0893,981.5137810141514
2,125,980.12445,981.6111731799458
2,126,980.1591,981.7073168173217
2,127,980.1933,981.802156154392
2,128,980.22705,981.89563541927
2,129,980.2604,981.9876988400687
2,130,980.2935,982.0782906449011
2,131,980.3265,982.167355061881
2,132,980.35925,982.2548363191212
2,133,980.392,982.3406786447351
2,134,980.4248,982.4248262668353
2,135,980.4579,982.5072234135359
2,136,980.49097,982.5878143129496
2,137,980.5244,982.6665431931896
2,138,980.5581,982.7433542823693
2,139,980.5923,982.8181918086017
2,140,980.627,982.8910000000002
2,141,980.6623,982.9618039415283
2,142,980.69824,983.0309521455537
2,143,980.7349,983.0988739812938
2,144,980.77246,983.1659988179663
2,145,980.81085,983.2327560247896
2,146,980.8504,983.2995749709809
2,147,980.89105,983.3668850257582
2,148,980.933,983.4351155583397
2,149,980.9764,983.5046959379429
2,150,981.0213,983.5760555337854
2,151,981.0678,983.6496237150851
2,152,981.1161,983.7258298510602
2,153,981.16626,983.8051033109281
2,154,981.2184,983.8878734639071
2,155,981.27264,983.9745696792144
2,156,981.3292,984.0656213260684
2,157,981.38806,984.1614577736865
2,158,981.44946,984.2625083912866
2,159,981.51337,984.3692025480865
2,160,981.57996,984.4819696133043
2,161,981.6495,984.6012389561575
2,162,981.7218,984.727439945864
2,163,981.79724,984.8610019516418
2,164,981.87585,985.0023543427086
2,165,981.9577,985.151926488282
2,166,982.043,985.3101477575801
2,167,982.13184,985.4774475198207
2,168,982.22424,985.6542551442213
2,169,982.3205,985.8410000000001
2,170,982.4206,986.0379701073407
2,171,982.5271,986.2448880902894
2,172,982.648,986.4613352238591
2,173,982.7887,986.6868927830621
2,174,982.948,986.9211420429111
2,175,983.1251,987.1636642784184
2,176,983.31915,987.4140407645968
2,177,983.5291,987.6718527764584
2,178,983.75415,987.9366815890162
2,179,983.9931,988.2081084772824
2,180,984.2454,988.4857147162693
2,181,984.50977,988.7690815809896
2,182,984.78546,989.0577903464562
2,183,985.0717,989.351422287681
2,184,985.36725,989.6495586796768
2,185,985.6713,989.9517807974561
2,186,985.98315,990.2576699160314
2,187,986.3016,990.5668073104151
2,188,986.62573,990.87877425562
2,189,986.95483,991.1931520266581
2,190,987.28784,991.5095218985424
2,191,987.6239,991.8274651462851
2,192,987.962,992.1465630448992
2,193,988.3014,992.4663968693962
2,194,988.64105,992.7865478947898
2,195,988.98016,993.1065973960915
2,196,989.3177,993.4261266483144
2,197,989.6528,993.7447169264708
2,198,989.9846,994.0619495055735
2,199,990.31213,994.3774056606345
2,200,990.6346,994.6906666666669
2,201,990.95105,995.0014082230057
2,202,991.2615,995.3096837262786
2,203,991.56866,995.6156409974369
2,204,991.8746,995.919427857431
2,205,992.17944,996.2211921272116
2,206,992.4833,996.5210816277296
2,207,992.7861,996.8192441799358
2,208,993.0879,997.1158276047809
2,209,993.38873,997.4109797232154
2,210,993.68884,997.7048483561904
2,211,993.98816,997.9975813246565
2,212,994.2866,998.2893264495647
2,213,994.58435,998.5802315518655
2,214,994.8815,998.8704444525093
2,215,995.178,999.1601129724475
2,216,995.47394,999.4493849326306
2,217,995.7694,999.7384081540096
2,218,996.0644,1000.0273304575351
2,219,996.35895,1000.316299664157
2,220,996.6532,1000.6054635948279
2,221,996.94714,1000.894970070496
2,222,997.24084,1001.1849669121149
2,223,997.53424,1001.475601940634
2,224,997.8275,1001.767022977003
2,225,998.1207,1002.0593778421749
2,226,998.4138,1002.352814357099
2,227,998.7069,1002.6474803427249
2,228,999.0,1002.943523620006
2,229,999.2933,1003.241092009892
2,230,999.5867,1003.5403333333331
2,231,999.8801,1003.8413261588049
2,232,1000.17377,1004.1438720448781
2,233,1000.46704,1004.447703297647
2,234,1000.75964,1004.7525522232081
2,235,1001.0514,1005.0581511276552
2,236,1001.34265,1005.364232317084
2,237,1001.6331,1005.67052809759
2,238,1001.923,1005.976770775268
2,239,1002.21204,1006.282692656212
2,240,1002.50055,1006.5880260465191
2,241,1002.78827,1006.892503252283
2,242,1003.0755,1007.195856579599
2,243,1003.362,1007.4978183345629
2,244,1003.6478,1007.798120823269
2,245,1003.93304,1008.0964963518121
2,246,1004.2177,1008.3926772262881
2,247,1004.5017,1008.686395752792
2,248,1004.78516,1008.9773842374179
2,249,1005.06805,1009.265374986262
2,250,1005.35034,1009.55010030542
2,251,1005.63214,1009.831292500985
2,252,1005.9134,1010.108683879053
2,253,1006.1941,1010.38200674572
2,254,1006.47424,1010.6509934070801
2,255,1006.75397,1010.915376169228
2,256,1007.03326,1011.17488733826
2,257,1007.312,1011.429259220271
2,258,1007.59033,1011.678224121355
2,259,1007.8683,1011.921514347608
2,260,1008.14575,1012.158862205124
2,261,1008.4228,1012.39
2,262,1008.6994,1012.614756012665
2,263,1008.9755,1012.83334242089
2,264,1009.2507,1013.0460673767819
2,265,1009.52484,1013.253239032446
2,266,1009.798,1013.45516553999
2,267,1010.0702,1013.652155051519
2,268,1010.34155,1013.844515719139
2,269,1010.6121,1014.032555694957
2,270,1010.882,1014.216583131078
2,271,1011.1512,1014.39690617961
2,272,1011.42,1014.573832992659
2,273,1011.6883,1014.74767172233
2,274,1011.95624,1014.9187305207302
2,275,1012.2239,1015.087317539965
2,276,1012.4912,1015.2537409321421
2,277,1012.75854,1015.418308849366
2,278,1013.0257,1015.5813294437442
2,279,1013.2929,1015.743110867382
2,280,1013.5601,1015.903961272387
2,281,1013.8275,1016.0641888108642
2,282,1014.0951,1016.22410163492
2,283,1014.363,1016.384007896661
2,284,1014.6312,1016.544215748193
2,285,1014.8999,1016.705033341623
2,286,1015.16907,1016.866768829057
2,287,1015.4387,1017.0297303625999
2,288,1015.70905,1017.19422609436
2,289,1015.98004,1017.360564176443
2,290,1016.25183,1017.529052760954
3,0,969.321,974.5997115224653
3,1,969.4231,974.6390724568952
3,2,969.5263,974.6779991335238
3,3,969.63055,974.7165080400766
3,4,969.7358,974.7546156642793
3,5,969.84204,974.7923384938564
3,6,969.94934,974.8296930165335
3,7,970.0575,974.8666957200356
3,8,970.1666,974.9033630920887
3,9,970.2767,974.939711620417
3,10,970.3876,974.9757577927465
3,11,970.4994,975.0115180968023
3,12,970.6122,975.0470090203094
3,13,970.7257,975.0822470509929
3,14,970.83997,975.1172486765788
3,15,970.9552,975.1520303847916
3,16,971.071,975.1866086633571
3,17,971.18774,975.2210000000001
3,18,971.3051,975.2552148952259
3,19,971.42535,975.2892399006599
3,20,971.55457,975.3230555807072
3,21,971.69696,975.3566424997728
3,22,971.8517,975.389981222262
3,23,972.01794,975.42305231258
3,24,972.1949,975.4558363351321
3,25,972.38196,975.4883138543231
3,26,972.57825,975.5204654345584
3,27,972.78296,975.5522716402432
3,28,972.9956,975.5837130357826
3,29,973.2152,975.6147701855818
3,30,973.441,975.6454236540461
3,31,973.6723,975.6756540055802
3,32,973.90845,975.7054418045897
3,33,974.14844,975.7347676154797
3,34,974.39166,975.7636120026553
3,35,974.63745,975.7919555305218
3,36,974.8849,975.819778763484
3,37,975.1333,975.8470622659476
3,38,975.3819,975.8737866023174
3,39,975.63,975.899932336999
3,40,975.87683,975.9254800343967
3,41,976.12164,975.9504102589166
3,42,976.3636,975.9747035749632
3,43,976.602,975.998340546942
3,44,976.8361,976.0213017392583
3,45,977.0652,976.043567716317
3,46,977.28845,976.0651190425235
3,47,977.50525,976.0859362822828
3,48,977.71466,976.1059999999999
3,49,977.91614,976.1253177925533
3,50,978.11206,976.1440053867123
3,51,978.31226,976.1622055417198
3,52,978.52325,976.1800610168182
3,53,978.7437,976.19771457125
3,54,978.9728,976.2153089642578
3,55,979.2088,976.2329869550846
3,56,979.451,976.2508913029724
3,57,979.6981,976.2691647671642
3,58,979.94904,976.2879501069023
3,59,980.20264,976.3073900814296
3,60,980.4576,976.3276274499883
3,61,980.713,976.3488049718213
3,62,980.9675,976.371065406171
3,63,981.2201,976.3945515122804
3,64,981.4696,976.4194060493915
3,65,981.71484,976.4457717767472
3,66,981.9547,976.4737914535899
3,67,982.18805,976.5036078391626
3,68,982.4137,976.5353636927072
3,69,982.63055,976.569201773467
3,70,982.83746,976.6052648406841
3,71,983.0333,976.6436956536012
3,72,983.2169,976.684636971461
3,73,983.38727,976.728231553506
3,74,983.5431,976.7746221589788
3,75,983.6832,976.8239515471221
3,76,983.80676,976.8763624771782
3,77,983.91223,976.9319977083901
3,78,983.9987,976.991
3,79,984.0651,977.0534675331088
3,80,984.1137,977.1193201762495
3,81,984.15564,977.1884332198136
3,82,984.1992,977.2606819541923
3,83,984.2441,977.3359416697765
3,84,984.2905,977.414087656958
3,85,984.3382,977.4949952061278
3,86,984.3872,977.5785396076772
3,87,984.43744,977.6645961519973
3,88,984.48895,977.7530401294802
3,89,984.5416,977.8437468305158
3,90,984.59534,977.9365915454963
3,91,984.6501,978.0314495648126
3,92,984.7058,978.1281961788563
3,93,984.7625,978.2267066780184
3,94,984.8201,978.3268563526904
3,95,984.8785,978.4285204932632
3,96,984.93774,978.5315743901284
3,97,984.9977,978.6358933336771
3,98,985.05835,978.7413526143008
3,99,985.11957,978.8478275223904
3,100,985.1814,978.9551933483373
3,101,985.2437,979.0633253825329
3,102,985.3065,979.1720989153682
3,103,985.3698,979.2813892372352
3,104,985.4334,979.3910716385241
3,105,985.4973,979.5010214096268
3,106,985.5615,979.6111138409344
3,107,985.6259,979.7212242228384
3,108,985.69055,979.8312278457298
3,109,985.7552,979.941
3,110,985.81995,980.0504274656605
3,111,985.8844,980.1594429812043
3,112,985.9481,980.2679907747444
3,113,986.0107,980.3760150743943
3,114,986.0721,980.4834601082667
3,115,986.1324,980.5902701044756
3,116,986.19165,980.6963892911332
3,117,986.2499,980.8017618963535
3,118,986.3071,980.9063321482495
3,119,986.3633,981.0100442749341
3,120,986.4187,981.1128425045208
3,121,986.47314,981.2146710651225
3,122,986.52673,981.3154741848527
3,123,986.5795,981.4151960918248
3,124,986.63153,981.5137810141514
3,125,986.6828,981.6111731799458
3,126,986.73334,981.7073168173217
3,127,986.7832,981.802156154392
3,128,986.83246,981.89563541927
3,129,986.88104,981.9876988400687
3,130,986.9291,982.0782906449011
3,131,986.9766,982.167355061881
3,132,987.0236,982.2548363191212
3,133,987.0701,982.3406786447351
3,134,987.1163,982.4248262668353
3,135,987.16205,982.5072234135359
3,136,987.20746,982.5878143129496
3,137,987.25244,982.6665431931896
3,138,987.29724,982.7433542823693
3,139,987.3417,982.8181918086017
3,140,987.38605,982.8910000000002
3,141,987.4301,982.9618039415283
3,142,987.47406,983.0309521455537
3,143,987.518,983.0988739812938
3,144,987.56195,983.1659988179663
3,145,987.6062,983.2327560247896
3,146,987.65094,983.2995749709809
3,147,987.6964,983.3668850257582
3,148,987.7428,983.4351155583397
3,149,987.79034,983.5046959379429
3,150,987.83923,983.5760555337854
3,151,987.8897,983.6496237150851
3,152,987.9419,983.7258298510602
3,153,987.99615,983.8051033109281
3,154,988.05255,983.8878734639071
3,155,988.1114,983.9745696792144
3,156,988.1729,984.0656213260684
3,157,988.23724,984.1614577736865
3,158,988.3046,984.2625083912866
3,159,988.37537,984.3692025480865
3,160,988.44946,984.4819696133043
3,161,988.5272,984.6012389561575
3,162,988.60895,984.727439945864
3,163,988.6948,984.8610019516418
3,164,988.7851,985.0023543427086
3,165,988.87976,985.151926488282
3,166,988.97925,985.3101477575801
3,167,989.08386,985.4774475198207
3,168,989.1934,985.6542551442213
3,169,989.3086,985.8410000000001
3,170,989.42914,986.0379701073407
3,171,989.5585,986.2448880902894
3,172,989.7057,986.4613352238591
3,173,989.8767,986.6868927830621
3,174,990.0701,986.9211420429111
3,175,990.2851,987.1636642784184
3,176,990.5203,987.4140407645968
3,177,990.77484,987.6718527764584
3,178,991.04736,987.9366815890162
3,179,991.337,988.2081084772824
3,180,991.6423,988.4857147162693
3,181,991.9623,988.7690815809896
3,182,992.29596,989.0577903464562
3,183,992.64197,989.351422287681
3,184,992.99945,989.6495586796768
3,185,993.36694,989.9517807974561
3,186,993.7438,990.2576699160314
3,187,994.1284,990.5668073104151
3,188,994.51996,990.87877425562
3,189,994.9172,991.1931520266581
3,190,995.31903,991.5095218985424
3,191,995.7244,991.8274651462851
3,192,996.1321,992.1465630448992
3,193,996.5411,992.4663968693962
3,194,996.9502,992.7865478947898
3,195,997.35834,993.1065973960915
3,196,997.7645,993.4261266483144
3,197,998.16736,993.7447169264708
3,198,998.5659,994.0619495055735
3,199,998.9591,994.3774056606345
3,200,999.3458,994.6906666666669
3,201,999.7249,995.0014082230057
3,202,1000.0964,995.3096837262786
3,203,1000.4637,995.6156409974369
3,204,1000.8295,995.919427857431
3,205,1001.194,996.2211921272116
3,206,1001.5571,996.5210816277296
3,207,1001.91907,996.8192441799358
3,208,1002.2799,997.1158276047809
3,209,1002.6396,997.4109797232154
3,210,1002.99817,997.7048483561904
3,211,1003.35583,997.9975813246565
3,212,1003.7125,998.2893264495647
3,213,1004.0684,998.5802315518655
3,214,1004.42377,998.8704444525093
3,215,1004.77814,999.1601129724475
3,216,1005.132,999.4493849326306
3,217,1005.4853,999.7384081540096
3,218,1005.83813,1000.0273304575351
3,219,1006.1905,1000.316299664157
3,220,1006.54254,1000.6054635948279
3,221,1006.8942,1000.894970070496
3,222,1007.2458,1001.1849669121149
3,223,1007.59717,1001.475601940634
3,224,1007.9484,1001.767022977003
3,225,1008.29974,1002.0593778421749
3,226,1008.65106,1002.352814357099
3,227,1009.0026,1002.6474803427249
3,228,1009.35425,1002.943523620006
3,229,1009.7062,1003.241092009892
3,230,1010.05835,1003.5403333333331
3,231,1010.411,1003.8413261588049
3,232,1010.76416,1004.1438720448781
3,233,1011.11835,1004.447703297647
3,234,1011.474,1004.7525522232081
3,235,1011.83093,1005.0581511276552
3,236,1012.1888,1005.364232317084
3,237,1012.5475,1005.67052809759
3,238,1012.9066,1005.976770775268
3,239,1013.26605,1006.282692656212
3,240,1013.62555,1006.5880260465191
3,241,1013.9848,1006.892503252283
3,242,1014.34357,1007.195856579599
3,243,1014.70166,1007.4978183345629
3,244,1015.0589,1007.798120823269
3,245,1015.41504,1008.0964963518121
3,246,1015.7697,1008.3926772262881
3,247,1016.1229,1008.686395752792
3,248,1016.4741,1008.9773842374179
3,249,1016.8234,1009.265374986262
3,250,1017.1704,1009.55010030542
3,251,1017.51483,1009.831292500985
3,252,1017.8566,1010.108683879053
3,253,1018.19543,1010.38200674572
3,254,1018.53107,1010.6509934070801
3,255,1018.86334,1010.915376169228
3,256,1019.19196,1011.17488733826
3,257,1019.51685,1011.429259220271
3,258,1019.8376,1011.678224121355
3,259,1020.15405,1011.921514347608
3,260,1020.4661,1012.158862205124
3,261,1020.7734,1012.39
3,262,1021.0757,1012.614756012665
3,263,1021.37286,1012.83334242089
3,264,1021.66547,1013.0460673767819
3,265,1021.95435,1013.253239032446
3,266,1022.23944,1013.45516553999
3,267,1022.5211,1013.652155051519
3,268,1022.7992,1013.844515719139
3,269,1023.07404,1014.032555694957
3,270,1023.34564,1014.216583131078
3,271,1023.6141,1014.39690617961
3,272,1023.8796,1014.573832992659
3,273,1024.1421,1014.74767172233
3,274,1024.402,1014.9187305207302
3,275,1024.6589,1015.087317539965
3,276,1024.9133,1015.2537409321421
3,277,1025.1654,1015.418308849366
3,278,1025.415,1015.5813294437442
3,279,1025.6625,1015.743110867382
3,280,1025.9077,1015.903961272387
3,281,1026.1509,1016.0641888108642
3,282,1026.392,1016.22410163492
3,283,1026.6315,1016.384007896661
3,284,1026.869,1016.544215748193
3,285,1027.105,1016.705033341623
3,286,1027.3394,1016.866768829057
3,287,1027.5724,1017.0297303625999
3,288,1027.804,1017.19422609436
3,289,1028.0343,1017.360564176443
3,290,1028.2635,1017.529052760954
4,0,957.9579,974.5997115224653
4,1,958.05927,974.6390724568952
4,2,958.1618,974.6779991335238
4,3,958.2651,974.7165080400766
4,4,958.36926,974.7546156642793
4,5,958.474,974.7923384938564
4,6,958.57916,974.8296930165335
4,7,958.68475,974.8666957200356
4,8,958.7906,974.9033630920887
4,9,958.8965,974.939711620417
4,10,959.0022,974.9757577927465
4,11,959.1078,975.0115180968023
4,12,959.21295,975.0470090203094
4,13,959.3177,975.0822470509929
4,14,959.4217,975.1172486765788
4,15,959.525,975.1520303847916
4,16,959.62744,975.1866086633571
4,17,959.7288,975.2210000000001
4,18,959.82886,975.2552148952259
4,19,959.9292,975.2892399006599
4,20,960.0336,975.3230555807072
4,21,960.14484,975.3566424997728
4,22,960.2623,975.389981222262
4,23,960.38556,975.42305231258
4,24,960.51416,975.4558363351321
4,25,960.6477,975.4883138543231
4,26,960.78564,975.5204654345584
4,27,960.9277,975.5522716402432
4,28,961.0732,975.5837130357826
4,29,961.2217,975.6147701855818
4,30,961.373,975.6454236540461
4,31,961.5264,975.6756540055802
4,32,961.6816,975.7054418045897
4,33,961.8381,975.7347676154797
4,34,961.9953,975.7636120026553
4,35,962.15295,975.7919555305218
4,36,962.31067,975.819778763484
4,37,962.4677,975.8470622659476
4,38,962.62396,975.8737866023174
4,39,962.7786,975.899932336999
4,40,962.93146,975.9254800343967
4,41,963.08203,975.9504102589166
4,42,963.22974,975.9747035749632
4,43,963.3743,975.998340546942
4,44,963.5153,976.0213017392583
4,45,963.65204,976.043567716317
4,46,963.7843,976.0651190425235
4,47,963.9115,976.0859362822828
4,48,964.0333,976.1059999999999
4,49,964.1491,976.1253177925533
4,50,964.26074,976.1440053867123
4,51,964.37415,976.1622055417198
4,52,964.493,976.1800610168182
4,53,964.6168,976.19771457125
4,54,964.745,976.2153089642578
4,55,964.8771,976.2329869550846
4,56,965.0124,976.2508913029724
4,57,965.1504,976.2691647671642
4,58,965.29065,976.2879501069023
4,59,965.43243,976.3073900814296
4,60,965.5753,976.3276274499883
4,61,965.71875,976.3488049718213
4,62,965.862,976.371065406171
4,63,966.0048,976.3945515122804
4,64,966.14636,976.4194060493915
4,65,966.28625,976.4457717767472
4,66,966.42395,976.4737914535899
4,67,966.5588,976.5036078391626
4,68,966.69037,976.5353636927072
4,69,966.818,976.569201773467
4,70,966.94116,976.6052648406841
4,71,967.0593,976.6436956536012
4,72,967.17206,976.684636971461
4,73,967.2786,976.728231553506
4,74,967.3786,976.7746221589788
4,75,967.47144,976.8239515471221
4,76,967.5565,976.8763624771782
4,77,967.63336,976.9319977083901
4,78,967.70135,976.991
4,79,967.7601,977.0534675331088
4,80,967.8107,977.1193201762495
4,81,967.85925,977.1884332198136
4,82,967.9094,977.2606819541923
4,83,967.9613,977.3359416697765
4,84,968.0147,977.414087656958
4,85,968.0697,977.4949952061278
4,86,968.1261,977.5785396076772
4,87,968.1841,977.6645961519973
4,88,968.24335,977.7530401294802
4,89,968.30383,977.8437468305158
4,90,968.36566,977.9365915454963
4,91,968.42865,978.0314495648126
4,92,968.4928,978.1281961788563
4,93,968.558,978.2267066780184
4,94,968.6242,978.3268563526904
4,95,968.6914,978.4285204932632
4,96,968.75946,978.5315743901284
4,97,968.8283,978.6358933336771
4,98,968.8981,978.7413526143008
4,99,968.96844,978.8478275223904
4,100,969.0395,978.9551933483373
4,101,969.11115,979.0633253825329
4,102,969.18335,979.1720989153682
4,103,969.256,979.2813892372352
4,104,969.32916,979.3910716385241
4,105,969.40265,979.5010214096268
4,106,969.47644,979.6111138409344
4,107,969.5505,979.7212242228384
4,108,969.62476,979.8312278457298
4,109,969.69916,979.941
4,110,969.77356,980.0504274656605
4,111,969.8478,980.1594429812043
4,112,969.9209,980.2679907747444
4,113,969.9927,980.3760150743943
4,114,970.0631,980.4834601082667
4,115,970.1321,980.5902701044756
4,116,970.1998,980.6963892911332
4,117,970.2662,980.8017618963535
4,118,970.3314,980.9063321482495
4,119,970.3955,981.0100442749341
4,120,970.4584,981.1128425045208
4,121,970.5204,981.2146710651225
4,122,970.5812,981.3154741848527
4,123,970.6411,981.4151960918248
4,124,970.70013,981.5137810141514
4,125,970.75824,981.6111731799458
4,126,970.8154,981.7073168173217
4,127,970.872,981.802156154392
4,128,970.92773,981.89563541927
4,129,970.9828,981.9876988400687
4,130,971.03723,982.0782906449011
4,131,971.09106,982.167355061881
4,132,971.1444,982.2548363191212
4,133,971.1972,982.3406786447351
4,134,971.2496,982.4248262668353
4,135,971.3016,982.5072234135359
4,136,971.3532,982.5878143129496
4,137,971.40454,982.6665431931896
4,138,971.4556,982.7433542823693
4,139,971.5065,982.8181918086017
4,140,971.5572,982.8910000000002
4,141,971.6078,982.9618039415283
4,142,971.65845,983.0309521455537
4,143,971.709,983.0988739812938
4,144,971.7599,983.1659988179663
4,145,971.8112,983.2327560247896
4,146,971.8633,983.2995749709809
4,147,971.9163,983.3668850257582
4,148,971.9706,983.4351155583397
4,149,972.0261,983.5046959379429
4,150,972.08344,983.5760555337854
4,151,972.1426,983.6496237150851
4,152,972.2039,983.7258298510602
4,153,972.2677,983.8051033109281
4,154,972.3338,983.8878734639071
4,155,972.403,983.9745696792144
4,156,972.4752,984.0656213260684
4,157,972.5506,984.1614577736865
4,158,972.6297,984.2625083912866
4,159,972.7125,984.3692025480865
4,160,972.7993,984.4819696133043
4,161,972.8904,984.6012389561575
4,162,972.98584,984.727439945864
4,163,973.08606,984.8610019516418
4,164,973.19135,985.0023543427086
4,165,973.30164,985.151926488282
4,166,973.41736,985.3101477575801
4,167,973.53894,985.4774475198207
4,168,973.6662,985.6542551442213
4,169,973.7997,985.8410000000001
4,170,973.9395,986.0379701073407
4,171,974.08746,986.2448880902894
4,172,974.2485,986.4613352238591
4,173,974.4253,986.6868927830621
4,174,974.61725,986.9211420429111
4,175,974.82367,987.1636642784184
4,176,975.0438,987.4140407645968
4,177,975.2769,987.6718527764584
4,178,975.5224,987.9366815890162
4,179,975.7794,988.2081084772824
4,180,976.04736,988.4857147162693
4,181,976.3255,988.7690815809896
4,182,976.6131,989.0577903464562
4,183,976.90936,989.351422287681
4,184,977.2138,989.6495586796768
4,185,977.5256,989.9517807974561
4,186,977.84393,990.2576699160314
4,187,978.16833,990.5668073104151
4,188,978.4979,990.87877425562
4,189,978.83203,991.1931520266581
4,190,979.17,991.5095218985424
4,191,979.5111,991.8274651462851
4,192,979.8546,992.1465630448992
4,193,980.1998,992.4663968693962
4,194,980.54596,992.7865478947898
4,195,980.8926,993.1065973960915
4,196,981.23865,993.4261266483144
4,197,981.58374,993.7447169264708
4,198,981.927,994.0619495055735
4,199,982.26776,994.3774056606345
4,200,982.60535,994.6906666666669
4,201,982.93896,995.0014082230057
4,202,983.2687,995.3096837262786
4,203,983.5955,995.6156409974369
4,204,983.92065,995.919427857431
4,205,984.2443,996.2211921272116
4,206,984.56647,996.5210816277296
4,207,984.8871,996.8192441799358
4,208,985.20654,997.1158276047809
4,209,985.52466,997.4109797232154
4,210,985.8415,997.7048483561904
4,211,986.1573,997.9975813246565
4,212,986.4721,998.2893264495647
4,213,986.78595,998.5802315518655
4,214,987.099,998.8704444525093
4,215,987.4112,999.1601129724475
4,216,987.7227,999.4493849326306
4,217,988.03357,999.7384081540096
4,218,988.3439,1000.0273304575351
4,219,988.65375,1000.316299664157
4,220,988.9632,1000.6054635948279
4,221,989.27246,1000.894970070496
4,222,989.58136,1001.1849669121149
4,223,989.89014,1001.475601940634
4,224,990.19885,1001.767022977003
4,225,990.50757,1002.0593778421749
4,226,990.8164,1002.352814357099
4,227,991.1254,1002.6474803427249
4,228,991.43463,1002.943523620006
4,229,991.74414,1003.241092009892
4,230,992.05414,1003.5403333333331
4,231,992.3646,1003.8413261588049
4,232,992.6751,1004.1438720448781
4,233,992.98474,1004.447703297647
4,234,993.2928,1004.7525522232081
4,235,993.59955,1005.0581511276552
4,236,993.9049,1005.364232317084
4,237,994.209,1005.67052809759
4,238,994.5121,1005.976770775268
4,239,994.8142,1006.282692656212
4,240,995.1154,1006.5880260465191
4,241,995.4159,1006.892503252283
4,242,995.7158,1007.195856579599
4,243,996.0151,1007.4978183345629
4,244,996.3139,1007.798120823269
4,245,996.6125,1008.0964963518121
4,246,996.91095,1008.3926772262881
4,247,997.20917,1008.686395752792
4,248,997.5076,1008.9773842374179
4,249,997.80615,1009.265374986262
4,250,998.1049,1009.55010030542
4,251,998.40405,1009.831292500985
4,252,998.7038,1010.108683879053
4,253,999.004,1010.38200674572
4,254,999.3052,1010.6509934070801
4,255,999.6071,1010.915376169228
4,256,999.9101,1011.17488733826
4,257,1000.21405,1011.429259220271
4,258,1000.5194,1011.678224121355
4,259,1000.82587,1011.921514347608
4,260,1001.13385,1012.158862205124
4,261,1001.4435,1012.39
4,262,1001.75476,1012.614756012665
4,263,1002.0672,1012.83334242089
4,264,1002.3801,1013.0460673767819
4,265,1002.69275,1013.253239032446
4,266,1003.0053,1013.45516553999
4,267,1003.3179,1013.652155051519
4,268,1003.6306,1013.844515719139
4,269,1003.94354,1014.032555694957
4,270,1004.25696,1014.216583131078
4,271,1004.57086,1014.39690617961
4,272,1004.8854,1014.573832992659
4,273,1005.2007,1014.74767172233
4,274,1005.5169,1014.9187305207302
4,275,1005.8341,1015.087317539965
4,276,1006.15247,1015.2537409321421
4,277,1006.47205,1015.418308849366
4,278,1006.793,1015.5813294437442
4,279,1007.1155,1015.743110867382
4,280,1007.43945,1015.903961272387
4,281,1007.76526,1016.0641888108642
4,282,1008.0928,1016.22410163492
4,283,1008.42236,1016.384007896661
4,284,1008.75397,1016.544215748193
4,285,1009.08777,1016.705033341623
4,286,1009.4238,1016.866768829057
4,287,1009.7623,1017.0297303625999
4,288,1010.1033,1017.19422609436
4,289,1010.4469,1017.360564176443
4,290,1010.7933,1017.529052760954
5,0,967.0284,974.5997115224653
5,1,967.12476,974.6390724568952
5,2,967.22235,974.6779991335238
5,3,967.3214,974.7165080400766
5,4,967.4218,974.7546156642793
5,5,967.5236,974.7923384938564
5,6,967.6268,974.8296930165335
5,7,967.7312,974.8666957200356
5,8,967.83704,974.9033630920887
5,9,967.9441,974.939711620417
5,10,968.0525,974.9757577927465
5,11,968.16223,975.0115180968023
5,12,968.27325,975.0470090203094
5,13,968.38544,975.0822470509929
5,14,968.49896,975.1172486765788
5,15,968.6137,975.1520303847916
5,16,968.7297,975.1866086633571
5,17,968.8469,975.2210000000001
5,18,968.96533,975.2552148952259
5,19,969.0872,975.2892399006599
5,20,969.2195,975.3230555807072
5,21,969.36694,975.3566424997728
5,22,969.5286,975.389981222262
5,23,969.7034,975.42305231258
5,24,969.8908,975.4558363351321
5,25,970.08966,975.4883138543231
5,26,970.2993,975.5204654345584
5,27,970.5188,975.5522716402432
5,28,970.74725,975.5837130357826
5,29,970.98376,975.6147701855818
5,30,971.22754,975.6454236540461
5,31,971.4778,975.6756540055802
5,32,971.7336,975.7054418045897
5,33,971.994,975.7347676154797
5,34,972.2582,975.7636120026553
5,35,972.5254,975.7919555305218
5,36,972.7947,975.819778763484
5,37,973.0652,975.8470622659476
5,38,973.33606,975.8737866023174
5,39,973.6065,975.899932336999
5,40,973.87555,975.9254800343967
5,41,974.14233,975.9504102589166
5,42,974.4062,975.9747035749632
5,43,974.66614,975.998340546942
5,44,974.92126,976.0213017392583
5,45,975.1708,976.043567716317
5,46,975.41376,976.0651190425235
5,47,975.64954,976.0859362822828
5,48,975.8771,976.1059999999999
5,49,976.09564,976.1253177925533
5,50,976.30786,976.1440053867123
5,51,976.52466,976.1622055417198
5,52,976.7533,976.1800610168182
5,53,976.99255,976.19771457125
5,54,977.241,976.2153089642578
5,55,977.4974,976.2329869550846
5,56,977.7605,976.2508913029724
5,57,978.02893,976.2691647671642
5,58,978.30145,976.2879501069023
5,59,978.5767,976.3073900814296
5,60,978.8534,976.3276274499883
5,61,979.1304,976.3488049718213
5,62,979.40625,976.371065406171
5,63,979.67975,976.3945515122804
5,64,979.9495,976.4194060493915
5,65,980.2144,976.4457717767472
5,66,980.4731,976.4737914535899
5,67,980.72424,976.5036078391626
5,68,980.96655,976.5353636927072
5,69,981.1988,976.569201773467
5,70,981.4198,976.6052648406841
5,71,981.62805,976.6436956536012
5,72,981.8224,976.684636971461
5,73,982.00165,976.728231553506
5,74,982.1644,976.7746221589788
5,75,982.3095,976.8239515471221
5,76,982.43555,976.8763624771782
5,77,982.5413,976.9319977083901
5,78,982.6255,976.991
5,79,982.6869,977.0534675331088
5,80,982.728,977.1193201762495
5,81,982.7611,977.1884332198136
5,82,982.79553,977.2606819541923
5,83,982.831,977.3359416697765
5,84,982.8677,977.414087656958
5,85,982.9054,977.4949952061278
5,86,982.9441,977.5785396076772
5,87,982.9838,977.6645961519973
5,88,983.02454,977.7530401294802
5,89,983.0661,977.8437468305158
5,90,983.1086,977.9365915454963
5,91,983.15186,978.0314495648126
5,92,983.1959,978.1281961788563
5,93,983.2408,978.2267066780184
5,94,983.28625,978.3268563526904
5,95,983.3324,978.4285204932632
5,96,983.3792,978.5315743901284
5,97,983.4266,978.6358933336771
5,98,983.4745,978.7413526143008
5,99,983.5228,978.8478275223904
5,100,983.57166,978.9551933483373
5,101,983.6209,979.0633253825329
5,102,983.67053,979.1720989153682
5,103,983.7205,979.2813892372352
5,104,983.77075,979.3910716385241
5,105,983.8212,979.5010214096268
5,106,983.8719,979.6111138409344
5,107,983.9227,979.7212242228384
5,108,983.9737,979.8312278457298
5,109,984.0248,979.941
5,110,984.0758,980.0504274656605
5,111,984.12665,980.1594429812043
5,112,984.17664,980.2679907747444
5,113,984.2253,980.3760150743943
5,114,984.2725,980.4834601082667
5,115,984.31866,980.5902701044756
5,116,984.3637,980.6963892911332
5,117,984.40765,980.8017618963535
5,118,984.45044,980.9063321482495
5,119,984.4924,981.0100442749341
5,120,984.5334,981.1128425045208
5,121,984.5734,981.2146710651225
5,122,984.6128,981.3154741848527
5,123,984.6513,981.4151960918248
5,124,984.68915,981.5137810141514
5,125,984.72644,981.6111731799458
5,126,984.7631,981.7073168173217
5,127,984.7993,981.802156154392
5,128,984.8351,981.89563541927
5,129,984.8704,981.9876988400687
5,130,984.90533,982.0782906449011
5,131,984.94006,982.167355061881
5,132,984.97455,982.2548363191212
5,133,985.0089,982.3406786447351
5,134,985.0431,982.4248262668353
5,135,985.07733,982.5072234135359
5,136,985.11145,982.5878143129496
5,137,985.1458,982.6665431931896
5,138,985.18024,982.7433542823693
5,139,985.2148,982.8181918086017
5,140,985.2496,982.8910000000002
5,141,985.2848,982.9618039415283
5,142,985.3202,983.0309521455537
5,143,985.35614,983.0988739812938
5,144,985.3926,983.1659988179663
5,145,985.4296,983.2327560247896
5,146,985.4674,983.2995749709809
5,147,985.5061,983.3668850257582
5,148,985.54584,983.4351155583397
5,149,985.5869,983.5046959379429
5,150,985.62915,983.5760555337854
5,151,985.6729,983.6496237150851
5,152,985.7183,983.7258298510602
5,153,985.7654,983.8051033109281
5,154,985.8144,983.8878734639071
5,155,985.86536,983.9745696792144
5,156,985.91846,984.0656213260684
5,157,985.9739,984.1614577736865
5,158,986.0317,984.2625083912866
5,159,986.09204,984.3692025480865
5,160,986.15515,984.4819696133043
5,161,986.2212,984.6012389561575
5,162,986.29004,984.727439945864
5,163,986.362,984.8610019516418
5,164,986.4372,985.0023543427086
5,165,986.516,985.151926488282
5,166,986.59814,985.3101477575801
5,167,986.68396,985.4774475198207
5,168,986.7735,985.6542551442213
5,169,986.8671,985.8410000000001
5,170,986.96466,986.0379701073407
5,171,987.0695,986.2448880902894
5,172,987.19183,986.4613352238591
5,173,987.3382,986.6868927830621
5,174,987.50745,986.9211420429111
5,175,987.6983,987.1636642784184
5,176,987.9098,987.4140407645968
5,177,988.1407,987.6718527764584
5,178,988.38995,987.9366815890162
5,179,988.65625,988.2081084772824
5,180,988.93835,988.4857147162693
5,181,989.2353,988.7690815809896
5,182,989.5459,989.0577903464562
5,183,989.86896,989.351422287681
5,184,990.20337,989.6495586796768
5,185,990.548,989.9517807974561
5,186,990.90155,990.2576699160314
5,187,991.26294,990.5668073104151
5,188,991.6312,990.87877425562
5,189,992.0049,991.1931520266581
5,190,992.38306,991.5095218985424
5,191,992.76447,991.8274651462851
5,192,993.148,992.1465630448992
5,193,993.5326,992.4663968693962
5,194,993.9171,992.7865478947898
5,195,994.3002,993.1065973960915
5,196,994.681,993.4261266483144
5,197,995.0582,993.7447169264708
5,198,995.4308,994.0619495055735
5,199,995.79755,994.3774056606345
5,200,996.1574,994.6906666666669
5,201,996.5092,995.0014082230057
5,202,996.85297,995.3096837262786
5,203,997.1927,995.6156409974369
5,204,997.53125,995.919427857431
5,205,997.86865,996.2211921272116
5,206,998.2051,996.5210816277296
5,207,998.54047,996.8192441799358
5,208,998.87476,997.1158276047809
5,209,999.2084,997.4109797232154
5,210,999.5411,997.7048483561904
5,211,999.8729,997.9975813246565
5,212,1000.204,998.2893264495647
5,213,1000.5345,998.5802315518655
5,214,1000.8642,998.8704444525093
5,215,1001.1935,999.1601129724475
5,216,1001.52216,999.4493849326306
5,217,1001.8502,999.7384081540096
5,218,1002.17804,1000.0273304575351
5,219,1002.5055,1000.316299664157
5,220,1002.8324,1000.6054635948279
5,221,1003.1591,1000.894970070496
5,222,1003.4856,1001.1849669121149
5,223,1003.81195,1001.475601940634
5,224,1004.1381,1001.767022977003
5,225,1004.46423,1002.0593778421749
5,226,1004.7903,1002.352814357099
5,227,1005.11633,1002.6474803427249
5,228,1005.4425,1002.943523620006
5,229,1005.7688,1003.241092009892
5,230,1006.09515,1003.5403333333331
5,231,1006.4218,1003.8413261588049
5,232,1006.7487,1004.1438720448781
5,233,1007.07666,1004.447703297647
5,234,1007.4058,1004.7525522232081
5,235,1007.736,1005.0581511276552
5,236,1008.06714,1005.364232317084
5,237,1008.39874,1005.67052809759
5,238,1008.7308,1005.976770775268
5,239,1009.0631,1006.282692656212
5,240,1009.39514,1006.5880260465191
5,241,1009.72705,1006.892503252283
5,242,1010.0585,1007.195856579599
5,243,1010.3891,1007.4978183345629
5,244,1010.7188,1007.798120823269
5,245,1011.04736,1008.0964963518121
5,246,1011.37463,1008.3926772262881
5,247,1011.7002,1008.686395752792
5,248,1012.0241,1008.9773842374179
5,249,1012.346,1009.265374986262
5,250,1012.66565,1009.55010030542
5,251,1012.9829,1009.831292500985
5,252,1013.29767,1010.108683879053
5,253,1013.6095,1010.38200674572
5,254,1013.91833,1010.6509934070801
5,255,1014.22394,1010.915376169228
5,256,1014.526,1011.17488733826
5,257,1014.8245,1011.429259220271
5,258,1015.11926,1011.678224121355
5,259,1015.4098,1011.921514347608
5,260,1015.6961,1012.158862205124
5,261,1015.97797,1012.39
5,262,1016.2552,1012.614756012665
5,263,1016.52747,1012.83334242089
5,264,1016.79565,1013.0460673767819
5,265,1017.0605,1013.253239032446
5,266,1017.3217,1013.45516553999
5,267,1017.5797,1013.652155051519
5,268,1017.83453,1013.844515719139
5,269,1018.08624,1014.032555694957
5,270,1018.33484,1014.216583131078
5,271,1018.5805,1014.39690617961
5,272,1018.8232,1014.573832992659
5,273,1019.0632,1014.74767172233
5,274,1019.3005,1014.9187305207302
5,275,1019.5351,1015.087317539965
5,276,1019.7671,1015.2537409321421
5,277,1019.99677,1015.418308849366
5,278,1020.2239,1015.5813294437442
5,279,1020.4488,1015.743110867382
5,280,1020.6714,1015.903961272387
5,281,1020.89185,1016.0641888108642
5,282,1021.1102,1016.22410163492
5,283,1021.32666,1016.384007896661
5,284,1021.54114,1016.544215748193
5,285,1021.75366,1016.705033341623
5,286,1021.9645,1016.866768829057
5,287,1022.1736,1017.0297303625999
5,288,1022.3811,1017.19422609436
5,289,1022.587,1017.360564176443
5,290,1022.7915,1017.529052760954
6,0,968.8731,974.5997115224653
6,1,968.966,974.6390724568952
6,2,969.06085,974.6779991335238
6,3,969.1575,974.7165080400766
6,4,969.256,974.7546156642793
6,5,969.3562,974.7923384938564
6,6,969.4582,974.8296930165335
6,7,969.5617,974.8666957200356
6,8,969.6669,974.9033630920887
6,9,969.7735,974.939711620417
6,10,969.88153,974.9757577927465
6,11,969.99097,975.0115180968023
6,12,970.10175,975.0470090203094
6,13,970.2138,975.0822470509929
6,14,970.327,975.1172486765788
6,15,970.44135,975.1520303847916
6,16,970.55676,975.1866086633571
6,17,970.67316,975.2210000000001
6,18,970.79047,975.2552148952259
6,19,970.9112,975.2892399006599
6,20,971.04266,975.3230555807072
6,21,971.1892,975.3566424997728
6,22,971.35016,975.389981222262
6,23,971.52435,975.42305231258
6,24,971.71106,975.4558363351321
6,25,971.9094,975.4883138543231
6,26,972.1184,975.5204654345584
6,27,972.33716,975.5522716402432
6,28,972.5649,975.5837130357826
6,29,972.80054,975.6147701855818
6,30,973.0433,975.6454236540461
6,31,973.29224,975.6756540055802
6,32,973.5465,975.7054418045897
6,33,973.8052,975.7347676154797
6,34,974.0674,975.7636120026553
6,35,974.3322,975.7919555305218
6,36,974.59875,975.819778763484
6,37,974.866,975.8470622659476
6,38,975.13336,975.8737866023174
6,39,975.39966,975.899932336999
6,40,975.6642,975.9254800343967
6,41,975.92596,975.9504102589166
6,42,976.1841,975.9747035749632
6,43,976.4377,975.998340546942
6,44,976.686,976.0213017392583
6,45,976.92786,976.043567716317
6,46,977.1626,976.0651190425235
6,47,977.3891,976.0859362822828
6,48,977.6068,976.1059999999999
6,49,977.8146,976.1253177925533
6,50,978.01556,976.1440053867123
6,51,978.2208,976.1622055417198
6,52,978.437,976.1800610168182
6,53,978.66327,976.19771457125
6,54,978.89825,976.2153089642578
6,55,979.1407,976.2329869550846
6,56,979.38934,976.2508913029724
6,57,979.64307,976.2691647671642
6,58,979.9005,976.2879501069023
6,59,980.16064,976.3073900814296
6,60,980.42206,976.3276274499883
6,61,980.6836,976.3488049718213
6,62,980.944,976.371065406171
6,63,981.2021,976.3945515122804
6,64,981.45667,976.4194060493915
6,65,981.7065,976.4457717767472
6,66,981.95026,976.4737914535899
6,67,982.1869,976.5036078391626
6,68,982.4151,976.5353636927072
6,69,982.63367,976.569201773467
6,70,982.84143,976.6052648406841
6,71,983.03705,976.6436956536012
6,72,983.2194,976.684636971461
6,73,983.3873,976.728231553506
6,74,983.5395,976.7746221589788
6,75,983.6747,976.8239515471221
6,76,983.7918,976.8763624771782
6,77,983.8895,976.9319977083901
6,78,983.9668,976.991
6,79,984.02216,977.0534675331088
6,80,984.05853,977.1193201762495
6,81,984.0877,977.1884332198136
6,82,984.1182,977.2606819541923
6,83,984.14954,977.3359416697765
6,84,984.182,977.414087656958
6,85,984.2155,977.4949952061278
6,86,984.24994,977.5785396076772
6,87,984.28534,977.6645961519973
6,88,984.32153,977.7530401294802
6,89,984.3587,977.8437468305158
6,90,984.39667,977.9365915454963
6,91,984.4353,978.0314495648126
6,92,984.47473,978.1281961788563
6,93,984.51483,978.2267066780184
6,94,984.55554,978.3268563526904
6,95,984.59705,978.4285204932632
6,96,984.6389,978.5315743901284
6,97,984.6814,978.6358933336771
6,98,984.7244,978.7413526143008
6,99,984.76776,978.8478275223904
6,100,984.8115,978.9551933483373
6,101,984.85583,979.0633253825329
6,102,984.9003,979.1720989153682
6,103,984.9451,979.2813892372352
6,104,984.99023,979.3910716385241
6,105,985.0354,979.5010214096268
6,106,985.0809,979.6111138409344
6,107,985.12646,979.7212242228384
6,108,985.1722,979.8312278457298
6,109,985.21783,979.941
6,110,985.26355,980.0504274656605
6,111,985.3089,980.1594429812043
6,112,985.353,980.2679907747444
6,113,985.3952,980.3760150743943
6,114,985.4358,980.4834601082667
6,115,985.47473,980.5902701044756
6,116,985.512,980.6963892911332
6,117,985.5481,980.8017618963535
6,118,985.58264,980.9063321482495
6,119,985.6161,981.0100442749341
6,120,985.6484,981.1128425045208
6,121,985.6797,981.2146710651225
6,122,985.70996,981.3154741848527
6,123,985.73956,981.4151960918248
6,124,985.7683,981.5137810141514
6,125,985.7966,981.6111731799458
6,126,985.8242,981.7073168173217
6,127,985.8515,981.802156154392
6,128,985.8785,981.89563541927
6,129,985.9052,981.9876988400687
6,130,985.9318,982.0782906449011
6,131,985.9585,982.167355061881
6,132,985.98517,982.2548363191212
6,133,986.0121,982.3406786447351
6,134,986.0393,982.4248262668353
6,135,986.06683,982.5072234135359
6,136,986.0949,982.5878143129496
6,137,986.1236,982.6665431931896
6,138,986.15295,982.7433542823693
6,139,986.1831,982.8181918086017
6,140,986.2143,982.8910000000002
6,141,986.24634,982.9618039415283
6,142,986.27954,983.0309521455537
6,143,986.3138,983.0988739812938
6,144,986.34937,983.1659988179663
6,145,986.386,983.2327560247896
6,146,986.4242,983.2995749709809
6,147,986.4636,983.3668850257582
6,148,986.5045,983.4351155583397
6,149,986.547,983.5046959379429
6,150,986.5911,983.5760555337854
6,151,986.6369,983.6496237150851
6,152,986.6843,983.7258298510602
6,153,986.7336,983.8051033109281
6,154,986.78485,983.8878734639071
6,155,986.83795,983.9745696792144
6,156,986.8931,984.0656213260684
6,157,986.9503,984.1614577736865
6,158,987.00964,984.2625083912866
6,159,987.0713,984.3692025480865
6,160,987.13513,984.4819696133043
6,161,987.2015,984.6012389561575
6,162,987.27014,984.727439945864
6,163,987.3413,984.8610019516418
6,164,987.41504,985.0023543427086
6,165,987.4915,985.151926488282
6,166,987.57056,985.3101477575801
6,167,987.6524,985.4774475198207
6,168,987.7372,985.6542551442213
6,169,987.82477,985.8410000000001
6,170,987.91534,986.0379701073407
6,171,988.01215,986.2448880902894
6,172,988.125,986.4613352238591
6,173,988.26,986.6868927830621
6,174,988.4161,986.9211420429111
6,175,988.5922,987.1636642784184
6,176,988.78723,987.4140407645968
6,177,989.0002,987.6718527764584
6,178,989.23,987.9366815890162
6,179,989.4755,988.2081084772824
6,180,989.73596,988.4857147162693
6,181,990.00995,988.7690815809896
6,182,990.29675,989.0577903464562
6,183,990.5951,989.351422287681
6,184,990.904,989.6495586796768
6,185,991.2225,989.9517807974561
6,186,991.5493,990.2576699160314
6,187,991.8837,990.5668073104151
6,188,992.22437,990.87877425562
6,189,992.5704,991.1931520266581
6,190,992.9207,991.5095218985424
6,191,993.27423,991.8274651462851
6,192,993.63007,992.1465630448992
6,193,993.98694,992.4663968693962
6,194,994.344,992.7865478947898
6,195,994.7002,993.1065973960915
6,196,995.05426,993.4261266483144
6,197,995.4056,993.7447169264708
6,198,995.7527,994.0619495055735
6,199,996.0947,994.3774056606345
6,200,996.4308,994.6906666666669
6,201,996.7597,995.0014082230057
6,202,997.08167,995.3096837262786
6,203,997.40015,995.6156409974369
6,204,997.7176,995.919427857431
6,205,998.03424,996.2211921272116
6,206,998.35,996.5210816277296
6,207,998.665,996.8192441799358
6,208,998.9791,997.1158276047809
6,209,999.29266,997.4109797232154
6,210,999.6054,997.7048483561904
6,211,999.9176,997.9975813246565
6,212,1000.22925,998.2893264495647
6,213,1000.54034,998.5802315518655
6,214,1000.85095,998.8704444525093
6,215,1001.161,999.1601129724475
6,216,1001.4708,999.4493849326306
6,217,1001.7803,999.7384081540096
6,218,1002.08936,1000.0273304575351
6,219,1002.3982,1000.316299664157
6,220,1002.7068,1000.6054635948279
6,221,1003.0152,1000.894970070496
6,222,1003.32355,1001.1849669121149
6,223,1003.6317,1001.475601940634
6,224,1003.93994,1001.767022977003
6,225,1004.2481,1002.0593778421749
6,226,1004.5563,1002.352814357099
6,227,1004.8646,1002.6474803427249
6,228,1005.1731,1002.943523620006
6,229,1005.48175,1003.241092009892
6,230,1005.7905,1003.5403333333331
6,231,1006.0997,1003.8413261588049
6,232,1006.40894,1004.1438720448781
6,233,1006.71783,1004.447703297647
6,234,1007.02637,1004.7525522232081
6,235,1007.33435,1005.0581511276552
6,236,1007.6419,1005.364232317084
6,237,1007.949,1005.67052809759
6,238,1008.2553,1005.976770775268
6,239,1008.5612,1006.282692656212
6,240,1008.86646,1006.5880260465191
6,241,1009.171,1006.892503252283
6,242,1009.475,1007.195856579599
6,243,1009.7782,1007.4978183345629
6,244,1010.08075,1007.798120823269
6,245,1010.3826,1008.0964963518121
6,246,1010.68365,1008.3926772262881
6,247,1010.984,1008.686395752792
6,248,1011.2835,1008.9773842374179
6,249,1011.58215,1009.265374986262
6,250,1011.88,1009.55010030542
6,251,1012.17706,1009.831292500985
6,252,1012.47327,1010.108683879053
6,253,1012.7685,1010.38200674572
6,254,1013.06287,1010.6509934070801
6,255,1013.3564,1010.915376169228
6,256,1013.6488,1011.17488733826
6,257,1013.9404,1011.429259220271
6,258,1014.231,1011.678224121355
6,259,1014.5207,1011.921514347608
6,260,1014.8093,1012.158862205124
6,261,1015.09686,1012.39
6,262,1015.3835,1012.614756012665
6,263,1015.6688,1012.83334242089
6,264,1015.9526,1013.0460673767819
6,265,1016.23486,1013.253239032446
6,266,1016.51575,1013.45516553999
6,267,1016.79535,1013.652155051519
6,268,1017.0736,1013.844515719139
6,269,1017.3507,1014.032555694957
6,270,1017.62683,1014.216583131078
6,271,1017.9019,1014.39690617961
6,272,1018.1761,1014.573832992659
6,273,1018.44946,1014.74767172233
6,274,1018.7222,1014.9187305207302
6,275,1018.99426,1015.087317539965
6,276,1019.2658,1015.2537409321421
6,277,1019.5368,1015.418308849366
6,278,1019.8075,1015.5813294437442
6,279,1020.07794,1015.743110867382
6,280,1020.34814,1015.903961272387
6,281,1020.61816,1016.0641888108642
6,282,1020.8882,1016.22410163492
6,283,1021.1584,1016.384007896661
6,284,1021.4286,1016.544215748193
6,285,1021.699,1016.705033341623
6,286,1021.9697,1016.866768829057
6,287,1022.2408,1017.0297303625999
6,288,1022.5124,1017.19422609436
6,289,1022.78455,1017.360564176443
6,290,1023.0573,1017.529052760954
7,0,969.0451,974.5997115224653
7,1,969.156,974.6390724568952
7,2,969.2675,974.6779991335238
7,3,969.3797,974.7165080400766
7,4,969.49243,974.7546156642793
7,5,969.60583,974.7923384938564
7,6,969.71967,974.8296930165335
7,7,969.834,974.8666957200356
7,8,969.94885,974.9033630920887
7,9,970.0641,974.939711620417
7,10,970.1796,974.9757577927465
7,11,970.2956,975.0115180968023
7,12,970.41187,975.0470090203094
7,13,970.5285,975.0822470509929
7,14,970.6452,975.1172486765788
7,15,970.7623,975.1520303847916
7,16,970.8795,975.1866086633571
7,17,970.9968,975.2210000000001
7,18,971.1144,975.2552148952259
7,19,971.2337,975.2892399006599
7,20,971.3605,975.3230555807072
7,21,971.49854,975.3566424997728
7,22,971.647,975.389981222262
7,23,971.8053,975.42305231258
7,24,971.97284,975.4558363351321
7,25,972.1488,975.4883138543231
7,26,972.3328,975.5204654345584
7,27,972.524,975.5522716402432
7,28,972.72174,975.5837130357826
7,29,972.92554,975.6147701855818
7,30,973.1345,975.6454236540461
7,31,973.34827,975.6756540055802
7,32,973.566,975.7054418045897
7,33,973.7871,975.7347676154797
7,34,974.011,975.7636120026553
7,35,974.23694,975.7919555305218
7,36,974.4644,975.819778763484
7,37,974.69257,975.8470622659476
7,38,974.92096,975.8737866023174
7,39,975.14886,975.899932336999
7,40,975.3757,975.9254800343967
7,41,975.60065,975.9504102589166
7,42,975.8233,975.9747035749632
7,43,976.04297,975.998340546942
7,44,976.25885,976.0213017392583
7,45,976.47046,976.043567716317
7,46,976.6771,976.0651190425235
7,47,976.87823,976.0859362822828
7,48,977.07306,976.1059999999999
7,49,977.261,976.1253177925533
7,50,977.44434,976.1440053867123
7,51,977.6319,976.1622055417198
7,52,977.8296,976.1800610168182
7,53,978.03625,976.19771457125
7,54,978.2508,976.2153089642578
7,55,978.47217,976.2329869550846
7,56,978.6994,976.2508913029724
7,57,978.9313,976.2691647671642
7,58,979.16675,976.2879501069023
7,59,979.40485,976.3073900814296
7,60,979.6445,976.3276274499883
7,61,979.8845,976.3488049718213
7,62,980.12384,976.371065406171
7,63,980.3616,976.3945515122804
7,64,980.5964,976.4194060493915
7,65,980.8275,976.4457717767472
7,66,981.05365,976.4737914535899
7,67,981.2738,976.5036078391626
7,68,981.48706,976.5353636927072
7,69,981.69214,976.569201773467
7,70,981.8882,976.6052648406841
7,71,982.07404,976.6436956536012
7,72,982.24854,976.684636971461
7,73,982.4108,976.728231553506
7,74,982.5597,976.7746221589788
7,75,982.6941,976.8239515471221
7,76,982.8131,976.8763624771782
7,77,982.9155,976.9319977083901
7,78,983.00037,976.991
7,79,983.0666,977.0534675331088
7,80,983.1162,977.1193201762495
7,81,983.1593,977.1884332198136
7,82,983.2038,977.2606819541923
7,83,983.24945,977.3359416697765
7,84,983.2963,977.414087656958
7,85,983.34436,977.4949952061278
7,86,983.3934,977.5785396076772
7,87,983.44366,977.6645961519973
7,88,983.4949,977.7530401294802
7,89,983.54706,977.8437468305158
7,90,983.6002,977.9365915454963
7,91,983.6543,978.0314495648126
7,92,983.7092,978.1281961788563
7,93,983.76495,978.2267066780184
7,94,983.8215,978.3268563526904
7,95,983.8788,978.4285204932632
7,96,983.93665,978.5315743901284
7,97,983.99536,978.6358933336771
7,98,984.0546,978.7413526143008
7,99,984.1144,978.8478275223904
7,100,984.1747,978.9551933483373
7,101,984.2356,979.0633253825329
7,102,984.2968,979.1720989153682
7,103,984.3585,979.2813892372352
7,104,984.4206,979.3910716385241
7,105,984.48303,979.5010214096268
7,106,984.54565,979.6111138409344
7,107,984.6086,979.7212242228384
7,108,984.6717,979.8312278457298
7,109,984.735,979.941
7,110,984.7984,980.0504274656605
7,111,984.8617,980.1594429812043
7,112,984.9245,980.2679907747444
7,113,984.9864,980.3760150743943
7,114,985.04755,980.4834601082667
7,115,985.10767,980.5902701044756
7,116,985.1672,980.6963892911332
7,117,985.2259,980.8017618963535
7,118,985.28375,980.9063321482495
7,119,985.34076,981.0100442749341
7,120,985.39716,981.1128425045208
7,121,985.45276,981.2146710651225
7,122,985.50757,981.3154741848527
7,123,985.5617,981.4151960918248
7,124,985.61505,981.5137810141514
7,125,985.6677,981.6111731799458
7,126,985.7197,981.7073168173217
7,127,985.771,981.802156154392
7,128,985.82153,981.89563541927
7,129,985.8714,981.9876988400687
7,130,985.92065,982.0782906449011
7,131,985.9693,982.167355061881
7,132,986.0172,982.2548363191212
7,133,986.0645,982.3406786447351
7,134,986.11127,982.4248262668353
7,135,986.1573,982.5072234135359
7,136,986.2029,982.5878143129496
7,137,986.2478,982.6665431931896
7,138,986.29205,982.7433542823693
7,139,986.33594,982.8181918086017
7,140,986.3791,982.8910000000002
7,141,986.4218,982.9618039415283
7,142,986.46387,983.0309521455537
7,143,986.5055,983.0988739812938
7,144,986.547,983.1659988179663
7,145,986.58826,983.2327560247896
7,146,986.62976,983.2995749709809
7,147,986.6717,983.3668850257582
7,148,986.71436,983.4351155583397
7,149,986.75793,983.5046959379429
7,150,986.8027,983.5760555337854
7,151,986.84894,983.6496237150851
7,152,986.8968,983.7258298510602
7,153,986.94653,983.8051033109281
7,154,986.9984,983.8878734639071
7,155,987.0528,983.9745696792144
7,156,987.10974,984.0656213260684
7,157,987.16956,984.1614577736865
7,158,987.2326,984.2625083912866
7,159,987.2989,984.3692025480865
7,160,987.3689,984.4819696133043
7,161,987.44275,984.6012389561575
7,162,987.5207,984.727439945864
7,163,987.60297,984.8610019516418
7,164,987.6899,985.0023543427086
7,165,987.7817,985.151926488282
7,166,987.8784,985.3101477575801
7,167,987.9806,985.4774475198207
7,168,988.0883,985.6542551442213
7,169,988.20184,985.8410000000001
7,170,988.3214,986.0379701073407
7,171,988.4497,986.2448880902894
7,172,988.5953,986.4613352238591
7,173,988.7634,986.6868927830621
7,174,988.95325,986.9211420429111
7,175,989.1635,987.1636642784184
7,176,989.3932,987.4140407645968
7,177,989.6412,987.6718527764584
7,178,989.9065,987.9366815890162
7,179,990.18805,988.2081084772824
7,180,990.4847,988.4857147162693
7,181,990.79535,988.7690815809896
7,182,991.11884,989.0577903464562
7,183,991.45435,989.351422287681
7,184,991.8006,989.6495586796768
7,185,992.1567,989.9517807974561
7,186,992.52136,990.2576699160314
7,187,992.89355,990.5668073104151
7,188,993.2723,990.87877425562
7,189,993.65643,991.1931520266581
7,190,994.045,991.5095218985424
7,191,994.4368,991.8274651462851
7,192,994.83093,992.1465630448992
7,193,995.22614,992.4663968693962
7,194,995.62146,992.7865478947898
7,195,996.0159,993.1065973960915
7,196,996.4083,993.4261266483144
7,197,996.79767,993.7447169264708
7,198,997.1828,994.0619495055735
7,199,997.56287,994.3774056606345
7,200,997.9367,994.6906666666669
7,201,998.30316,995.0014082230057
7,202,998.6624,995.3096837262786
7,203,999.0174,995.6156409974369
7,204,999.37085,995.919427857431
7,205,999.7228,996.2211921272116
7,206,1000.07336,996.5210816277296
7,207,1000.4226,996.8192441799358
7,208,1000.77045,997.1158276047809
7,209,1001.1171,997.4109797232154
7,210,1001.46265,997.7048483561904
7,211,1001.8071,997.9975813246565
7,212,1002.15045,998.2893264495647
7,213,1002.49286,998.5802315518655
7,214,1002.8343,998.8704444525093
7,215,1003.1749,999.1601129724475
7,216,1003.5148,999.4493849326306
7,217,1003.8539,999.7384081540096
7,218,1004.1924,1000.0273304575351
7,219,1004.53015,1000.316299664157
7,220,1004.8675,1000.6054635948279
7,221,1005.2043,1000.894970070496
7,222,1005.54065,1001.1849669121149
7,223,1005.87665,1001.475601940634
7,224,1006.21246,1001.767022977003
7,225,1006.5479,1002.0593778421749
7,226,1006.88324,1002.352814357099
7,227,1007.21857,1002.6474803427249
7,228,1007.5537,1002.943523620006
7,229,1007.88885,1003.241092009892
7,230,1008.2242,1003.5403333333331
7,231,1008.5596,1003.8413261588049
7,232,1008.89514,1004.1438720448781
7,233,1009.2319,1004.447703297647
7,234,1009.5704,1004.7525522232081
7,235,1009.9103,1005.0581511276552
7,236,1010.25146,1005.364232317084
7,237,1010.5935,1005.67052809759
7,238,1010.9364,1005.976770775268
7,239,1011.27954,1006.282692656212
7,240,1011.623,1006.5880260465191
7,241,1011.96643,1006.892503252283
7,242,1012.3095,1007.195856579599
7,243,1012.65204,1007.4978183345629
7,244,1012.9938,1007.798120823269
7,245,1013.33453,1008.0964963518121
7,246,1013.6739,1008.3926772262881
7,247,1014.0118,1008.686395752792
7,248,1014.3479,1008.9773842374179
7,249,1014.68195,1009.265374986262
7,250,1015.01385,1009.55010030542
7,251,1015.3431,1009.831292500985
7,252,1015.66974,1010.108683879053
7,253,1015.9934,1010.38200674572
7,254,1016.3138,1010.6509934070801
7,255,1016.63074,1010.915376169228
7,256,1016.94403,1011.17488733826
7,257,1017.25336,1011.429259220271
7,258,1017.5586,1011.678224121355
7,259,1017.8593,1011.921514347608
7,260,1018.1555,1012.158862205124
7,261,1018.44666,1012.39
7,262,1018.7327,1012.614756012665
7,263,1019.0134,1012.83334242089
7,264,1019.2897,1013.0460673767819
7,265,1019.56226,1013.253239032446
7,266,1019.8314,1013.45516553999
7,267,1020.0971,1013.652155051519
7,268,1020.35956,1013.844515719139
7,269,1020.6185,1014.032555694957
7,270,1020.87445,1014.216583131078
7,271,1021.1272,1014.39690617961
7,272,1021.3769,1014.573832992659
7,273,1021.6236,1014.74767172233
7,274,1021.8674,1014.9187305207302
7,275,1022.1083,1015.087317539965
7,276,1022.3464,1015.2537409321421
7,277,1022.5817,1015.418308849366
7,278,1022.81445,1015.5813294437442
7,279,1023.0446,1015.743110867382
7,280,1023.27216,1015.903961272387
7,281,1023.4973,1016.0641888108642
7,282,1023.72,1016.22410163492
7,283,1023.9403,1016.384007896661
7,284,1024.1584,1016.544215748193
7,285,1024.3743,1016.705033341623
7,286,1024.5878,1016.866768829057
7,287,1024.7994,1017.0297303625999
7,288,1025.0089,1017.19422609436
7,289,1025.2164,1017.360564176443
7,290,1025.422,1017.529052760954
8,0,969.12115,974.5997115224653
8,1,969.22974,974.6390724568952
8,2,969.3392,974.6779991335238
8,3,969.4496,974.7165080400766
8,4,969.5608,974.7546156642793
8,5,969.67285,974.7923384938564
8,6,969.7857,974.8296930165335
8,7,969.8993,974.8666957200356
8,8,970.01355,974.9033630920887
8,9,970.1284,974.939711620417
8,10,970.2439,974.9757577927465
8,11,970.35986,975.0115180968023
8,12,970.4765,975.0470090203094
8,13,970.5935,975.0822470509929
8,14,970.7109,975.1172486765788
8,15,970.82874,975.1520303847916
8,16,970.9467,975.1866086633571
8,17,971.0652,975.2210000000001
8,18,971.1838,975.2552148952259
8,19,971.3046,975.2892399006599
8,20,971.4336,975.3230555807072
8,21,971.57465,975.3566424997728
8,22,971.7271,975.389981222262
8,23,971.8903,975.42305231258
8,24,972.0634,975.4558363351321
8,25,972.2457,975.4883138543231
8,26,972.4365,975.5204654345584
8,27,972.63525,975.5522716402432
8,28,972.8412,975.5837130357826
8,29,973.0535,975.6147701855818
8,30,973.27155,975.6454236540461
8,31,973.4947,975.6756540055802
8,32,973.7221,975.7054418045897
8,33,973.95325,975.7347676154797
8,34,974.18726,975.7636120026553
8,35,974.4235,975.7919555305218
8,36,974.66125,975.819778763484
8,37,974.89996,975.8470622659476
8,38,975.13873,975.8737866023174
8,39,975.3769,975.899932336999
8,40,975.61395,975.9254800343967
8,41,975.84894,975.9504102589166
8,42,976.0813,975.9747035749632
8,43,976.3103,975.998340546942
8,44,976.5353,976.0213017392583
8,45,976.75555,976.043567716317
8,46,976.9703,976.0651190425235
8,47,977.179,976.0859362822828
8,48,977.38086,976.1059999999999
8,49,977.5752,976.1253177925533
8,50,977.7645,976.1440053867123
8,51,977.95825,976.1622055417198
8,52,978.1625,976.1800610168182
8,53,978.37604,976.19771457125
8,54,978.59784,976.2153089642578
8,55,978.82684,976.2329869550846
8,56,979.06177,976.2508913029724
8,57,979.3015,976.2691647671642
8,58,979.5449,976.2879501069023
8,59,979.791,976.3073900814296
8,60,980.03845,976.3276274499883
8,61,980.2862,976.3488049718213
8,62,980.5332,976.371065406171
8,63,980.77826,976.3945515122804
8,64,981.0202,976.4194060493915
8,65,981.258,976.4457717767472
8,66,981.49036,976.4737914535899
8,67,981.71643,976.5036078391626
8,68,981.93494,976.5353636927072
8,69,982.14465,976.569201773467
8,70,982.34467,976.6052648406841
8,71,982.5337,976.6436956536012
8,72,982.7108,976.684636971461
8,73,982.87463,976.728231553506
8,74,983.0243,976.7746221589788
8,75,983.15857,976.8239515471221
8,76,983.27625,976.8763624771782
8,77,983.37646,976.9319977083901
8,78,983.4578,976.991
8,79,983.5194,977.0534675331088
8,80,983.5634,977.1193201762495
8,81,983.6007,977.1884332198136
8,82,983.639,977.2606819541923
8,83,983.6782,977.3359416697765
8,84,983.71844,977.414087656958
8,85,983.75964,977.4949952061278
8,86,983.80164,977.5785396076772
8,87,983.84454,977.6645961519973
8,88,983.8883,977.7530401294802
8,89,983.9328,977.8437468305158
8,90,983.97815,977.9365915454963
8,91,984.0241,978.0314495648126
8,92,984.0709,978.1281961788563
8,93,984.1183,978.2267066780184
8,94,984.1663,978.3268563526904
8,95,984.2149,978.4285204932632
8,96,984.26416,978.5315743901284
8,97,984.31396,978.6358933336771
8,98,984.3642,978.7413526143008
8,99,984.415,978.8478275223904
8,100,984.46606,978.9551933483373
8,101,984.5177,979.0633253825329
8,102,984.56964,979.1720989153682
8,103,984.62195,979.2813892372352
8,104,984.6745,979.3910716385241
8,105,984.72754,979.5010214096268
8,106,984.78064,979.6111138409344
8,107,984.834,979.7212242228384
8,108,984.8875,979.8312278457298
8,109,984.9412,979.941
8,110,984.99506,980.0504274656605
8,111,985.04877,980.1594429812043
8,112,985.10187,980.2679907747444
8,113,985.15393,980.3760150743943
8,114,985.20496,980.4834601082667
8,115,985.25507,980.5902701044756
8,116,985.3043,980.6963892911332
8,117,985.35266,980.8017618963535
8,118,985.40015,980.9063321482495
8,119,985.4468,981.0100442749341
8,120,985.4927,981.1128425045208
8,121,985.53784,981.2146710651225
8,122,985.58215,981.3154741848527
8,123,985.62585,981.4151960918248
8,124,985.6689,981.5137810141514
8,125,985.71124,981.6111731799458
8,126,985.75305,981.7073168173217
8,127,985.7942,981.802156154392
8,128,985.83484,981.89563541927
8,129,985.87494,981.9876988400687
8,130,985.9146,982.0782906449011
8,131,985.9538,982.167355061881
8,132,985.99255,982.2548363191212
8,133,986.03094,982.3406786447351
8,134,986.069,982.4248262668353
8,135,986.1067,982.5072234135359
8,136,986.14404,982.5878143129496
8,137,986.18115,982.6665431931896
8,138,986.2181,982.7433542823693
8,139,986.25476,982.8181918086017
8,140,986.29126,982.8910000000002
8,141,986.32764,982.9618039415283
8,142,986.3639,983.0309521455537
8,143,986.4001,983.0988739812938
8,144,986.43634,983.1659988179663
8,145,986.4729,983.2327560247896
8,146,986.5098,983.2995749709809
8,147,986.5475,983.3668850257582
8,148,986.5859,983.4351155583397
8,149,986.6254,983.5046959379429
8,150,986.6661,983.5760555337854
8,151,986.7081,983.6496237150851
8,152,986.7519,983.7258298510602
8,153,986.7973,983.8051033109281
8,154,986.84467,983.8878734639071
8,155,986.8942,983.9745696792144
8,156,986.9462,984.0656213260684
8,157,987.0007,984.1614577736865
8,158,987.0578,984.2625083912866
8,159,987.11786,984.3692025480865
8,160,987.18097,984.4819696133043
8,161,987.24744,984.6012389561575
8,162,987.3173,984.727439945864
8,163,987.39087,984.8610019516418
8,164,987.4683,985.0023543427086
8,165,987.5498,985.151926488282
8,166,987.63544,985.3101477575801
8,167,987.7255,985.4774475198207
8,168,987.8202,985.6542551442213
8,169,987.9196,985.8410000000001
8,170,988.02405,986.0379701073407
8,171,988.13635,986.2448880902894
8,172,988.26544,986.4613352238591
8,173,988.4168,986.6868927830621
8,174,988.58936,986.9211420429111
8,175,988.78204,987.1636642784184
8,176,988.9939,987.4140407645968
8,177,989.2238,987.6718527764584
8,178,989.47064,987.9366815890162
8,179,989.7334,988.2081084772824
8,180,990.0109,988.4857147162693
8,181,990.30225,988.7690815809896
8,182,990.6063,989.0577903464562
8,183,990.9219,989.351422287681
8,184,991.2481,989.6495586796768
8,185,991.5838,989.9517807974561
8,186,991.928,990.2576699160314
8,187,992.27954,990.5668073104151
8,188,992.6374,990.87877425562
8,189,993.0005,991.1931520266581
8,190,993.3678,991.5095218985424
8,191,993.7383,991.8274651462851
8,192,994.11084,992.1465630448992
8,193,994.48444,992.4663968693962
8,194,994.85815,992.7865478947898
8,195,995.23065,993.1065973960915
8,196,995.60114,993.4261266483144
8,197,995.9685,993.7447169264708
8,198,996.33167,994.0619495055735
8,199,996.6897,994.3774056606345
8,200,997.0414,994.6906666666669
8,201,997.3859,995.0014082230057
8,202,997.72327,995.3096837262786
8,203,998.05664,995.6156409974369
8,204,998.3887,995.919427857431
8,205,998.7195,996.2211921272116
8,206,999.04895,996.5210816277296
8,207,999.3774,996.8192441799358
8,208,999.7046,997.1158276047809
8,209,1000.0308,997.4109797232154
8,210,1000.35596,997.7048483561904
8,211,1000.6801,997.9975813246565
8,212,1001.0035,998.2893264495647
8,213,1001.32587,998.5802315518655
8,214,1001.6474,998.8704444525093
8,215,1001.9682,999.1601129724475
8,216,1002.28827,999.4493849326306
8,217,1002.60767,999.7384081540096
8,218,1002.92645,1000.0273304575351
8,219,1003.2447,1000.316299664157
8,220,1003.5624,1000.6054635948279
8,221,1003.8796,1000.894970070496
8,222,1004.1964,1001.1849669121149
8,223,1004.51276,1001.475601940634
8,224,1004.8288,1001.767022977003
8,225,1005.14465,1002.0593778421749
8,226,1005.4602,1002.352814357099
8,227,1005.7756,1002.6474803427249
8,228,1006.0908,1002.943523620006
8,229,1006.40594,1003.241092009892
8,230,1006.7211,1003.5403333333331
8,231,1007.03625,1003.8413261588049
8,232,1007.35156,1004.1438720448781
8,233,1007.6677,1004.447703297647
8,234,1007.985,1004.7525522232081
8,235,1008.30334,1005.0581511276552
8,236,1008.62244,1005.364232317084
8,237,1008.9422,1005.67052809759
8,238,1009.26227,1005.976770775268
8,239,1009.5826,1006.282692656212
8,240,1009.90295,1006.5880260465191
8,241,1010.22314,1006.892503252283
8,242,1010.54297,1007.195856579599
8,243,1010.8622,1007.4978183345629
8,244,1011.1807,1007.798120823269
8,245,1011.4982,1008.0964963518121
8,246,1011.8147,1008.3926772262881
8,247,1012.12994,1008.686395752792
8,248,1012.44354,1008.9773842374179
8,249,1012.75555,1009.265374986262
8,250,1013.06573,1009.55010030542
8,251,1013.37384,1009.831292500985
8,252,1013.6798,1010.108683879053
8,253,1013.98334,1010.38200674572
8,254,1014.2842,1010.6509934070801
8,255,1014.5824,1010.915376169228
8,256,1014.8776,1011.17488733826
8,257,1015.16974,1011.429259220271
8,258,1015.45856,1011.678224121355
8,259,1015.7439,1011.921514347608
8,260,1016.0255,1012.158862205124
8,261,1016.3034,1012.39
8,262,1016.57715,1012.614756012665
8,263,1016.84686,1012.83334242089
8,264,1017.11316,1013.0460673767819
8,265,1017.3768,1013.253239032446
8,266,1017.6377,1013.45516553999
8,267,1017.89594,1013.652155051519
8,268,1018.1517,1013.844515719139
8,269,1018.40497,1014.032555694957
8,270,1018.6557,1014.216583131078
8,271,1018.90405,1014.39690617961
8,272,1019.15015,1014.573832992659
8,273,1019.3939,1014.74767172233
8,274,1019.63556,1014.9187305207302
8,275,1019.875,1015.087317539965
8,276,1020.11237,1015.2537409321421
8,277,1020.34766,1015.418308849366
8,278,1020.581,1015.5813294437442
8,279,1020.8125,1015.743110867382
8,280,1021.04205,1015.903961272387
8,281,1021.2698,1016.0641888108642
8,282,1021.4957,1016.22410163492
8,283,1021.7201,1016.384007896661
8,284,1021.9427,1016.544215748193
8,285,1022.16376,1016.705033341623
8,286,1022.3832,1016.866768829057
8,287,1022.6012,1017.0297303625999
8,288,1022.81775,1017.19422609436
8,289,1023.0329,1017.360564176443
8,290,1023.24664,1017.529052760954
9,0,970.2322,974.5997115224653
9,1,970.3421,974.6390724568952
9,2,970.4528,974.6779991335238
9,3,970.5644,974.7165080400766
9,4,970.6767,974.7546156642793
9,5,970.78986,974.7923384938564
9,6,970.9038,974.8296930165335
9,7,971.0186,974.8666957200356
9,8,971.1343,974.9033630920887
9,9,971.25085,974.939711620417
9,10,971.3682,974.9757577927465
9,11,971.4866,975.0115180968023
9,12,971.60583,975.0470090203094
9,13,971.7261,975.0822470509929
9,14,971.8471,975.1172486765788
9,15,971.96924,975.1520303847916
9,16,972.0923,975.1866086633571
9,17,972.2163,975.2210000000001
9,18,972.3413,975.2552148952259
9,19,972.46936,975.2892399006599
9,20,972.60736,975.3230555807072
9,21,972.75946,975.3566424997728
9,22,972.9249,975.389981222262
9,23,973.10297,975.42305231258
9,24,973.2927,975.4558363351321
9,25,973.4935,975.4883138543231
9,26,973.7045,975.5204654345584
9,27,973.9248,975.5522716402432
9,28,974.15375,975.5837130357826
9,29,974.39044,975.6147701855818
9,30,974.6342,975.6454236540461
9,31,974.8842,975.6756540055802
9,32,975.1395,975.7054418045897
9,33,975.39954,975.7347676154797
9,34,975.6634,975.7636120026553
9,35,975.9303,975.7919555305218
9,36,976.1994,975.819778763484
9,37,976.47003,975.8470622659476
9,38,976.7413,975.8737866023174
9,39,977.0124,975.899932336999
9,40,977.2827,975.9254800343967
9,41,977.55133,975.9504102589166
9,42,977.8174,975.9747035749632
9,43,978.08014,975.998340546942
9,44,978.339,976.0213017392583
9,45,978.59283,976.043567716317
9,46,978.8412,976.0651190425235
9,47,979.08307,976.0859362822828
9,48,979.31775,976.1059999999999
9,49,979.54443,976.1253177925533
9,50,979.7658,976.1440053867123
9,51,979.99274,976.1622055417198
9,52,980.2319,976.1800610168182
9,53,980.4823,976.19771457125
9,54,980.74243,976.2153089642578
9,55,981.01086,976.2329869550846
9,56,981.2864,976.2508913029724
9,57,981.56757,976.2691647671642
9,58,981.85315,976.2879501069023
9,59,982.1417,976.3073900814296
9,60,982.43195,976.3276274499883
9,61,982.7225,976.3488049718213
9,62,983.01196,976.371065406171
9,63,983.29913,976.3945515122804
9,64,983.5826,976.4194060493915
9,65,983.861,976.4457717767472
9,66,984.13293,976.4737914535899
9,67,984.3973,976.5036078391626
9,68,984.6525,976.5353636927072
9,69,984.89734,976.569201773467
9,70,985.1305,976.6052648406841
9,71,985.3505,976.6436956536012
9,72,985.5562,976.684636971461
9,73,985.74615,976.728231553506
9,74,985.91907,976.7746221589788
9,75,986.0736,976.8239515471221
9,76,986.20844,976.8763624771782
9,77,986.32214,976.9319977083901
9,78,986.4135,976.991
9,79,986.48126,977.0534675331088
9,80,986.5279,977.1193201762495
9,81,986.56616,977.1884332198136
9,82,986.60565,977.2606819541923
9,83,986.64606,977.3359416697765
9,84,986.6876,977.414087656958
9,85,986.73016,977.4949952061278
9,86,986.7736,977.5785396076772
9,87,986.81805,977.6645961519973
9,88,986.86334,977.7530401294802
9,89,986.9095,977.8437468305158
9,90,986.9565,977.9365915454963
9,91,987.00415,978.0314495648126
9,92,987.0528,978.1281961788563
9,93,987.1019,978.2267066780184
9,94,987.15186,978.3268563526904
9,95,987.20233,978.4285204932632
9,96,987.2535,978.5315743901284
9,97,987.30524,978.6358933336771
9,98,987.3574,978.7413526143008
9,99,987.4102,978.8478275223904
9,100,987.46344,978.9551933483373
9,101,987.517,979.0633253825329
9,102,987.5711,979.1720989153682
9,103,987.62555,979.2813892372352
9,104,987.6802,979.3910716385241
9,105,987.7352,979.5010214096268
9,106,987.7905,979.6111138409344
9,107,987.846,979.7212242228384
9,108,987.9017,979.8312278457298
9,109,987.9576,979.941
9,110,988.01337,980.0504274656605
9,111,988.0694,980.1594429812043
9,112,988.12476,980.2679907747444
9,113,988.1794,980.3760150743943
9,114,988.2332,980.4834601082667
9,115,988.2863,980.5902701044756
9,116,988.3387,980.6963892911332
9,117,988.3903,980.8017618963535
9,118,988.44135,980.9063321482495
9,119,988.4915,981.0100442749341
9,120,988.541,981.1128425045208
9,121,988.58984,981.2146710651225
9,122,988.63806,981.3154741848527
9,123,988.6856,981.4151960918248
9,124,988.7325,981.5137810141514
9,125,988.7786,981.6111731799458
9,126,988.8243,981.7073168173217
9,127,988.86926,981.802156154392
9,128,988.9137,981.89563541927
9,129,988.95746,981.9876988400687
9,130,989.00073,982.0782906449011
9,131,989.04333,982.167355061881
9,132,989.0855,982.2548363191212
9,133,989.127,982.3406786447351
9,134,989.1681,982.4248262668353
9,135,989.2086,982.5072234135359
9,136,989.2486,982.5878143129496
9,137,989.2882,982.6665431931896
9,138,989.3272,982.7433542823693
9,139,989.3658,982.8181918086017
9,140,989.40393,982.8910000000002
9,141,989.4415,982.9618039415283
9,142,989.4788,983.0309521455537
9,143,989.5156,983.0988739812938
9,144,989.5522,983.1659988179663
9,145,989.58875,983.2327560247896
9,146,989.62555,983.2995749709809
9,147,989.6628,983.3668850257582
9,148,989.70056,983.4351155583397
9,149,989.7392,983.5046959379429
9,150,989.779,983.5760555337854
9,151,989.81995,983.6496237150851
9,152,989.8625,983.7258298510602
9,153,989.9066,983.8051033109281
9,154,989.9528,983.8878734639071
9,155,990.00104,983.9745696792144
9,156,990.05176,984.0656213260684
9,157,990.105,984.1614577736865
9,158,990.16095,984.2625083912866
9,159,990.22,984.3692025480865
9,160,990.2822,984.4819696133043
9,161,990.3479,984.6012389561575
9,162,990.41724,984.727439945864
9,163,990.49054,984.8610019516418
9,164,990.5678,985.0023543427086
9,165,990.6494,985.151926488282
9,166,990.7356,985.3101477575801
9,167,990.8264,985.4774475198207
9,168,990.92224,985.6542551442213
9,169,991.02325,985.8410000000001
9,170,991.1296,986.0379701073407
9,171,991.2447,986.2448880902894
9,172,991.3791,986.4613352238591
9,173,991.5394,986.6868927830621
9,174,991.7245,986.9211420429111
9,175,991.9329,987.1636642784184
9,176,992.16364,987.4140407645968
9,177,992.4153,987.6718527764584
9,178,992.6866,987.9366815890162
9,179,992.9763,988.2081084772824
9,180,993.28326,988.4857147162693
9,181,993.60614,988.7690815809896
9,182,993.94366,989.0577903464562
9,183,994.2946,989.351422287681
9,184,994.65784,989.6495586796768
9,185,995.032,989.9517807974561
9,186,995.4157,990.2576699160314
9,187,995.8079,990.5668073104151
9,188,996.20734,990.87877425562
9,189,996.61273,991.1931520266581
9,190,997.0228,991.5095218985424
9,191,997.43634,991.8274651462851
9,192,997.85205,992.1465630448992
9,193,998.26874,992.4663968693962
9,194,998.6852,992.7865478947898
9,195,999.10016,993.1065973960915
9,196,999.5124,993.4261266483144
9,197,999.92065,993.7447169264708
9,198,1000.32367,994.0619495055735
9,199,1000.7202,994.3774056606345
9,200,1001.1092,994.6906666666669
9,201,1001.4892,995.0014082230057
9,202,1001.8606,995.3096837262786
9,203,1002.2273,995.6156409974369
9,204,1002.5926,995.919427857431
9,205,1002.95667,996.2211921272116
9,206,1003.3195,996.5210816277296
9,207,1003.68115,996.8192441799358
9,208,1004.0416,997.1158276047809
9,209,1004.4011,997.4109797232154
9,210,1004.7596,997.7048483561904
9,211,1005.11707,997.9975813246565
9,212,1005.4736,998.2893264495647
9,213,1005.82935,998.5802315518655
9,214,1006.18427,998.8704444525093
9,215,1006.53845,999.1601129724475
9,216,1006.89185,999.4493849326306
9,217,1007.2447,999.7384081540096
9,218,1007.5969,1000.0273304575351
9,219,1007.9486,1000.316299664157
9,220,1008.2998,1000.6054635948279
9,221,1008.65063,1000.894970070496
9,222,1009.00104,1001.1849669121149
9,223,1009.35114,1001.475601940634
9,224,1009.7009,1001.767022977003
9,225,1010.0506,1002.0593778421749
9,226,1010.4,1002.352814357099
9,227,1010.7494,1002.6474803427249
9,228,1011.09863,1002.943523620006
9,229,1011.44794,1003.241092009892
9,230,1011.79724,1003.5403333333331
9,231,1012.14667,1003.8413261588049
9,232,1012.4967,1004.1438720448781
9,233,1012.84875,1004.447703297647
9,234,1013.20374,1004.7525522232081
9,235,1013.5613,1005.0581511276552
9,236,1013.92096,1005.364232317084
9,237,1014.2823,1005.67052809759
9,238,1014.6451,1005.976770775268
9,239,1015.0088,1006.282692656212
9,240,1015.373,1006.5880260465191
9,241,1015.7375,1006.892503252283
9,242,1016.10175,1007.195856579599
9,243,1016.46533,1007.4978183345629
9,244,1016.82806,1007.798120823269
9,245,1017.18933,1008.0964963518121
9,246,1017.5489,1008.3926772262881
9,247,1017.90625,1008.686395752792
9,248,1018.26117,1008.9773842374179
9,249,1018.6132,1009.265374986262
9,250,1018.962,1009.55010030542
9,251,1019.30707,1009.831292500985
9,252,1019.648,1010.108683879053
9,253,1019.98474,1010.38200674572
9,254,1020.3165,1010.6509934070801
9,255,1020.64325,1010.915376169228
9,256,1020.9643,1011.17488733826
9,257,1021.2795,1011.429259220271
9,258,1021.5883,1011.678224121355
9,259,1021.89056,1011.921514347608
9,260,1022.18555,1012.158862205124
9,261,1022.4732,1012.39
9,262,1022.753,1012.614756012665
9,263,1023.025,1012.83334242089
9,264,1023.2909,1013.0460673767819
9,265,1023.5517,1013.253239032446
9,266,1023.80786,1013.45516553999
9,267,1024.059,1013.652155051519
9,268,1024.3055,1013.844515719139
9,269,1024.5474,1014.032555694957
9,270,1024.7847,1014.216583131078
9,271,1025.0175,1014.39690617961
9,272,1025.2456,1014.573832992659
9,273,1025.4695,1014.74767172233
9,274,1025.6891,1014.9187305207302
9,275,1025.9043,1015.087317539965
9,276,1026.1155,1015.2537409321421
9,277,1026.3224,1015.418308849366
9,278,1026.5253,1015.5813294437442
9,279,1026.7242,1015.743110867382
9,280,1026.9192,1015.903961272387
9,281,1027.1101,1016.0641888108642
9,282,1027.2974,1016.22410163492
9,283,1027.4808,1016.384007896661
9,284,1027.6605,1016.544215748193
9,285,1027.8367,1016.705033341623
9,286,1028.0092,1016.866768829057
9,287,1028.1782,1017.0297303625999
9,288,1028.3438,1017.19422609436
9,289,1028.506,1017.360564176443
9,290,1028.6647,1017.529052760954
10,0,966.83813,974.5997115224653
10,1,966.9432,974.6390724568952
10,2,967.04926,974.6779991335238
10,3,967.1563,974.7165080400766
10,4,967.26434,974.7546156642793
10,5,967.37317,974.7923384938564
10,6,967.48285,974.8296930165335
10,7,967.5932,974.8666957200356
10,8,967.7041,974.9033630920887
10,9,967.8155,974.939711620417
10,10,967.92725,974.9757577927465
10,11,968.03937,975.0115180968023
10,12,968.15186,975.0470090203094
10,13,968.2644,975.0822470509929
10,14,968.3771,975.1172486765788
10,15,968.48987,975.1520303847916
10,16,968.6024,975.1866086633571
10,17,968.71497,975.2210000000001
10,18,968.8272,975.2552148952259
10,19,968.94086,975.2892399006599
10,20,969.06134,975.3230555807072
10,21,969.19214,975.3566424997728
10,22,969.3327,975.389981222262
10,23,969.4823,975.42305231258
10,24,969.6404,975.4558363351321
10,25,969.8062,975.4883138543231
10,26,969.9793,975.5204654345584
10,27,970.1589,975.5522716402432
10,28,970.3445,975.5837130357826
10,29,970.53534,975.6147701855818
10,30,970.73083,975.6454236540461
10,31,970.93054,975.6756540055802
10,32,971.1335,975.7054418045897
10,33,971.3393,975.7347676154797
10,34,971.5472,975.7636120026553
10,35,971.7567,975.7919555305218
10,36,971.9672,975.819778763484
10,37,972.1779,975.8470622659476
10,38,972.3883,975.8737866023174
10,39,972.5977,975.899932336999
10,40,972.8056,975.9254800343967
10,41,973.0112,975.9504102589166
10,42,973.2141,975.9747035749632
10,43,973.4135,975.998340546942
10,44,973.6088,976.0213017392583
10,45,973.7995,976.043567716317
10,46,973.9849,976.0651190425235
10,47,974.1644,976.0859362822828
10,48,974.33734,976.1059999999999
10,49,974.5032,976.1253177925533
10,50,974.6638,976.1440053867123
10,51,974.82776,976.1622055417198
10,52,975.00037,976.1800610168182
10,53,975.18054,976.19771457125
10,54,975.36755,976.2153089642578
10,55,975.5604,976.2329869550846
10,56,975.7582,976.2508913029724
10,57,975.9601,976.2691647671642
10,58,976.165,976.2879501069023
10,59,976.37213,976.3073900814296
10,60,976.58057,976.3276274499883
10,61,976.78937,976.3488049718213
10,62,976.9977,976.371065406171
10,63,977.2045,976.3945515122804
10,64,977.40906,976.4194060493915
10,65,977.61035,976.4457717767472
10,66,977.8075,976.4737914535899
10,67,977.9995,976.5036078391626
10,68,978.18567,976.5353636927072
10,69,978.3649,976.569201773467
10,70,978.5364,976.6052648406841
10,71,978.6992,976.6436956536012
10,72,978.8526,976.684636971461
10,73,978.9955,976.728231553506
10,74,979.127,976.7746221589788
10,75,979.2463,976.8239515471221
10,76,979.3524,976.8763624771782
10,77,979.4445,976.9319977083901
10,78,979.52167,976.991
10,79,979.58295,977.0534675331088
10,80,979.63043,977.1193201762495
10,81,979.6728,977.1884332198136
10,82,979.7165,977.2606819541923
10,83,979.7616,977.3359416697765
10,84,979.80786,977.414087656958
10,85,979.8555,977.4949952061278
10,86,979.9043,977.5785396076772
10,87,979.9543,977.6645961519973
10,88,980.00525,977.7530401294802
10,89,980.0574,977.8437468305158
10,90,980.1104,977.9365915454963
10,91,980.1645,978.0314495648126
10,92,980.2195,978.1281961788563
10,93,980.2754,978.2267066780184
10,94,980.33203,978.3268563526904
10,95,980.3896,978.4285204932632
10,96,980.44775,978.5315743901284
10,97,980.50665,978.6358933336771
10,98,980.5662,978.7413526143008
10,99,980.6263,978.8478275223904
10,100,980.687,978.9551933483373
10,101,980.74817,979.0633253825329
10,102,980.8098,979.1720989153682
10,103,980.8719,979.2813892372352
10,104,980.9343,979.3910716385241
10,105,980.997,979.5010214096268
10,106,981.06006,979.6111138409344
10,107,981.12335,979.7212242228384
10,108,981.1867,979.8312278457298
10,109,981.2503,979.941
10,110,981.3139,980.0504274656605
10,111,981.37744,980.1594429812043
10,112,981.44,980.2679907747444
10,113,981.5014,980.3760150743943
10,114,981.5615,980.4834601082667
10,115,981.62054,980.5902701044756
10,116,981.6783,980.6963892911332
10,117,981.73505,980.8017618963535
10,118,981.79065,980.9063321482495
10,119,981.8453,981.0100442749341
10,120,981.89886,981.1128425045208
10,121,981.95166,981.2146710651225
10,122,982.0035,981.3154741848527
10,123,982.05444,981.4151960918248
10,124,982.1046,981.5137810141514
10,125,982.154,981.6111731799458
10,126,982.2028,981.7073168173217
10,127,982.25073,981.802156154392
10,128,982.2981,981.89563541927
10,129,982.3449,981.9876988400687
10,130,982.39124,982.0782906449011
10,131,982.43695,982.167355061881
10,132,982.4823,982.2548363191212
10,133,982.5272,982.3406786447351
10,134,982.5717,982.4248262668353
10,135,982.6159,982.5072234135359
10,136,982.65985,982.5878143129496
10,137,982.7035,982.6665431931896
10,138,982.74695,982.7433542823693
10,139,982.7903,982.8181918086017
10,140,982.83356,982.8910000000002
10,141,982.8767,982.9618039415283
10,142,982.9198,983.0309521455537
10,143,982.9631,983.0988739812938
10,144,983.00653,983.1659988179663
10,145,983.05035,983.2327560247896
10,146,983.0948,983.2995749709809
10,147,983.14014,983.3668850257582
10,148,983.1865,983.4351155583397
10,149,983.23413,983.5046959379429
10,150,983.28314,983.5760555337854
10,151,983.3339,983.6496237150851
10,152,983.38654,983.7258298510602
10,153,983.4411,983.8051033109281
10,154,983.49805,983.8878734639071
10,155,983.5575,983.9745696792144
10,156,983.6196,984.0656213260684
10,157,983.6845,984.1614577736865
10,158,983.75256,984.2625083912866
10,159,983.824,984.3692025480865
10,160,983.8988,984.4819696133043
10,161,983.9773,984.6012389561575
10,162,984.05975,984.727439945864
10,163,984.1464,984.8610019516418
10,164,984.2373,985.0023543427086
10,165,984.3327,985.151926488282
10,166,984.43286,985.3101477575801
10,167,984.53784,985.4774475198207
10,168,984.64813,985.6542551442213
10,169,984.7636,985.8410000000001
10,170,984.88464,986.0379701073407
10,171,985.0137,986.2448880902894
10,172,985.1581,986.4613352238591
10,173,985.32245,986.6868927830621
10,174,985.50586,986.9211420429111
10,175,985.7075,987.1636642784184
10,176,985.9263,987.4140407645968
10,177,986.16125,987.6718527764584
10,178,986.41156,987.9366815890162
10,179,986.6762,988.2081084772824
10,180,986.9544,988.4857147162693
10,181,987.24506,988.7690815809896
10,182,987.54724,989.0577903464562
10,183,987.8601,989.351422287681
10,184,988.18274,989.6495586796768
10,185,988.51404,989.9517807974561
10,186,988.8532,990.2576699160314
10,187,989.1994,990.5668073104151
10,188,989.5515,990.87877425562
10,189,989.9086,991.1931520266581
10,190,990.26996,991.5095218985424
10,191,990.63446,991.8274651462851
10,192,991.0012,992.1465630448992
10,193,991.3694,992.4663968693962
10,194,991.738,992.7865478947898
10,195,992.1061,993.1065973960915
10,196,992.47284,993.4261266483144
10,197,992.8372,993.7447169264708
10,198,993.1984,994.0619495055735
10,199,993.5555,994.3774056606345
10,200,993.90753,994.6906666666669
10,201,994.2535,995.0014082230057
10,202,994.59357,995.3096837262786
10,203,994.9302,995.6156409974369
10,204,995.26526,995.919427857431
10,205,995.59894,996.2211921272116
10,206,995.9312,996.5210816277296
10,207,996.26227,996.8192441799358
10,208,996.5921,997.1158276047809
10,209,996.9208,997.4109797232154
10,210,997.24835,997.7048483561904
10,211,997.5749,997.9975813246565
10,212,997.9006,998.2893264495647
10,213,998.2253,998.5802315518655
10,214,998.54913,998.8704444525093
10,215,998.8723,999.1601129724475
10,216,999.1947,999.4493849326306
10,217,999.5165,999.7384081540096
10,218,999.8377,1000.0273304575351
10,219,1000.15845,1000.316299664157
10,220,1000.47864,1000.6054635948279
10,221,1000.79846,1000.894970070496
10,222,1001.11804,1001.1849669121149
10,223,1001.4373,1001.475601940634
10,224,1001.7564,1001.767022977003
10,225,1002.0753,1002.0593778421749
10,226,1002.39417,1002.352814357099
10,227,1002.713,1002.6474803427249
10,228,1003.032,1002.943523620006
10,229,1003.351,1003.241092009892
10,230,1003.6702,1003.5403333333331
10,231,1003.98975,1003.8413261588049
10,232,1004.3094,1004.1438720448781
10,233,1004.6292,1004.447703297647
10,234,1004.94904,1004.7525522232081
10,235,1005.2686,1005.0581511276552
10,236,1005.58795,1005.364232317084
10,237,1005.90717,1005.67052809759
10,238,1006.22595,1005.976770775268
10,239,1006.54443,1006.282692656212
10,240,1006.8625,1006.5880260465191
10,241,1007.17993,1006.892503252283
10,242,1007.497,1007.195856579599
10,243,1007.81335,1007.4978183345629
10,244,1008.1292,1007.798120823269
10,245,1008.4443,1008.0964963518121
10,246,1008.7585,1008.3926772262881
10,247,1009.0721,1008.686395752792
10,248,1009.3847,1008.9773842374179
10,249,1009.6964,1009.265374986262
10,250,1010.0073,1009.55010030542
10,251,1010.3171,1009.831292500985
10,252,1010.6258,1010.108683879053
10,253,1010.9336,1010.38200674572
10,254,1011.2401,1010.6509934070801
10,255,1011.54553,1010.915376169228
10,256,1011.8496,1011.17488733826
10,257,1012.1526,1011.429259220271
10,258,1012.45416,1011.678224121355
10,259,1012.7544,1011.921514347608
10,260,1013.0533,1012.158862205124
10,261,1013.3507,1012.39
10,262,1013.6466,1012.614756012665
10,263,1013.94104,1012.83334242089
10,264,1014.23364,1013.0460673767819
10,265,1014.5246,1013.253239032446
10,266,1014.8141,1013.45516553999
10,267,1015.10205,1013.652155051519
10,268,1015.3887,1013.844515719139
10,269,1015.674,1014.032555694957
10,270,1015.95825,1014.216583131078
10,271,1016.2413,1014.39690617961
10,272,1016.5234,1014.573832992659
10,273,1016.80457,1014.74767172233
10,274,1017.0851,1014.9187305207302
10,275,1017.3648,1015.087317539965
10,276,1017.6439,1015.2537409321421
10,277,1017.9225,1015.418308849366
10,278,1018.20074,1015.5813294437442
10,279,1018.47864,1015.743110867382
10,280,1018.75616,1015.903961272387
10,281,1019.0336,1016.0641888108642
10,282,1019.31104,1016.22410163492
10,283,1019.58844,1016.384007896661
10,284,1019.86597,1016.544215748193
10,285,1020.1437,1016.705033341623
10,286,1020.4216,1016.866768829057
10,287,1020.7,1017.0297303625999
10,288,1020.9789,1017.19422609436
10,289,1021.2582,1017.360564176443
10,290,1021.5382,1017.529052760954
11,0,962.9433,974.5997115224653
11,1,963.0307,974.6390724568952
11,2,963.1193,974.6779991335238
11,3,963.20917,974.7165080400766
11,4,963.3002,974.7546156642793
11,5,963.3922,974.7923384938564
11,6,963.4853,974.8296930165335
11,7,963.5794,974.8666957200356
11,8,963.6744,974.9033630920887
11,9,963.77014,974.939711620417
11,10,963.86676,974.9757577927465
11,11,963.96405,975.0115180968023
11,12,964.0621,975.0470090203094
11,13,964.1606,975.0822470509929
11,14,964.25977,975.1172486765788
11,15,964.3594,975.1520303847916
11,16,964.45935,975.1866086633571
11,17,964.55975,975.2210000000001
11,18,964.6604,975.2552148952259
11,19,964.76306,975.2892399006599
11,20,964.87305,975.3230555807072
11,21,964.99396,975.3566424997728
11,22,965.12494,975.389981222262
11,23,965.2655,975.42305231258
11,24,965.415,975.4558363351321
11,25,965.5727,975.4883138543231
11,26,965.7379,975.5204654345584
11,27,965.91016,975.5522716402432
11,28,966.08856,975.5837130357826
11,29,966.2726,975.6147701855818
11,30,966.4616,975.6454236540461
11,31,966.65485,975.6756540055802
11,32,966.8518,975.7054418045897
11,33,967.0517,975.7347676154797
11,34,967.2539,975.7636120026553
11,35,967.45795,975.7919555305218
11,36,967.663,975.819778763484
11,37,967.86835,975.8470622659476
11,38,968.0735,975.8737866023174
11,39,968.2778,975.899932336999
11,40,968.48047,975.9254800343967
11,41,968.681,975.9504102589166
11,42,968.8786,975.9747035749632
11,43,969.0728,975.998340546942
11,44,969.2629,976.0213017392583
11,45,969.4482,976.043567716317
11,46,969.6281,976.0651190425235
11,47,969.80194,976.0859362822828
11,48,969.9692,976.1059999999999
11,49,970.1291,976.1253177925533
11,50,970.28357,976.1440053867123
11,51,970.44086,976.1622055417198
11,52,970.60645,976.1800610168182
11,53,970.77936,976.19771457125
11,54,970.95886,976.2153089642578
11,55,971.14386,976.2329869550846
11,56,971.33356,976.2508913029724
11,57,971.527,976.2691647671642
11,58,971.72345,976.2879501069023
11,59,971.92194,976.3073900814296
11,60,972.12164,976.3276274499883
11,61,972.32153,976.3488049718213
11,62,972.5209,976.371065406171
11,63,972.71875,976.3945515122804
11,64,972.9143,976.4194060493915
11,65,973.10657,976.4457717767472
11,66,973.29486,976.4737914535899
11,67,973.47815,976.5036078391626
11,68,973.65564,976.5353636927072
11,69,973.8263,976.569201773467
11,70,973.98956,976.6052648406841
11,71,974.14435,976.6436956536012
11,72,974.2898,976.684636971461
11,73,974.42505,976.728231553506
11,74,974.5493,976.7746221589788
11,75,974.6616,976.8239515471221
11,76,974.7613,976.8763624771782
11,77,974.84717,976.9319977083901
11,78,974.91864,976.991
11,79,974.97473,977.0534675331088
11,80,975.0173,977.1193201762495
11,81,975.0549,977.1884332198136
11,82,975.09393,977.2606819541923
11,83,975.13446,977.3359416697765
11,84,975.17633,977.414087656958
11,85,975.21954,977.4949952061278
11,86,975.26404,977.5785396076772
11,87,975.30975,977.6645961519973
11,88,975.3566,977.7530401294802
11,89,975.4046,977.8437468305158
11,90,975.4536,977.9365915454963
11,91,975.5037,978.0314495648126
11,92,975.55475,978.1281961788563
11,93,975.6066,978.2267066780184
11,94,975.65936,978.3268563526904
11,95,975.7129,978.4285204932632
11,96,975.7672,978.5315743901284
11,97,975.8222,978.6358933336771
11,98,975.87787,978.7413526143008
11,99,975.9341,978.8478275223904
11,100,975.9909,978.9551933483373
11,101,976.0482,979.0633253825329
11,102,976.1059,979.1720989153682
11,103,976.164,979.2813892372352
11,104,976.22235,979.3910716385241
11,105,976.28107,979.5010214096268
11,106,976.33997,979.6111138409344
11,107,976.39905,979.7212242228384
11,108,976.4583,979.8312278457298
11,109,976.5177,979.941
11,110,976.577,980.0504274656605
11,111,976.63605,980.1594429812043
11,112,976.69415,980.2679907747444
11,113,976.75085,980.3760150743943
11,114,976.8063,980.4834601082667
11,115,976.86035,980.5902701044756
11,116,976.9133,980.6963892911332
11,117,976.965,980.8017618963535
11,118,977.0157,980.9063321482495
11,119,977.0653,981.0100442749341
11,120,977.11395,981.1128425045208
11,121,977.16156,981.2146710651225
11,122,977.2083,981.3154741848527
11,123,977.2543,981.4151960918248
11,124,977.29944,981.5137810141514
11,125,977.3439,981.6111731799458
11,126,977.38776,981.7073168173217
11,127,977.431,981.802156154392
11,128,977.47363,981.89563541927
11,129,977.51575,981.9876988400687
11,130,977.5575,982.0782906449011
11,131,977.59875,982.167355061881
11,132,977.63983,982.2548363191212
11,133,977.6806,982.3406786447351
11,134,977.7211,982.4248262668353
11,135,977.76154,982.5072234135359
11,136,977.8019,982.5878143129496
11,137,977.84216,982.6665431931896
11,138,977.8824,982.7433542823693
11,139,977.9228,982.8181918086017
11,140,977.9632,982.8910000000002
11,141,978.00385,982.9618039415283
11,142,978.04474,983.0309521455537
11,143,978.086,983.0988739812938
11,144,978.1277,983.1659988179663
11,145,978.1699,983.2327560247896
11,146,978.21295,983.2995749709809
11,147,978.2569,983.3668850257582
11,148,978.30194,983.4351155583397
11,149,978.3482,983.5046959379429
11,150,978.396,983.5760555337854
11,151,978.4453,983.6496237150851
11,152,978.4964,983.7258298510602
11,153,978.5494,983.8051033109281
11,154,978.6045,983.8878734639071
11,155,978.6617,983.9745696792144
11,156,978.72144,984.0656213260684
11,157,978.78375,984.1614577736865
11,158,978.8488,984.2625083912866
11,159,978.9167,984.3692025480865
11,160,978.9877,984.4819696133043
11,161,979.06195,984.6012389561575
11,162,979.13947,984.727439945864
11,163,979.2207,984.8610019516418
11,164,979.30554,985.0023543427086
11,165,979.3943,985.151926488282
11,166,979.48706,985.3101477575801
11,167,979.58405,985.4774475198207
11,168,979.6854,985.6542551442213
11,169,979.7913,985.8410000000001
11,170,979.9019,986.0379701073407
11,171,980.01953,986.2448880902894
11,172,980.1513,986.4613352238591
11,173,980.30194,986.6868927830621
11,174,980.47064,986.9211420429111
11,175,980.6564,987.1636642784184
11,176,980.8583,987.4140407645968
11,177,981.07556,987.6718527764584
11,178,981.3072,987.9366815890162
11,179,981.5523,988.2081084772824
11,180,981.8102,988.4857147162693
11,181,982.07983,988.7690815809896
11,182,982.3604,989.0577903464562
11,183,982.65094,989.351422287681
11,184,982.9506,989.6495586796768
11,185,983.25854,989.9517807974561
11,186,983.5738,990.2576699160314
11,187,983.89557,990.5668073104151
11,188,984.223,990.87877425562
11,189,984.5552,991.1931520266581
11,190,984.8911,991.5095218985424
11,191,985.23004,991.8274651462851
11,192,985.5713,992.1465630448992
11,193,985.9136,992.4663968693962
11,194,986.2562,992.7865478947898
11,195,986.59845,993.1065973960915
11,196,986.9393,993.4261266483144
11,197,987.27783,993.7447169264708
11,198,987.6132,994.0619495055735
11,199,987.9447,994.3774056606345
11,200,988.2713,994.6906666666669
11,201,988.5923,995.0014082230057
11,202,988.9076,995.3096837262786
11,203,989.2195,995.6156409974369
11,204,989.53,995.919427857431
11,205,989.8395,996.2211921272116
11,206,990.1476,996.5210816277296
11,207,990.4546,996.8192441799358
11,208,990.76056,997.1158276047809
11,209,991.06555,997.4109797232154
11,210,991.36957,997.7048483561904
11,211,991.6727,997.9975813246565
11,212,991.9751,998.2893264495647
11,213,992.27673,998.5802315518655
11,214,992.5777,998.8704444525093
11,215,992.87805,999.1601129724475
11,216,993.17786,999.4493849326306
11,217,993.4772,999.7384081540096
11,218,993.77606,1000.0273304575351
11,219,994.0745,1000.316299664157
11,220,994.3728,1000.6054635948279
11,221,994.67084,1000.894970070496
11,222,994.9686,1001.1849669121149
11,223,995.2663,1001.475601940634
11,224,995.564,1001.767022977003
11,225,995.8617,1002.0593778421749
11,226,996.1595,1002.352814357099
11,227,996.4574,1002.6474803427249
11,228,996.7555,1002.943523620006
11,229,997.05396,1003.241092009892
11,230,997.3527,1003.5403333333331
11,231,997.65186,1003.8413261588049
11,232,997.9513,1004.1438720448781
11,233,998.25085,1004.447703297647
11,234,998.55035,1004.7525522232081
11,235,998.8496,1005.0581511276552
11,236,999.1486,1005.364232317084
11,237,999.44745,1005.67052809759
11,238,999.7459,1005.976770775268
11,239,1000.04395,1006.282692656212
11,240,1000.34143,1006.5880260465191
11,241,1000.6385,1006.892503252283
11,242,1000.9348,1007.195856579599
11,243,1001.2305,1007.4978183345629
11,244,1001.5255,1007.798120823269
11,245,1001.81976,1008.0964963518121
11,246,1002.1131,1008.3926772262881
11,247,1002.4056,1008.686395752792
11,248,1002.697,1008.9773842374179
11,249,1002.9875,1009.265374986262
11,250,1003.2769,1009.55010030542
11,251,1003.5652,1009.831292500985
11,252,1003.85223,1010.108683879053
11,253,1004.1381,1010.38200674572
11,254,1004.4226,1010.6509934070801
11,255,1004.7058,1010.915376169228
11,256,1004.9876,1011.17488733826
11,257,1005.2679,1011.429259220271
11,258,1005.54663,1011.678224121355
11,259,1005.82385,1011.921514347608
11,260,1006.0995,1012.158862205124
11,261,1006.37335,1012.39
11,262,1006.64545,1012.614756012665
11,263,1006.91565,1012.83334242089
11,264,1007.1837,1013.0460673767819
11,265,1007.4497,1013.253239032446
11,266,1007.7137,1013.45516553999
11,267,1007.9759,1013.652155051519
11,268,1008.2363,1013.844515719139
11,269,1008.4952,1014.032555694957
11,270,1008.7525,1014.216583131078
11,271,1009.0084,1014.39690617961
11,272,1009.26306,1014.573832992659
11,273,1009.5165,1014.74767172233
11,274,1009.76886,1014.9187305207302
11,275,1010.0203,1015.087317539965
11,276,1010.27094,1015.2537409321421
11,277,1010.5208,1015.418308849366
11,278,1010.77014,1015.5813294437442
11,279,1011.019,1015.743110867382
11,280,1011.26733,1015.903961272387
11,281,1011.51544,1016.0641888108642
11,282,1011.76337,1016.22410163492
11,283,1012.0112,1016.384007896661
11,284,1012.2591,1016.544215748193
11,285,1012.5072,1016.705033341623
11,286,1012.75543,1016.866768829057
11,287,1013.0041,1017.0297303625999
11,288,1013.2531,1017.19422609436
11,289,1013.50275,1017.360564176443
11,290,1013.7532,1017.529052760954
12,0,967.1336,974.5997115224653
12,1,967.22656,974.6390724568952
12,2,967.32104,974.6779991335238
12,3,967.4172,974.7165080400766
12,4,967.5148,974.7546156642793
12,5,967.6138,974.7923384938564
12,6,967.71405,974.8296930165335
12,7,967.81586,974.8666957200356
12,8,967.9189,974.9033630920887
12,9,968.0231,974.939711620417
12,10,968.1285,974.9757577927465
12,11,968.235,975.0115180968023
12,12,968.3426,975.0470090203094
12,13,968.4512,975.0822470509929
12,14,968.56067,975.1172486765788
12,15,968.67114,975.1520303847916
12,16,968.7825,975.1866086633571
12,17,968.8946,975.2210000000001
12,18,969.00745,975.2552148952259
12,19,969.12305,975.2892399006599
12,20,969.24817,975.3230555807072
12,21,969.387,975.3566424997728
12,22,969.5387,975.389981222262
12,23,969.7025,975.42305231258
12,24,969.8776,975.4558363351321
12,25,970.0632,975.4883138543231
12,26,970.2584,975.5204654345584
12,27,970.4625,975.5522716402432
12,28,970.6746,975.5837130357826
12,29,970.894,975.6147701855818
12,30,971.1199,975.6454236540461
12,31,971.35126,975.6756540055802
12,32,971.5875,975.7054418045897
12,33,971.82776,975.7347676154797
12,34,972.0713,975.7636120026553
12,35,972.3172,975.7919555305218
12,36,972.5647,975.819778763484
12,37,972.813,975.8470622659476
12,38,973.0613,975.8737866023174
12,39,973.3088,975.899932336999
12,40,973.5547,975.9254800343967
12,41,973.7981,975.9504102589166
12,42,974.0383,975.9747035749632
12,43,974.27466,975.998340546942
12,44,974.50604,976.0213017392583
12,45,974.7319,976.043567716317
12,46,974.95123,976.0651190425235
12,47,975.1636,976.0859362822828
12,48,975.36774,976.1059999999999
12,49,975.5631,976.1253177925533
12,50,975.7522,976.1440053867123
12,51,975.94525,976.1622055417198
12,52,976.1487,976.1800610168182
12,53,976.36127,976.19771457125
12,54,976.58215,976.2153089642578
12,55,976.81006,976.2329869550846
12,56,977.0439,976.2508913029724
12,57,977.2825,976.2691647671642
12,58,977.5246,976.2879501069023
12,59,977.7693,976.3073900814296
12,60,978.01526,976.3276274499883
12,61,978.26154,976.3488049718213
12,62,978.5068,976.371065406171
12,63,978.75,976.3945515122804
12,64,978.99005,976.4194060493915
12,65,979.22577,976.4457717767472
12,66,979.456,976.4737914535899
12,67,979.6796,976.5036078391626
12,68,979.89557,976.5353636927072
12,69,980.1026,976.569201773467
12,70,980.2998,976.6052648406841
12,71,980.4859,976.6436956536012
12,72,980.65967,976.684636971461
12,73,980.8201,976.728231553506
12,74,980.9661,976.7746221589788
12,75,981.09644,976.8239515471221
12,76,981.21014,976.8763624771782
12,77,981.30585,976.9319977083901
12,78,981.38275,976.991
12,79,981.4394,977.0534675331088
12,80,981.47833,977.1193201762495
12,81,981.51044,977.1884332198136
12,82,981.5438,977.2606819541923
12,83,981.57825,977.3359416697765
12,84,981.6138,977.414087656958
12,85,981.65045,977.4949952061278
12,86,981.68805,977.5785396076772
12,87,981.7267,977.6645961519973
12,88,981.76624,977.7530401294802
12,89,981.80664,977.8437468305158
12,90,981.84796,977.9365915454963
12,91,981.8901,978.0314495648126
12,92,981.933,978.1281961788563
12,93,981.97656,978.2267066780184
12,94,982.02094,978.3268563526904
12,95,982.0659,978.4285204932632
12,96,982.1115,978.5315743901284
12,97,982.15753,978.6358933336771
12,98,982.20416,978.7413526143008
12,99,982.25134,978.8478275223904
12,100,982.29895,978.9551933483373
12,101,982.34686,979.0633253825329
12,102,982.39526,979.1720989153682
12,103,982.44385,979.2813892372352
12,104,982.49286,979.3910716385241
12,105,982.54193,979.5010214096268
12,106,982.5914,979.6111138409344
12,107,982.64087,979.7212242228384
12,108,982.69055,979.8312278457298
12,109,982.74023,979.941
12,110,982.7899,980.0504274656605
12,111,982.8394,980.1594429812043
12,112,982.88794,980.2679907747444
12,113,982.9348,980.3760150743943
12,114,982.9803,980.4834601082667
12,115,983.0244,980.5902701044756
12,116,983.0672,980.6963892911332
12,117,983.10864,980.8017618963535
12,118,983.14905,980.9063321482495
12,119,983.18835,981.0100442749341
12,120,983.2266,981.1128425045208
12,121,983.2639,981.2146710651225
12,122,983.3005,981.3154741848527
12,123,983.336,981.4151960918248
12,124,983.3711,981.5137810141514
12,125,983.40546,981.6111731799458
12,126,983.43915,981.7073168173217
12,127,983.4725,981.802156154392
12,128,983.5054,981.89563541927
12,129,983.5379,981.9876988400687
12,130,983.5702,982.0782906449011
12,131,983.60223,982.167355061881
12,132,983.6343,982.2548363191212
12,133,983.6662,982.3406786447351
12,134,983.6981,982.4248262668353
12,135,983.7303,982.5072234135359
12,136,983.7626,982.5878143129496
12,137,983.7951,982.6665431931896
12,138,983.828,982.7433542823693
12,139,983.8613,982.8181918086017
12,140,983.8951,982.8910000000002
12,141,983.9295,982.9618039415283
12,142,983.9644,983.0309521455537
12,143,984.0002,983.0988739812938
12,144,984.03656,983.1659988179663
12,145,984.074,983.2327560247896
12,146,984.1123,983.2995749709809
12,147,984.1518,983.3668850257582
12,148,984.19257,983.4351155583397
12,149,984.2346,983.5046959379429
12,150,984.27814,983.5760555337854
12,151,984.3232,983.6496237150851
12,152,984.37,983.7258298510602
12,153,984.4186,983.8051033109281
12,154,984.4691,983.8878734639071
12,155,984.52167,983.9745696792144
12,156,984.5763,984.0656213260684
12,157,984.6333,984.1614577736865
12,158,984.6925,984.2625083912866
12,159,984.7543,984.3692025480865
12,160,984.81866,984.4819696133043
12,161,984.88574,984.6012389561575
12,162,984.9556,984.727439945864
12,163,985.02844,984.8610019516418
12,164,985.10425,985.0023543427086
12,165,985.18335,985.151926488282
12,166,985.2656,985.3101477575801
12,167,985.35126,985.4774475198207
12,168,985.4404,985.6542551442213
12,169,985.53326,985.8410000000001
12,170,985.6297,986.0379701073407
12,171,985.73285,986.2448880902894
12,172,985.8517,986.4613352238591
12,173,985.99207,986.6868927830621
12,174,986.15295,986.9211420429111
12,175,986.3332,987.1636642784184
12,176,986.53204,987.4140407645968
12,177,986.7483,987.6718527764584
12,178,986.98096,987.9366815890162
12,179,987.229,988.2081084772824
12,180,987.49133,988.4857147162693
12,181,987.76715,988.7690815809896
12,182,988.0553,989.0577903464562
12,183,988.3548,989.351422287681
12,184,988.6645,989.6495586796768
12,185,988.9835,989.9517807974561
12,186,989.3108,990.2576699160314
12,187,989.6454,990.5668073104151
12,188,989.9861,990.87877425562
12,189,990.3321,991.1931520266581
12,190,990.6823,991.5095218985424
12,191,991.03564,991.8274651462851
12,192,991.3911,992.1465630448992
12,193,991.74786,992.4663968693962
12,194,992.1046,992.7865478947898
12,195,992.4606,993.1065973960915
12,196,992.8147,993.4261266483144
12,197,993.1659,993.7447169264708
12,198,993.51324,994.0619495055735
12,199,993.85565,994.3774056606345
12,200,994.1921,994.6906666666669
12,201,994.5217,995.0014082230057
12,202,994.84454,995.3096837262786
12,203,995.16376,995.6156409974369
12,204,995.4819,995.919427857431
12,205,995.799,996.2211921272116
12,206,996.1151,996.5210816277296
12,207,996.43036,996.8192441799358
12,208,996.7447,997.1158276047809
12,209,997.0582,997.4109797232154
12,210,997.3711,997.7048483561904
12,211,997.68304,997.9975813246565
12,212,997.9945,998.2893264495647
12,213,998.30524,998.5802315518655
12,214,998.6154,998.8704444525093
12,215,998.92505,999.1601129724475
12,216,999.23425,999.4493849326306
12,217,999.5431,999.7384081540096
12,218,999.85156,1000.0273304575351
12,219,1000.15955,1000.316299664157
12,220,1000.4674,1000.6054635948279
12,221,1000.775,1000.894970070496
12,222,1001.0824,1001.1849669121149
12,223,1001.3897,1001.475601940634
12,224,1001.69696,1001.767022977003
12,225,1002.00415,1002.0593778421749
12,226,1002.3114,1002.352814357099
12,227,1002.6187,1002.6474803427249
12,228,1002.9262,1002.943523620006
12,229,1003.2337,1003.241092009892
12,230,1003.54156,1003.5403333333331
12,231,1003.8497,1003.8413261588049
12,232,1004.1581,1004.1438720448781
12,233,1004.46686,1004.447703297647
12,234,1004.7758,1004.7525522232081
12,235,1005.08496,1005.0581511276552
12,236,1005.39404,1005.364232317084
12,237,1005.7031,1005.67052809759
12,238,1006.012,1005.976770775268
12,239,1006.32074,1006.282692656212
12,240,1006.6289,1006.5880260465191
12,241,1006.93677,1006.892503252283
12,242,1007.2441,1007.195856579599
12,243,1007.55066,1007.4978183345629
12,244,1007.85657,1007.798120823269
12,245,1008.1616,1008.0964963518121
12,246,1008.4658,1008.3926772262881
12,247,1008.7689,1008.686395752792
12,248,1009.07086,1008.9773842374179
12,249,1009.3716,1009.265374986262
12,250,1009.6711,1009.55010030542
12,251,1009.9691,1009.831292500985
12,252,1010.2657,1010.108683879053
12,253,1010.56055,1010.38200674572
12,254,1010.85376,1010.6509934070801
12,255,1011.14514,1010.915376169228
12,256,1011.4347,1011.17488733826
12,257,1011.7222,1011.429259220271
12,258,1012.00775,1011.678224121355
12,259,1012.291,1011.921514347608
12,260,1012.57196,1012.158862205124
12,261,1012.8506,1012.39
12,262,1013.12665,1012.614756012665
12,263,1013.4002,1012.83334242089
12,264,1013.6713,1013.0460673767819
12,265,1013.94025,1013.253239032446
12,266,1014.207,1013.45516553999
12,267,1014.4715,1013.652155051519
12,268,1014.7342,1013.844515719139
12,269,1014.9948,1014.032555694957
12,270,1015.25366,1014.216583131078
12,271,1015.5108,1014.39690617961
12,272,1015.7662,1014.573832992659
12,273,1016.02014,1014.74767172233
12,274,1016.2726,1014.9187305207302
12,275,1016.52356,1015.087317539965
12,276,1016.77325,1015.2537409321421
12,277,1017.0218,1015.418308849366
12,278,1017.26917,1015.5813294437442
12,279,1017.51556,1015.743110867382
12,280,1017.7609,1015.903961272387
12,281,1018.00543,1016.0641888108642
12,282,1018.2492,1016.22410163492
12,283,1018.49225,1016.384007896661
12,284,1018.7347,1016.544215748193
12,285,1018.9766,1016.705033341623
12,286,1019.21814,1016.866768829057
12,287,1019.4592,1017.0297303625999
12,288,1019.70013,1017.19422609436
12,289,1019.9408,1017.360564176443
12,290,1020.18134,1017.529052760954
13,0,963.0173,974.5997115224653
13,1,963.10736,974.6390724568952
13,2,963.1995,974.6779991335238
13,3,963.29333,974.7165080400766
13,4,963.3891,974.7546156642793
13,5,963.4865,974.7923384938564
13,6,963.5856,974.8296930165335
13,7,963.6862,974.8666957200356
13,8,963.7884,974.9033630920887
13,9,963.892,974.939711620417
13,10,963.99695,974.9757577927465
13,11,964.10315,975.0115180968023
13,12,964.2107,975.0470090203094
13,13,964.3193,975.0822470509929
13,14,964.429,975.1172486765788
13,15,964.5398,975.1520303847916
13,16,964.6515,975.1866086633571
13,17,964.76404,975.2210000000001
13,18,964.8774,975.2552148952259
13,19,964.99384,975.2892399006599
13,20,965.1203,975.3230555807072
13,21,965.2611,975.3566424997728
13,22,965.41547,975.389981222262
13,23,965.5825,975.42305231258
13,24,965.7615,975.4558363351321
13,25,965.9513,975.4883138543231
13,26,966.1512,975.5204654345584
13,27,966.3604,975.5522716402432
13,28,966.57806,975.5837130357826
13,29,966.8031,975.6147701855818
13,30,967.03503,975.6454236540461
13,31,967.27264,975.6756540055802
13,32,967.5153,975.7054418045897
13,33,967.762,975.7347676154797
13,34,968.012,975.7636120026553
13,35,968.26447,975.7919555305218
13,36,968.5185,975.819778763484
13,37,968.77313,975.8470622659476
13,38,969.0277,975.8737866023174
13,39,969.28125,975.899932336999
13,40,969.53284,975.9254800343967
13,41,969.7818,975.9504102589166
13,42,970.02716,975.9747035749632
13,43,970.2682,975.998340546942
13,44,970.5038,976.0213017392583
13,45,970.73334,976.043567716317
13,46,970.9558,976.0651190425235
13,47,971.1706,976.0859362822828
13,48,971.37665,976.1059999999999
13,49,971.5731,976.1253177925533
13,50,971.7627,976.1440053867123
13,51,971.956,976.1622055417198
13,52,972.15967,976.1800610168182
13,53,972.3727,976.19771457125
13,54,972.5938,976.2153089642578
13,55,972.822,976.2329869550846
13,56,973.0561,976.2508913029724
13,57,973.2949,976.2691647671642
13,58,973.53735,976.2879501069023
13,59,973.7823,976.3073900814296
13,60,974.02856,976.3276274499883
13,61,974.27496,976.3488049718213
13,62,974.52057,976.371065406171
13,63,974.7639,976.3945515122804
13,64,975.0042,976.4194060493915
13,65,975.24005,976.4457717767472
13,66,975.4705,976.4737914535899
13,67,975.6943,976.5036078391626
13,68,975.9102,976.5353636927072
13,69,976.11743,976.569201773467
13,70,976.3146,976.6052648406841
13,71,976.50055,976.6436956536012
13,72,976.67426,976.684636971461
13,73,976.83453,976.728231553506
13,74,976.9802,976.7746221589788
13,75,977.11017,976.8239515471221
13,76,977.22345,976.8763624771782
13,77,977.3186,976.9319977083901
13,78,977.3948,976.991
13,79,977.4507,977.0534675331088
13,80,977.48895,977.1193201762495
13,81,977.5203,977.1884332198136
13,82,977.5532,977.2606819541923
13,83,977.5872,977.3359416697765
13,84,977.6225,977.414087656958
13,85,977.65894,977.4949952061278
13,86,977.6965,977.5785396076772
13,87,977.7351,977.6645961519973
13,88,977.77466,977.7530401294802
13,89,977.8153,977.8437468305158
13,90,977.8569,977.9365915454963
13,91,977.89935,978.0314495648126
13,92,977.94257,978.1281961788563
13,93,977.98663,978.2267066780184
13,94,978.0314,978.3268563526904
13,95,978.0769,978.4285204932632
13,96,978.12305,978.5315743901284
13,97,978.1698,978.6358933336771
13,98,978.2171,978.7413526143008
13,99,978.2649,978.8478275223904
13,100,978.3132,978.9551933483373
13,101,978.3619,979.0633253825329
13,102,978.4109,979.1720989153682
13,103,978.4603,979.2813892372352
13,104,978.51,979.3910716385241
13,105,978.5598,979.5010214096268
13,106,978.6099,979.6111138409344
13,107,978.66003,979.7212242228384
13,108,978.7104,979.8312278457298
13,109,978.7607,979.941
13,110,978.81104,980.0504274656605
13,111,978.861,980.1594429812043
13,112,978.9097,980.2679907747444
13,113,978.9564,980.3760150743943
13,114,979.0015,980.4834601082667
13,115,979.0448,980.5902701044756
13,116,979.0866,980.6963892911332
13,117,979.12695,980.8017618963535
13,118,979.16583,980.9063321482495
13,119,979.20355,981.0100442749341
13,120,979.24005,981.1128425045208
13,121,979.27545,981.2146710651225
13,122,979.30994,981.3154741848527
13,123,979.34344,981.4151960918248
13,124,979.37634,981.5137810141514
13,125,979.40845,981.6111731799458
13,126,979.4401,981.7073168173217
13,127,979.47125,981.802156154392
13,128,979.502,981.89563541927
13,129,979.5325,981.9876988400687
13,130,979.56287,982.0782906449011
13,131,979.59314,982.167355061881
13,132,979.6235,982.2548363191212
13,133,979.6539,982.3406786447351
13,134,979.68463,982.4248262668353
13,135,979.7157,982.5072234135359
13,136,979.74713,982.5878143129496
13,137,979.7792,982.6665431931896
13,138,979.8119,982.7433542823693
13,139,979.84534,982.8181918086017
13,140,979.8797,982.8910000000002
13,141,979.9149,982.9618039415283
13,142,979.9512,983.0309521455537
13,143,979.9885,983.0988739812938
13,144,980.02716,983.1659988179663
13,145,980.0669,983.2327560247896
13,146,980.108,983.2995749709809
13,147,980.1505,983.3668850257582
13,148,980.1945,983.4351155583397
13,149,980.24005,983.5046959379429
13,150,980.2873,983.5760555337854
13,151,980.33624,983.6496237150851
13,152,980.387,983.7258298510602
13,153,980.43976,983.8051033109281
13,154,980.4943,983.8878734639071
13,155,980.55115,983.9745696792144
13,156,980.61,984.0656213260684
13,157,980.67114,984.1614577736865
13,158,980.73456,984.2625083912866
13,159,980.8004,984.3692025480865
13,160,980.86865,984.4819696133043
13,161,980.9396,984.6012389561575
13,162,981.01306,984.727439945864
13,163,981.0893,984.8610019516418
13,164,981.1684,985.0023543427086
13,165,981.2503,985.151926488282
13,166,981.3352,985.3101477575801
13,167,981.42316,985.4774475198207
13,168,981.5143,985.6542551442213
13,169,981.6085,985.8410000000001
13,170,981.7062,986.0379701073407
13,171,981.8101,986.2448880902894
13,172,981.9295,986.4613352238591
13,173,982.07043,986.6868927830621
13,174,982.23157,986.9211420429111
13,175,982.4121,987.1636642784184
13,176,982.6111,987.4140407645968
13,177,982.82733,987.6718527764584
13,178,983.06,987.9366815890162
13,179,983.3079,988.2081084772824
13,180,983.57025,988.4857147162693
13,181,983.84595,988.7690815809896
13,182,984.134,989.0577903464562
13,183,984.4333,989.351422287681
13,184,984.7429,989.6495586796768
13,185,985.06195,989.9517807974561
13,186,985.3893,990.2576699160314
13,187,985.7239,990.5668073104151
13,188,986.06476,990.87877425562
13,189,986.411,991.1931520266581
13,190,986.76154,991.5095218985424
13,191,987.1154,991.8274651462851
13,192,987.4715,992.1465630448992
13,193,987.829,992.4663968693962
13,194,988.18677,992.7865478947898
13,195,988.54376,993.1065973960915
13,196,988.8991,993.4261266483144
13,197,989.2517,993.7447169264708
13,198,989.6007,994.0619495055735
13,199,989.9449,994.3774056606345
13,200,990.2834,994.6906666666669
13,201,990.6152,995.0014082230057
13,202,990.9405,995.3096837262786
13,203,991.2622,995.6156409974369
13,204,991.583,995.919427857431
13,205,991.9028,996.2211921272116
13,206,992.2217,996.5210816277296
13,207,992.5398,996.8192441799358
13,208,992.85706,997.1158276047809
13,209,993.1735,997.4109797232154
13,210,993.48944,997.7048483561904
13,211,993.80457,997.9975813246565
13,212,994.1192,998.2893264495647
13,213,994.4333,998.5802315518655
13,214,994.7469,998.8704444525093
13,215,995.06,999.1601129724475
13,216,995.37286,999.4493849326306
13,217,995.6853,999.7384081540096
13,218,995.9975,1000.0273304575351
13,219,996.30945,1000.316299664157
13,220,996.62134,1000.6054635948279
13,221,996.93304,1000.894970070496
13,222,997.24457,1001.1849669121149
13,223,997.5562,1001.475601940634
13,224,997.8679,1001.767022977003
13,225,998.1796,1002.0593778421749
13,226,998.4915,1002.352814357099
13,227,998.80365,1002.6474803427249
13,228,999.1159,1002.943523620006
13,229,999.4286,1003.241092009892
13,230,999.7416,1003.5403333333331
13,231,1000.05493,1003.8413261588049
13,232,1000.3686,1004.1438720448781
13,233,1000.6818,1004.447703297647
13,234,1000.9946,1004.7525522232081
13,235,1001.30664,1005.0581511276552
13,236,1001.61804,1005.364232317084
13,237,1001.92896,1005.67052809759
13,238,1002.239,1005.976770775268
13,239,1002.5485,1006.282692656212
13,240,1002.85736,1006.5880260465191
13,241,1003.1655,1006.892503252283
13,242,1003.47296,1007.195856579599
13,243,1003.7798,1007.4978183345629
13,244,1004.08575,1007.798120823269
13,245,1004.39105,1008.0964963518121
13,246,1004.6956,1008.3926772262881
13,247,1004.9996,1008.686395752792
13,248,1005.30273,1008.9773842374179
13,249,1005.6051,1009.265374986262
13,250,1005.9068,1009.55010030542
13,251,1006.2077,1009.831292500985
13,252,1006.50793,1010.108683879053
13,253,1006.8074,1010.38200674572
13,254,1007.10596,1010.6509934070801
13,255,1007.4039,1010.915376169228
13,256,1007.701,1011.17488733826
13,257,1007.9973,1011.429259220271
13,258,1008.29297,1011.678224121355
13,259,1008.5876,1011.921514347608
13,260,1008.8816,1012.158862205124
13,261,1009.17474,1012.39
13,262,1009.4669,1012.614756012665
13,263,1009.7581,1012.83334242089
13,264,1010.0478,1013.0460673767819
13,265,1010.3359,1013.253239032446
13,266,1010.6224,1013.45516553999
13,267,1010.90753,1013.652155051519
13,268,1011.19135,1013.844515719139
13,269,1011.4738,1014.032555694957
13,270,1011.75525,1014.216583131078
13,271,1012.0356,1014.39690617961
13,272,1012.315,1014.573832992659
13,273,1012.5936,1014.74767172233
13,274,1012.8714,1014.9187305207302
13,275,1013.1485,1015.087317539965
13,276,1013.4251,1015.2537409321421
13,277,1013.7012,1015.418308849366
13,278,1013.9768,1015.5813294437442
13,279,1014.25226,1015.743110867382
13,280,1014.52747,1015.903961272387
13,281,1014.8024,1016.0641888108642
13,282,1015.0775,1016.22410163492
13,283,1015.3526,1016.384007896661
13,284,1015.6278,1016.544215748193
13,285,1015.90326,1016.705033341623
13,286,1016.179,1016.866768829057
13,287,1016.45526,1017.0297303625999
13,288,1016.7319,1017.19422609436
13,289,1017.00916,1017.360564176443
13,290,1017.28705,1017.529052760954
14,0,965.4184,974.5997115224653
14,1,965.5135,974.6390724568952
14,2,965.61005,974.6779991335238
14,3,965.70776,974.7165080400766
14,4,965.8066,974.7546156642793
14,5,965.90643,974.7923384938564
14,6,966.007,974.8296930165335
14,7,966.10834,974.8666957200356
14,8,966.21,974.9033630920887
14,9,966.3121,974.939711620417
14,10,966.41437,974.9757577927465
14,11,966.51666,975.0115180968023
14,12,966.6188,975.0470090203094
14,13,966.72064,975.0822470509929
14,14,966.8221,975.1172486765788
14,15,966.92285,975.1520303847916
14,16,967.02295,975.1866086633571
14,17,967.1221,975.2210000000001
14,18,967.22015,975.2552148952259
14,19,967.31866,975.2892399006599
14,20,967.42194,975.3230555807072
14,21,967.5328,975.3566424997728
14,22,967.6506,975.389981222262
14,23,967.7749,975.42305231258
14,24,967.9052,975.4558363351321
14,25,968.04095,975.4883138543231
14,26,968.18176,975.5204654345584
14,27,968.327,975.5522716402432
14,28,968.47626,975.5837130357826
14,29,968.6289,975.6147701855818
14,30,968.7846,975.6454236540461
14,31,968.9426,975.6756540055802
14,32,969.10266,975.7054418045897
14,33,969.26416,975.7347676154797
14,34,969.4266,975.7636120026553
14,35,969.58936,975.7919555305218
14,36,969.752,975.819778763484
14,37,969.9142,975.8470622659476
14,38,970.0753,975.8737866023174
14,39,970.23474,975.899932336999
14,40,970.392,975.9254800343967
14,41,970.5468,975.9504102589166
14,42,970.69836,975.9747035749632
14,43,970.84644,975.998340546942
14,44,970.99036,976.0213017392583
14,45,971.1295,976.043567716317
14,46,971.2637,976.0651190425235
14,47,971.3922,976.0859362822828
14,48,971.5146,976.1059999999999
14,49,971.6303,976.1253177925533
14,50,971.74115,976.1440053867123
14,51,971.8535,976.1622055417198
14,52,971.9713,976.1800610168182
14,53,972.0942,976.19771457125
14,54,972.2214,976.2153089642578
14,55,972.35236,976.2329869550846
14,56,972.4866,976.2508913029724
14,57,972.62354,976.2691647671642
14,58,972.76263,976.2879501069023
14,59,972.9033,976.3073900814296
14,60,973.0449,976.3276274499883
14,61,973.187,976.3488049718213
14,62,973.3289,976.371065406171
14,63,973.4703,976.3945515122804
14,64,973.61035,976.4194060493915
14,65,973.74854,976.4457717767472
14,66,973.88434,976.4737914535899
14,67,974.0173,976.5036078391626
14,68,974.1467,976.5353636927072
14,69,974.27203,976.569201773467
14,70,974.3928,976.6052648406841
14,71,974.5084,976.6436956536012
14,72,974.6182,976.684636971461
14,73,974.7219,976.728231553506
14,74,974.81866,976.7746221589788
14,75,974.90796,976.8239515471221
14,76,974.9894,976.8763624771782
14,77,975.06226,976.9319977083901
14,78,975.1259,976.991
14,79,975.1802,977.0534675331088
14,80,975.226,977.1193201762495
14,81,975.26935,977.1884332198136
14,82,975.31445,977.2606819541923
14,83,975.361,977.3359416697765
14,84,975.4091,977.414087656958
14,85,975.4587,977.4949952061278
14,86,975.5097,977.5785396076772
14,87,975.56195,977.6645961519973
14,88,975.6156,977.7530401294802
14,89,975.6704,977.8437468305158
14,90,975.7265,977.9365915454963
14,91,975.7836,978.0314495648126
14,92,975.8418,978.1281961788563
14,93,975.90106,978.2267066780184
14,94,975.9611,978.3268563526904
14,95,976.0223,978.4285204932632
14,96,976.08417,978.5315743901284
14,97,976.1468,978.6358933336771
14,98,976.2102,978.7413526143008
14,99,976.27423,978.8478275223904
14,100,976.3389,978.9551933483373
14,101,976.4042,979.0633253825329
14,102,976.4699,979.1720989153682
14,103,976.536,979.2813892372352
14,104,976.6026,979.3910716385241
14,105,976.6695,979.5010214096268
14,106,976.73663,979.6111138409344
14,107,976.80396,979.7212242228384
14,108,976.87146,979.8312278457298
14,109,976.939,979.941
14,110,977.0068,980.0504274656605
14,111,977.07404,980.1594429812043
14,112,977.14014,980.2679907747444
14,113,977.20447,980.3760150743943
14,114,977.2671,980.4834601082667
14,115,977.3281,980.5902701044756
14,116,977.38763,980.6963892911332
14,117,977.44574,980.8017618963535
14,118,977.5025,980.9063321482495
14,119,977.55786,981.0100442749341
14,120,977.61224,981.1128425045208
14,121,977.66534,981.2146710651225
14,122,977.7173,981.3154741848527
14,123,977.7684,981.4151960918248
14,124,977.81854,981.5137810141514
14,125,977.8678,981.6111731799458
14,126,977.9164,981.7073168173217
14,127,977.96436,981.802156154392
14,128,978.01166,981.89563541927
14,129,978.05835,981.9876988400687
14,130,978.10474,982.0782906449011
14,131,978.15076,982.167355061881
14,132,978.1964,982.2548363191212
14,133,978.2418,982.3406786447351
14,134,978.2871,982.4248262668353
14,135,978.33234,982.5072234135359
14,136,978.3776,982.5878143129496
14,137,978.4229,982.6665431931896
14,138,978.4685,982.7433542823693
14,139,978.5142,982.8181918086017
14,140,978.5603,982.8910000000002
14,141,978.6069,982.9618039415283
14,142,978.65375,983.0309521455537
14,143,978.7013,983.0988739812938
14,144,978.7496,983.1659988179663
14,145,978.79865,983.2327560247896
14,146,978.8489,983.2995749709809
14,147,978.90027,983.3668850257582
14,148,978.9532,983.4351155583397
14,149,979.0077,983.5046959379429
14,150,979.0639,983.5760555337854
14,151,979.1221,983.6496237150851
14,152,979.18243,983.7258298510602
14,153,979.24493,983.8051033109281
14,154,979.31006,983.8878734639071
14,155,979.37775,983.9745696792144
14,156,979.4483,984.0656213260684
14,157,979.52185,984.1614577736865
14,158,979.5986,984.2625083912866
14,159,979.67865,984.3692025480865
14,160,979.7622,984.4819696133043
14,161,979.84955,984.6012389561575
14,162,979.9407,984.727439945864
14,163,980.0358,984.8610019516418
14,164,980.13525,985.0023543427086
14,165,980.2391,985.151926488282
14,166,980.3475,985.3101477575801
14,167,980.4606,985.4774475198207
14,168,980.5787,985.6542551442213
14,169,980.70184,985.8410000000001
14,170,980.8302,986.0379701073407
14,171,980.9657,986.2448880902894
14,172,981.1131,986.4613352238591
14,173,981.27545,986.6868927830621
14,174,981.4521,986.9211420429111
14,175,981.64233,987.1636642784184
14,176,981.8455,987.4140407645968
14,177,982.061,987.6718527764584
14,178,982.288,987.9366815890162
14,179,982.52606,988.2081084772824
14,180,982.77435,988.4857147162693
14,181,983.0323,988.7690815809896
14,182,983.29913,989.0577903464562
14,183,983.5744,989.351422287681
14,184,983.8572,989.6495586796768
14,185,984.147,989.9517807974561
14,186,984.44305,990.2576699160314
14,187,984.74475,990.5668073104151
14,188,985.05145,990.87877425562
14,189,985.3624,991.1931520266581
14,190,985.6772,991.5095218985424
14,191,985.9949,991.8274651462851
14,192,986.3148,992.1465630448992
14,193,986.63654,992.4663968693962
14,194,986.95935,992.7865478947898
14,195,987.2824,993.1065973960915
14,196,987.6053,993.4261266483144
14,197,987.9272,993.7447169264708
14,198,988.2475,994.0619495055735
14,199,988.5655,994.3774056606345
14,200,988.88055,994.6906666666669
14,201,989.1922,995.0014082230057
14,202,989.5,995.3096837262786
14,203,989.80524,995.6156409974369
14,204,990.10895,995.919427857431
14,205,990.4113,996.2211921272116
14,206,990.7124,996.5210816277296
14,207,991.01215,996.8192441799358
14,208,991.3107,997.1158276047809
14,209,991.6083,997.4109797232154
14,210,991.9047,997.7048483561904
14,211,992.20013,997.9975813246565
14,212,992.4947,998.2893264495647
14,213,992.78845,998.5802315518655
14,214,993.0814,998.8704444525093
14,215,993.3738,999.1601129724475
14,216,993.66547,999.4493849326306
14,217,993.9566,999.7384081540096
14,218,994.24725,1000.0273304575351
14,219,994.5376,1000.316299664157
14,220,994.8276,1000.6054635948279
14,221,995.1173,1000.894970070496
14,222,995.4068,1001.1849669121149
14,223,995.6963,1001.475601940634
14,224,995.98566,1001.767022977003
14,225,996.275,1002.0593778421749
14,226,996.56464,1002.352814357099
14,227,996.8544,1002.6474803427249
14,228,997.1443,1002.943523620006
14,229,997.4346,1003.241092009892
14,230,997.7252,1003.5403333333331
14,231,998.0165,1003.8413261588049
14,232,998.30743,1004.1438720448781
14,233,998.59674,1004.447703297647
14,234,998.8837,1004.7525522232081
14,235,999.16846,1005.0581511276552
14,236,999.45123,1005.364232317084
14,237,999.7323,1005.67052809759
14,238,1000.0118,1005.976770775268
14,239,1000.2898,1006.282692656212
14,240,1000.5668,1006.5880260465191
14,241,1000.8427,1006.892503252283
14,242,1001.1179,1007.195856579599
14,243,1001.39264,1007.4978183345629
14,244,1001.6669,1007.798120823269
14,245,1001.94104,1008.0964963518121
14,246,1002.21533,1008.3926772262881
14,247,1002.4898,1008.686395752792
14,248,1002.7649,1008.9773842374179
14,249,1003.0405,1009.265374986262
14,250,1003.31714,1009.55010030542
14,251,1003.5949,1009.831292500985
14,252,1003.87396,1010.108683879053
14,253,1004.1545,1010.38200674572
14,254,1004.4369,1010.6509934070801
14,255,1004.7212,1010.915376169228
14,256,1005.0077,1011.17488733826
14,257,1005.29645,1011.429259220271
14,258,1005.5879,1011.678224121355
14,259,1005.8821,1011.921514347608
14,260,1006.1793,1012.158862205124
14,261,1006.47974,1012.39
14,262,1006.78357,1012.614756012665
14,263,1007.0904,1012.83334242089
14,264,1007.3986,1013.0460673767819
14,265,1007.7076,1013.253239032446
14,266,1008.0174,1013.45516553999
14,267,1008.3282,1013.652155051519
14,268,1008.6401,1013.844515719139
14,269,1008.9532,1014.032555694957
14,270,1009.2676,1014.216583131078
14,271,1009.5835,1014.39690617961
14,272,1009.901,1014.573832992659
14,273,1010.22015,1014.74767172233
14,274,1010.5412,1014.9187305207302
14,275,1010.8643,1015.087317539965
14,276,1011.1894,1015.2537409321421
14,277,1011.5168,1015.418308849366
14,278,1011.84644,1015.5813294437442
14,279,1012.17865,1015.743110867382
14,280,1012.5133,1015.903961272387
14,281,1012.8507,1016.0641888108642
14,282,1013.19086,1016.22410163492
14,283,1013.5341,1016.384007896661
14,284,1013.8804,1016.544215748193
14,285,1014.22986,1016.705033341623
14,286,1014.5825,1016.866768829057
14,287,1014.9388,1017.0297303625999
14,288,1015.2984,1017.19422609436
14,289,1015.66174,1017.360564176443
14,290,1016.029,1017.529052760954
15,0,964.91614,974.5997115224653
15,1,965.02997,974.6390724568952
15,2,965.1456,974.6779991335238
15,3,965.2631,974.7165080400766
15,4,965.38214,974.7546156642793
15,5,965.5026,974.7923384938564
15,6,965.6245,974.8296930165335
15,7,965.7476,974.8666957200356
15,8,965.87177,974.9033630920887
15,9,965.99695,974.939711620417
15,10,966.123,974.9757577927465
15,11,966.2497,975.0115180968023
15,12,966.37714,975.0470090203094
15,13,966.5051,975.0822470509929
15,14,966.63336,975.1172486765788
15,15,966.7619,975.1520303847916
15,16,966.89056,975.1866086633571
15,17,967.0193,975.2210000000001
15,18,967.14777,975.2552148952259
15,19,967.2784,975.2892399006599
15,20,967.41797,975.3230555807072
15,21,967.5712,975.3566424997728
15,22,967.73724,975.389981222262
15,23,967.9154,975.42305231258
15,24,968.1046,975.4558363351321
15,25,968.3042,975.4883138543231
15,26,968.5133,975.5204654345584
15,27,968.731,975.5522716402432
15,28,968.95654,975.5837130357826
15,29,969.1892,975.6147701855818
15,30,969.42804,975.6454236540461
15,31,969.6722,975.6756540055802
15,32,969.9209,975.7054418045897
15,33,970.1732,975.7347676154797
15,34,970.4286,975.7636120026553
15,35,970.6859,975.7919555305218
15,36,970.9446,975.819778763484
15,37,971.2036,975.8470622659476
15,38,971.4622,975.8737866023174
15,39,971.71967,975.899932336999
15,40,971.975,975.9254800343967
15,41,972.2274,975.9504102589166
15,42,972.47626,975.9747035749632
15,43,972.7206,975.998340546942
15,44,972.95953,976.0213017392583
15,45,973.1924,976.043567716317
15,46,973.4183,976.0651190425235
15,47,973.6364,976.0859362822828
15,48,973.84595,976.1059999999999
15,49,974.04614,976.1253177925533
15,50,974.2394,976.1440053867123
15,51,974.4365,976.1622055417198
15,52,974.6445,976.1800610168182
15,53,974.862,976.19771457125
15,54,975.08795,976.2153089642578
15,55,975.3212,976.2329869550846
15,56,975.5606,976.2508913029724
15,57,975.8048,976.2691647671642
15,58,976.05286,976.2879501069023
15,59,976.3035,976.3073900814296
15,60,976.5555,976.3276274499883
15,61,976.8077,976.3488049718213
15,62,977.05896,976.371065406171
15,63,977.3082,976.3945515122804
15,64,977.55414,976.4194060493915
15,65,977.7957,976.4457717767472
15,66,978.03174,976.4737914535899
15,67,978.26086,976.5036078391626
15,68,978.4823,976.5353636927072
15,69,978.69446,976.569201773467
15,70,978.89655,976.6052648406841
15,71,979.0873,976.6436956536012
15,72,979.26544,976.684636971461
15,73,979.42993,976.728231553506
15,74,979.5796,976.7746221589788
15,75,979.7134,976.8239515471221
15,76,979.82983,976.8763624771782
15,77,979.9282,976.9319977083901
15,78,980.00696,976.991
15,79,980.06525,977.0534675331088
15,80,980.10516,977.1193201762495
15,81,980.13776,977.1884332198136
15,82,980.1712,977.2606819541923
15,83,980.20557,977.3359416697765
15,84,980.24066,977.414087656958
15,85,980.2765,977.4949952061278
15,86,980.3131,977.5785396076772
15,87,980.35046,977.6645961519973
15,88,980.3885,977.7530401294802
15,89,980.4272,977.8437468305158
15,90,980.46655,977.9365915454963
15,91,980.50653,978.0314495648126
15,92,980.5471,978.1281961788563
15,93,980.58826,978.2267066780184
15,94,980.63,978.3268563526904
15,95,980.6721,978.4285204932632
15,96,980.7147,978.5315743901284
15,97,980.7579,978.6358933336771
15,98,980.8014,978.7413526143008
15,99,980.8454,978.8478275223904
15,100,980.88965,978.9551933483373
15,101,980.9343,979.0633253825329
15,102,980.9793,979.1720989153682
15,103,981.02466,979.2813892372352
15,104,981.0701,979.3910716385241
15,105,981.11597,979.5010214096268
15,106,981.1619,979.6111138409344
15,107,981.2081,979.7212242228384
15,108,981.25446,979.8312278457298
15,109,981.301,979.941
15,110,981.3476,980.0504274656605
15,111,981.39404,980.1594429812043
15,112,981.4392,980.2679907747444
15,113,981.48267,980.3760150743943
15,114,981.5243,980.4834601082667
15,115,981.56445,980.5902701044756
15,116,981.60315,980.6963892911332
15,117,981.6404,980.8017618963535
15,118,981.6763,980.9063321482495
15,119,981.71094,981.0100442749341
15,120,981.74445,981.1128425045208
15,121,981.77704,981.2146710651225
15,122,981.80865,981.3154741848527
15,123,981.8394,981.4151960918248
15,124,981.86945,981.5137810141514
15,125,981.89886,981.6111731799458
15,126,981.9278,981.7073168173217
15,127,981.9562,981.802156154392
15,128,981.9842,981.89563541927
15,129,982.01196,981.9876988400687
15,130,982.0397,982.0782906449011
15,131,982.0672,982.167355061881
15,132,982.09485,982.2548363191212
15,133,982.12256,982.3406786447351
15,134,982.1505,982.4248262668353
15,135,982.1787,982.5072234135359
15,136,982.2074,982.5878143129496
15,137,982.2366,982.6665431931896
15,138,982.2664,982.7433542823693
15,139,982.2969,982.8181918086017
15,140,982.3282,982.8910000000002
15,141,982.36035,982.9618039415283
15,142,982.3935,983.0309521455537
15,143,982.4277,983.0988739812938
15,144,982.463,983.1659988179663
15,145,982.4995,983.2327560247896
15,146,982.53735,983.2995749709809
15,147,982.5766,983.3668850257582
15,148,982.6174,983.4351155583397
15,149,982.65967,983.5046959379429
15,150,982.7036,983.5760555337854
15,151,982.7494,983.6496237150851
15,152,982.79706,983.7258298510602
15,153,982.84656,983.8051033109281
15,154,982.89825,983.8878734639071
15,155,982.952,983.9745696792144
15,156,983.0081,984.0656213260684
15,157,983.06647,984.1614577736865
15,158,983.12726,984.2625083912866
15,159,983.19055,984.3692025480865
15,160,983.25653,984.4819696133043
15,161,983.3252,984.6012389561575
15,162,983.3966,984.727439945864
15,163,983.47095,984.8610019516418
15,164,983.54834,985.0023543427086
15,165,983.6287,985.151926488282
15,166,983.71234,985.3101477575801
15,167,983.7992,985.4774475198207
15,168,983.8895,985.6542551442213
15,169,983.98315,985.8410000000001
15,170,984.08044,986.0379701073407
15,171,984.1841,986.2448880902894
15,172,984.30334,986.4613352238591
15,173,984.44434,986.6868927830621
15,174,984.60583,986.9211420429111
15,175,984.7869,987.1636642784184
15,176,984.98663,987.4140407645968
15,177,985.2039,987.6718527764584
15,178,985.4377,987.9366815890162
15,179,985.687,988.2081084772824
15,180,985.95087,988.4857147162693
15,181,986.22815,988.7690815809896
15,182,986.51794,989.0577903464562
15,183,986.8193,989.351422287681
15,184,987.131,989.6495586796768
15,185,987.4522,989.9517807974561
15,186,987.78174,990.2576699160314
15,187,988.1189,990.5668073104151
15,188,988.4623,990.87877425562
15,189,988.8112,991.1931520266581
15,190,989.1645,991.5095218985424
15,191,989.5212,991.8274651462851
15,192,989.8802,992.1465630448992
15,193,990.24066,992.4663968693962
15,194,990.6014,992.7865478947898
15,195,990.9616,993.1065973960915
15,196,991.32025,993.4261266483144
15,197,991.6762,993.7447169264708
15,198,992.02856,994.0619495055735
15,199,992.37634,994.3774056606345
15,200,992.71844,994.6906666666669
15,201,993.054,995.0014082230057
15,202,993.383,995.3096837262786
15,203,993.70856,995.6156409974369
15,204,994.033,995.919427857431
15,205,994.3565,996.2211921272116
15,206,994.67914,996.5210816277296
15,207,995.0007,996.8192441799358
15,208,995.3214,997.1158276047809
15,209,995.6413,997.4109797232154
15,210,995.9603,997.7048483561904
15,211,996.2786,997.9975813246565
15,212,996.59625,998.2893264495647
15,213,996.91315,998.5802315518655
15,214,997.2294,998.8704444525093
15,215,997.545,999.1601129724475
15,216,997.86005,999.4493849326306
15,217,998.17456,999.7384081540096
15,218,998.48865,1000.0273304575351
15,219,998.8022,1000.316299664157
15,220,999.1154,1000.6054635948279
15,221,999.4281,1000.894970070496
15,222,999.74054,1001.1849669121149
15,223,1000.0527,1001.475601940634
15,224,1000.36456,1001.767022977003
15,225,1000.6762,1002.0593778421749
15,226,1000.9877,1002.352814357099
15,227,1001.29895,1002.6474803427249
15,228,1001.61017,1002.943523620006
15,229,1001.9212,1003.241092009892
15,230,1002.2323,1003.5403333333331
15,231,1002.54333,1003.8413261588049
15,232,1002.8541,1004.1438720448781
15,233,1003.1641,1004.447703297647
15,234,1003.4729,1004.7525522232081
15,235,1003.7806,1005.0581511276552
15,236,1004.08704,1005.364232317084
15,237,1004.39276,1005.67052809759
15,238,1004.69745,1005.976770775268
15,239,1005.0013,1006.282692656212
15,240,1005.30444,1006.5880260465191
15,241,1005.60693,1006.892503252283
15,242,1005.90875,1007.195856579599
15,243,1006.21014,1007.4978183345629
15,244,1006.5111,1007.798120823269
15,245,1006.81177,1008.0964963518121
15,246,1007.1121,1008.3926772262881
15,247,1007.41223,1008.686395752792
15,248,1007.71234,1008.9773842374179
15,249,1008.0124,1009.265374986262
15,250,1008.31256,1009.55010030542
15,251,1008.61285,1009.831292500985
15,252,1008.9134,1010.108683879053
15,253,1009.2143,1010.38200674572
15,254,1009.5156,1010.6509934070801
15,255,1009.8175,1010.915376169228
15,256,1010.11993,1011.17488733826
15,257,1010.4231,1011.429259220271
15,258,1010.72705,1011.678224121355
15,259,1011.0318,1011.921514347608
15,260,1011.3375,1012.158862205124
15,261,1011.6443,1012.39
15,262,1011.9521,1012.614756012665
15,263,1012.2608,1012.83334242089
15,264,1012.57,1013.0460673767819
15,265,1012.8793,1013.253239032446
15,266,1013.18866,1013.45516553999
15,267,1013.4982,1013.652155051519
15,268,1013.80817,1013.844515719139
15,269,1014.1183,1014.032555694957
15,270,1014.4287,1014.216583131078
15,271,1014.7397,1014.39690617961
15,272,1015.05096,1014.573832992659
15,273,1015.3628,1014.74767172233
15,274,1015.67505,1014.9187305207302
15,275,1015.9878,1015.087317539965
15,276,1016.3013,1015.2537409321421
15,277,1016.61523,1015.418308849366
15,278,1016.93,1015.5813294437442
15,279,1017.2455,1015.743110867382
15,280,1017.5616,1015.903961272387
15,281,1017.87854,1016.0641888108642
15,282,1018.19635,1016.22410163492
15,283,1018.515,1016.384007896661
15,284,1018.83453,1016.544215748193
15,285,1019.15497,1016.705033341623
15,286,1019.47644,1016.866768829057
15,287,1019.7988,1017.0297303625999
15,288,1020.12225,1017.19422609436
15,289,1020.4468,1017.360564176443
15,290,1020.7724,1017.529052760954
16,0,960.222,974.5997115224653
16,1,960.32855,974.6390724568952
16,2,960.4371,974.6779991335238
16,3,960.54755,974.7165080400766
16,4,960.65985,974.7546156642793
16,5,960.7739,974.7923384938564
16,6,960.8894,974.8296930165335
16,7,961.0065,974.8666957200356
16,8,961.12476,974.9033630920887
16,9,961.24414,974.939711620417
16,10,961.3646,974.9757577927465
16,11,961.486,975.0115180968023
16,12,961.6082,975.0470090203094
16,13,961.7311,975.0822470509929
16,14,961.8545,975.1172486765788
16,15,961.9782,975.1520303847916
16,16,962.10223,975.1866086633571
16,17,962.22644,975.2210000000001
16,18,962.3506,975.2552148952259
16,19,962.4769,975.2892399006599
16,20,962.61237,975.3230555807072
16,21,962.76166,975.3566424997728
16,22,962.92377,975.389981222262
16,23,963.09796,975.42305231258
16,24,963.2833,975.4558363351321
16,25,963.47906,975.4883138543231
16,26,963.6844,975.5204654345584
16,27,963.8984,975.5522716402432
16,28,964.1202,975.5837130357826
16,29,964.34906,975.6147701855818
16,30,964.5841,975.6454236540461
16,31,964.82446,975.6756540055802
16,32,965.0693,975.7054418045897
16,33,965.3177,975.7347676154797
16,34,965.569,975.7636120026553
16,35,965.82227,975.7919555305218
16,36,966.0766,975.819778763484
16,37,966.33124,975.8470622659476
16,38,966.58545,975.8737866023174
16,39,966.83813,975.899932336999
16,40,967.0886,975.9254800343967
16,41,967.33606,975.9504102589166
16,42,967.57965,975.9747035749632
16,43,967.8186,975.998340546942
16,44,968.0519,976.0213017392583
16,45,968.27875,976.043567716317
16,46,968.4984,976.0651190425235
16,47,968.71,976.0859362822828
16,48,968.9127,976.1059999999999
16,49,969.1058,976.1253177925533
16,50,969.29156,976.1440053867123
16,51,969.4807,976.1622055417198
16,52,969.68005,976.1800610168182
16,53,969.8886,976.19771457125
16,54,970.105,976.2153089642578
16,55,970.3284,976.2329869550846
16,56,970.55756,976.2508913029724
16,57,970.79144,976.2691647671642
16,58,971.0288,976.2879501069023
16,59,971.2687,976.3073900814296
16,60,971.51,976.3276274499883
16,61,971.75146,976.3488049718213
16,62,971.9921,976.371065406171
16,63,972.2309,976.3945515122804
16,64,972.4665,976.4194060493915
16,65,972.698,976.4457717767472
16,66,972.9243,976.4737914535899
16,67,973.1442,976.5036078391626
16,68,973.3566,976.5353636927072
16,69,973.56055,976.569201773467
16,70,973.75494,976.6052648406841
16,71,973.93854,976.6436956536012
16,72,974.1102,976.684636971461
16,73,974.269,976.728231553506
16,74,974.4138,976.7746221589788
16,75,974.5435,976.8239515471221
16,76,974.6569,976.8763624771782
16,77,974.75305,976.9319977083901
16,78,974.83075,976.991
16,79,974.88904,977.0534675331088
16,80,974.93005,977.1193201762495
16,81,974.96436,977.1884332198136
16,82,974.99976,977.2606819541923
16,83,975.03644,977.3359416697765
16,84,975.0741,977.414087656958
16,85,975.1128,977.4949952061278
16,86,975.1526,977.5785396076772
16,87,975.19324,977.6645961519973
16,88,975.2348,977.7530401294802
16,89,975.27734,977.8437468305158
16,90,975.3206,977.9365915454963
16,91,975.3647,978.0314495648126
16,92,975.40955,978.1281961788563
16,93,975.4552,978.2267066780184
16,94,975.5014,978.3268563526904
16,95,975.5484,978.4285204932632
16,96,975.596,978.5315743901284
16,97,975.64404,978.6358933336771
16,98,975.6926,978.7413526143008
16,99,975.7418,978.8478275223904
16,100,975.7914,978.9551933483373
16,101,975.8413,979.0633253825329
16,102,975.8917,979.1720989153682
16,103,975.9424,979.2813892372352
16,104,975.99335,979.3910716385241
16,105,976.0447,979.5010214096268
16,106,976.09607,979.6111138409344
16,107,976.1477,979.7212242228384
16,108,976.19946,979.8312278457298
16,109,976.2513,979.941
16,110,976.3033,980.0504274656605
16,111,976.3549,980.1594429812043
16,112,976.405,980.2679907747444
16,113,976.45325,980.3760150743943
16,114,976.4996,980.4834601082667
16,115,976.544,980.5902701044756
16,116,976.5868,980.6963892911332
16,117,976.6278,980.8017618963535
16,118,976.6675,980.9063321482495
16,119,976.7058,981.0100442749341
16,120,976.74274,981.1128425045208
16,121,976.7786,981.2146710651225
16,122,976.8134,981.3154741848527
16,123,976.84735,981.4151960918248
16,124,976.8804,981.5137810141514
16,125,976.91266,981.6111731799458
16,126,976.94446,981.7073168173217
16,127,976.9757,981.802156154392
16,128,977.0066,981.89563541927
16,129,977.0372,981.9876988400687
16,130,977.06775,982.0782906449011
16,131,977.0981,982.167355061881
16,132,977.12854,982.2548363191212
16,133,977.1593,982.3406786447351
16,134,977.1902,982.4248262668353
16,135,977.2217,982.5072234135359
16,136,977.25354,982.5878143129496
16,137,977.286,982.6665431931896
16,138,977.3193,982.7433542823693
16,139,977.3534,982.8181918086017
16,140,977.3885,982.8910000000002
16,141,977.4246,982.9618039415283
16,142,977.4619,983.0309521455537
16,143,977.5005,983.0988739812938
16,144,977.5404,983.1659988179663
16,145,977.5817,983.2327560247896
16,146,977.62463,983.2995749709809
16,147,977.66895,983.3668850257582
16,148,977.715,983.4351155583397
16,149,977.76294,983.5046959379429
16,150,977.8126,983.5760555337854
16,151,977.8642,983.6496237150851
16,152,977.91797,983.7258298510602
16,153,977.9737,983.8051033109281
16,154,978.03174,983.8878734639071
16,155,978.092,983.9745696792144
16,156,978.15466,984.0656213260684
16,157,978.21985,984.1614577736865
16,158,978.28754,984.2625083912866
16,159,978.35785,984.3692025480865
16,160,978.43097,984.4819696133043
16,161,978.50684,984.6012389561575
16,162,978.5857,984.727439945864
16,163,978.6676,984.8610019516418
16,164,978.75244,985.0023543427086
16,165,978.84064,985.151926488282
16,166,978.9318,985.3101477575801
16,167,979.0266,985.4774475198207
16,168,979.1248,985.6542551442213
16,169,979.2265,985.8410000000001
16,170,979.3317,986.0379701073407
16,171,979.4435,986.2448880902894
16,172,979.5706,986.4613352238591
16,173,979.7188,986.6868927830621
16,174,979.88715,986.9211420429111
16,175,980.07465,987.1636642784184
16,176,980.2804,987.4140407645968
16,177,980.5034,987.6718527764584
16,178,980.7426,987.9366815890162
16,179,980.9971,988.2081084772824
16,180,981.26587,988.4857147162693
16,181,981.548,988.7690815809896
16,182,981.8424,989.0577903464562
16,183,982.14813,989.351422287681
16,184,982.46436,989.6495586796768
16,185,982.7899,989.9517807974561
16,186,983.12396,990.2576699160314
16,187,983.4654,990.5668073104151
16,188,983.8134,990.87877425562
16,189,984.16675,991.1931520266581
16,190,984.5248,991.5095218985424
16,191,984.8863,991.8274651462851
16,192,985.25037,992.1465630448992
16,193,985.616,992.4663968693962
16,194,985.9823,992.7865478947898
16,195,986.34827,993.1065973960915
16,196,986.7129,993.4261266483144
16,197,987.07513,993.7447169264708
16,198,987.43414,994.0619495055735
16,199,987.7889,994.3774056606345
16,200,988.13837,994.6906666666669
16,201,988.48175,995.0014082230057
16,202,988.8188,995.3096837262786
16,203,989.1525,995.6156409974369
16,204,989.4852,995.919427857431
16,205,989.817,996.2211921272116
16,206,990.1477,996.5210816277296
16,207,990.47766,996.8192441799358
16,208,990.80664,997.1158276047809
16,209,991.1349,997.4109797232154
16,210,991.46234,997.7048483561904
16,211,991.78925,997.9975813246565
16,212,992.11536,998.2893264495647
16,213,992.4409,998.5802315518655
16,214,992.7659,998.8704444525093
16,215,993.0904,999.1601129724475
16,216,993.4144,999.4493849326306
16,217,993.7381,999.7384081540096
16,218,994.06134,1000.0273304575351
16,219,994.3844,1000.316299664157
16,220,994.7071,1000.6054635948279
16,221,995.02954,1000.894970070496
16,222,995.35187,1001.1849669121149
16,223,995.6741,1001.475601940634
16,224,995.9962,1001.767022977003
16,225,996.3183,1002.0593778421749
16,226,996.6405,1002.352814357099
16,227,996.9628,1002.6474803427249
16,228,997.28516,1002.943523620006
16,229,997.6078,1003.241092009892
16,230,997.9305,1003.5403333333331
16,231,998.2536,1003.8413261588049
16,232,998.5766,1004.1438720448781
16,233,998.89856,1004.447703297647
16,234,999.2189,1004.7525522232081
16,235,999.5377,1005.0581511276552
16,236,999.8551,1005.364232317084
16,237,1000.1712,1005.67052809759
16,238,1000.4862,1005.976770775268
16,239,1000.8001,1006.282692656212
16,240,1001.11316,1006.5880260465191
16,241,1001.42535,1006.892503252283
16,242,1001.7369,1007.195856579599
16,243,1002.04785,1007.4978183345629
16,244,1002.3585,1007.798120823269
16,245,1002.66876,1008.0964963518121
16,246,1002.9787,1008.3926772262881
16,247,1003.2887,1008.686395752792
16,248,1003.59875,1008.9773842374179
16,249,1003.90894,1009.265374986262
16,250,1004.2195,1009.55010030542
16,251,1004.53046,1009.831292500985
16,252,1004.8419,1010.108683879053
16,253,1005.15405,1010.38200674572
16,254,1005.4671,1010.6509934070801
16,255,1005.781,1010.915376169228
16,256,1006.0959,1011.17488733826
16,257,1006.4119,1011.429259220271
16,258,1006.7293,1011.678224121355
16,259,1007.04816,1011.921514347608
16,260,1007.36847,1012.158862205124
16,261,1007.6904,1012.39
16,262,1008.01416,1012.614756012665
16,263,1008.3394,1012.83334242089
16,264,1008.6654,1013.0460673767819
16,265,1008.9915,1013.253239032446
16,266,1009.31775,1013.45516553999
16,267,1009.64435,1013.652155051519
16,268,1009.9713,1013.844515719139
16,269,1010.2988,1014.032555694957
16,270,1010.6269,1014.216583131078
16,271,1010.95557,1014.39690617961
16,272,1011.2849,1014.573832992659
16,273,1011.6151,1014.74767172233
16,274,1011.9462,1014.9187305207302
16,275,1012.2783,1015.087317539965
16,276,1012.6114,1015.2537409321421
16,277,1012.94556,1015.418308849366
16,278,1013.2811,1015.5813294437442
16,279,1013.61786,1015.743110867382
16,280,1013.95593,1015.903961272387
16,281,1014.2956,1016.0641888108642
16,282,1014.63666,1016.22410163492
16,283,1014.97943,1016.384007896661
16,284,1015.3239,1016.544215748193
16,285,1015.6701,1016.705033341623
16,286,1016.0181,1016.866768829057
16,287,1016.3682,1017.0297303625999
16,288,1016.7203,1017.19422609436
16,289,1017.07434,1017.360564176443
16,290,1017.43066,1017.529052760954
17,0,967.51514,974.5997115224653
17,1,967.6195,974.6390724568952
17,2,967.7252,974.6779991335238
17,3,967.83203,974.7165080400766
17,4,967.93994,974.7546156642793
17,5,968.0489,974.7923384938564
17,6,968.15857,974.8296930165335
17,7,968.269,974.8666957200356
17,8,968.38007,974.9033630920887
17,9,968.4916,974.939711620417
17,10,968.6034,974.9757577927465
17,11,968.7155,975.0115180968023
17,12,968.8277,975.0470090203094
17,13,968.93994,975.0822470509929
17,14,969.05206,975.1172486765788
17,15,969.1639,975.1520303847916
17,16,969.2754,975.1866086633571
17,17,969.3864,975.2210000000001
17,18,969.4968,975.2552148952259
17,19,969.6083,975.2892399006599
17,20,969.72595,975.3230555807072
17,21,969.85333,975.3566424997728
17,22,969.9898,975.389981222262
17,23,970.13464,975.42305231258
17,24,970.2874,975.4558363351321
17,25,970.4475,975.4883138543231
17,26,970.61414,975.5204654345584
17,27,970.7868,975.5522716402432
17,28,970.965,975.5837130357826
17,29,971.14795,975.6147701855818
17,30,971.3351,975.6454236540461
17,31,971.5259,975.6756540055802
17,32,971.71967,975.7054418045897
17,33,971.91583,975.7347676154797
17,34,972.1138,975.7636120026553
17,35,972.31287,975.7919555305218
17,36,972.5126,975.819778763484
17,37,972.71234,975.8470622659476
17,38,972.91125,975.8737866023174
17,39,973.10913,975.899932336999
17,40,973.305,975.9254800343967
17,41,973.49854,975.9504102589166
17,42,973.689,975.9747035749632
17,43,973.8759,975.998340546942
17,44,974.05835,976.0213017392583
17,45,974.23615,976.043567716317
17,46,974.4084,976.0651190425235
17,47,974.57465,976.0859362822828
17,48,974.73413,976.1059999999999
17,49,974.88654,976.1253177925533
17,50,975.03357,976.1440053867123
17,51,975.1832,976.1622055417198
17,52,975.3407,976.1800610168182
17,53,975.50507,976.19771457125
17,54,975.6757,976.2153089642578
17,55,975.8516,976.2329869550846
17,56,976.03204,976.2508913029724
17,57,976.2161,976.2691647671642
17,58,976.4031,976.2879501069023
17,59,976.59204,976.3073900814296
17,60,976.78217,976.3276274499883
17,61,976.97284,976.3488049718213
17,62,977.1629,976.371065406171
17,63,977.3518,976.3945515122804
17,64,977.5387,976.4194060493915
17,65,977.7227,976.4457717767472
17,66,977.90295,976.4737914535899
17,67,978.0787,976.5036078391626
17,68,978.24915,976.5353636927072
17,69,978.4135,976.569201773467
17,70,978.57086,976.6052648406841
17,71,978.7205,976.6436956536012
17,72,978.86163,976.684636971461
17,73,978.9934,976.728231553506
17,74,979.1149,976.7746221589788
17,75,979.22546,976.8239515471221
17,76,979.3242,976.8763624771782
17,77,979.41034,976.9319977083901
17,78,979.48303,976.991
17,79,979.54156,977.0534675331088
17,80,979.58765,977.1193201762495
17,81,979.6292,977.1884332198136
17,82,979.6721,977.2606819541923
17,83,979.71643,977.3359416697765
17,84,979.76196,977.414087656958
17,85,979.8087,977.4949952061278
17,86,979.8566,977.5785396076772
17,87,979.90576,977.6645961519973
17,88,979.95593,977.7530401294802
17,89,980.00714,977.8437468305158
17,90,980.0593,977.9365915454963
17,91,980.11255,978.0314495648126
17,92,980.1666,978.1281961788563
17,93,980.2216,978.2267066780184
17,94,980.27734,978.3268563526904
17,95,980.3339,978.4285204932632
17,96,980.3911,978.5315743901284
17,97,980.4491,978.6358933336771
17,98,980.5076,978.7413526143008
17,99,980.5668,978.8478275223904
17,100,980.62646,978.9551933483373
17,101,980.6867,979.0633253825329
17,102,980.7474,979.1720989153682
17,103,980.80835,979.2813892372352
17,104,980.86975,979.3910716385241
17,105,980.93134,979.5010214096268
17,106,980.9934,979.6111138409344
17,107,981.0556,979.7212242228384
17,108,981.1179,979.8312278457298
17,109,981.1805,979.941
17,110,981.243,980.0504274656605
17,111,981.30536,980.1594429812043
17,112,981.36676,980.2679907747444
17,113,981.4265,980.3760150743943
17,114,981.4849,980.4834601082667
17,115,981.54193,980.5902701044756
17,116,981.5976,980.6963892911332
17,117,981.652,980.8017618963535
17,118,981.7052,980.9063321482495
17,119,981.75726,981.0100442749341
17,120,981.8082,981.1128425045208
17,121,981.85815,981.2146710651225
17,122,981.90717,981.3154741848527
17,123,981.95526,981.4151960918248
17,124,982.00244,981.5137810141514
17,125,982.04895,981.6111731799458
17,126,982.0948,981.7073168173217
17,127,982.13983,981.802156154392
17,128,982.18445,981.89563541927
17,129,982.22845,981.9876988400687
17,130,982.27203,982.0782906449011
17,131,982.3152,982.167355061881
17,132,982.35803,982.2548363191212
17,133,982.4006,982.3406786447351
17,134,982.44293,982.4248262668353
17,135,982.48517,982.5072234135359
17,136,982.5273,982.5878143129496
17,137,982.5694,982.6665431931896
17,138,982.6116,982.7433542823693
17,139,982.65375,982.8181918086017
17,140,982.6962,982.8910000000002
17,141,982.73883,982.9618039415283
17,142,982.7818,983.0309521455537
17,143,982.8251,983.0988739812938
17,144,982.8689,983.1659988179663
17,145,982.9134,983.2327560247896
17,146,982.9588,983.2995749709809
17,147,983.0053,983.3668850257582
17,148,983.053,983.4351155583397
17,149,983.1022,983.5046959379429
17,150,983.15283,983.5760555337854
17,151,983.2054,983.6496237150851
17,152,983.2598,983.7258298510602
17,153,983.31647,983.8051033109281
17,154,983.37537,983.8878734639071
17,155,983.43677,983.9745696792144
17,156,983.50085,984.0656213260684
17,157,983.5678,984.1614577736865
17,158,983.6378,984.2625083912866
17,159,983.711,984.3692025480865
17,160,983.78766,984.4819696133043
17,161,983.8678,984.6012389561575
17,162,983.95166,984.727439945864
17,163,984.0396,984.8610019516418
17,164,984.1316,985.0023543427086
17,165,984.2278,985.151926488282
17,166,984.32855,985.3101477575801
17,167,984.43396,985.4774475198207
17,168,984.54407,985.6542551442213
17,169,984.65924,985.8410000000001
17,170,984.7796,986.0379701073407
17,171,984.90735,986.2448880902894
17,172,985.0494,986.4613352238591
17,173,985.2097,986.6868927830621
17,174,985.38776,986.9211420429111
17,175,985.5824,987.1636642784184
17,176,985.7929,987.4140407645968
17,177,986.0185,987.6718527764584
17,178,986.2581,987.9366815890162
17,179,986.51117,988.2081084772824
17,180,986.7766,988.4857147162693
17,181,987.0538,988.7690815809896
17,182,987.3417,989.0577903464562
17,183,987.63947,989.351422287681
17,184,987.9464,989.6495586796768
17,185,988.2616,989.9517807974561
17,186,988.5841,990.2576699160314
17,187,988.9132,990.5668073104151
17,188,989.248,990.87877425562
17,189,989.58765,991.1931520266581
17,190,989.93134,991.5095218985424
17,191,990.2783,991.8274651462851
17,192,990.62756,992.1465630448992
17,193,990.9782,992.4663968693962
17,194,991.3296,992.7865478947898
17,195,991.6808,993.1065973960915
17,196,992.03094,993.4261266483144
17,197,992.3793,993.7447169264708
17,198,992.7249,994.0619495055735
17,199,993.06696,994.3774056606345
17,200,993.40485,994.6906666666669
17,201,993.73724,995.0014082230057
17,202,994.06464,995.3096837262786
17,203,994.3888,995.6156409974369
17,204,994.7116,995.919427857431
17,205,995.03296,996.2211921272116
17,206,995.3531,996.5210816277296
17,207,995.67194,996.8192441799358
17,208,995.98975,997.1158276047809
17,209,996.30634,997.4109797232154
17,210,996.6219,997.7048483561904
17,211,996.9366,997.9975813246565
17,212,997.25024,998.2893264495647
17,213,997.5631,998.5802315518655
17,214,997.8751,998.8704444525093
17,215,998.18646,999.1601129724475
17,216,998.4972,999.4493849326306
17,217,998.80725,999.7384081540096
17,218,999.11676,1000.0273304575351
17,219,999.42584,1000.316299664157
17,220,999.73444,1000.6054635948279
17,221,1000.04266,1000.894970070496
17,222,1000.3507,1001.1849669121149
17,223,1000.6584,1001.475601940634
17,224,1000.96594,1001.767022977003
17,225,1001.27344,1002.0593778421749
17,226,1001.58093,1002.352814357099
17,227,1001.88837,1002.6474803427249
17,228,1002.1958,1002.943523620006
17,229,1002.5034,1003.241092009892
17,230,1002.8113,1003.5403333333331
17,231,1003.1194,1003.8413261588049
17,232,1003.4276,1004.1438720448781
17,233,1003.73517,1004.447703297647
17,234,1004.0417,1004.7525522232081
17,235,1004.34717,1005.0581511276552
17,236,1004.6518,1005.364232317084
17,237,1004.95544,1005.67052809759
17,238,1005.2583,1005.976770775268
17,239,1005.56036,1006.282692656212
17,240,1005.86163,1006.5880260465191
17,241,1006.16235,1006.892503252283
17,242,1006.46234,1007.195856579599
17,243,1006.7618,1007.4978183345629
17,244,1007.0608,1007.798120823269
17,245,1007.3593,1008.0964963518121
17,246,1007.6574,1008.3926772262881
17,247,1007.95526,1008.686395752792
17,248,1008.2528,1008.9773842374179
17,249,1008.55005,1009.265374986262
17,250,1008.8473,1009.55010030542
17,251,1009.1444,1009.831292500985
17,252,1009.4415,1010.108683879053
17,253,1009.73865,1010.38200674572
17,254,1010.03577,1010.6509934070801
17,255,1010.3331,1010.915376169228
17,256,1010.63074,1011.17488733826
17,257,1010.92865,1011.429259220271
17,258,1011.22687,1011.678224121355
17,259,1011.5254,1011.921514347608
17,260,1011.82446,1012.158862205124
17,261,1012.12396,1012.39
17,262,1012.424,1012.614756012665
17,263,1012.7246,1012.83334242089
17,264,1013.0247,1013.0460673767819
17,265,1013.32446,1013.253239032446
17,266,1013.62366,1013.45516553999
17,267,1013.9224,1013.652155051519
17,268,1014.22095,1013.844515719139
17,269,1014.51917,1014.032555694957
17,270,1014.81744,1014.216583131078
17,271,1015.11554,1014.39690617961
17,272,1015.41376,1014.573832992659
17,273,1015.7121,1014.74767172233
17,274,1016.0106,1014.9187305207302
17,275,1016.3095,1015.087317539965
17,276,1016.6087,1015.2537409321421
17,277,1016.9085,1015.418308849366
17,278,1017.20874,1015.5813294437442
17,279,1017.5097,1015.743110867382
17,280,1017.81146,1015.903961272387
17,281,1018.11395,1016.0641888108642
17,282,1018.4173,1016.22410163492
17,283,1018.72174,1016.384007896661
17,284,1019.02716,1016.544215748193
17,285,1019.33374,1016.705033341623
17,286,1019.6415,1016.866768829057
17,287,1019.95056,1017.0297303625999
17,288,1020.26105,1017.19422609436
17,289,1020.5729,1017.360564176443
17,290,1020.88635,1017.529052760954
18,0,965.29736,974.5997115224653
18,1,965.39685,974.6390724568952
18,2,965.498,974.6779991335238
18,3,965.60065,974.7165080400766
18,4,965.70483,974.7546156642793
18,5,965.8105,974.7923384938564
18,6,965.9175,974.8296930165335
18,7,966.02576,974.8666957200356
18,8,966.13544,974.9033630920887
18,9,966.2463,974.939711620417
18,10,966.3582,974.9757577927465
18,11,966.4713,975.0115180968023
18,12,966.5855,975.0470090203094
18,13,966.7007,975.0822470509929
18,14,966.81683,975.1172486765788
18,15,966.9338,975.1520303847916
18,16,967.05164,975.1866086633571
18,17,967.1702,975.2210000000001
18,18,967.2897,975.2552148952259
18,19,967.4118,975.2892399006599
18,20,967.54395,975.3230555807072
18,21,967.6903,975.3566424997728
18,22,967.85004,975.389981222262
18,23,968.0225,975.42305231258
18,24,968.20667,975.4558363351321
18,25,968.4017,975.4883138543231
18,26,968.6068,975.5204654345584
18,27,968.8212,975.5522716402432
18,28,969.044,975.5837130357826
18,29,969.2744,975.6147701855818
18,30,969.5115,975.6454236540461
18,31,969.7544,975.6756540055802
18,32,970.0024,975.7054418045897
18,33,970.2546,975.7347676154797
18,34,970.51013,975.7636120026553
18,35,970.76825,975.7919555305218
18,36,971.02795,975.819778763484
18,37,971.28864,975.8470622659476
18,38,971.54926,975.8737866023174
18,39,971.80914,975.899932336999
18,40,972.06726,975.9254800343967
18,41,972.323,975.9504102589166
18,42,972.5754,975.9747035749632
18,43,972.82355,975.998340546942
18,44,973.06683,976.0213017392583
18,45,973.30426,976.043567716317
18,46,973.53503,976.0651190425235
18,47,973.7583,976.0859362822828
18,48,973.97327,976.1059999999999
18,49,974.1791,976.1253177925533
18,50,974.3784,976.1440053867123
18,51,974.5818,976.1622055417198
18,52,974.79626,976.1800610168182
18,53,975.0205,976.19771457125
18,54,975.2535,976.2153089642578
18,55,975.4938,976.2329869550846
18,56,975.7404,976.2508913029724
18,57,975.99207,976.2691647671642
18,58,976.24744,976.2879501069023
18,59,976.50555,976.3073900814296
18,60,976.76495,976.3276274499883
18,61,977.0247,976.3488049718213
18,62,977.2834,976.371065406171
18,63,977.5399,976.3945515122804
18,64,977.79315,976.4194060493915
18,65,978.04175,976.4457717767472
18,66,978.2845,976.4737914535899
18,67,978.52045,976.5036078391626
18,68,978.7482,976.5353636927072
18,69,978.9667,976.569201773467
18,70,979.1746,976.6052648406841
18,71,979.3708,976.6436956536012
18,72,979.55414,976.684636971461
18,73,979.7234,976.728231553506
18,74,979.8774,976.7746221589788
18,75,980.0149,976.8239515471221
18,76,980.1348,976.8763624771782
18,77,980.23584,976.9319977083901
18,78,980.3169,976.991
18,79,980.3767,977.0534675331088
18,80,980.4178,977.1193201762495
18,81,980.45154,977.1884332198136
18,82,980.48645,977.2606819541923
18,83,980.5227,977.3359416697765
18,84,980.5599,977.414087656958
18,85,980.5982,977.4949952061278
18,86,980.6375,977.5785396076772
18,87,980.67786,977.6645961519973
18,88,980.71906,977.7530401294802
18,89,980.7612,977.8437468305158
18,90,980.80426,977.9365915454963
18,91,980.84814,978.0314495648126
18,92,980.89276,978.1281961788563
18,93,980.9382,978.2267066780184
18,94,980.98425,978.3268563526904
18,95,981.0309,978.4285204932632
18,96,981.07825,978.5315743901284
18,97,981.1262,978.6358933336771
18,98,981.1746,978.7413526143008
18,99,981.2236,978.8478275223904
18,100,981.273,978.9551933483373
18,101,981.3228,979.0633253825329
18,102,981.3729,979.1720989153682
18,103,981.42346,979.2813892372352
18,104,981.4743,979.3910716385241
18,105,981.5253,979.5010214096268
18,106,981.57666,979.6111138409344
18,107,981.62805,979.7212242228384
18,108,981.6796,979.8312278457298
18,109,981.7313,979.941
18,110,981.78296,980.0504274656605
18,111,981.8345,980.1594429812043
18,112,981.8848,980.2679907747444
18,113,981.9336,980.3760150743943
18,114,981.9809,980.4834601082667
18,115,982.0268,980.5902701044756
18,116,982.07135,980.6963892911332
18,117,982.1146,980.8017618963535
18,118,982.15674,980.9063321482495
18,119,982.1977,981.0100442749341
18,120,982.2376,981.1128425045208
18,121,982.27655,981.2146710651225
18,122,982.3147,981.3154741848527
18,123,982.35187,981.4151960918248
18,124,982.3884,981.5137810141514
18,125,982.4243,981.6111731799458
18,126,982.45966,981.7073168173217
18,127,982.49445,981.802156154392
18,128,982.5289,981.89563541927
18,129,982.5628,981.9876988400687
18,130,982.59644,982.0782906449011
18,131,982.63007,982.167355061881
18,132,982.66345,982.2548363191212
18,133,982.6968,982.3406786447351
18,134,982.7302,982.4248262668353
18,135,982.7637,982.5072234135359
18,136,982.79736,982.5878143129496
18,137,982.8313,982.6665431931896
18,138,982.8655,982.7433542823693
18,139,982.90015,982.8181918086017
18,140,982.9353,982.8910000000002
18,141,982.97107,982.9618039415283
18,142,983.0073,983.0309521455537
18,143,983.0443,983.0988739812938
18,144,983.08215,983.1659988179663
18,145,983.12085,983.2327560247896
18,146,983.1605,983.2995749709809
18,147,983.20135,983.3668850257582
18,148,983.24347,983.4351155583397
18,149,983.2869,983.5046959379429
18,150,983.3319,983.5760555337854
18,151,983.37854,983.6496237150851
18,152,983.42694,983.7258298510602
18,153,983.4772,983.8051033109281
18,154,983.52936,983.8878734639071
18,155,983.58374,983.9745696792144
18,156,983.64026,984.0656213260684
18,157,983.6993,984.1614577736865
18,158,983.7607,984.2625083912866
18,159,983.8247,984.3692025480865
18,160,983.8915,984.4819696133043
18,161,983.961,984.6012389561575
18,162,984.03357,984.727439945864
18,163,984.10925,984.8610019516418
18,164,984.1881,985.0023543427086
18,165,984.27026,985.151926488282
18,166,984.3559,985.3101477575801
18,167,984.4452,985.4774475198207
18,168,984.538,985.6542551442213
18,169,984.63477,985.8410000000001
18,170,984.7355,986.0379701073407
18,171,984.8431,986.2448880902894
18,172,984.9672,986.4613352238591
18,173,985.114,986.6868927830621
18,174,985.2824,986.9211420429111
18,175,985.4714,987.1636642784184
18,176,985.6798,987.4140407645968
18,177,985.9065,987.6718527764584
18,178,986.1506,987.9366815890162
18,179,986.4108,988.2081084772824
18,180,986.6862,988.4857147162693
18,181,986.9757,988.7690815809896
18,182,987.2782,989.0577903464562
18,183,987.5926,989.351422287681
18,184,987.91785,989.6495586796768
18,185,988.2528,989.9517807974561
18,186,988.5965,990.2576699160314
18,187,988.94775,990.5668073104151
18,188,989.30566,990.87877425562
18,189,989.6689,991.1931520266581
18,190,990.0367,991.5095218985424
18,191,990.40784,991.8274651462851
18,192,990.78107,992.1465630448992
18,193,991.1557,992.4663968693962
18,194,991.5304,992.7865478947898
18,195,991.90424,993.1065973960915
18,196,992.2761,993.4261266483144
18,197,992.6448,993.7447169264708
18,198,993.0095,994.0619495055735
18,199,993.3691,994.3774056606345
18,200,993.7224,994.6906666666669
18,201,994.0685,995.0014082230057
18,202,994.4074,995.3096837262786
18,203,994.7425,995.6156409974369
18,204,995.0763,995.919427857431
18,205,995.4092,996.2211921272116
18,206,995.74115,996.5210816277296
18,207,996.07184,996.8192441799358
18,208,996.40186,997.1158276047809
18,209,996.73096,997.4109797232154
18,210,997.05914,997.7048483561904
18,211,997.38654,997.9975813246565
18,212,997.71326,998.2893264495647
18,213,998.0393,998.5802315518655
18,214,998.3648,998.8704444525093
18,215,998.68964,999.1601129724475
18,216,999.014,999.4493849326306
18,217,999.33777,999.7384081540096
18,218,999.66125,1000.0273304575351
18,219,999.9843,1000.316299664157
18,220,1000.307,1000.6054635948279
18,221,1000.6296,1000.894970070496
18,222,1000.95184,1001.1849669121149
18,223,1001.27386,1001.475601940634
18,224,1001.5958,1001.767022977003
18,225,1001.9177,1002.0593778421749
18,226,1002.23956,1002.352814357099
18,227,1002.56146,1002.6474803427249
18,228,1002.8835,1002.943523620006
18,229,1003.2055,1003.241092009892
18,230,1003.52783,1003.5403333333331
18,231,1003.85034,1003.8413261588049
18,232,1004.17303,1004.1438720448781
18,233,1004.4958,1004.447703297647
18,234,1004.8189,1004.7525522232081
18,235,1005.142,1005.0581511276552
18,236,1005.4651,1005.364232317084
18,237,1005.78815,1005.67052809759
18,238,1006.1109,1005.976770775268
18,239,1006.4334,1006.282692656212
18,240,1006.75555,1006.5880260465191
18,241,1007.0773,1006.892503252283
18,242,1007.3983,1007.195856579599
18,243,1007.7187,1007.4978183345629
18,244,1008.03845,1007.798120823269
18,245,1008.35724,1008.0964963518121
18,246,1008.6752,1008.3926772262881
18,247,1008.992,1008.686395752792
18,248,1009.3079,1008.9773842374179
18,249,1009.6225,1009.265374986262
18,250,1009.936,1009.55010030542
18,251,1010.24805,1009.831292500985
18,252,1010.55865,1010.108683879053
18,253,1010.86786,1010.38200674572
18,254,1011.1755,1010.6509934070801
18,255,1011.48126,1010.915376169228
18,256,1011.7855,1011.17488733826
18,257,1012.0878,1011.429259220271
18,258,1012.3882,1011.678224121355
18,259,1012.6865,1011.921514347608
18,260,1012.98285,1012.158862205124
18,261,1013.27704,1012.39
18,262,1013.569,1012.614756012665
18,263,1013.8584,1012.83334242089
18,264,1014.14545,1013.0460673767819
18,265,1014.4305,1013.253239032446
18,266,1014.7134,1013.45516553999
18,267,1014.9943,1013.652155051519
18,268,1015.27344,1013.844515719139
18,269,1015.5506,1014.032555694957
18,270,1015.8262,1014.216583131078
18,271,1016.10004,1014.39690617961
18,272,1016.3724,1014.573832992659
18,273,1016.6432,1014.74767172233
18,274,1016.91254,1014.9187305207302
18,275,1017.18066,1015.087317539965
18,276,1017.44745,1015.2537409321421
18,277,1017.7131,1015.418308849366
18,278,1017.9776,1015.5813294437442
18,279,1018.241,1015.743110867382
18,280,1018.50354,1015.903961272387
18,281,1018.7651,1016.0641888108642
18,282,1019.0259,1016.22410163492
18,283,1019.2859,1016.384007896661
18,284,1019.5452,1016.544215748193
18,285,1019.804,1016.705033341623
18,286,1020.0622,1016.866768829057
18,287,1020.3199,1017.0297303625999
18,288,1020.5772,1017.19422609436
18,289,1020.8343,1017.360564176443
18,290,1021.0909,1017.529052760954
19,0,964.7708,974.5997115224653
19,1,964.8712,974.6390724568952
19,2,964.97284,974.6779991335238
19,3,965.0755,974.7165080400766
19,4,965.1791,974.7546156642793
19,5,965.28345,974.7923384938564
19,6,965.3887,974.8296930165335
19,7,965.4945,974.8666957200356
19,8,965.60114,974.9033630920887
19,9,965.7082,974.939711620417
19,10,965.81573,974.9757577927465
19,11,965.92365,975.0115180968023
19,12,966.03186,975.0470090203094
19,13,966.14026,975.0822470509929
19,14,966.24896,975.1172486765788
19,15,966.35767,975.1520303847916
19,16,966.46625,975.1866086633571
19,17,966.5748,975.2210000000001
19,18,966.6833,975.2552148952259
19,19,966.79315,975.2892399006599
19,20,966.90985,975.3230555807072
19,21,967.03674,975.3566424997728
19,22,967.1732,975.389981222262
19,23,967.3186,975.42305231258
19,24,967.4723,975.4558363351321
19,25,967.63367,975.4883138543231
19,26,967.8022,975.5204654345584
19,27,967.9771,975.5522716402432
19,28,968.1579,975.5837130357826
19,29,968.3439,975.6147701855818
19,30,968.53455,975.6454236540461
19,31,968.7292,975.6756540055802
19,32,968.92725,975.7054418045897
19,33,969.1279,975.7347676154797
19,34,969.331,975.7636120026553
19,35,969.5354,975.7919555305218
19,36,969.7408,975.819778763484
19,37,969.9465,975.8470622659476
19,38,970.15186,975.8737866023174
19,39,970.35626,975.899932336999
19,40,970.5592,975.9254800343967
19,41,970.75995,975.9504102589166
19,42,970.95795,975.9747035749632
19,43,971.1525,975.998340546942
19,44,971.34326,976.0213017392583
19,45,971.52936,976.043567716317
19,46,971.71014,976.0651190425235
19,47,971.88525,976.0859362822828
19,48,972.0538,976.1059999999999
19,49,972.2153,976.1253177925533
19,50,972.37195,976.1440053867123
19,51,972.53174,976.1622055417198
19,52,972.7,976.1800610168182
19,53,972.8757,976.19771457125
19,54,973.05804,976.2153089642578
19,55,973.2461,976.2329869550846
19,56,973.43896,976.2508913029724
19,57,973.63574,976.2691647671642
19,58,973.8356,976.2879501069023
19,59,974.03754,976.3073900814296
19,60,974.2408,976.3276274499883
19,61,974.44446,976.3488049718213
19,62,974.6476,976.371065406171
19,63,974.8493,976.3945515122804
19,64,975.0487,976.4194060493915
19,65,975.24493,976.4457717767472
19,66,975.43726,976.4737914535899
19,67,975.62445,976.5036078391626
19,68,975.8059,976.5353636927072
19,69,975.98065,976.569201773467
19,70,976.14777,976.6052648406841
19,71,976.30646,976.6436956536012
19,72,976.4558,976.684636971461
19,73,976.5949,976.728231553506
19,74,976.7229,976.7746221589788
19,75,976.83887,976.8239515471221
19,76,976.942,976.8763624771782
19,77,977.0314,976.9319977083901
19,78,977.106,976.991
19,79,977.1652,977.0534675331088
19,80,977.2109,977.1193201762495
19,81,977.2518,977.1884332198136
19,82,977.29407,977.2606819541923
19,83,977.33765,977.3359416697765
19,84,977.3824,977.414087656958
19,85,977.4285,977.4949952061278
19,86,977.4758,977.5785396076772
19,87,977.5243,977.6645961519973
19,88,977.5738,977.7530401294802
19,89,977.6243,977.8437468305158
19,90,977.6759,977.9365915454963
19,91,977.72845,978.0314495648126
19,92,977.7819,978.1281961788563
19,93,977.83624,978.2267066780184
19,94,977.8913,978.3268563526904
19,95,977.9472,978.4285204932632
19,96,978.0038,978.5315743901284
19,97,978.06116,978.6358933336771
19,98,978.119,978.7413526143008
19,99,978.17755,978.8478275223904
19,100,978.2366,978.9551933483373
19,101,978.29614,979.0633253825329
19,102,978.3561,979.1720989153682
19,103,978.41644,979.2813892372352
19,104,978.4772,979.3910716385241
19,105,978.53815,979.5010214096268
19,106,978.5995,979.6111138409344
19,107,978.66095,979.7212242228384
19,108,978.7226,979.8312278457298
19,109,978.7844,979.941
19,110,978.84625,980.0504274656605
19,111,978.908,980.1594429812043
19,112,978.9688,980.2679907747444
19,113,979.0284,980.3760150743943
19,114,979.0867,980.4834601082667
19,115,979.14386,980.5902701044756
19,116,979.1999,980.6963892911332
19,117,979.25476,980.8017618963535
19,118,979.30865,980.9063321482495
19,119,979.3615,981.0100442749341
19,120,979.41345,981.1128425045208
19,121,979.46436,981.2146710651225
19,122,979.51447,981.3154741848527
19,123,979.5637,981.4151960918248
19,124,979.61224,981.5137810141514
19,125,979.66003,981.6111731799458
19,126,979.707,981.7073168173217
19,127,979.7535,981.802156154392
19,128,979.7992,981.89563541927
19,129,979.8444,981.9876988400687
19,130,979.8891,982.0782906449011
19,131,979.9333,982.167355061881
19,132,979.9771,982.2548363191212
19,133,980.02057,982.3406786447351
19,134,980.0637,982.4248262668353
19,135,980.1064,982.5072234135359
19,136,980.149,982.5878143129496
19,137,980.1913,982.6665431931896
19,138,980.2335,982.7433542823693
19,139,980.2756,982.8181918086017
19,140,980.3176,982.8910000000002
19,141,980.35956,982.9618039415283
19,142,980.40155,983.0309521455537
19,143,980.44366,983.0988739812938
19,144,980.486,983.1659988179663
19,145,980.5288,983.2327560247896
19,146,980.57227,983.2995749709809
19,147,980.6165,983.3668850257582
19,148,980.66187,983.4351155583397
19,149,980.70844,983.5046959379429
19,150,980.75635,983.5760555337854
19,151,980.80597,983.6496237150851
19,152,980.85736,983.7258298510602
19,153,980.91077,983.8051033109281
19,154,980.9664,983.8878734639071
19,155,981.0244,983.9745696792144
19,156,981.08496,984.0656213260684
19,157,981.1483,984.1614577736865
19,158,981.2147,984.2625083912866
19,159,981.2841,984.3692025480865
19,160,981.35706,984.4819696133043
19,161,981.4335,984.6012389561575
19,162,981.51373,984.727439945864
19,163,981.59784,984.8610019516418
19,164,981.6861,985.0023543427086
19,165,981.7786,985.151926488282
19,166,981.87573,985.3101477575801
19,167,981.97754,985.4774475198207
19,168,982.08435,985.6542551442213
19,169,982.19604,985.8410000000001
19,170,982.3133,986.0379701073407
19,171,982.4381,986.2448880902894
19,172,982.5781,986.4613352238591
19,173,982.73755,986.6868927830621
19,174,982.91547,986.9211420429111
19,175,983.111,987.1636642784184
19,176,983.3234,987.4140407645968
19,177,983.5516,987.6718527764584
19,178,983.7946,987.9366815890162
19,179,984.05176,988.2081084772824
19,180,984.32184,988.4857147162693
19,181,984.6042,988.7690815809896
19,182,984.89777,989.0577903464562
19,183,985.2018,989.351422287681
19,184,985.51514,989.6495586796768
19,185,985.8371,989.9517807974561
19,186,986.16675,990.2576699160314
19,187,986.50305,990.5668073104151
19,188,986.84515,990.87877425562
19,189,987.19226,991.1931520266581
19,190,987.54333,991.5095218985424
19,191,987.8975,991.8274651462851
19,192,988.25397,992.1465630448992
19,193,988.61163,992.4663968693962
19,194,988.96985,992.7865478947898
19,195,989.32745,993.1065973960915
19,196,989.6837,993.4261266483144
19,197,990.03766,993.7447169264708
19,198,990.38837,994.0619495055735
19,199,990.7351,994.3774056606345
19,200,991.0768,994.6906666666669
19,201,991.4126,995.0014082230057
19,202,991.7427,995.3096837262786
19,203,992.0694,995.6156409974369
19,204,992.3946,995.919427857431
19,205,992.71844,996.2211921272116
19,206,993.0411,996.5210816277296
19,207,993.3624,996.8192441799358
19,208,993.6826,997.1158276047809
19,209,994.0017,997.4109797232154
19,210,994.31976,997.7048483561904
19,211,994.63684,997.9975813246565
19,212,994.95294,998.2893264495647
19,213,995.26825,998.5802315518655
19,214,995.5829,998.8704444525093
19,215,995.89655,999.1601129724475
19,216,996.2097,999.4493849326306
19,217,996.5223,999.7384081540096
19,218,996.8342,1000.0273304575351
19,219,997.1457,1000.316299664157
19,220,997.4568,1000.6054635948279
19,221,997.7675,1000.894970070496
19,222,998.07794,1001.1849669121149
19,223,998.3882,1001.475601940634
19,224,998.69824,1001.767022977003
19,225,999.0081,1002.0593778421749
19,226,999.31805,1002.352814357099
19,227,999.6279,1002.6474803427249
19,228,999.9379,1002.943523620006
19,229,1000.248,1003.241092009892
19,230,1000.55835,1003.5403333333331
19,231,1000.8689,1003.8413261588049
19,232,1001.17975,1004.1438720448781
19,233,1001.4909,1004.447703297647
19,234,1001.80206,1004.7525522232081
19,235,1002.1131,1005.0581511276552
19,236,1002.424,1005.364232317084
19,237,1002.73474,1005.67052809759
19,238,1003.0452,1005.976770775268
19,239,1003.3554,1006.282692656212
19,240,1003.66516,1006.5880260465191
19,241,1003.9744,1006.892503252283
19,242,1004.28326,1007.195856579599
19,243,1004.5914,1007.4978183345629
19,244,1004.8989,1007.798120823269
19,245,1005.20575,1008.0964963518121
19,246,1005.5117,1008.3926772262881
19,247,1005.81683,1008.686395752792
19,248,1006.1211,1008.9773842374179
19,249,1006.42426,1009.265374986262
19,250,1006.72644,1009.55010030542
19,251,1007.0275,1009.831292500985
19,252,1007.3274,1010.108683879053
19,253,1007.62604,1010.38200674572
19,254,1007.9234,1010.6509934070801
19,255,1008.21936,1010.915376169228
19,256,1008.51385,1011.17488733826
19,257,1008.8069,1011.429259220271
19,258,1009.09827,1011.678224121355
19,259,1009.38806,1011.921514347608
19,260,1009.67615,1012.158862205124
19,261,1009.96246,1012.39
19,262,1010.2471,1012.614756012665
19,263,1010.52966,1012.83334242089
19,264,1010.8103,1013.0460673767819
19,265,1011.0892,1013.253239032446
19,266,1011.3662,1013.45516553999
19,267,1011.64154,1013.652155051519
19,268,1011.9153,1013.844515719139
19,269,1012.18756,1014.032555694957
19,270,1012.4584,1014.216583131078
19,271,1012.72784,1014.39690617961
19,272,1012.99615,1014.573832992659
19,273,1013.26324,1014.74767172233
19,274,1013.5294,1014.9187305207302
19,275,1013.7946,1015.087317539965
19,276,1014.0589,1015.2537409321421
19,277,1014.32245,1015.418308849366
19,278,1014.5853,1015.5813294437442
19,279,1014.8476,1015.743110867382
19,280,1015.1095,1015.903961272387
19,281,1015.37085,1016.0641888108642
19,282,1015.63196,1016.22410163492
19,283,1015.8929,1016.384007896661
19,284,1016.1536,1016.544215748193
19,285,1016.41437,1016.705033341623
19,286,1016.6751,1016.866768829057
19,287,1016.936,1017.0297303625999
19,288,1017.197,1017.19422609436
19,289,1017.4585,1017.360564176443
19,290,1017.7204,1017.529052760954
20,0,966.4808,974.5997115224653
20,1,966.5797,974.6390724568952
20,2,966.68,974.6779991335238
20,3,966.78174,974.7165080400766
20,4,966.88477,974.7546156642793
20,5,966.98883,974.7923384938564
20,6,967.0942,974.8296930165335
20,7,967.20056,974.8666957200356
20,8,967.30804,974.9033630920887
20,9,967.4163,974.939711620417
20,10,967.52545,974.9757577927465
20,11,967.6354,975.0115180968023
20,12,967.74615,975.0470090203094
20,13,967.85736,975.0822470509929
20,14,967.96924,975.1172486765788
20,15,968.0816,975.1520303847916
20,16,968.19446,975.1866086633571
20,17,968.30756,975.2210000000001
20,18,968.4211,975.2552148952259
20,19,968.5367,975.2892399006599
20,20,968.6606,975.3230555807072
20,21,968.7968,975.3566424997728
20,22,968.9447,975.389981222262
20,23,969.1033,975.42305231258
20,24,969.27203,975.4558363351321
20,25,969.4501,975.4883138543231
20,26,969.6367,975.5204654345584
20,27,969.8313,975.5522716402432
20,28,970.033,975.5837130357826
20,29,970.241,975.6147701855818
20,30,970.4548,975.6454236540461
20,31,970.67346,975.6756540055802
20,32,970.89636,975.7054418045897
20,33,971.12274,975.7347676154797
20,34,971.3518,975.7636120026553
20,35,971.58276,975.7919555305218
20,36,971.8151,975.819778763484
20,37,972.04803,975.8470622659476
20,38,972.28064,975.8737866023174
20,39,972.5123,975.899932336999
20,40,972.74243,975.9254800343967
20,41,972.9701,975.9504102589166
20,42,973.1947,975.9747035749632
20,43,973.4154,975.998340546942
20,44,973.63153,976.0213017392583
20,45,973.84235,976.043567716317
20,46,974.0472,976.0651190425235
20,47,974.2453,976.0859362822828
20,48,974.436,976.1059999999999
20,49,974.61835,976.1253177925533
20,50,974.79486,976.1440053867123
20,51,974.97485,976.1622055417198
20,52,975.16437,976.1800610168182
20,53,975.36255,976.19771457125
20,54,975.5682,976.2153089642578
20,55,975.78033,976.2329869550846
20,56,975.9979,976.2508913029724
20,57,976.2199,976.2691647671642
20,58,976.4453,976.2879501069023
20,59,976.673,976.3073900814296
20,60,976.902,976.3276274499883
20,61,977.13135,976.3488049718213
20,62,977.35986,976.371065406171
20,63,977.5867,976.3945515122804
20,64,977.81067,976.4194060493915
20,65,978.03076,976.4457717767472
20,66,978.24603,976.4737914535899
20,67,978.45544,976.5036078391626
20,68,978.658,976.5353636927072
20,69,978.8526,976.569201773467
20,70,979.0382,976.6052648406841
20,71,979.214,976.6436956536012
20,72,979.3787,976.684636971461
20,73,979.53143,976.728231553506
20,74,979.67114,976.7746221589788
20,75,979.7968,976.8239515471221
20,76,979.9075,976.8763624771782
20,77,980.0021,976.9319977083901
20,78,980.0795,976.991
20,79,980.1389,977.0534675331088
20,80,980.1824,977.1193201762495
20,81,980.21985,977.1884332198136
20,82,980.2586,977.2606819541923
20,83,980.2987,977.3359416697765
20,84,980.33997,977.414087656958
20,85,980.38245,977.4949952061278
20,86,980.42615,977.5785396076772
20,87,980.4708,977.6645961519973
20,88,980.5166,977.7530401294802
20,89,980.5634,977.8437468305158
20,90,980.6112,977.9365915454963
20,91,980.6599,978.0314495648126
20,92,980.7094,978.1281961788563
20,93,980.7598,978.2267066780184
20,94,980.811,978.3268563526904
20,95,980.8629,978.4285204932632
20,96,980.9155,978.5315743901284
20,97,980.96875,978.6358933336771
20,98,981.0225,978.7413526143008
20,99,981.0769,978.8478275223904
20,100,981.13184,978.9551933483373
20,101,981.18726,979.0633253825329
20,102,981.243,979.1720989153682
20,103,981.29913,979.2813892372352
20,104,981.3556,979.3910716385241
20,105,981.41235,979.5010214096268
20,106,981.46936,979.6111138409344
20,107,981.5265,979.7212242228384
20,108,981.58386,979.8312278457298
20,109,981.64124,979.941
20,110,981.6987,980.0504274656605
20,111,981.756,980.1594429812043
20,112,981.81226,980.2679907747444
20,113,981.867,980.3760150743943
20,114,981.92035,980.4834601082667
20,115,981.9723,980.5902701044756
20,116,982.0231,980.6963892911332
20,117,982.0726,980.8017618963535
20,118,982.12085,980.9063321482495
20,119,982.168,981.0100442749341
20,120,982.2143,981.1128425045208
20,121,982.2594,981.2146710651225
20,122,982.3038,981.3154741848527
20,123,982.3473,981.4151960918248
20,124,982.3899,981.5137810141514
20,125,982.43195,981.6111731799458
20,126,982.47327,981.7073168173217
20,127,982.51404,981.802156154392
20,128,982.55426,981.89563541927
20,129,982.5941,981.9876988400687
20,130,982.6334,982.0782906449011
20,131,982.67255,982.167355061881
20,132,982.71136,982.2548363191212
20,133,982.75,982.3406786447351
20,134,982.7885,982.4248262668353
20,135,982.82697,982.5072234135359
20,136,982.8654,982.5878143129496
20,137,982.90393,982.6665431931896
20,138,982.9425,982.7433542823693
20,139,982.9814,982.8181918086017
20,140,983.02045,982.8910000000002
20,141,983.0599,982.9618039415283
20,142,983.0997,983.0309521455537
20,143,983.1399,983.0988739812938
20,144,983.1807,983.1659988179663
20,145,983.2223,983.2327560247896
20,146,983.26465,983.2995749709809
20,147,983.30817,983.3668850257582
20,148,983.35284,983.4351155583397
20,149,983.39886,983.5046959379429
20,150,983.4464,983.5760555337854
20,151,983.49554,983.6496237150851
20,152,983.5466,983.7258298510602
20,153,983.5996,983.8051033109281
20,154,983.6547,983.8878734639071
20,155,983.712,983.9745696792144
20,156,983.77185,984.0656213260684
20,157,983.8342,984.1614577736865
20,158,983.89935,984.2625083912866
20,159,983.9674,984.3692025480865
20,160,984.03845,984.4819696133043
20,161,984.11273,984.6012389561575
20,162,984.1904,984.727439945864
20,163,984.27155,984.8610019516418
20,164,984.3564,985.0023543427086
20,165,984.44507,985.151926488282
20,166,984.5377,985.3101477575801
20,167,984.6345,985.4774475198207
20,168,984.73553,985.6542551442213
20,169,984.84106,985.8410000000001
20,170,984.95123,986.0379701073407
20,171,985.0685,986.2448880902894
20,172,985.20154,986.4613352238591
20,173,985.35535,986.6868927830621
20,174,985.52924,986.9211420429111
20,175,985.7219,987.1636642784184
20,176,985.9327,987.4140407645968
20,177,986.16034,987.6718527764584
20,178,986.40393,987.9366815890162
20,179,986.6626,988.2081084772824
20,180,986.9353,988.4857147162693
20,181,987.22107,988.7690815809896
20,182,987.51874,989.0577903464562
20,183,987.8276,989.351422287681
20,184,988.1465,989.6495586796768
20,185,988.47455,989.9517807974561
20,186,988.8107,990.2576699160314
20,187,989.154,990.5668073104151
20,188,989.5035,990.87877425562
20,189,989.8582,991.1931520266581
20,190,990.2171,991.5095218985424
20,191,990.5792,991.8274651462851
20,192,990.94366,992.1465630448992
20,193,991.3094,992.4663968693962
20,194,991.67535,992.7865478947898
20,195,992.0408,993.1065973960915
20,196,992.40454,993.4261266483144
20,197,992.76575,993.7447169264708
20,198,993.1234,994.0619495055735
20,199,993.47656,994.3774056606345
20,200,993.82416,994.6906666666669
20,201,994.16534,995.0014082230057
20,202,994.5003,995.3096837262786
20,203,994.8315,995.6156409974369
20,204,995.1615,995.919427857431
20,205,995.49023,996.2211921272116
20,206,995.8179,996.5210816277296
20,207,996.1443,996.8192441799358
20,208,996.4697,997.1158276047809
20,209,996.7942,997.4109797232154
20,210,997.1176,997.7048483561904
20,211,997.4403,997.9975813246565
20,212,997.7622,998.2893264495647
20,213,998.0833,998.5802315518655
20,214,998.4036,998.8704444525093
20,215,998.72345,999.1601129724475
20,216,999.04266,999.4493849326306
20,217,999.3613,999.7384081540096
20,218,999.6795,1000.0273304575351
20,219,999.99725,1000.316299664157
20,220,1000.3148,1000.6054635948279
20,221,1000.63196,1000.894970070496
20,222,1000.9489,1001.1849669121149
20,223,1001.26556,1001.475601940634
20,224,1001.5823,1001.767022977003
20,225,1001.8989,1002.0593778421749
20,226,1002.21545,1002.352814357099
20,227,1002.53217,1002.6474803427249
20,228,1002.8489,1002.943523620006
20,229,1003.16583,1003.241092009892
20,230,1003.48303,1003.5403333333331
20,231,1003.8005,1003.8413261588049
20,232,1004.11816,1004.1438720448781
20,233,1004.43604,1004.447703297647
20,234,1004.75385,1004.7525522232081
20,235,1005.0714,1005.0581511276552
20,236,1005.38885,1005.364232317084
20,237,1005.70605,1005.67052809759
20,238,1006.02295,1005.976770775268
20,239,1006.3394,1006.282692656212
20,240,1006.6554,1006.5880260465191
20,241,1006.97095,1006.892503252283
20,242,1007.2858,1007.195856579599
20,243,1007.6001,1007.4978183345629
20,244,1007.9137,1007.798120823269
20,245,1008.2265,1008.0964963518121
20,246,1008.53845,1008.3926772262881
20,247,1008.8495,1008.686395752792
20,248,1009.1597,1008.9773842374179
20,249,1009.4689,1009.265374986262
20,250,1009.777,1009.55010030542
20,251,1010.08405,1009.831292500985
20,252,1010.3899,1010.108683879053
20,253,1010.6945,1010.38200674572
20,254,1010.9979,1010.6509934070801
20,255,1011.29987,1010.915376169228
20,256,1011.6005,1011.17488733826
20,257,1011.8997,1011.429259220271
20,258,1012.1973,1011.678224121355
20,259,1012.49347,1011.921514347608
20,260,1012.78796,1012.158862205124
20,261,1013.08075,1012.39
20,262,1013.3717,1012.614756012665
20,263,1013.66077,1012.83334242089
20,264,1013.948,1013.0460673767819
20,265,1014.2332,1013.253239032446
20,266,1014.51666,1013.45516553999
20,267,1014.79846,1013.652155051519
20,268,1015.0785,1013.844515719139
20,269,1015.35706,1014.032555694957
20,270,1015.63416,1014.216583131078
20,271,1015.90985,1014.39690617961
20,272,1016.18427,1014.573832992659
20,273,1016.45764,1014.74767172233
20,274,1016.72986,1014.9187305207302
20,275,1017.00104,1015.087317539965
20,276,1017.2713,1015.2537409321421
20,277,1017.5409,1015.418308849366
20,278,1017.80963,1015.5813294437442
20,279,1018.0778,1015.743110867382
20,280,1018.34534,1015.903961272387
20,281,1018.6125,1016.0641888108642
20,282,1018.8793,1016.22410163492
20,283,1019.14575,1016.384007896661
20,284,1019.41205,1016.544215748193
20,285,1019.67816,1016.705033341623
20,286,1019.9442,1016.866768829057
20,287,1020.2104,1017.0297303625999
20,288,1020.47656,1017.19422609436
20,289,1020.74304,1017.360564176443
20,290,1021.00977,1017.529052760954
21,0,966.3158,974.5997115224653
21,1,966.41626,974.6390724568952
21,2,966.5176,974.6779991335238
21,3,966.61975,974.7165080400766
21,4,966.7228,974.7546156642793
21,5,966.82666,974.7923384938564
21,6,966.93134,974.8296930165335
21,7,967.03674,974.8666957200356
21,8,967.1429,974.9033630920887
21,9,967.24976,974.939711620417
21,10,967.3573,974.9757577927465
21,11,967.46545,975.0115180968023
21,12,967.5742,975.0470090203094
21,13,967.6838,975.0822470509929
21,14,967.79376,975.1172486765788
21,15,967.9043,975.1520303847916
21,16,968.01544,975.1866086633571
21,17,968.1271,975.2210000000001
21,18,968.2392,975.2552148952259
21,19,968.3536,975.2892399006599
21,20,968.476,975.3230555807072
21,21,968.6103,975.3566424997728
21,22,968.7557,975.389981222262
21,23,968.9115,975.42305231258
21,24,969.07697,975.4558363351321
21,25,969.2517,975.4883138543231
21,26,969.43475,975.5204654345584
21,27,969.6254,975.5522716402432
21,28,969.8232,975.5837130357826
21,29,970.02716,975.6147701855818
21,30,970.2369,975.6454236540461
21,31,970.45154,975.6756540055802
21,32,970.67035,975.7054418045897
21,33,970.89294,975.7347676154797
21,34,971.11835,975.7636120026553
21,35,971.346,975.7919555305218
21,36,971.57513,975.819778763484
21,37,971.80524,975.8470622659476
21,38,972.0354,975.8737866023174
21,39,972.2652,975.899932336999
21,40,972.49384,975.9254800343967
21,41,972.7205,975.9504102589166
21,42,972.9447,975.9747035749632
21,43,973.1658,975.998340546942
21,44,973.3829,976.0213017392583
21,45,973.5955,976.043567716317
21,46,973.80286,976.0651190425235
21,47,974.00433,976.0859362822828
21,48,974.1992,976.1059999999999
21,49,974.38696,976.1253177925533
21,50,974.56964,976.1440053867123
21,51,974.7564,976.1622055417198
21,52,974.95306,976.1800610168182
21,53,975.1588,976.19771457125
21,54,975.3723,976.2153089642578
21,55,975.5925,976.2329869550846
21,56,975.81854,976.2508913029724
21,57,976.0492,976.2691647671642
21,58,976.2833,976.2879501069023
21,59,976.5201,976.3073900814296
21,60,976.75806,976.3276274499883
21,61,976.9966,976.3488049718213
21,62,977.2343,976.371065406171
21,63,977.47015,976.3945515122804
21,64,977.7032,976.4194060493915
21,65,977.9324,976.4457717767472
21,66,978.15656,976.4737914535899
21,67,978.3746,976.5036078391626
21,68,978.58563,976.5353636927072
21,69,978.7885,976.569201773467
21,70,978.9822,976.6052648406841
21,71,979.16547,976.6436956536012
21,72,979.3374,976.684636971461
21,73,979.497,976.728231553506
21,74,979.6431,976.7746221589788
21,75,979.7748,976.8239515471221
21,76,979.89075,976.8763624771782
21,77,979.9902,976.9319977083901
21,78,980.0719,976.991
21,79,980.13477,977.0534675331088
21,80,980.18115,977.1193201762495
21,81,980.2213,977.1884332198136
21,82,980.2627,977.2606819541923
21,83,980.3054,977.3359416697765
21,84,980.34937,977.414087656958
21,85,980.3945,977.4949952061278
21,86,980.4408,977.5785396076772
21,87,980.48816,977.6645961519973
21,88,980.5367,977.7530401294802
21,89,980.58624,977.8437468305158
21,90,980.6367,977.9365915454963
21,91,980.6881,978.0314495648126
21,92,980.74036,978.1281961788563
21,93,980.7935,978.2267066780184
21,94,980.84735,978.3268563526904
21,95,980.90204,978.4285204932632
21,96,980.9574,978.5315743901284
21,97,981.0134,978.6358933336771
21,98,981.07007,978.7413526143008
21,99,981.12726,978.8478275223904
21,100,981.18494,978.9551933483373
21,101,981.2432,979.0633253825329
21,102,981.30194,979.1720989153682
21,103,981.36096,979.2813892372352
21,104,981.42035,979.3910716385241
21,105,981.4801,979.5010214096268
21,106,981.54004,979.6111138409344
21,107,981.6002,979.7212242228384
21,108,981.6606,979.8312278457298
21,109,981.721,979.941
21,110,981.78156,980.0504274656605
21,111,981.84204,980.1594429812043
21,112,981.9018,980.2679907747444
21,113,981.9606,980.3760150743943
21,114,982.01855,980.4834601082667
21,115,982.07544,980.5902701044756
21,116,982.1315,980.6963892911332
21,117,982.1866,980.8017618963535
21,118,982.2409,980.9063321482495
21,119,982.29425,981.0100442749341
21,120,982.347,981.1128425045208
21,121,982.39874,981.2146710651225
21,122,982.4498,981.3154741848527
21,123,982.5002,981.4151960918248
21,124,982.54974,981.5137810141514
21,125,982.5987,981.6111731799458
21,126,982.647,981.7073168173217
21,127,982.6945,981.802156154392
21,128,982.7415,981.89563541927
21,129,982.78784,981.9876988400687
21,130,982.83356,982.0782906449011
21,131,982.8789,982.167355061881
21,132,982.9236,982.2548363191212
21,133,982.9678,982.3406786447351
21,134,983.0115,982.4248262668353
21,135,983.0546,982.5072234135359
21,136,983.0974,982.5878143129496
21,137,983.13983,982.6665431931896
21,138,983.1818,982.7433542823693
21,139,983.2235,982.8181918086017
21,140,983.2647,982.8910000000002
21,141,983.3058,982.9618039415283
21,142,983.3464,983.0309521455537
21,143,983.3868,983.0988739812938
21,144,983.4272,983.1659988179663
21,145,983.46765,983.2327560247896
21,146,983.50854,983.2995749709809
21,147,983.55005,983.3668850257582
21,148,983.5922,983.4351155583397
21,149,983.6355,983.5046959379429
21,150,983.67993,983.5760555337854
21,151,983.7258,983.6496237150851
21,152,983.7734,983.7258298510602
21,153,983.8228,983.8051033109281
21,154,983.87427,983.8878734639071
21,155,983.928,983.9745696792144
21,156,983.9842,984.0656213260684
21,157,984.04315,984.1614577736865
21,158,984.1051,984.2625083912866
21,159,984.1701,984.3692025480865
21,160,984.23846,984.4819696133043
21,161,984.31036,984.6012389561575
21,162,984.38605,984.727439945864
21,163,984.4658,984.8610019516418
21,164,984.5497,985.0023543427086
21,165,984.638,985.151926488282
21,166,984.73096,985.3101477575801
21,167,984.82874,985.4774475198207
21,168,984.9315,985.6542551442213
21,169,985.03973,985.8410000000001
21,170,985.1533,986.0379701073407
21,171,985.27515,986.2448880902894
21,172,985.41376,986.4613352238591
21,173,985.5747,986.6868927830621
21,174,985.75684,986.9211420429111
21,175,985.959,987.1636642784184
21,176,986.18024,987.4140407645968
21,177,986.4196,987.6718527764584
21,178,986.67584,987.9366815890162
21,179,986.948,988.2081084772824
21,180,987.23505,988.4857147162693
21,181,987.5359,988.7690815809896
21,182,987.84937,989.0577903464562
21,183,988.17456,989.351422287681
21,184,988.51044,989.6495586796768
21,185,988.8559,989.9517807974561
21,186,989.2099,990.2576699160314
21,187,989.5713,990.5668073104151
21,188,989.93915,990.87877425562
21,189,990.31226,991.1931520266581
21,190,990.6898,991.5095218985424
21,191,991.07056,991.8274651462851
21,192,991.4535,992.1465630448992
21,193,991.83765,992.4663968693962
21,194,992.2219,992.7865478947898
21,195,992.60516,993.1065973960915
21,196,992.9866,993.4261266483144
21,197,993.3648,993.7447169264708
21,198,993.7391,994.0619495055735
21,199,994.1082,994.3774056606345
21,200,994.4712,994.6906666666669
21,201,994.8269,995.0014082230057
21,202,995.1756,995.3096837262786
21,203,995.52026,995.6156409974369
21,204,995.8636,995.919427857431
21,205,996.2054,996.2211921272116
21,206,996.5462,996.5210816277296
21,207,996.8857,996.8192441799358
21,208,997.22394,997.1158276047809
21,209,997.5612,997.4109797232154
21,210,997.89746,997.7048483561904
21,211,998.23267,997.9975813246565
21,212,998.567,998.2893264495647
21,213,998.9007,998.5802315518655
21,214,999.2334,998.8704444525093
21,215,999.5655,999.1601129724475
21,216,999.89685,999.4493849326306
21,217,1000.22766,999.7384081540096
21,218,1000.558,1000.0273304575351
21,219,1000.8878,1000.316299664157
21,220,1001.2174,1000.6054635948279
21,221,1001.5463,1000.894970070496
21,222,1001.8753,1001.1849669121149
21,223,1002.20386,1001.475601940634
21,224,1002.53235,1001.767022977003
21,225,1002.8607,1002.0593778421749
21,226,1003.18915,1002.352814357099
21,227,1003.5174,1002.6474803427249
21,228,1003.8459,1002.943523620006
21,229,1004.17456,1003.241092009892
21,230,1004.5034,1003.5403333333331
21,231,1004.8325,1003.8413261588049
21,232,1005.1622,1004.1438720448781
21,233,1005.4932,1004.447703297647
21,234,1005.8258,1004.7525522232081
21,235,1006.1599,1005.0581511276552
21,236,1006.4952,1005.364232317084
21,237,1006.83136,1005.67052809759
21,238,1007.16815,1005.976770775268
21,239,1007.5054,1006.282692656212
21,240,1007.8428,1006.5880260465191
21,241,1008.1802,1006.892503252283
21,242,1008.51715,1007.195856579599
21,243,1008.8535,1007.4978183345629
21,244,1009.1891,1007.798120823269
21,245,1009.52356,1008.0964963518121
21,246,1009.8567,1008.3926772262881
21,247,1010.18823,1008.686395752792
21,248,1010.51794,1008.9773842374179
21,249,1010.8456,1009.265374986262
21,250,1011.17096,1009.55010030542
21,251,1011.49365,1009.831292500985
21,252,1011.81354,1010.108683879053
21,253,1012.1304,1010.38200674572
21,254,1012.44385,1010.6509934070801
21,255,1012.7539,1010.915376169228
21,256,1013.06006,1011.17488733826
21,257,1013.3621,1011.429259220271
21,258,1013.65985,1011.678224121355
21,259,1013.95306,1011.921514347608
21,260,1014.24133,1012.158862205124
21,261,1014.52466,1012.39
21,262,1014.8026,1012.614756012665
21,263,1015.07526,1012.83334242089
21,264,1015.34326,1013.0460673767819
21,265,1015.6076,1013.253239032446
21,266,1015.86816,1013.45516553999
21,267,1016.1251,1013.652155051519
21,268,1016.37854,1013.844515719139
21,269,1016.6285,1014.032555694957
21,270,1016.8752,1014.216583131078
21,271,1017.1185,1014.39690617961
21,272,1017.35876,1014.573832992659
21,273,1017.59595,1014.74767172233
21,274,1017.83,1014.9187305207302
21,275,1018.0613,1015.087317539965
21,276,1018.2897,1015.2537409321421
21,277,1018.51544,1015.418308849366
21,278,1018.73846,1015.5813294437442
21,279,1018.95905,1015.743110867382
21,280,1019.17706,1015.903961272387
21,281,1019.39276,1016.0641888108642
21,282,1019.60614,1016.22410163492
21,283,1019.81726,1016.384007896661
21,284,1020.02637,1016.544215748193
21,285,1020.2334,1016.705033341623
21,286,1020.4384,1016.866768829057
21,287,1020.6416,1017.0297303625999
21,288,1020.843,1017.19422609436
21,289,1021.0427,1017.360564176443
21,290,1021.24084,1017.529052760954
22,0,969.8368,974.5997115224653
22,1,969.9557,974.6390724568952
22,2,970.07654,974.6779991335238
22,3,970.19904,974.7165080400766
22,4,970.3232,974.7546156642793
22,5,970.4488,974.7923384938564
22,6,970.5757,974.8296930165335
22,7,970.70374,974.8666957200356
22,8,970.8328,974.9033630920887
22,9,970.9628,974.939711620417
22,10,971.09357,974.9757577927465
22,11,971.22485,975.0115180968023
22,12,971.35675,975.0470090203094
22,13,971.48883,975.0822470509929
22,14,971.6213,975.1172486765788
22,15,971.75366,975.1520303847916
22,16,971.88605,975.1866086633571
22,17,972.01825,975.2210000000001
22,18,972.1501,975.2552148952259
22,19,972.28357,975.2892399006599
22,20,972.4261,975.3230555807072
22,21,972.5821,975.3566424997728
22,22,972.7507,975.389981222262
22,23,972.9311,975.42305231258
22,24,973.12256,975.4558363351321
22,25,973.3241,975.4883138543231
22,26,973.53503,975.5204654345584
22,27,973.7545,975.5522716402432
22,28,973.9818,975.5837130357826
22,29,974.2159,975.6147701855818
22,30,974.45605,975.6454236540461
22,31,974.7014,975.6756540055802
22,32,974.95123,975.7054418045897
22,33,975.2048,975.7347676154797
22,34,975.461,975.7636120026553
22,35,975.71924,975.7919555305218
22,36,975.9786,975.819778763484
22,37,976.2384,975.8470622659476
22,38,976.4977,975.8737866023174
22,39,976.7556,975.899932336999
22,40,977.01154,975.9254800343967
22,41,977.2645,975.9504102589166
22,42,977.5138,975.9747035749632
22,43,977.7584,975.998340546942
22,44,977.9978,976.0213017392583
22,45,978.23096,976.043567716317
22,46,978.4572,976.0651190425235
22,47,978.67554,976.0859362822828
22,48,978.8854,976.1059999999999
22,49,979.08575,976.1253177925533
22,50,979.2795,976.1440053867123
22,51,979.47705,976.1622055417198
22,52,979.6855,976.1800610168182
22,53,979.9036,976.19771457125
22,54,980.1303,976.2153089642578
22,55,980.36426,976.2329869550846
22,56,980.60443,976.2508913029724
22,57,980.8495,976.2691647671642
22,58,981.0983,976.2879501069023
22,59,981.3498,976.3073900814296
22,60,981.60266,976.3276274499883
22,61,981.85583,976.3488049718213
22,62,982.1081,976.371065406171
22,63,982.3583,976.3945515122804
22,64,982.60516,976.4194060493915
22,65,982.84766,976.4457717767472
22,66,983.0845,976.4737914535899
22,67,983.31464,976.5036078391626
22,68,983.53674,976.5353636927072
22,69,983.7499,976.569201773467
22,70,983.95264,976.6052648406841
22,71,984.14404,976.6436956536012
22,72,984.3228,976.684636971461
22,73,984.4878,976.728231553506
22,74,984.63776,976.7746221589788
22,75,984.7718,976.8239515471221
22,76,984.8884,976.8763624771782
22,77,984.9867,976.9319977083901
22,78,985.06537,976.991
22,79,985.12335,977.0534675331088
22,80,985.1629,977.1193201762495
22,81,985.1951,977.1884332198136
22,82,985.2281,977.2606819541923
22,83,985.2618,977.3359416697765
22,84,985.2962,977.414087656958
22,85,985.3313,977.4949952061278
22,86,985.36694,977.5785396076772
22,87,985.40326,977.6645961519973
22,88,985.4402,977.7530401294802
22,89,985.47766,977.8437468305158
22,90,985.5158,977.9365915454963
22,91,985.5543,978.0314495648126
22,92,985.5935,978.1281961788563
22,93,985.63306,978.2267066780184
22,94,985.67316,978.3268563526904
22,95,985.71375,978.4285204932632
22,96,985.7547,978.5315743901284
22,97,985.7961,978.6358933336771
22,98,985.8379,978.7413526143008
22,99,985.88,978.8478275223904
22,100,985.92255,978.9551933483373
22,101,985.96533,979.0633253825329
22,102,986.0085,979.1720989153682
22,103,986.0519,979.2813892372352
22,104,986.0956,979.3910716385241
22,105,986.1395,979.5010214096268
22,106,986.1837,979.6111138409344
22,107,986.22797,979.7212242228384
22,108,986.27246,979.8312278457298
22,109,986.31714,979.941
22,110,986.362,980.0504274656605
22,111,986.4067,980.1594429812043
22,112,986.4501,980.2679907747444
22,113,986.4918,980.3760150743943
22,114,986.5318,980.4834601082667
22,115,986.5702,980.5902701044756
22,116,986.60706,980.6963892911332
22,117,986.6425,980.8017618963535
22,118,986.6767,980.9063321482495
22,119,986.7098,981.0100442749341
22,120,986.74164,981.1128425045208
22,121,986.77246,981.2146710651225
22,122,986.80237,981.3154741848527
22,123,986.8315,981.4151960918248
22,124,986.8598,981.5137810141514
22,125,986.88763,981.6111731799458
22,126,986.9148,981.7073168173217
22,127,986.94165,981.802156154392
22,128,986.9681,981.89563541927
22,129,986.99426,981.9876988400687
22,130,987.0204,982.0782906449011
22,131,987.0464,982.167355061881
22,132,987.07245,982.2548363191212
22,133,987.0987,982.3406786447351
22,134,987.12506,982.4248262668353
22,135,987.15186,982.5072234135359
22,136,987.17914,982.5878143129496
22,137,987.20685,982.6665431931896
22,138,987.2353,982.7433542823693
22,139,987.2644,982.8181918086017
22,140,987.2943,982.8910000000002
22,141,987.3252,982.9618039415283
22,142,987.3571,983.0309521455537
22,143,987.3901,983.0988739812938
22,144,987.42413,983.1659988179663
22,145,987.4595,983.2327560247896
22,146,987.4961,983.2995749709809
22,147,987.53424,983.3668850257582
22,148,987.5738,983.4351155583397
22,149,987.61505,983.5046959379429
22,150,987.65784,983.5760555337854
22,151,987.7026,983.6496237150851
22,152,987.7491,983.7258298510602
22,153,987.7976,983.8051033109281
22,154,987.84814,983.8878734639071
22,155,987.9009,983.9745696792144
22,156,987.95575,984.0656213260684
22,157,988.01306,984.1614577736865
22,158,988.07275,984.2625083912866
22,159,988.13495,984.3692025480865
22,160,988.1997,984.4819696133043
22,161,988.2672,984.6012389561575
22,162,988.33746,984.727439945864
22,163,988.4106,984.8610019516418
22,164,988.48663,985.0023543427086
22,165,988.56586,985.151926488282
22,166,988.64813,985.3101477575801
22,167,988.7335,985.4774475198207
22,168,988.82245,985.6542551442213
22,169,988.9147,985.8410000000001
22,170,989.0104,986.0379701073407
22,171,989.1126,986.2448880902894
22,172,989.2305,986.4613352238591
22,173,989.37006,986.6868927830621
22,174,989.53015,986.9211420429111
22,175,989.7098,987.1636642784184
22,176,989.9079,987.4140407645968
22,177,990.1237,987.6718527764584
22,178,990.3561,987.9366815890162
22,179,990.6039,988.2081084772824
22,180,990.8662,988.4857147162693
22,181,991.14215,988.7690815809896
22,182,991.4304,989.0577903464562
22,183,991.7302,989.351422287681
22,184,992.0405,989.6495586796768
22,185,992.3603,989.9517807974561
22,186,992.68854,990.2576699160314
22,187,993.0243,990.5668073104151
22,188,993.3664,990.87877425562
22,189,993.7139,991.1931520266581
22,190,994.0659,991.5095218985424
22,191,994.4213,991.8274651462851
22,192,994.7792,992.1465630448992
22,193,995.13855,992.4663968693962
22,194,995.49817,992.7865478947898
22,195,995.8573,993.1065973960915
22,196,996.2147,993.4261266483144
22,197,996.56964,993.7447169264708
22,198,996.921,994.0619495055735
22,199,997.2677,994.3774056606345
22,200,997.6088,994.6906666666669
22,201,997.9435,995.0014082230057
22,202,998.2716,995.3096837262786
22,203,998.5964,995.6156409974369
22,204,998.92004,995.919427857431
22,205,999.2428,996.2211921272116
22,206,999.5647,996.5210816277296
22,207,999.8855,996.8192441799358
22,208,1000.20557,997.1158276047809
22,209,1000.5247,997.4109797232154
22,210,1000.84314,997.7048483561904
22,211,1001.1608,997.9975813246565
22,212,1001.4778,998.2893264495647
22,213,1001.794,998.5802315518655
22,214,1002.1097,998.8704444525093
22,215,1002.42456,999.1601129724475
22,216,1002.73895,999.4493849326306
22,217,1003.05273,999.7384081540096
22,218,1003.3661,1000.0273304575351
22,219,1003.67896,1000.316299664157
22,220,1003.9912,1000.6054635948279
22,221,1004.3033,1000.894970070496
22,222,1004.6148,1001.1849669121149
22,223,1004.926,1001.475601940634
22,224,1005.23694,1001.767022977003
22,225,1005.54755,1002.0593778421749
22,226,1005.85785,1002.352814357099
22,227,1006.1681,1002.6474803427249
22,228,1006.4781,1002.943523620006
22,229,1006.7879,1003.241092009892
22,230,1007.0978,1003.5403333333331
22,231,1007.40735,1003.8413261588049
22,232,1007.7168,1004.1438720448781
22,233,1008.0254,1004.447703297647
22,234,1008.33276,1004.7525522232081
22,235,1008.639,1005.0581511276552
22,236,1008.94415,1005.364232317084
22,237,1009.2482,1005.67052809759
22,238,1009.55133,1005.976770775268
22,239,1009.8539,1006.282692656212
22,240,1010.1555,1006.5880260465191
22,241,1010.45667,1006.892503252283
22,242,1010.75714,1007.195856579599
22,243,1011.0572,1007.4978183345629
22,244,1011.35693,1007.798120823269
22,245,1011.65643,1008.0964963518121
22,246,1011.9557,1008.3926772262881
22,247,1012.2548,1008.686395752792
22,248,1012.554,1008.9773842374179
22,249,1012.85333,1009.265374986262
22,250,1013.15283,1009.55010030542
22,251,1013.4527,1009.831292500985
22,252,1013.75275,1010.108683879053
22,253,1014.05347,1010.38200674572
22,254,1014.35455,1010.6509934070801
22,255,1014.6563,1010.915376169228
22,256,1014.95886,1011.17488733826
22,257,1015.2622,1011.429259220271
22,258,1015.56647,1011.678224121355
22,259,1015.8717,1011.921514347608
22,260,1016.178,1012.158862205124
22,261,1016.4854,1012.39
22,262,1016.7941,1012.614756012665
22,263,1017.104,1012.83334242089
22,264,1017.4145,1013.0460673767819
22,265,1017.7254,1013.253239032446
22,266,1018.0366,1013.45516553999
22,267,1018.3483,1013.652155051519
22,268,1018.66034,1013.844515719139
22,269,1018.9729,1014.032555694957
22,270,1019.2858,1014.216583131078
22,271,1019.5994,1014.39690617961
22,272,1019.9134,1014.573832992659
22,273,1020.22815,1014.74767172233
22,274,1020.54333,1014.9187305207302
22,275,1020.85925,1015.087317539965
22,276,1021.17584,1015.2537409321421
22,277,1021.4931,1015.418308849366
22,278,1021.8111,1015.5813294437442
22,279,1022.1299,1015.743110867382
22,280,1022.44946,1015.903961272387
22,281,1022.7698,1016.0641888108642
22,282,1023.091,1016.22410163492
22,283,1023.413,1016.384007896661
22,284,1023.736,1016.544215748193
22,285,1024.0599,1016.705033341623
22,286,1024.3848,1016.866768829057
22,287,1024.7106,1017.0297303625999
22,288,1025.0374,1017.19422609436
22,289,1025.3651,1017.360564176443
22,290,1025.694,1017.529052760954
23,0,962.4319,974.5997115224653
23,1,962.51996,974.6390724568952
23,2,962.6097,974.6779991335238
23,3,962.70105,974.7165080400766
23,4,962.7941,974.7546156642793
23,5,962.8887,974.7923384938564
23,6,962.98474,974.8296930165335
23,7,963.0822,974.8666957200356
23,8,963.18115,974.9033630920887
23,9,963.2813,974.939711620417
23,10,963.3827,974.9757577927465
23,11,963.4853,975.0115180968023
23,12,963.5892,975.0470090203094
23,13,963.6941,975.0822470509929
23,14,963.8,975.1172486765788
23,15,963.90686,975.1520303847916
23,16,964.0147,975.1866086633571
23,17,964.1233,975.2210000000001
23,18,964.2327,975.2552148952259
23,19,964.34503,975.2892399006599
23,20,964.4667,975.3230555807072
23,21,964.602,975.3566424997728
23,22,964.7502,975.389981222262
23,23,964.91034,975.42305231258
23,24,965.0819,975.4558363351321
23,25,965.26385,975.4883138543231
23,26,965.4553,975.5204654345584
23,27,965.6557,975.5522716402432
23,28,965.864,975.5837130357826
23,29,966.07947,975.6147701855818
23,30,966.3013,975.6454236540461
23,31,966.5287,975.6756540055802
23,32,966.76086,975.7054418045897
23,33,966.9968,975.7347676154797
23,34,967.2359,975.7636120026553
23,35,967.47736,975.7919555305218
23,36,967.7202,975.819778763484
23,37,967.9638,975.8470622659476
23,38,968.2073,975.8737866023174
23,39,968.4497,975.899932336999
23,40,968.6905,975.9254800343967
23,41,968.9287,975.9504102589166
23,42,969.1635,975.9747035749632
23,43,969.3943,975.998340546942
23,44,969.62006,976.0213017392583
23,45,969.83997,976.043567716317
23,46,970.05347,976.0651190425235
23,47,970.2596,976.0859362822828
23,48,970.4575,976.1059999999999
23,49,970.6465,976.1253177925533
23,50,970.82886,976.1440053867123
23,51,971.01447,976.1622055417198
23,52,971.2099,976.1800610168182
23,53,971.4144,976.19771457125
23,54,971.6267,976.2153089642578
23,55,971.84564,976.2329869550846
23,56,972.07025,976.2508913029724
23,57,972.29926,976.2691647671642
23,58,972.53174,976.2879501069023
23,59,972.76666,976.3073900814296
23,60,973.00275,976.3276274499883
23,61,973.239,976.3488049718213
23,62,973.47437,976.371065406171
23,63,973.7077,976.3945515122804
23,64,973.9379,976.4194060493915
23,65,974.16406,976.4457717767472
23,66,974.3851,976.4737914535899
23,67,974.5996,976.5036078391626
23,68,974.80695,976.5353636927072
23,69,975.0058,976.569201773467
23,70,975.1951,976.6052648406841
23,71,975.37396,976.6436956536012
23,72,975.5411,976.684636971461
23,73,975.6955,976.728231553506
23,74,975.83624,976.7746221589788
23,75,975.96204,976.8239515471221
23,76,976.072,976.8763624771782
23,77,976.16504,976.9319977083901
23,78,976.24,976.991
23,79,976.29596,977.0534675331088
23,80,976.3347,977.1193201762495
23,81,976.3669,977.1884332198136
23,82,976.4004,977.2606819541923
23,83,976.4351,977.3359416697765
23,84,976.4712,977.414087656958
23,85,976.50836,977.4949952061278
23,86,976.5465,977.5785396076772
23,87,976.5859,977.6645961519973
23,88,976.6263,977.7530401294802
23,89,976.6676,977.8437468305158
23,90,976.7099,977.9365915454963
23,91,976.75305,978.0314495648126
23,92,976.7971,978.1281961788563
23,93,976.842,978.2267066780184
23,94,976.8875,978.3268563526904
23,95,976.93384,978.4285204932632
23,96,976.9808,978.5315743901284
23,97,977.02826,978.6358933336771
23,98,977.07635,978.7413526143008
23,99,977.12494,978.8478275223904
23,100,977.1741,978.9551933483373
23,101,977.2236,979.0633253825329
23,102,977.2734,979.1720989153682
23,103,977.32355,979.2813892372352
23,104,977.374,979.3910716385241
23,105,977.4248,979.5010214096268
23,106,977.47565,979.6111138409344
23,107,977.52673,979.7212242228384
23,108,977.5779,979.8312278457298
23,109,977.629,979.941
23,110,977.6802,980.0504274656605
23,111,977.7311,980.1594429812043
23,112,977.78076,980.2679907747444
23,113,977.8288,980.3760150743943
23,114,977.8752,980.4834601082667
23,115,977.92,980.5902701044756
23,116,977.9635,980.6963892911332
23,117,978.00555,980.8017618963535
23,118,978.0464,980.9063321482495
23,119,978.08606,981.0100442749341
23,120,978.1247,981.1128425045208
23,121,978.16223,981.2146710651225
23,122,978.19885,981.3154741848527
23,123,978.2347,981.4151960918248
23,124,978.26965,981.5137810141514
23,125,978.3041,981.6111731799458
23,126,978.33795,981.7073168173217
23,127,978.3713,981.802156154392
23,128,978.40424,981.89563541927
23,129,978.4369,981.9876988400687
23,130,978.46924,982.0782906449011
23,131,978.5015,982.167355061881
23,132,978.53375,982.2548363191212
23,133,978.566,982.3406786447351
23,134,978.5983,982.4248262668353
23,135,978.63086,982.5072234135359
23,136,978.66364,982.5878143129496
23,137,978.69696,982.6665431931896
23,138,978.73065,982.7433542823693
23,139,978.76483,982.8181918086017
23,140,978.79974,982.8910000000002
23,141,978.83527,982.9618039415283
23,142,978.8717,983.0309521455537
23,143,978.9089,983.0988739812938
23,144,978.9472,983.1659988179663
23,145,978.9863,983.2327560247896
23,146,979.02673,983.2995749709809
23,147,979.0684,983.3668850257582
23,148,979.11127,983.4351155583397
23,149,979.1557,983.5046959379429
23,150,979.2016,983.5760555337854
23,151,979.2492,983.6496237150851
23,152,979.29846,983.7258298510602
23,153,979.34973,983.8051033109281
23,154,979.40283,983.8878734639071
23,155,979.45795,983.9745696792144
23,156,979.51526,984.0656213260684
23,157,979.5748,984.1614577736865
23,158,979.63684,984.2625083912866
23,159,979.70123,984.3692025480865
23,160,979.7682,984.4819696133043
23,161,979.83777,984.6012389561575
23,162,979.91016,984.727439945864
23,163,979.9854,984.8610019516418
23,164,980.0636,985.0023543427086
23,165,980.14484,985.151926488282
23,166,980.2292,985.3101477575801
23,167,980.31696,985.4774475198207
23,168,980.408,985.6542551442213
23,169,980.5025,985.8410000000001
23,170,980.6006,986.0379701073407
23,171,980.7047,986.2448880902894
23,172,980.82385,986.4613352238591
23,173,980.96356,986.6868927830621
23,174,981.12305,986.9211420429111
23,175,981.3013,987.1636642784184
23,176,981.49713,987.4140407645968
23,177,981.70984,987.6718527764584
23,178,981.9383,987.9366815890162
23,179,982.1816,988.2081084772824
23,180,982.43866,988.4857147162693
23,181,982.7086,988.7690815809896
23,182,982.99036,989.0577903464562
23,183,983.2831,989.351422287681
23,184,983.5857,989.6495586796768
23,185,983.89716,989.9517807974561
23,186,984.2167,990.2576699160314
23,187,984.543,990.5668073104151
23,188,984.87555,990.87877425562
23,189,985.213,991.1931520266581
23,190,985.55457,991.5095218985424
23,191,985.89923,991.8274651462851
23,192,986.246,992.1465630448992
23,193,986.594,992.4663968693962
23,194,986.9422,992.7865478947898
23,195,987.28955,993.1065973960915
23,196,987.6354,993.4261266483144
23,197,987.97845,993.7447169264708
23,198,988.318,994.0619495055735
23,199,988.6529,994.3774056606345
23,200,988.9823,994.6906666666669
23,201,989.30524,995.0014082230057
23,202,989.6217,995.3096837262786
23,203,989.9346,995.6156409974369
23,204,990.24634,995.919427857431
23,205,990.55707,996.2211921272116
23,206,990.8668,996.5210816277296
23,207,991.17554,996.8192441799358
23,208,991.4835,997.1158276047809
23,209,991.7905,997.4109797232154
23,210,992.09674,997.7048483561904
23,211,992.4024,997.9975813246565
23,212,992.7072,998.2893264495647
23,213,993.0115,998.5802315518655
23,214,993.3152,998.8704444525093
23,215,993.6183,999.1601129724475
23,216,993.92096,999.4493849326306
23,217,994.22327,999.7384081540096
23,218,994.5252,1000.0273304575351
23,219,994.82684,1000.316299664157
23,220,995.1281,1000.6054635948279
23,221,995.42926,1000.894970070496
23,222,995.7303,1001.1849669121149
23,223,996.0312,1001.475601940634
23,224,996.3321,1001.767022977003
23,225,996.6329,1002.0593778421749
23,226,996.9338,1002.352814357099
23,227,997.23486,1002.6474803427249
23,228,997.5361,1002.943523620006
23,229,997.83746,1003.241092009892
23,230,998.1391,1003.5403333333331
23,231,998.4411,1003.8413261588049
23,232,998.7432,1004.1438720448781
23,233,999.04504,1004.447703297647
23,234,999.3463,1004.7525522232081
23,235,999.64716,1005.0581511276552
23,236,999.94745,1005.364232317084
23,237,1000.2472,1005.67052809759
23,238,1000.54626,1005.976770775268
23,239,1000.8448,1006.282692656212
23,240,1001.14264,1006.5880260465191
23,241,1001.43976,1006.892503252283
23,242,1001.7362,1007.195856579599
23,243,1002.03186,1007.4978183345629
23,244,1002.32684,1007.798120823269
23,245,1002.6211,1008.0964963518121
23,246,1002.91455,1008.3926772262881
23,247,1003.20715,1008.686395752792
23,248,1003.49896,1008.9773842374179
23,249,1003.78986,1009.265374986262
23,250,1004.08,1009.55010030542
23,251,1004.36926,1009.831292500985
23,252,1004.65765,1010.108683879053
23,253,1004.9452,1010.38200674572
23,254,1005.23175,1010.6509934070801
23,255,1005.51746,1010.915376169228
23,256,1005.8023,1011.17488733826
23,257,1006.08624,1011.429259220271
23,258,1006.36914,1011.678224121355
23,259,1006.6511,1011.921514347608
23,260,1006.9322,1012.158862205124
23,261,1007.21234,1012.39
23,262,1007.4914,1012.614756012665
23,263,1007.76935,1012.83334242089
23,264,1008.0456,1013.0460673767819
23,265,1008.3203,1013.253239032446
23,266,1008.5935,1013.45516553999
23,267,1008.8653,1013.652155051519
23,268,1009.13586,1013.844515719139
23,269,1009.4051,1014.032555694957
23,270,1009.67346,1014.216583131078
23,271,1009.9407,1014.39690617961
23,272,1010.20703,1014.573832992659
23,273,1010.4727,1014.74767172233
23,274,1010.7376,1014.9187305207302
23,275,1011.00195,1015.087317539965
23,276,1011.26587,1015.2537409321421
23,277,1011.5293,1015.418308849366
23,278,1011.7925,1015.5813294437442
23,279,1012.0554,1015.743110867382
23,280,1012.3183,1015.903961272387
23,281,1012.58124,1016.0641888108642
23,282,1012.8442,1016.22410163492
23,283,1013.1073,1016.384007896661
23,284,1013.3707,1016.544215748193
23,285,1013.63446,1016.705033341623
23,286,1013.8988,1016.866768829057
23,287,1014.1636,1017.0297303625999
23,288,1014.429,1017.19422609436
23,289,1014.6952,1017.360564176443
23,290,1014.9622,1017.529052760954
24,0,969.2779,974.5997115224653
24,1,969.3672,974.6390724568952
24,2,969.458,974.6779991335238
24,3,969.55023,974.7165080400766
24,4,969.644,974.7546156642793
24,5,969.7391,974.7923384938564
24,6,969.83545,974.8296930165335
24,7,969.9332,974.8666957200356
24,8,970.0323,974.9033630920887
24,9,970.1327,974.939711620417
24,10,970.23425,974.9757577927465
24,11,970.3371,975.0115180968023
24,12,970.4411,975.0470090203094
24,13,970.5463,975.0822470509929
24,14,970.65265,975.1172486765788
24,15,970.76013,975.1520303847916
24,16,970.8685,975.1866086633571
24,17,970.9782,975.2210000000001
24,18,971.0888,975.2552148952259
24,19,971.2024,975.2892399006599
24,20,971.32556,975.3230555807072
24,21,971.4627,975.3566424997728
24,22,971.6128,975.389981222262
24,23,971.77515,975.42305231258
24,24,971.949,975.4558363351321
24,25,972.1334,975.4883138543231
24,26,972.32776,975.5204654345584
24,27,972.531,975.5522716402432
24,28,972.7425,975.5837130357826
24,29,972.9614,975.6147701855818
24,30,973.1869,975.6454236540461
24,31,973.41815,975.6756540055802
24,32,973.6544,975.7054418045897
24,33,973.89484,975.7347676154797
24,34,974.1385,975.7636120026553
24,35,974.3849,975.7919555305218
24,36,974.63293,975.819778763484
24,37,974.882,975.8470622659476
24,38,975.13116,975.8737866023174
24,39,975.3796,975.899932336999
24,40,975.62665,975.9254800343967
24,41,975.8714,975.9504102589166
24,42,976.11304,975.9747035749632
24,43,976.35077,975.998340546942
24,44,976.5839,976.0213017392583
24,45,976.8115,976.043567716317
24,46,977.0329,976.0651190425235
24,47,977.24713,976.0859362822828
24,48,977.45355,976.1059999999999
24,49,977.65125,976.1253177925533
24,50,977.84265,976.1440053867123
24,51,978.0378,976.1622055417198
24,52,978.24335,976.1800610168182
24,53,978.4583,976.19771457125
24,54,978.68164,976.2153089642578
24,55,978.91187,976.2329869550846
24,56,979.1481,976.2508913029724
24,57,979.389,976.2691647671642
24,58,979.6336,976.2879501069023
24,59,979.88074,976.3073900814296
24,60,980.12933,976.3276274499883
24,61,980.37805,976.3488049718213
24,62,980.62585,976.371065406171
24,63,980.8716,976.3945515122804
24,64,981.1143,976.4194060493915
24,65,981.3526,976.4457717767472
24,66,981.58545,976.4737914535899
24,67,981.81177,976.5036078391626
24,68,982.03033,976.5353636927072
24,69,982.2402,976.569201773467
24,70,982.43994,976.6052648406841
24,71,982.62866,976.6436956536012
24,72,982.80524,976.684636971461
24,73,982.9685,976.728231553506
24,74,983.1172,976.7746221589788
24,75,983.2503,976.8239515471221
24,76,983.36676,976.8763624771782
24,77,983.4654,976.9319977083901
24,78,983.545,976.991
24,79,983.60455,977.0534675331088
24,80,983.6462,977.1193201762495
24,81,983.6811,977.1884332198136
24,82,983.7174,977.2606819541923
24,83,983.7551,977.3359416697765
24,84,983.7941,977.414087656958
24,85,983.83435,977.4949952061278
24,86,983.8759,977.5785396076772
24,87,983.91864,977.6645961519973
24,88,983.9624,977.7530401294802
24,89,984.0072,977.8437468305158
24,90,984.0532,977.9365915454963
24,91,984.10004,978.0314495648126
24,92,984.1478,978.1281961788563
24,93,984.1964,978.2267066780184
24,94,984.2459,978.3268563526904
24,95,984.29614,978.4285204932632
24,96,984.34705,978.5315743901284
24,97,984.3986,978.6358933336771
24,98,984.4508,978.7413526143008
24,99,984.50366,978.8478275223904
24,100,984.55695,978.9551933483373
24,101,984.61066,979.0633253825329
24,102,984.66486,979.1720989153682
24,103,984.71936,979.2813892372352
24,104,984.7742,979.3910716385241
24,105,984.8292,979.5010214096268
24,106,984.8845,979.6111138409344
24,107,984.94,979.7212242228384
24,108,984.9955,979.8312278457298
24,109,985.051,979.941
24,110,985.1067,980.0504274656605
24,111,985.16205,980.1594429812043
24,112,985.2164,980.2679907747444
24,113,985.2693,980.3760150743943
24,114,985.3208,980.4834601082667
24,115,985.37085,980.5902701044756
24,116,985.41974,980.6963892911332
24,117,985.4674,980.8017618963535
24,118,985.5139,980.9063321482495
24,119,985.5593,981.0100442749341
24,120,985.6038,981.1128425045208
24,121,985.6473,981.2146710651225
24,122,985.6898,981.3154741848527
24,123,985.73157,981.4151960918248
24,124,985.7726,981.5137810141514
24,125,985.813,981.6111731799458
24,126,985.85266,981.7073168173217
24,127,985.8919,981.802156154392
24,128,985.93054,981.89563541927
24,129,985.9688,981.9876988400687
24,130,986.0068,982.0782906449011
24,131,986.0444,982.167355061881
24,132,986.08185,982.2548363191212
24,133,986.119,982.3406786447351
24,134,986.15625,982.4248262668353
24,135,986.19336,982.5072234135359
24,136,986.2305,982.5878143129496
24,137,986.2678,982.6665431931896
24,138,986.30524,982.7433542823693
24,139,986.34296,982.8181918086017
24,140,986.3809,982.8910000000002
24,141,986.41925,982.9618039415283
24,142,986.4581,983.0309521455537
24,143,986.4974,983.0988739812938
24,144,986.53723,983.1659988179663
24,145,986.5779,983.2327560247896
24,146,986.6193,983.2995749709809
24,147,986.6618,983.3668850257582
24,148,986.7054,983.4351155583397
24,149,986.7504,983.5046959379429
24,150,986.7968,983.5760555337854
24,151,986.8447,983.6496237150851
24,152,986.8944,983.7258298510602
24,153,986.94586,983.8051033109281
24,154,986.9994,983.8878734639071
24,155,987.05505,983.9745696792144
24,156,987.1129,984.0656213260684
24,157,987.1733,984.1614577736865
24,158,987.236,984.2625083912866
24,159,987.30164,984.3692025480865
24,160,987.37,984.4819696133043
24,161,987.4413,984.6012389561575
24,162,987.5157,984.727439945864
24,163,987.5933,984.8610019516418
24,164,987.6744,985.0023543427086
24,165,987.759,985.151926488282
24,166,987.84717,985.3101477575801
24,167,987.9392,985.4774475198207
24,168,988.0351,985.6542551442213
24,169,988.1352,985.8410000000001
24,170,988.23944,986.0379701073407
24,171,988.35065,986.2448880902894
24,172,988.4782,986.4613352238591
24,173,988.6279,986.6868927830621
24,174,988.7988,986.9211420429111
24,175,988.9898,987.1636642784184
24,176,989.1998,987.4140407645968
24,177,989.42786,987.6718527764584
24,178,989.6727,987.9366815890162
24,179,989.93365,988.2081084772824
24,180,990.2093,988.4857147162693
24,181,990.4987,988.7690815809896
24,182,990.80084,989.0577903464562
24,183,991.11456,989.351422287681
24,184,991.439,989.6495586796768
24,185,991.77295,989.9517807974561
24,186,992.11536,990.2576699160314
24,187,992.4652,990.5668073104151
24,188,992.8215,990.87877425562
24,189,993.1831,991.1931520266581
24,190,993.549,991.5095218985424
24,191,993.91815,991.8274651462851
24,192,994.28955,992.1465630448992
24,193,994.66205,992.4663968693962
24,194,995.03467,992.7865478947898
24,195,995.4064,993.1065973960915
24,196,995.77606,993.4261266483144
24,197,996.14276,993.7447169264708
24,198,996.50543,994.0619495055735
24,199,996.863,994.3774056606345
24,200,997.21436,994.6906666666669
24,201,997.5586,995.0014082230057
24,202,997.8958,995.3096837262786
24,203,998.229,995.6156409974369
24,204,998.5611,995.919427857431
24,205,998.89197,996.2211921272116
24,206,999.2219,996.5210816277296
24,207,999.5507,996.8192441799358
24,208,999.8786,997.1158276047809
24,209,1000.20557,997.4109797232154
24,210,1000.5317,997.7048483561904
24,211,1000.85706,997.9975813246565
24,212,1001.18176,998.2893264495647
24,213,1001.50574,998.5802315518655
24,214,1001.82916,998.8704444525093
24,215,1002.15204,999.1601129724475
24,216,1002.4744,999.4493849326306
24,217,1002.7963,999.7384081540096
24,218,1003.118,1000.0273304575351
24,219,1003.4393,1000.316299664157
24,220,1003.7603,1000.6054635948279
24,221,1004.08124,1000.894970070496
24,222,1004.40204,1001.1849669121149
24,223,1004.72266,1001.475601940634
24,224,1005.0434,1001.767022977003
24,225,1005.3642,1002.0593778421749
24,226,1005.6851,1002.352814357099
24,227,1006.00616,1002.6474803427249
24,228,1006.32745,1002.943523620006
24,229,1006.649,1003.241092009892
24,230,1006.97095,1003.5403333333331
24,231,1007.29333,1003.8413261588049
24,232,1007.61615,1004.1438720448781
24,233,1007.93976,1004.447703297647
24,234,1008.26404,1004.7525522232081
24,235,1008.58875,1005.0581511276552
24,236,1008.9139,1005.364232317084
24,237,1009.2393,1005.67052809759
24,238,1009.56476,1005.976770775268
24,239,1009.8901,1006.282692656212
24,240,1010.21515,1006.5880260465191
24,241,1010.53986,1006.892503252283
24,242,1010.86383,1007.195856579599
24,243,1011.18726,1007.4978183345629
24,244,1011.50964,1007.798120823269
24,245,1011.831,1008.0964963518121
24,246,1012.1512,1008.3926772262881
24,247,1012.4699,1008.686395752792
24,248,1012.7871,1008.9773842374179
24,249,1013.10266,1009.265374986262
24,250,1013.41644,1009.55010030542
24,251,1013.72815,1009.831292500985
24,252,1014.0377,1010.108683879053
24,253,1014.34503,1010.38200674572
24,254,1014.64984,1010.6509934070801
24,255,1014.952,1010.915376169228
24,256,1015.25146,1011.17488733826
24,257,1015.5479,1011.429259220271
24,258,1015.84143,1011.678224121355
24,259,1016.1316,1011.921514347608
24,260,1016.4183,1012.158862205124
24,261,1016.70154,1012.39
24,262,1016.9811,1012.614756012665
24,263,1017.2568,1012.83334242089
24,264,1017.52893,1013.0460673767819
24,265,1017.7979,1013.253239032446
24,266,1018.0637,1013.45516553999
24,267,1018.3266,1013.652155051519
24,268,1018.58655,1013.844515719139
24,269,1018.84375,1014.032555694957
24,270,1019.09827,1014.216583131078
24,271,1019.35034,1014.39690617961
24,272,1019.5998,1014.573832992659
24,273,1019.84717,1014.74767172233
24,274,1020.09216,1014.9187305207302
24,275,1020.3352,1015.087317539965
24,276,1020.5761,1015.2537409321421
24,277,1020.8152,1015.418308849366
24,278,1021.0525,1015.5813294437442
24,279,1021.2881,1015.743110867382
24,280,1021.5222,1015.903961272387
24,281,1021.7548,1016.0641888108642
24,282,1021.98615,1016.22410163492
24,283,1022.2162,1016.384007896661
24,284,1022.4451,1016.544215748193
24,285,1022.673,1016.705033341623
24,286,1022.9,1016.866768829057
24,287,1023.12616,1017.0297303625999
24,288,1023.3516,1017.19422609436
24,289,1023.57654,1017.360564176443
24,290,1023.8009,1017.529052760954
25,0,961.4674,974.5997115224653
25,1,961.5632,974.6390724568952
25,2,961.6609,974.6779991335238
25,3,961.7604,974.7165080400766
25,4,961.86176,974.7546156642793
25,5,961.96484,974.7923384938564
25,6,962.06976,974.8296930165335
25,7,962.17633,974.8666957200356
25,8,962.28455,974.9033630920887
25,9,962.3943,974.939711620417
25,10,962.5056,974.9757577927465
25,11,962.61835,975.0115180968023
25,12,962.73254,975.0470090203094
25,13,962.8482,975.0822470509929
25,14,962.96515,975.1172486765788
25,15,963.0834,975.1520303847916
25,16,963.2029,975.1866086633571
25,17,963.3236,975.2210000000001
25,18,963.4455,975.2552148952259
25,19,963.5708,975.2892399006599
25,20,963.7074,975.3230555807072
25,21,963.8603,975.3566424997728
25,22,964.0283,975.389981222262
25,23,964.21063,975.42305231258
25,24,964.40625,975.4558363351321
25,25,964.6142,975.4883138543231
25,26,964.8336,975.5204654345584
25,27,965.0636,975.5522716402432
25,28,965.30304,975.5837130357826
25,29,965.551,975.6147701855818
25,30,965.8067,975.6454236540461
25,31,966.06903,975.6756540055802
25,32,966.33716,975.7054418045897
25,33,966.6101,975.7347676154797
25,34,966.8869,975.7636120026553
25,35,967.1666,975.7919555305218
25,36,967.44836,975.819778763484
25,37,967.73114,975.8470622659476
25,38,968.014,975.8737866023174
25,39,968.296,975.899932336999
25,40,968.57623,975.9254800343967
25,41,968.85376,975.9504102589166
25,42,969.1277,975.9747035749632
25,43,969.39716,975.998340546942
25,44,969.66095,976.0213017392583
25,45,969.9184,976.043567716317
25,46,970.1686,976.0651190425235
25,47,970.4103,976.0859362822828
25,48,970.6429,976.1059999999999
25,49,970.86536,976.1253177925533
25,50,971.08044,976.1440053867123
25,51,971.29987,976.1622055417198
25,52,971.5314,976.1800610168182
25,53,971.7736,976.19771457125
25,54,972.0253,976.2153089642578
25,55,972.28503,976.2329869550846
25,56,972.55145,976.2508913029724
25,57,972.8233,976.2691647671642
25,58,973.0993,976.2879501069023
25,59,973.37787,976.3073900814296
25,60,973.65796,976.3276274499883
25,61,973.93805,976.3488049718213
25,62,974.2169,976.371065406171
25,63,974.4932,976.3945515122804
25,64,974.76575,976.4194060493915
25,65,975.0331,976.4457717767472
25,66,975.2937,976.4737914535899
25,67,975.54663,976.5036078391626
25,68,975.79047,976.5353636927072
25,69,976.02374,976.569201773467
25,70,976.2454,976.6052648406841
25,71,976.4539,976.6436956536012
25,72,976.6481,976.684636971461
25,73,976.82654,976.728231553506
25,74,976.988,976.7746221589788
25,75,977.1313,976.8239515471221
25,76,977.2549,976.8763624771782
25,77,977.35767,976.9319977083901
25,78,977.43823,976.991
25,79,977.4952,977.0534675331088
25,80,977.53125,977.1193201762495
25,81,977.55896,977.1884332198136
25,82,977.58765,977.2606819541923
25,83,977.61725,977.3359416697765
25,84,977.6479,977.414087656958
25,85,977.6794,977.4949952061278
25,86,977.71173,977.5785396076772
25,87,977.74493,977.6645961519973
25,88,977.77893,977.7530401294802
25,89,977.8137,977.8437468305158
25,90,977.84924,977.9365915454963
25,91,977.8855,978.0314495648126
25,92,977.9223,978.1281961788563
25,93,977.95984,978.2267066780184
25,94,977.9979,978.3268563526904
25,95,978.03656,978.4285204932632
25,96,978.0756,978.5315743901284
25,97,978.1153,978.6358933336771
25,98,978.1554,978.7413526143008
25,99,978.1959,978.8478275223904
25,100,978.2368,978.9551933483373
25,101,978.278,979.0633253825329
25,102,978.3195,979.1720989153682
25,103,978.36127,979.2813892372352
25,104,978.4033,979.3910716385241
25,105,978.44556,979.5010214096268
25,106,978.4879,979.6111138409344
25,107,978.53046,979.7212242228384
25,108,978.573,979.8312278457298
25,109,978.6157,979.941
25,110,978.6584,980.0504274656605
25,111,978.7008,980.1594429812043
25,112,978.742,980.2679907747444
25,113,978.7814,980.3760150743943
25,114,978.8192,980.4834601082667
25,115,978.8555,980.5902701044756
25,116,978.8903,980.6963892911332
25,117,978.9237,980.8017618963535
25,118,978.95593,980.9063321482495
25,119,978.987,981.0100442749341
25,120,979.017,981.1128425045208
25,121,979.04596,981.2146710651225
25,122,979.07416,981.3154741848527
25,123,979.10144,981.4151960918248
25,124,979.1282,981.5137810141514
25,125,979.1543,981.6111731799458
25,126,979.1799,981.7073168173217
25,127,979.2052,981.802156154392
25,128,979.2301,981.89563541927
25,129,979.25476,981.9876988400687
25,130,979.2795,982.0782906449011
25,131,979.30414,982.167355061881
25,132,979.32886,982.2548363191212
25,133,979.3538,982.3406786447351
25,134,979.379,982.4248262668353
25,135,979.4046,982.5072234135359
25,136,979.4308,982.5878143129496
25,137,979.4574,982.6665431931896
25,138,979.4848,982.7433542823693
25,139,979.5129,982.8181918086017
25,140,979.54193,982.8910000000002
25,141,979.57184,982.9618039415283
25,142,979.6028,983.0309521455537
25,143,979.63495,983.0988739812938
25,144,979.66815,983.1659988179663
25,145,979.7026,983.2327560247896
25,146,979.7382,983.2995749709809
25,147,979.77527,983.3668850257582
25,148,979.8136,983.4351155583397
25,149,979.8535,983.5046959379429
25,150,979.8949,983.5760555337854
25,151,979.93787,983.6496237150851
25,152,979.9825,983.7258298510602
25,153,980.0289,983.8051033109281
25,154,980.07697,983.8878734639071
25,155,980.12695,983.9745696792144
25,156,980.17883,984.0656213260684
25,157,980.2327,984.1614577736865
25,158,980.2886,984.2625083912866
25,159,980.3466,984.3692025480865
25,160,980.40686,984.4819696133043
25,161,980.46924,984.6012389561575
25,162,980.534,984.727439945864
25,163,980.60114,984.8610019516418
25,164,980.67065,985.0023543427086
25,165,980.7427,985.151926488282
25,166,980.8173,985.3101477575801
25,167,980.89453,985.4774475198207
25,168,980.9745,985.6542551442213
25,169,981.0572,985.8410000000001
25,170,981.14264,986.0379701073407
25,171,981.2341,986.2448880902894
25,172,981.342,986.4613352238591
25,173,981.47314,986.6868927830621
25,174,981.6264,986.9211420429111
25,175,981.8008,987.1636642784184
25,176,981.99493,987.4140407645968
25,177,982.208,987.6718527764584
25,178,982.4388,987.9366815890162
25,179,982.68616,988.2081084772824
25,180,982.94885,988.4857147162693
25,181,983.22595,988.7690815809896
25,182,983.51624,989.0577903464562
25,183,983.8186,989.351422287681
25,184,984.13196,989.6495586796768
25,185,984.45514,989.9517807974561
25,186,984.7872,990.2576699160314
25,187,985.12683,990.5668073104151
25,188,985.473,990.87877425562
25,189,985.82465,991.1931520266581
25,190,986.1806,991.5095218985424
25,191,986.53973,991.8274651462851
25,192,986.90106,992.1465630448992
25,193,987.26337,992.4663968693962
25,194,987.6256,992.7865478947898
25,195,987.9867,993.1065973960915
25,196,988.3454,993.4261266483144
25,197,988.701,993.7447169264708
25,198,989.05206,994.0619495055735
25,199,989.3976,994.3774056606345
25,200,989.7365,994.6906666666669
25,201,990.0678,995.0014082230057
25,202,990.3916,995.3096837262786
25,203,990.7114,995.6156409974369
25,204,991.0303,995.919427857431
25,205,991.34827,996.2211921272116
25,206,991.6653,996.5210816277296
25,207,991.9816,996.8192441799358
25,208,992.29706,997.1158276047809
25,209,992.6118,997.4109797232154
25,210,992.92584,997.7048483561904
25,211,993.23926,997.9975813246565
25,212,993.55206,998.2893264495647
25,213,993.86414,998.5802315518655
25,214,994.17584,998.8704444525093
25,215,994.487,999.1601129724475
25,216,994.79767,999.4493849326306
25,217,995.10785,999.7384081540096
25,218,995.41785,1000.0273304575351
25,219,995.7274,1000.316299664157
25,220,996.0367,1000.6054635948279
25,221,996.34564,1000.894970070496
25,222,996.6545,1001.1849669121149
25,223,996.96295,1001.475601940634
25,224,997.2715,1001.767022977003
25,225,997.57983,1002.0593778421749
25,226,997.8881,1002.352814357099
25,227,998.19635,1002.6474803427249
25,228,998.5047,1002.943523620006
25,229,998.81305,1003.241092009892
25,230,999.1214,1003.5403333333331
25,231,999.43,1003.8413261588049
25,232,999.7385,1004.1438720448781
25,233,1000.0471,1004.447703297647
25,234,1000.35565,1004.7525522232081
25,235,1000.664,1005.0581511276552
25,236,1000.97217,1005.364232317084
25,237,1001.2801,1005.67052809759
25,238,1001.58765,1005.976770775268
25,239,1001.89484,1006.282692656212
25,240,1002.2015,1006.5880260465191
25,241,1002.5075,1006.892503252283
25,242,1002.813,1007.195856579599
25,243,1003.1177,1007.4978183345629
25,244,1003.42163,1007.798120823269
25,245,1003.7247,1008.0964963518121
25,246,1004.0268,1008.3926772262881
25,247,1004.32794,1008.686395752792
25,248,1004.628,1008.9773842374179
25,249,1004.927,1009.265374986262
25,250,1005.22473,1009.55010030542
25,251,1005.5212,1009.831292500985
25,252,1005.81635,1010.108683879053
25,253,1006.1101,1010.38200674572
25,254,1006.40247,1010.6509934070801
25,255,1006.6932,1010.915376169228
25,256,1006.9824,1011.17488733826
25,257,1007.27,1011.429259220271
25,258,1007.5559,1011.678224121355
25,259,1007.84,1011.921514347608
25,260,1008.1223,1012.158862205124
25,261,1008.4027,1012.39
25,262,1008.68115,1012.614756012665
25,263,1008.95734,1012.83334242089
25,264,1009.23145,1013.0460673767819
25,265,1009.5035,1013.253239032446
25,266,1009.7738,1013.45516553999
25,267,1010.04224,1013.652155051519
25,268,1010.309,1013.844515719139
25,269,1010.57416,1014.032555694957
25,270,1010.8377,1014.216583131078
25,271,1011.09973,1014.39690617961
25,272,1011.3603,1014.573832992659
25,273,1011.61957,1014.74767172233
25,274,1011.8775,1014.9187305207302
25,275,1012.1343,1015.087317539965
25,276,1012.38995,1015.2537409321421
25,277,1012.64435,1015.418308849366
25,278,1012.8978,1015.5813294437442
25,279,1013.15045,1015.743110867382
25,280,1013.40216,1015.903961272387
25,281,1013.653,1016.0641888108642
25,282,1013.90314,1016.22410163492
25,283,1014.15265,1016.384007896661
25,284,1014.4015,1016.544215748193
25,285,1014.6498,1016.705033341623
25,286,1014.8975,1016.866768829057
25,287,1015.14496,1017.0297303625999
25,288,1015.392,1017.19422609436
25,289,1015.6388,1017.360564176443
25,290,1015.8853,1017.529052760954
26,0,961.88824,974.5997115224653
26,1,961.9958,974.6390724568952
26,2,962.1053,974.6779991335238
26,3,962.2167,974.7165080400766
26,4,962.3297,974.7546156642793
26,5,962.44434,974.7923384938564
26,6,962.5604,974.8296930165335
26,7,962.6778,974.8666957200356
26,8,962.7964,974.9033630920887
26,9,962.91595,974.939711620417
26,10,963.03656,974.9757577927465
26,11,963.15796,975.0115180968023
26,12,963.2801,975.0470090203094
26,13,963.4027,975.0822470509929
26,14,963.5257,975.1172486765788
26,15,963.64905,975.1520303847916
26,16,963.77264,975.1866086633571
26,17,963.8963,975.2210000000001
26,18,964.0198,975.2552148952259
26,19,964.1454,975.2892399006599
26,20,964.27985,975.3230555807072
26,21,964.42773,975.3566424997728
26,22,964.58813,975.389981222262
26,23,964.76025,975.42305231258
26,24,964.9432,975.4558363351321
26,25,965.1363,975.4883138543231
26,26,965.3387,975.5204654345584
26,27,965.5495,975.5522716402432
26,28,965.7678,975.5837130357826
26,29,965.99316,975.6147701855818
26,30,966.22437,975.6454236540461
26,31,966.4608,975.6756540055802
26,32,966.70166,975.7054418045897
26,33,966.94604,975.7347676154797
26,34,967.1932,975.7636120026553
26,35,967.44226,975.7919555305218
26,36,967.6925,975.819778763484
26,37,967.943,975.8470622659476
26,38,968.193,975.8737866023174
26,39,968.44165,975.899932336999
26,40,968.6883,975.9254800343967
26,41,968.9319,975.9504102589166
26,42,969.1718,975.9747035749632
26,43,969.4071,975.998340546942
26,44,969.637,976.0213017392583
26,45,969.8608,976.043567716317
26,46,970.0776,976.0651190425235
26,47,970.2866,976.0859362822828
26,48,970.487,976.1059999999999
26,49,970.678,976.1253177925533
26,50,970.86206,976.1440053867123
26,51,971.0495,976.1622055417198
26,52,971.2472,976.1800610168182
26,53,971.45404,976.19771457125
26,54,971.6686,976.2153089642578
26,55,971.89026,976.2329869550846
26,56,972.1176,976.2508913029724
26,57,972.3495,976.2691647671642
26,58,972.585,976.2879501069023
26,59,972.82306,976.3073900814296
26,60,973.0624,976.3276274499883
26,61,973.30206,976.3488049718213
26,62,973.54083,976.371065406171
26,63,973.7777,976.3945515122804
26,64,974.01154,976.4194060493915
26,65,974.2413,976.4457717767472
26,66,974.46576,976.4737914535899
26,67,974.68414,976.5036078391626
26,68,974.8949,976.5353636927072
26,69,975.0972,976.569201773467
26,70,975.29004,976.6052648406841
26,71,975.4722,976.6436956536012
26,72,975.6425,976.684636971461
26,73,975.8001,976.728231553506
26,74,975.94366,976.7746221589788
26,75,976.0722,976.8239515471221
26,76,976.18463,976.8763624771782
26,77,976.2799,976.9319977083901
26,78,976.3569,976.991
26,79,976.4144,977.0534675331088
26,80,976.4549,977.1193201762495
26,81,976.4888,977.1884332198136
26,82,976.5237,977.2606819541923
26,83,976.55963,977.3359416697765
26,84,976.59656,977.414087656958
26,85,976.63446,977.4949952061278
26,86,976.67334,977.5785396076772
26,87,976.7131,977.6645961519973
26,88,976.75366,977.7530401294802
26,89,976.79504,977.8437468305158
26,90,976.8373,977.9365915454963
26,91,976.8802,978.0314495648126
26,92,976.9239,978.1281961788563
26,93,976.9683,978.2267066780184
26,94,977.0133,978.3268563526904
26,95,977.0589,978.4285204932632
26,96,977.10504,978.5315743901284
26,97,977.15173,978.6358933336771
26,98,977.199,978.7413526143008
26,99,977.24664,978.8478275223904
26,100,977.2948,978.9551933483373
26,101,977.3433,979.0633253825329
26,102,977.39215,979.1720989153682
26,103,977.44135,979.2813892372352
26,104,977.49084,979.3910716385241
26,105,977.5406,979.5010214096268
26,106,977.5905,979.6111138409344
26,107,977.64056,979.7212242228384
26,108,977.6909,979.8312278457298
26,109,977.7412,979.941
26,110,977.79175,980.0504274656605
26,111,977.8419,980.1594429812043
26,112,977.89075,980.2679907747444
26,113,977.9377,980.3760150743943
26,114,977.9828,980.4834601082667
26,115,978.0261,980.5902701044756
26,116,978.06793,980.6963892911332
26,117,978.1082,980.8017618963535
26,118,978.14703,980.9063321482495
26,119,978.1845,981.0100442749341
26,120,978.2208,981.1128425045208
26,121,978.25604,981.2146710651225
26,122,978.29034,981.3154741848527
26,123,978.32367,981.4151960918248
26,124,978.35614,981.5137810141514
26,125,978.388,981.6111731799458
26,126,978.41925,981.7073168173217
26,127,978.4501,981.802156154392
26,128,978.48047,981.89563541927
26,129,978.5106,981.9876988400687
26,130,978.54065,982.0782906449011
26,131,978.57056,982.167355061881
26,132,978.60046,982.2548363191212
26,133,978.6306,982.3406786447351
26,134,978.66095,982.4248262668353
26,135,978.6916,982.5072234135359
26,136,978.72284,982.5878143129496
26,137,978.7546,982.6665431931896
26,138,978.7869,982.7433542823693
26,139,978.82007,982.8181918086017
26,140,978.85406,982.8910000000002
26,141,978.88904,982.9618039415283
26,142,978.9251,983.0309521455537
26,143,978.96234,983.0988739812938
26,144,979.0008,983.1659988179663
26,145,979.0405,983.2327560247896
26,146,979.08167,983.2995749709809
26,147,979.1243,983.3668850257582
26,148,979.1686,983.4351155583397
26,149,979.2145,983.5046959379429
26,150,979.26215,983.5760555337854
26,151,979.31177,983.6496237150851
26,152,979.3632,983.7258298510602
26,153,979.4168,983.8051033109281
26,154,979.4726,983.8878734639071
26,155,979.5305,983.9745696792144
26,156,979.5908,984.0656213260684
26,157,979.65356,984.1614577736865
26,158,979.7188,984.2625083912866
26,159,979.7867,984.3692025480865
26,160,979.85724,984.4819696133043
26,161,979.9305,984.6012389561575
26,162,980.0067,984.727439945864
26,163,980.086,984.8610019516418
26,164,980.1683,985.0023543427086
26,165,980.25366,985.151926488282
26,166,980.34247,985.3101477575801
26,167,980.4345,985.4774475198207
26,168,980.52997,985.6542551442213
26,169,980.62897,985.8410000000001
26,170,980.7317,986.0379701073407
26,171,980.8408,986.2448880902894
26,172,980.96515,986.4613352238591
26,173,981.1103,986.6868927830621
26,174,981.27527,986.9211420429111
26,175,981.4593,987.1636642784184
26,176,981.6613,987.4140407645968
26,177,981.8802,987.6718527764584
26,178,982.1152,987.9366815890162
26,179,982.3652,988.2081084772824
26,180,982.62915,988.4857147162693
26,181,982.9064,988.7690815809896
26,182,983.1956,989.0577903464562
26,183,983.49603,989.351422287681
26,184,983.8066,989.6495586796768
26,185,984.1264,989.9517807974561
26,186,984.4544,990.2576699160314
26,187,984.78973,990.5668073104151
26,188,985.13135,990.87877425562
26,189,985.47833,991.1931520266581
26,190,985.8296,991.5095218985424
26,191,986.1844,991.8274651462851
26,192,986.54156,992.1465630448992
26,193,986.90015,992.4663968693962
26,194,987.2592,992.7865478947898
26,195,987.6179,993.1065973960915
26,196,987.9751,993.4261266483144
26,197,988.33,993.7447169264708
26,198,988.6816,994.0619495055735
26,199,989.02875,994.3774056606345
26,200,989.3707,994.6906666666669
26,201,989.70636,995.0014082230057
26,202,990.03595,995.3096837262786
26,203,990.3622,995.6156409974369
26,204,990.6872,995.919427857431
26,205,991.0113,996.2211921272116
26,206,991.3344,996.5210816277296
26,207,991.6566,996.8192441799358
26,208,991.9779,997.1158276047809
26,209,992.29834,997.4109797232154
26,210,992.618,997.7048483561904
26,211,992.93695,997.9975813246565
26,212,993.2552,998.2893264495647
26,213,993.5727,998.5802315518655
26,214,993.8896,998.8704444525093
26,215,994.20593,999.1601129724475
26,216,994.52185,999.4493849326306
26,217,994.8372,999.7384081540096
26,218,995.15216,1000.0273304575351
26,219,995.46674,1000.316299664157
26,220,995.78094,1000.6054635948279
26,221,996.0949,1000.894970070496
26,222,996.40857,1001.1849669121149
26,223,996.72217,1001.475601940634
26,224,997.0354,1001.767022977003
26,225,997.3487,1002.0593778421749
26,226,997.66187,1002.352814357099
26,227,997.97504,1002.6474803427249
26,228,998.28827,1002.943523620006
26,229,998.6016,1003.241092009892
26,230,998.9149,1003.5403333333331
26,231,999.2285,1003.8413261588049
26,232,999.542,1004.1438720448781
26,233,999.85443,1004.447703297647
26,234,1000.16547,1004.7525522232081
26,235,1000.47504,1005.0581511276552
26,236,1000.7833,1005.364232317084
26,237,1001.09045,1005.67052809759
26,238,1001.3965,1005.976770775268
26,239,1001.70154,1006.282692656212
26,240,1002.0057,1006.5880260465191
26,241,1002.3091,1006.892503252283
26,242,1002.61176,1007.195856579599
26,243,1002.914,1007.4978183345629
26,244,1003.2156,1007.798120823269
26,245,1003.51697,1008.0964963518121
26,246,1003.81805,1008.3926772262881
26,247,1004.11896,1008.686395752792
26,248,1004.4198,1008.9773842374179
26,249,1004.72076,1009.265374986262
26,250,1005.0219,1009.55010030542
26,251,1005.32336,1009.831292500985
26,252,1005.6252,1010.108683879053
26,253,1005.9275,1010.38200674572
26,254,1006.2304,1010.6509934070801
26,255,1006.534,1010.915376169228
26,256,1006.83844,1011.17488733826
26,257,1007.14374,1011.429259220271
26,258,1007.4502,1011.678224121355
26,259,1007.7576,1011.921514347608
26,260,1008.0664,1012.158862205124
26,261,1008.3765,1012.39
26,262,1008.6881,1012.614756012665
26,263,1009.0008,1012.83334242089
26,264,1009.3141,1013.0460673767819
26,265,1009.6273,1013.253239032446
26,266,1009.94073,1013.45516553999
26,267,1010.25433,1013.652155051519
26,268,1010.5682,1013.844515719139
26,269,1010.88226,1014.032555694957
26,270,1011.19696,1014.216583131078
26,271,1011.5119,1014.39690617961
26,272,1011.8275,1014.573832992659
26,273,1012.1437,1014.74767172233
26,274,1012.4605,1014.9187305207302
26,275,1012.77814,1015.087317539965
26,276,1013.0966,1015.2537409321421
26,277,1013.4158,1015.418308849366
26,278,1013.7361,1015.5813294437442
26,279,1014.0574,1015.743110867382
26,280,1014.37976,1015.903961272387
26,281,1014.7033,1016.0641888108642
26,282,1015.02795,1016.22410163492
26,283,1015.3539,1016.384007896661
26,284,1015.6813,1016.544215748193
26,285,1016.01,1016.705033341623
26,286,1016.34033,1016.866768829057
26,287,1016.67206,1017.0297303625999
26,288,1017.0055,1017.19422609436
26,289,1017.3406,1017.360564176443
26,290,1017.67737,1017.529052760954
27,0,973.95605,974.5997115224653
27,1,974.0578,974.6390724568952
27,2,974.15967,974.6779991335238
27,3,974.2618,974.7165080400766
27,4,974.3641,974.7546156642793
27,5,974.46655,974.7923384938564
27,6,974.56934,974.8296930165335
27,7,974.6722,974.8666957200356
27,8,974.77545,974.9033630920887
27,9,974.879,974.939711620417
27,10,974.9828,974.9757577927465
27,11,975.087,975.0115180968023
27,12,975.1914,975.0470090203094
27,13,975.29626,975.0822470509929
27,14,975.4013,975.1172486765788
27,15,975.50696,975.1520303847916
27,16,975.61285,975.1866086633571
27,17,975.7192,975.2210000000001
27,18,975.826,975.2552148952259
27,19,975.9347,975.2892399006599
27,20,976.0502,975.3230555807072
27,21,976.1753,975.3566424997728
27,22,976.3098,975.389981222262
27,23,976.45294,975.42305231258
27,24,976.60425,975.4558363351321
27,25,976.763,975.4883138543231
27,26,976.9289,975.5204654345584
27,27,977.1012,975.5522716402432
27,28,977.27936,975.5837130357826
27,29,977.46295,975.6147701855818
27,30,977.6513,975.6454236540461
27,31,977.84393,975.6756540055802
27,32,978.0402,975.7054418045897
27,33,978.2397,975.7347676154797
27,34,978.4417,975.7636120026553
27,35,978.6458,975.7919555305218
27,36,978.85126,975.819778763484
27,37,979.0578,975.8470622659476
27,38,979.2647,975.8737866023174
27,39,979.47144,975.899932336999
27,40,979.6775,975.9254800343967
27,41,979.8822,975.9504102589166
27,42,980.08514,975.9747035749632
27,43,980.2857,975.998340546942
27,44,980.48334,976.0213017392583
27,45,980.6776,976.043567716317
27,46,980.86786,976.0651190425235
27,47,981.05347,976.0859362822828
27,48,981.23395,976.1059999999999
27,49,981.4089,976.1253177925533
27,50,981.58014,976.1440053867123
27,51,981.75543,976.1622055417198
27,52,981.93976,976.1800610168182
27,53,982.1323,976.19771457125
27,54,982.33203,976.2153089642578
27,55,982.538,976.2329869550846
27,56,982.74927,976.2508913029724
27,57,982.9647,976.2691647671642
27,58,983.18365,976.2879501069023
27,59,983.405,976.3073900814296
27,60,983.6278,976.3276274499883
27,61,983.851,976.3488049718213
27,62,984.07385,976.371065406171
27,63,984.2952,976.3945515122804
27,64,984.5143,976.4194060493915
27,65,984.73004,976.4457717767472
27,66,984.94147,976.4737914535899
27,67,985.14777,976.5036078391626
27,68,985.34784,976.5353636927072
27,69,985.54095,976.569201773467
27,70,985.72595,976.6052648406841
27,71,985.902,976.6436956536012
27,72,986.06805,976.684636971461
27,73,986.22327,976.728231553506
27,74,986.3668,976.7746221589788
27,75,986.49744,976.8239515471221
27,76,986.6145,976.8763624771782
27,77,986.717,976.9319977083901
27,78,986.8038,976.991
27,79,986.874,977.0534675331088
27,80,986.9298,977.1193201762495
27,81,986.9804,977.1884332198136
27,82,987.0327,977.2606819541923
27,83,987.08673,977.3359416697765
27,84,987.14233,977.414087656958
27,85,987.19965,977.4949952061278
27,86,987.2585,977.5785396076772
27,87,987.3187,977.6645961519973
27,88,987.3805,977.7530401294802
27,89,987.4436,977.8437468305158
27,90,987.50793,977.9365915454963
27,91,987.5735,978.0314495648126
27,92,987.6402,978.1281961788563
27,93,987.70807,978.2267066780184
27,94,987.777,978.3268563526904
27,95,987.8469,978.4285204932632
27,96,987.91766,978.5315743901284
27,97,987.9894,978.6358933336771
27,98,988.0619,978.7413526143008
27,99,988.13513,978.8478275223904
27,100,988.2091,978.9551933483373
27,101,988.2836,979.0633253825329
27,102,988.3587,979.1720989153682
27,103,988.4344,979.2813892372352
27,104,988.5105,979.3910716385241
27,105,988.587,979.5010214096268
27,106,988.66376,979.6111138409344
27,107,988.74084,979.7212242228384
27,108,988.81805,979.8312278457298
27,109,988.8954,979.941
27,110,988.97284,980.0504274656605
27,111,989.0503,980.1594429812043
27,112,989.1274,980.2679907747444
27,113,989.204,980.3760150743943
27,114,989.2801,980.4834601082667
27,115,989.3555,980.5902701044756
27,116,989.43054,980.6963892911332
27,117,989.5049,980.8017618963535
27,118,989.57855,980.9063321482495
27,119,989.6516,981.0100442749341
27,120,989.724,981.1128425045208
27,121,989.7957,981.2146710651225
27,122,989.8666,981.3154741848527
27,123,989.9367,981.4151960918248
27,124,990.00604,981.5137810141514
27,125,990.07465,981.6111731799458
27,126,990.14233,981.7073168173217
27,127,990.2091,981.802156154392
27,128,990.275,981.89563541927
27,129,990.34,981.9876988400687
27,130,990.4041,982.0782906449011
27,131,990.4672,982.167355061881
27,132,990.5292,982.2548363191212
27,133,990.59033,982.3406786447351
27,134,990.65027,982.4248262668353
27,135,990.70917,982.5072234135359
27,136,990.76697,982.5878143129496
27,137,990.82367,982.6665431931896
27,138,990.8792,982.7433542823693
27,139,990.93353,982.8181918086017
27,140,990.98663,982.8910000000002
27,141,991.03845,982.9618039415283
27,142,991.0891,983.0309521455537
27,143,991.1385,983.0988739812938
27,144,991.187,983.1659988179663
27,145,991.2349,983.2327560247896
27,146,991.28253,983.2995749709809
27,147,991.33026,983.3668850257582
27,148,991.3782,983.4351155583397
27,149,991.42694,983.5046959379429
27,150,991.4767,983.5760555337854
27,151,991.5278,983.6496237150851
27,152,991.5806,983.7258298510602
27,153,991.6353,983.8051033109281
27,154,991.69244,983.8878734639071
27,155,991.7522,983.9745696792144
27,156,991.81494,984.0656213260684
27,157,991.88104,984.1614577736865
27,158,991.9507,984.2625083912866
27,159,992.0243,984.3692025480865
27,160,992.10223,984.4819696133043
27,161,992.1848,984.6012389561575
27,162,992.2722,984.727439945864
27,163,992.3649,984.8610019516418
27,164,992.4633,985.0023543427086
27,165,992.56757,985.151926488282
27,166,992.678,985.3101477575801
27,167,992.795,985.4774475198207
27,168,992.9189,985.6542551442213
27,169,993.05,985.8410000000001
27,170,993.18866,986.0379701073407
27,171,993.33734,986.2448880902894
27,172,993.504,986.4613352238591
27,173,993.69336,986.6868927830621
27,174,993.9043,986.9211420429111
27,175,994.13586,987.1636642784184
27,176,994.3869,987.4140407645968
27,177,994.6563,987.6718527764584
27,178,994.94305,987.9366815890162
27,179,995.2461,988.2081084772824
27,180,995.56415,988.4857147162693
27,181,995.8963,988.7690815809896
27,182,996.24146,989.0577903464562
27,183,996.5986,989.351422287681
27,184,996.96643,989.6495586796768
27,185,997.3441,989.9517807974561
27,186,997.7304,990.2576699160314
27,187,998.1242,990.5668073104151
27,188,998.52466,990.87877425562
27,189,998.93054,991.1931520266581
27,190,999.34076,991.5095218985424
27,191,999.7543,991.8274651462851
27,192,1000.17,992.1465630448992
27,193,1000.58685,992.4663968693962
27,194,1001.0038,992.7865478947898
27,195,1001.41986,993.1065973960915
27,196,1001.83386,993.4261266483144
27,197,1002.24475,993.7447169264708
27,198,1002.65155,994.0619495055735
27,199,1003.0529,994.3774056606345
27,200,1003.44824,994.6906666666669
27,201,1003.83606,995.0014082230057
27,202,1004.2166,995.3096837262786
27,203,1004.5928,995.6156409974369
27,204,1004.967,995.919427857431
27,205,1005.33954,996.2211921272116
27,206,1005.71045,996.5210816277296
27,207,1006.0796,996.8192441799358
27,208,1006.44727,997.1158276047809
27,209,1006.81366,997.4109797232154
27,210,1007.1786,997.7048483561904
27,211,1007.54224,997.9975813246565
27,212,1007.9048,998.2893264495647
27,213,1008.26624,998.5802315518655
27,214,1008.6267,998.8704444525093
27,215,1008.9862,999.1601129724475
27,216,1009.3448,999.4493849326306
27,217,1009.70276,999.7384081540096
27,218,1010.06,1000.0273304575351
27,219,1010.41675,1000.316299664157
27,220,1010.77295,1000.6054635948279
27,221,1011.12866,1000.894970070496
27,222,1011.48413,1001.1849669121149
27,223,1011.8393,1001.475601940634
27,224,1012.19434,1001.767022977003
27,225,1012.5493,1002.0593778421749
27,226,1012.90436,1002.352814357099
27,227,1013.25934,1002.6474803427249
27,228,1013.6146,1002.943523620006
27,229,1013.9701,1003.241092009892
27,230,1014.3259,1003.5403333333331
27,231,1014.6821,1003.8413261588049
27,232,1015.0392,1004.1438720448781
27,233,1015.3983,1004.447703297647
27,234,1015.76044,1004.7525522232081
27,235,1016.12494,1005.0581511276552
27,236,1016.49164,1005.364232317084
27,237,1016.86,1005.67052809759
27,238,1017.2297,1005.976770775268
27,239,1017.6002,1006.282692656212
27,240,1017.9712,1006.5880260465191
27,241,1018.3424,1006.892503252283
27,242,1018.7133,1007.195856579599
27,243,1019.08344,1007.4978183345629
27,244,1019.45264,1007.798120823269
27,245,1019.8203,1008.0964963518121
27,246,1020.18604,1008.3926772262881
27,247,1020.5496,1008.686395752792
27,248,1020.9106,1008.9773842374179
27,249,1021.2686,1009.265374986262
27,250,1021.6233,1009.55010030542
27,251,1021.97406,1009.831292500985
27,252,1022.3209,1010.108683879053
27,253,1022.66315,1010.38200674572
27,254,1023.0005,1010.6509934070801
27,255,1023.33264,1010.915376169228
27,256,1023.6591,1011.17488733826
27,257,1023.9797,1011.429259220271
27,258,1024.2937,1011.678224121355
27,259,1024.6011,1011.921514347608
27,260,1024.9012,1012.158862205124
27,261,1025.194,1012.39
27,262,1025.4786,1012.614756012665
27,263,1025.7555,1012.83334242089
27,264,1026.0255,1013.0460673767819
27,265,1026.2902,1013.253239032446
27,266,1026.5496,1013.45516553999
27,267,1026.8036,1013.652155051519
27,268,1027.0526,1013.844515719139
27,269,1027.2966,1014.032555694957
27,270,1027.536,1014.216583131078
27,271,1027.7705,1014.39690617961
27,272,1028.0004,1014.573832992659
27,273,1028.2258,1014.74767172233
27,274,1028.4471,1014.9187305207302
27,275,1028.664,1015.087317539965
27,276,1028.8768,1015.2537409321421
27,277,1029.0858,1015.418308849366
27,278,1029.2908,1015.5813294437442
27,279,1029.4921,1015.743110867382
27,280,1029.6898,1015.903961272387
27,281,1029.8839,1016.0641888108642
27,282,1030.0747,1016.22410163492
27,283,1030.2622,1016.384007896661
27,284,1030.4465,1016.544215748193
27,285,1030.6278,1016.705033341623
27,286,1030.8062,1016.866768829057
27,287,1030.9818,1017.0297303625999
27,288,1031.1547,1017.19422609436
27,289,1031.3248,1017.360564176443
27,290,1031.4927,1017.529052760954
28,0,965.60864,974.5997115224653
28,1,965.7156,974.6390724568952
28,2,965.82306,974.6779991335238
28,3,965.93134,974.7165080400766
28,4,966.0401,974.7546156642793
28,5,966.1495,974.7923384938564
28,6,966.2594,974.8296930165335
28,7,966.3697,974.8666957200356
28,8,966.4804,974.9033630920887
28,9,966.5917,974.939711620417
28,10,966.7031,974.9757577927465
28,11,966.815,975.0115180968023
28,12,966.9271,975.0470090203094
28,13,967.0395,975.0822470509929
28,14,967.15204,975.1172486765788
28,15,967.2648,975.1520303847916
28,16,967.3776,975.1866086633571
28,17,967.49054,975.2210000000001
28,18,967.6036,975.2552148952259
28,19,967.7182,975.2892399006599
28,20,967.8397,975.3230555807072
28,21,967.9718,975.3566424997728
28,22,968.1136,975.389981222262
28,23,968.26447,975.42305231258
28,24,968.42413,975.4558363351321
28,25,968.5916,975.4883138543231
28,26,968.7665,975.5204654345584
28,27,968.9481,975.5522716402432
28,28,969.1359,975.5837130357826
28,29,969.32916,975.6147701855818
28,30,969.52734,975.6454236540461
28,31,969.7298,975.6756540055802
28,32,969.936,975.7054418045897
28,33,970.1452,975.7347676154797
28,34,970.3569,975.7636120026553
28,35,970.57043,975.7919555305218
28,36,970.7852,975.819778763484
28,37,971.0006,975.8470622659476
28,38,971.21606,975.8737866023174
28,39,971.43097,975.899932336999
28,40,971.64465,975.9254800343967
28,41,971.8566,975.9504102589166
28,42,972.0661,975.9747035749632
28,43,972.2727,975.998340546942
28,44,972.4757,976.0213017392583
28,45,972.67456,976.043567716317
28,46,972.8685,976.0651190425235
28,47,973.05725,976.0859362822828
28,48,973.2399,976.1059999999999
28,49,973.416,976.1253177925533
28,50,973.58746,976.1440053867123
28,51,973.76276,976.1622055417198
28,52,973.94727,976.1800610168182
28,53,974.13995,976.19771457125
28,54,974.34015,976.2153089642578
28,55,974.5465,976.2329869550846
28,56,974.75824,976.2508913029724
28,57,974.9742,976.2691647671642
28,58,975.1936,976.2879501069023
28,59,975.4154,976.3073900814296
28,60,975.63855,976.3276274499883
28,61,975.8621,976.3488049718213
28,62,976.0851,976.371065406171
28,63,976.3065,976.3945515122804
28,64,976.5256,976.4194060493915
28,65,976.7411,976.4457717767472
28,66,976.95215,976.4737914535899
28,67,977.1577,976.5036078391626
28,68,977.357,976.5353636927072
28,69,977.54895,976.569201773467
28,70,977.73254,976.6052648406841
28,71,977.90686,976.6436956536012
28,72,978.071,976.684636971461
28,73,978.22394,976.728231553506
28,74,978.3647,976.7746221589788
28,75,978.4924,976.8239515471221
28,76,978.6059,976.8763624771782
28,77,978.7044,976.9319977083901
28,78,978.78687,976.991
28,79,978.8524,977.0534675331088
28,80,978.90283,977.1193201762495
28,81,978.9477,977.1884332198136
28,82,978.9939,977.2606819541923
28,83,979.0415,977.3359416697765
28,84,979.0904,977.414087656958
28,85,979.1406,977.4949952061278
28,86,979.1921,977.5785396076772
28,87,979.2447,977.6645961519973
28,88,979.29846,977.7530401294802
28,89,979.35333,977.8437468305158
28,90,979.4093,977.9365915454963
28,91,979.46625,978.0314495648126
28,92,979.5241,978.1281961788563
28,93,979.5829,978.2267066780184
28,94,979.6426,978.3268563526904
28,95,979.70306,978.4285204932632
28,96,979.7643,978.5315743901284
28,97,979.82623,978.6358933336771
28,98,979.88885,978.7413526143008
28,99,979.952,978.8478275223904
28,100,980.0159,978.9551933483373
28,101,980.08026,979.0633253825329
28,102,980.1451,979.1720989153682
28,103,980.21027,979.2813892372352
28,104,980.276,979.3910716385241
28,105,980.342,979.5010214096268
28,106,980.4082,979.6111138409344
28,107,980.47473,979.7212242228384
28,108,980.54144,979.8312278457298
28,109,980.60834,979.941
28,110,980.6753,980.0504274656605
28,111,980.74225,980.1594429812043
28,112,980.8086,980.2679907747444
28,113,980.87396,980.3760150743943
28,114,980.93866,980.4834601082667
28,115,981.00244,980.5902701044756
28,116,981.06537,980.6963892911332
28,117,981.12744,980.8017618963535
28,118,981.1887,980.9063321482495
28,119,981.24915,981.0100442749341
28,120,981.30884,981.1128425045208
28,121,981.36774,981.2146710651225
28,122,981.4258,981.3154741848527
28,123,981.4831,981.4151960918248
28,124,981.5396,981.5137810141514
28,125,981.59546,981.6111731799458
28,126,981.6505,981.7073168173217
28,127,981.7048,981.802156154392
28,128,981.75836,981.89563541927
28,129,981.8112,981.9876988400687
28,130,981.8634,982.0782906449011
28,131,981.91486,982.167355061881
28,132,981.9657,982.2548363191212
28,133,982.0158,982.3406786447351
28,134,982.06525,982.4248262668353
28,135,982.114,982.5072234135359
28,136,982.1621,982.5878143129496
28,137,982.20966,982.6665431931896
28,138,982.25653,982.7433542823693
28,139,982.3028,982.8181918086017
28,140,982.34845,982.8910000000002
28,141,982.3935,982.9618039415283
28,142,982.43805,983.0309521455537
28,143,982.4819,983.0988739812938
28,144,982.52563,983.1659988179663
28,145,982.56915,983.2327560247896
28,146,982.6129,983.2995749709809
28,147,982.6571,983.3668850257582
28,148,982.702,983.4351155583397
28,149,982.7479,983.5046959379429
28,150,982.79504,983.5760555337854
28,151,982.84357,983.6496237150851
28,152,982.8939,983.7258298510602
28,153,982.9461,983.8051033109281
28,154,983.0006,983.8878734639071
28,155,983.0575,983.9745696792144
28,156,983.11725,984.0656213260684
28,157,983.18,984.1614577736865
28,158,983.24585,984.2625083912866
28,159,983.3153,984.3692025480865
28,160,983.3885,984.4819696133043
28,161,983.46576,984.6012389561575
28,162,983.54724,984.727439945864
28,163,983.6331,984.8610019516418
28,164,983.7239,985.0023543427086
28,165,983.8197,985.151926488282
28,166,983.9208,985.3101477575801
28,167,984.0274,985.4774475198207
28,168,984.1398,985.6542551442213
28,169,984.2581,985.8410000000001
28,170,984.3828,986.0379701073407
28,171,984.5163,986.2448880902894
28,172,984.6664,986.4613352238591
28,173,984.8382,986.6868927830621
28,174,985.0306,986.9211420429111
28,175,985.2425,987.1636642784184
28,176,985.473,987.4140407645968
28,177,985.7211,987.6718527764584
28,178,985.98566,987.9366815890162
28,179,986.2657,988.2081084772824
28,180,986.5602,988.4857147162693
28,181,986.8681,988.7690815809896
28,182,987.18835,989.0577903464562
28,183,987.52014,989.351422287681
28,184,987.8622,989.6495586796768
28,185,988.21356,989.9517807974561
28,186,988.5732,990.2576699160314
28,187,988.9402,990.5668073104151
28,188,989.3135,990.87877425562
28,189,989.692,991.1931520266581
28,190,990.0747,991.5095218985424
28,191,990.46075,991.8274651462851
28,192,990.84894,992.1465630448992
28,193,991.2383,992.4663968693962
28,194,991.62787,992.7865478947898
28,195,992.0166,993.1065973960915
28,196,992.40356,993.4261266483144
28,197,992.78766,993.7447169264708
28,198,993.16785,994.0619495055735
28,199,993.54333,994.3774056606345
28,200,993.9129,994.6906666666669
28,201,994.2757,995.0014082230057
28,202,994.63165,995.3096837262786
28,203,994.98364,995.6156409974369
28,204,995.33386,995.919427857431
28,205,995.6826,996.2211921272116
28,206,996.0298,996.5210816277296
28,207,996.3756,996.8192441799358
28,208,996.7201,997.1158276047809
28,209,997.0633,997.4109797232154
28,210,997.4053,997.7048483561904
28,211,997.74603,997.9975813246565
28,212,998.0859,998.2893264495647
28,213,998.42456,998.5802315518655
28,214,998.7624,998.8704444525093
28,215,999.0993,999.1601129724475
28,216,999.43536,999.4493849326306
28,217,999.7708,999.7384081540096
28,218,1000.10547,1000.0273304575351
28,219,1000.43964,1000.316299664157
28,220,1000.77313,1000.6054635948279
28,221,1001.10626,1000.894970070496
28,222,1001.439,1001.1849669121149
28,223,1001.7714,1001.475601940634
28,224,1002.1035,1001.767022977003
28,225,1002.43536,1002.0593778421749
28,226,1002.7673,1002.352814357099
28,227,1003.09894,1002.6474803427249
28,228,1003.4308,1002.943523620006
28,229,1003.7626,1003.241092009892
28,230,1004.0945,1003.5403333333331
28,231,1004.4267,1003.8413261588049
28,232,1004.75934,1004.1438720448781
28,233,1005.093,1004.447703297647
28,234,1005.4282,1004.7525522232081
28,235,1005.7647,1005.0581511276552
28,236,1006.1021,1005.364232317084
28,237,1006.44037,1005.67052809759
28,238,1006.7792,1005.976770775268
28,239,1007.1182,1006.282692656212
28,240,1007.4574,1006.5880260465191
28,241,1007.7965,1006.892503252283
28,242,1008.1351,1007.195856579599
28,243,1008.4731,1007.4978183345629
28,244,1008.8103,1007.798120823269
28,245,1009.1464,1008.0964963518121
28,246,1009.48126,1008.3926772262881
28,247,1009.8145,1008.686395752792
28,248,1010.14606,1008.9773842374179
28,249,1010.47565,1009.265374986262
28,250,1010.80304,1009.55010030542
28,251,1011.128,1009.831292500985
28,252,1011.4503,1010.108683879053
28,253,1011.7697,1010.38200674572
28,254,1012.08594,1010.6509934070801
28,255,1012.3989,1010.915376169228
28,256,1012.70844,1011.17488733826
28,257,1013.01416,1011.429259220271
28,258,1013.31586,1011.678224121355
28,259,1013.61334,1011.921514347608
28,260,1013.9064,1012.158862205124
28,261,1014.19476,1012.39
28,262,1014.4782,1012.614756012665
28,263,1014.7567,1012.83334242089
28,264,1015.03107,1013.0460673767819
28,265,1015.30176,1013.253239032446
28,266,1015.569,1013.45516553999
28,267,1015.833,1013.652155051519
28,268,1016.0936,1013.844515719139
28,269,1016.3512,1014.032555694957
28,270,1016.6056,1014.216583131078
28,271,1016.85706,1014.39690617961
28,272,1017.10565,1014.573832992659
28,273,1017.3514,1014.74767172233
28,274,1017.59454,1014.9187305207302
28,275,1017.83496,1015.087317539965
28,276,1018.0728,1015.2537409321421
28,277,1018.3083,1015.418308849366
28,278,1018.5415,1015.5813294437442
28,279,1018.7724,1015.743110867382
28,280,1019.0011,1015.903961272387
28,281,1019.2277,1016.0641888108642
28,282,1019.4523,1016.22410163492
28,283,1019.67505,1016.384007896661
28,284,1019.8959,1016.544215748193
28,285,1020.115,1016.705033341623
28,286,1020.3324,1016.866768829057
28,287,1020.5483,1017.0297303625999
28,288,1020.76263,1017.19422609436
28,289,1020.97565,1017.360564176443
28,290,1021.1873,1017.529052760954
29,0,965.968,974.5997115224653
29,1,966.06006,974.6390724568952
29,2,966.1547,974.6779991335238
29,3,966.2519,974.7165080400766
29,4,966.35144,974.7546156642793
29,5,966.45306,974.7923384938564
29,6,966.55664,974.8296930165335
29,7,966.66223,974.8666957200356
29,8,966.76935,974.9033630920887
29,9,966.8781,974.939711620417
29,10,966.9882,974.9757577927465
29,11,967.0994,975.0115180968023
29,12,967.2118,975.0470090203094
29,13,967.325,975.0822470509929
29,14,967.4389,975.1172486765788
29,15,967.5534,975.1520303847916
29,16,967.6683,975.1866086633571
29,17,967.78345,975.2210000000001
29,18,967.89856,975.2552148952259
29,19,968.01587,975.2892399006599
29,20,968.1424,975.3230555807072
29,21,968.283,975.3566424997728
29,22,968.4366,975.389981222262
29,23,968.6025,975.42305231258
29,24,968.77966,975.4558363351321
29,25,968.9674,975.4883138543231
29,26,969.1647,975.5204654345584
29,27,969.37067,975.5522716402432
29,28,969.5845,975.5837130357826
29,29,969.8053,975.6147701855818
29,30,970.0323,975.6454236540461
29,31,970.2644,975.6756540055802
29,32,970.50085,975.7054418045897
29,33,970.7408,975.7347676154797
29,34,970.9832,975.7636120026553
29,35,971.2275,975.7919555305218
29,36,971.47253,975.819778763484
29,37,971.7175,975.8470622659476
29,38,971.9616,975.8737866023174
29,39,972.204,975.899932336999
29,40,972.44366,975.9254800343967
29,41,972.6798,975.9504102589166
29,42,972.91156,975.9747035749632
29,43,973.1381,975.998340546942
29,44,973.3585,976.0213017392583
29,45,973.5718,976.043567716317
29,46,973.7773,976.0651190425235
29,47,973.97406,976.0859362822828
29,48,974.1612,976.1059999999999
29,49,974.33795,976.1253177925533
29,50,974.5065,976.1440053867123
29,51,974.67706,976.1622055417198
29,52,974.8568,976.1800610168182
29,53,975.0448,976.19771457125
29,54,975.23987,976.2153089642578
29,55,975.44116,976.2329869550846
29,56,975.6475,976.2508913029724
29,57,975.85803,976.2691647671642
29,58,976.0718,976.2879501069023
29,59,976.2876,976.3073900814296
29,60,976.5046,976.3276274499883
29,61,976.72174,976.3488049718213
29,62,976.938,976.371065406171
29,63,977.15247,976.3945515122804
29,64,977.3642,976.4194060493915
29,65,977.57196,976.4457717767472
29,66,977.7749,976.4737914535899
29,67,977.9721,976.5036078391626
29,68,978.16254,976.5353636927072
29,69,978.3452,976.569201773467
29,70,978.5191,976.6052648406841
29,71,978.6832,976.6436956536012
29,72,978.83655,976.684636971461
29,73,978.9782,976.728231553506
29,74,979.1072,976.7746221589788
29,75,979.2224,976.8239515471221
29,76,979.323,976.8763624771782
29,77,979.40784,976.9319977083901
29,78,979.4761,976.991
29,79,979.52673,977.0534675331088
29,80,979.5616,977.1193201762495
29,81,979.59045,977.1884332198136
29,82,979.6205,977.2606819541923
29,83,979.65173,977.3359416697765
29,84,979.6842,977.414087656958
29,85,979.7177,977.4949952061278
29,86,979.7523,977.5785396076772
29,87,979.7879,977.6645961519973
29,88,979.82446,977.7530401294802
29,89,979.8619,977.8437468305158
29,90,979.90027,977.9365915454963
29,91,979.9395,978.0314495648126
29,92,979.97943,978.1281961788563
29,93,980.02014,978.2267066780184
29,94,980.06165,978.3268563526904
29,95,980.1037,978.4285204932632
29,96,980.1464,978.5315743901284
29,97,980.1897,978.6358933336771
29,98,980.23346,978.7413526143008
29,99,980.2777,978.8478275223904
29,100,980.3224,978.9551933483373
29,101,980.36743,979.0633253825329
29,102,980.41284,979.1720989153682
29,103,980.4585,979.2813892372352
29,104,980.5044,979.3910716385241
29,105,980.55066,979.5010214096268
29,106,980.5969,979.6111138409344
29,107,980.6434,979.7212242228384
29,108,980.6899,979.8312278457298
29,109,980.7364,979.941
29,110,980.78284,980.0504274656605
29,111,980.8289,980.1594429812043
29,112,980.8732,980.2679907747444
29,113,980.915,980.3760150743943
29,114,980.9542,980.4834601082667
29,115,980.9913,980.5902701044756
29,116,981.0262,980.6963892911332
29,117,981.0591,980.8017618963535
29,118,981.0903,980.9063321482495
29,119,981.1198,981.0100442749341
29,120,981.1478,981.1128425045208
29,121,981.17444,981.2146710651225
29,122,981.2,981.3154741848527
29,123,981.22455,981.4151960918248
29,124,981.24817,981.5137810141514
29,125,981.2712,981.6111731799458
29,126,981.2936,981.7073168173217
29,127,981.3156,981.802156154392
29,128,981.33734,981.89563541927
29,129,981.35913,981.9876988400687
29,130,981.3809,982.0782906449011
29,131,981.403,982.167355061881
29,132,981.4254,982.2548363191212
29,133,981.4485,982.3406786447351
29,134,981.47217,982.4248262668353
29,135,981.4968,982.5072234135359
29,136,981.52246,982.5878143129496
29,137,981.5493,982.6665431931896
29,138,981.5775,982.7433542823693
29,139,981.60706,982.8181918086017
29,140,981.6385,982.8910000000002
29,141,981.6716,982.9618039415283
29,142,981.7067,983.0309521455537
29,143,981.7439,983.0988739812938
29,144,981.78314,983.1659988179663
29,145,981.82434,983.2327560247896
29,146,981.8676,983.2995749709809
29,147,981.913,983.3668850257582
29,148,981.9606,983.4351155583397
29,149,982.01025,983.5046959379429
29,150,982.0619,983.5760555337854
29,151,982.1157,983.6496237150851
29,152,982.17163,983.7258298510602
29,153,982.2297,983.8051033109281
29,154,982.28986,983.8878734639071
29,155,982.3521,983.9745696792144
29,156,982.4166,984.0656213260684
29,157,982.4832,984.1614577736865
29,158,982.55194,984.2625083912866
29,159,982.6229,984.3692025480865
29,160,982.696,984.4819696133043
29,161,982.77124,984.6012389561575
29,162,982.8487,984.727439945864
29,163,982.9284,984.8610019516418
29,164,983.0102,985.0023543427086
29,165,983.09424,985.151926488282
29,166,983.18054,985.3101477575801
29,167,983.269,985.4774475198207
29,168,983.35974,985.6542551442213
29,169,983.45264,985.8410000000001
29,170,983.54785,986.0379701073407
29,171,983.64764,986.2448880902894
29,172,983.76025,986.4613352238591
29,173,983.8912,986.6868927830621
29,174,984.0396,986.9211420429111
29,175,984.2046,987.1636642784184
29,176,984.38544,987.4140407645968
29,177,984.5811,987.6718527764584
29,178,984.7909,987.9366815890162
29,179,985.014,988.2081084772824
29,180,985.24945,988.4857147162693
29,181,985.4966,988.7690815809896
29,182,985.7544,989.0577903464562
29,183,986.0221,989.351422287681
29,184,986.2989,989.6495586796768
29,185,986.58386,989.9517807974561
29,186,986.8762,990.2576699160314
29,187,987.1752,990.5668073104151
29,188,987.4798,990.87877425562
29,189,987.78937,991.1931520266581
29,190,988.1029,991.5095218985424
29,191,988.4197,991.8274651462851
29,192,988.73883,992.1465630448992
29,193,989.0596,992.4663968693962
29,194,989.381,992.7865478947898
29,195,989.70233,993.1065973960915
29,196,990.02277,993.4261266483144
29,197,990.3413,993.7447169264708
29,198,990.6574,994.0619495055735
29,199,990.9701,994.3774056606345
29,200,991.27844,994.6906666666669
29,201,991.58185,995.0014082230057
29,202,991.88007,995.3096837262786
29,203,992.1754,995.6156409974369
29,204,992.47003,995.919427857431
29,205,992.7637,996.2211921272116
29,206,993.05664,996.5210816277296
29,207,993.34875,996.8192441799358
29,208,993.64014,997.1158276047809
29,209,993.93097,997.4109797232154
29,210,994.2211,997.7048483561904
29,211,994.5107,997.9975813246565
29,212,994.79974,998.2893264495647
29,213,995.0884,998.5802315518655
29,214,995.37646,998.8704444525093
29,215,995.6642,999.1601129724475
29,216,995.9517,999.4493849326306
29,217,996.23883,999.7384081540096
29,218,996.5257,1000.0273304575351
29,219,996.8123,1000.316299664157
29,220,997.0989,1000.6054635948279
29,221,997.38525,1000.894970070496
29,222,997.67163,1001.1849669121149
29,223,997.95795,1001.475601940634
29,224,998.2442,1001.767022977003
29,225,998.53064,1002.0593778421749
29,226,998.81714,1002.352814357099
29,227,999.1039,1002.6474803427249
29,228,999.39075,1002.943523620006
29,229,999.67786,1003.241092009892
29,230,999.96533,1003.5403333333331
29,231,1000.253,1003.8413261588049
29,232,1000.5405,1004.1438720448781
29,233,1000.82587,1004.447703297647
29,234,1001.10754,1004.7525522232081
29,235,1001.3862,1005.0581511276552
29,236,1001.662,1005.364232317084
29,237,1001.9352,1005.67052809759
29,238,1002.20605,1005.976770775268
29,239,1002.47504,1006.282692656212
29,240,1002.74243,1006.5880260465191
29,241,1003.0084,1006.892503252283
29,242,1003.2734,1007.195856579599
29,243,1003.53766,1007.4978183345629
29,244,1003.8014,1007.798120823269
29,245,1004.0652,1008.0964963518121
29,246,1004.3291,1008.3926772262881
29,247,1004.5935,1008.686395752792
29,248,1004.85876,1008.9773842374179
29,249,1005.1251,1009.265374986262
29,250,1005.393,1009.55010030542
29,251,1005.6625,1009.831292500985
29,252,1005.9341,1010.108683879053
29,253,1006.2081,1010.38200674572
29,254,1006.4847,1010.6509934070801
29,255,1006.76434,1010.915376169228
29,256,1007.04724,1011.17488733826
29,257,1007.33374,1011.429259220271
29,258,1007.6242,1011.678224121355
29,259,1007.9189,1011.921514347608
29,260,1008.21796,1012.158862205124
29,261,1008.52203,1012.39
29,262,1008.83105,1012.614756012665
29,263,1009.1449,1012.83334242089
29,264,1009.46185,1013.0460673767819
29,265,1009.78046,1013.253239032446
29,266,1010.10077,1013.45516553999
29,267,1010.42303,1013.652155051519
29,268,1010.74725,1013.844515719139
29,269,1011.0736,1014.032555694957
29,270,1011.40204,1014.216583131078
29,271,1011.73285,1014.39690617961
29,272,1012.0659,1014.573832992659
29,273,1012.4017,1014.74767172233
29,274,1012.7398,1014.9187305207302
29,275,1013.08075,1015.087317539965
29,276,1013.4243,1015.2537409321421
29,277,1013.7709,1015.418308849366
29,278,1014.12036,1015.5813294437442
29,279,1014.4729,1015.743110867382
29,280,1014.8286,1015.903961272387
29,281,1015.1875,1016.0641888108642
29,282,1015.5498,1016.22410163492
29,283,1015.9155,1016.384007896661
29,284,1016.2848,1016.544215748193
29,285,1016.65765,1016.705033341623
29,286,1017.0342,1016.866768829057
29,287,1017.41455,1017.0297303625999
29,288,1017.7988,1017.19422609436
29,289,1018.1871,1017.360564176443
29,290,1018.57935,1017.529052760954
30,0,960.60846,974.5997115224653
30,1,960.7378,974.6390724568952
30,2,960.86865,974.6779991335238
30,3,961.001,974.7165080400766
30,4,961.13464,974.7546156642793
30,5,961.2694,974.7923384938564
30,6,961.405,974.8296930165335
30,7,961.5416,974.8666957200356
30,8,961.6789,974.9033630920887
30,9,961.81665,974.939711620417
30,10,961.9549,974.9757577927465
30,11,962.0933,975.0115180968023
30,12,962.2318,975.0470090203094
30,13,962.37024,975.0822470509929
30,14,962.50854,975.1172486765788
30,15,962.6463,975.1520303847916
30,16,962.78375,975.1866086633571
30,17,962.9204,975.2210000000001
30,18,963.0564,975.2552148952259
30,19,963.1936,975.2892399006599
30,20,963.33905,975.3230555807072
30,21,963.49695,975.3566424997728
30,22,963.66626,975.389981222262
30,23,963.8466,975.42305231258
30,24,964.03687,975.4558363351321
30,25,964.23645,975.4883138543231
30,26,964.44464,975.5204654345584
30,27,964.6605,975.5522716402432
30,28,964.8834,975.5837130357826
30,29,965.1126,975.6147701855818
30,30,965.34735,975.6454236540461
30,31,965.58685,975.6756540055802
30,32,965.83044,975.7054418045897
30,33,966.07715,975.7347676154797
30,34,966.32635,975.7636120026553
30,35,966.57733,975.7919555305218
30,36,966.82935,975.819778763484
30,37,967.08154,975.8470622659476
30,38,967.3332,975.8737866023174
30,39,967.5836,975.899932336999
30,40,967.832,975.9254800343967
30,41,968.0775,975.9504102589166
30,42,968.3195,975.9747035749632
30,43,968.5573,975.998340546942
30,44,968.7901,976.0213017392583
30,45,969.01697,976.043567716317
30,46,969.2375,976.0651190425235
30,47,969.45056,976.0859362822828
30,48,969.6557,976.1059999999999
30,49,969.85205,976.1253177925533
30,50,970.0424,976.1440053867123
30,51,970.2372,976.1622055417198
30,52,970.44257,976.1800610168182
30,53,970.6576,976.19771457125
30,54,970.88074,976.2153089642578
30,55,971.11127,976.2329869550846
30,56,971.3478,976.2508913029724
30,57,971.58923,976.2691647671642
30,58,971.8345,976.2879501069023
30,59,972.0823,976.3073900814296
30,60,972.33154,976.3276274499883
30,61,972.5811,976.3488049718213
30,62,972.8299,976.371065406171
30,63,973.0766,976.3945515122804
30,64,973.3202,976.4194060493915
30,65,973.5595,976.4457717767472
30,66,973.79346,976.4737914535899
30,67,974.02075,976.5036078391626
30,68,974.2404,976.5353636927072
30,69,974.4513,976.569201773467
30,70,974.6521,976.6052648406841
30,71,974.84186,976.6436956536012
30,72,975.01935,976.684636971461
30,73,975.18353,976.728231553506
30,74,975.3331,976.7746221589788
30,75,975.467,976.8239515471221
30,76,975.5843,976.8763624771782
30,77,975.6835,976.9319977083901
30,78,975.7636,976.991
30,79,975.82355,977.0534675331088
30,80,975.8659,977.1193201762495
30,81,975.9013,977.1884332198136
30,82,975.9373,977.2606819541923
30,83,975.97394,977.3359416697765
30,84,976.01117,977.414087656958
30,85,976.04895,977.4949952061278
30,86,976.0872,977.5785396076772
30,87,976.12616,977.6645961519973
30,88,976.1656,977.7530401294802
30,89,976.2055,977.8437468305158
30,90,976.2459,977.9365915454963
30,91,976.2868,978.0314495648126
30,92,976.3282,978.1281961788563
30,93,976.37006,978.2267066780184
30,94,976.4123,978.3268563526904
30,95,976.45496,978.4285204932632
30,96,976.4981,978.5315743901284
30,97,976.5416,978.6358933336771
30,98,976.58545,978.7413526143008
30,99,976.6297,978.8478275223904
30,100,976.6743,978.9551933483373
30,101,976.71924,979.0633253825329
30,102,976.76447,979.1720989153682
30,103,976.80994,979.2813892372352
30,104,976.8558,979.3910716385241
30,105,976.9019,979.5010214096268
30,106,976.94824,979.6111138409344
30,107,976.9948,979.7212242228384
30,108,977.04156,979.8312278457298
30,109,977.0886,979.941
30,110,977.13586,980.0504274656605
30,111,977.1829,980.1594429812043
30,112,977.22894,980.2679907747444
30,113,977.2735,980.3760150743943
30,114,977.3164,980.4834601082667
30,115,977.35803,980.5902701044756
30,116,977.3983,980.6963892911332
30,117,977.4373,980.8017618963535
30,118,977.4751,980.9063321482495
30,119,977.51184,981.0100442749341
30,120,977.5475,981.1128425045208
30,121,977.5822,981.2146710651225
30,122,977.6161,981.3154741848527
30,123,977.6492,981.4151960918248
30,124,977.68146,981.5137810141514
30,125,977.7132,981.6111731799458
30,126,977.74445,981.7073168173217
30,127,977.7751,981.802156154392
30,128,977.80536,981.89563541927
30,129,977.8353,981.9876988400687
30,130,977.865,982.0782906449011
30,131,977.89453,982.167355061881
30,132,977.924,982.2548363191212
30,133,977.95337,982.3406786447351
30,134,977.98285,982.4248262668353
30,135,978.0125,982.5072234135359
30,136,978.04236,982.5878143129496
30,137,978.07245,982.6665431931896
30,138,978.103,982.7433542823693
30,139,978.13403,982.8181918086017
30,140,978.16547,982.8910000000002
30,141,978.19763,982.9618039415283
30,142,978.2304,983.0309521455537
30,143,978.2639,983.0988739812938
30,144,978.29834,983.1659988179663
30,145,978.3337,983.2327560247896
30,146,978.3702,983.2995749709809
30,147,978.40784,983.3668850257582
30,148,978.44696,983.4351155583397
30,149,978.48755,983.5046959379429
30,150,978.52966,983.5760555337854
30,151,978.5736,983.6496237150851
30,152,978.6194,983.7258298510602
30,153,978.6673,983.8051033109281
30,154,978.71716,983.8878734639071
30,155,978.7694,983.9745696792144
30,156,978.82404,984.0656213260684
30,157,978.88116,984.1614577736865
30,158,978.9409,984.2625083912866
30,159,979.00354,984.3692025480865
30,160,979.06915,984.4819696133043
30,161,979.13763,984.6012389561575
30,162,979.2093,984.727439945864
30,163,979.28436,984.8610019516418
30,164,979.36273,985.0023543427086
30,165,979.4447,985.151926488282
30,166,979.53033,985.3101477575801
30,167,979.6199,985.4774475198207
30,168,979.7132,985.6542551442213
30,169,979.8107,985.8410000000001
30,170,979.9124,986.0379701073407
30,171,980.0213,986.2448880902894
30,172,980.1465,986.4613352238591
30,173,980.2933,986.6868927830621
30,174,980.46075,986.9211420429111
30,175,980.64795,987.1636642784184
30,176,980.85364,987.4140407645968
30,177,981.077,987.6718527764584
30,178,981.317,987.9366815890162
30,179,981.5725,988.2081084772824
30,180,981.84265,988.4857147162693
30,181,982.1264,988.7690815809896
30,182,982.42255,989.0577903464562
30,183,982.7304,989.351422287681
30,184,983.04865,989.6495586796768
30,185,983.37646,989.9517807974561
30,186,983.7127,990.2576699160314
30,187,984.0565,990.5668073104151
30,188,984.4068,990.87877425562
30,189,984.7625,991.1931520266581
30,190,985.12274,991.5095218985424
30,191,985.4863,991.8274651462851
30,192,985.8525,992.1465630448992
30,193,986.2199,992.4663968693962
30,194,986.58795,992.7865478947898
30,195,986.9554,993.1065973960915
30,196,987.3213,993.4261266483144
30,197,987.68463,993.7447169264708
30,198,988.0444,994.0619495055735
30,199,988.3996,994.3774056606345
30,200,988.74927,994.6906666666669
30,201,989.09235,995.0014082230057
30,202,989.4291,995.3096837262786
30,203,989.76245,995.6156409974369
30,204,990.09454,995.919427857431
30,205,990.42566,996.2211921272116
30,206,990.75574,996.5210816277296
30,207,991.0848,996.8192441799358
30,208,991.41284,997.1158276047809
30,209,991.74,997.4109797232154
30,210,992.0661,997.7048483561904
30,211,992.3915,997.9975813246565
30,212,992.71594,998.2893264495647
30,213,993.0397,998.5802315518655
30,214,993.3624,998.8704444525093
30,215,993.68463,999.1601129724475
30,216,994.0061,999.4493849326306
30,217,994.3268,999.7384081540096
30,218,994.6469,1000.0273304575351
30,219,994.96643,1000.316299664157
30,220,995.28534,1000.6054635948279
30,221,995.6037,1000.894970070496
30,222,995.9215,1001.1849669121149
30,223,996.2389,1001.475601940634
30,224,996.55585,1001.767022977003
30,225,996.8723,1002.0593778421749
30,226,997.18854,1002.352814357099
30,227,997.5043,1002.6474803427249
30,228,997.81976,1002.943523620006
30,229,998.1349,1003.241092009892
30,230,998.4499,1003.5403333333331
30,231,998.76465,1003.8413261588049
30,232,999.079,1004.1438720448781
30,233,999.39246,1004.447703297647
30,234,999.7049,1004.7525522232081
30,235,1000.0163,1005.0581511276552
30,236,1000.3267,1005.364232317084
30,237,1000.6363,1005.67052809759
30,238,1000.9451,1005.976770775268
30,239,1001.2533,1006.282692656212
30,240,1001.56085,1006.5880260465191
30,241,1001.86786,1006.892503252283
30,242,1002.17444,1007.195856579599
30,243,1002.4807,1007.4978183345629
30,244,1002.78674,1007.798120823269
30,245,1003.0926,1008.0964963518121
30,246,1003.3984,1008.3926772262881
30,247,1003.70416,1008.686395752792
30,248,1004.0101,1008.9773842374179
30,249,1004.31616,1009.265374986262
30,250,1004.6225,1009.55010030542
30,251,1004.9293,1009.831292500985
30,252,1005.2365,1010.108683879053
30,253,1005.5442,1010.38200674572
30,254,1005.8527,1010.6509934070801
30,255,1006.16187,1010.915376169228
30,256,1006.47186,1011.17488733826
30,257,1006.7828,1011.429259220271
30,258,1007.0947,1011.678224121355
30,259,1007.40765,1011.921514347608
30,260,1007.722,1012.158862205124
30,261,1008.0375,1012.39
30,262,1008.35443,1012.614756012665
30,263,1008.6726,1012.83334242089
30,264,1008.9917,1013.0460673767819
30,265,1009.3115,1013.253239032446
30,266,1009.632,1013.45516553999
30,267,1009.9532,1013.652155051519
30,268,1010.27515,1013.844515719139
30,269,1010.59784,1014.032555694957
30,270,1010.92145,1014.216583131078
30,271,1011.2457,1014.39690617961
30,272,1011.5708,1014.573832992659
30,273,1011.8967,1014.74767172233
30,274,1012.2235,1014.9187305207302
30,275,1012.55115,1015.087317539965
30,276,1012.87964,1015.2537409321421
30,277,1013.209,1015.418308849366
30,278,1013.5393,1015.5813294437442
30,279,1013.8704,1015.743110867382
30,280,1014.2026,1015.903961272387
30,281,1014.5356,1016.0641888108642
30,282,1014.86957,1016.22410163492
30,283,1015.2046,1016.384007896661
30,284,1015.5405,1016.544215748193
30,285,1015.8775,1016.705033341623
30,286,1016.21533,1016.866768829057
30,287,1016.55426,1017.0297303625999
30,288,1016.8943,1017.19422609436
30,289,1017.2352,1017.360564176443
30,290,1017.57733,1017.529052760954
31,0,967.6117,974.5997115224653
31,1,967.70636,974.6390724568952
31,2,967.80176,974.6779991335238
31,3,967.8978,974.7165080400766
31,4,967.99457,974.7546156642793
31,5,968.09186,974.7923384938564
31,6,968.1898,974.8296930165335
31,7,968.2884,974.8666957200356
31,8,968.3875,974.9033630920887
31,9,968.4872,974.939711620417
31,10,968.5874,974.9757577927465
31,11,968.6881,975.0115180968023
31,12,968.78937,975.0470090203094
31,13,968.89105,975.0822470509929
31,14,968.9933,975.1172486765788
31,15,969.096,975.1520303847916
31,16,969.1991,975.1866086633571
31,17,969.30273,975.2210000000001
31,18,969.4066,975.2552148952259
31,19,969.51263,975.2892399006599
31,20,969.62573,975.3230555807072
31,21,969.74915,975.3566424997728
31,22,969.8822,975.389981222262
31,23,970.0244,975.42305231258
31,24,970.17505,975.4558363351321
31,25,970.33356,975.4883138543231
31,26,970.49945,975.5204654345584
31,27,970.672,975.5522716402432
31,28,970.8506,975.5837130357826
31,29,971.03467,975.6147701855818
31,30,971.2237,975.6454236540461
31,31,971.417,975.6756540055802
31,32,971.61383,975.7054418045897
31,33,971.8139,975.7347676154797
31,34,972.0165,975.7636120026553
31,35,972.2209,975.7919555305218
31,36,972.4266,975.819778763484
31,37,972.63293,975.8470622659476
31,38,972.8395,975.8737866023174
31,39,973.0454,975.899932336999
31,40,973.2502,975.9254800343967
31,41,973.45337,975.9504102589166
31,42,973.6542,975.9747035749632
31,43,973.8521,975.998340546942
31,44,974.0466,976.0213017392583
31,45,974.2369,976.043567716317
31,46,974.4225,976.0651190425235
31,47,974.60284,976.0859362822828
31,48,974.7772,976.1059999999999
31,49,974.9451,976.1253177925533
31,50,975.1087,976.1440053867123
31,51,975.27576,976.1622055417198
31,52,975.4514,976.1800610168182
31,53,975.63495,976.19771457125
31,54,975.82513,976.2153089642578
31,55,976.0213,976.2329869550846
31,56,976.22235,976.2508913029724
31,57,976.4275,976.2691647671642
31,58,976.63586,976.2879501069023
31,59,976.8465,976.3073900814296
31,60,977.0584,976.3276274499883
31,61,977.2707,976.3488049718213
31,62,977.48254,976.371065406171
31,63,977.6929,976.3945515122804
31,64,977.90106,976.4194060493915
31,65,978.10596,976.4457717767472
31,66,978.3067,976.4737914535899
31,67,978.50244,976.5036078391626
31,68,978.6923,976.5353636927072
31,69,978.8753,976.569201773467
31,70,979.0506,976.6052648406841
31,71,979.2172,976.6436956536012
31,72,979.37427,976.684636971461
31,73,979.5211,976.728231553506
31,74,979.65643,976.7746221589788
31,75,979.77954,976.8239515471221
31,76,979.88947,976.8763624771782
31,77,979.9854,976.9319977083901
31,78,980.0664,976.991
31,79,980.13153,977.0534675331088
31,80,980.18286,977.1193201762495
31,81,980.2295,977.1884332198136
31,82,980.2778,977.2606819541923
31,83,980.3279,977.3359416697765
31,84,980.3796,977.414087656958
31,85,980.43286,977.4949952061278
31,86,980.4877,977.5785396076772
31,87,980.54395,977.6645961519973
31,88,980.60156,977.7530401294802
31,89,980.6606,977.8437468305158
31,90,980.7209,977.9365915454963
31,91,980.78235,978.0314495648126
31,92,980.84503,978.1281961788563
31,93,980.9088,978.2267066780184
31,94,980.9736,978.3268563526904
31,95,981.0393,978.4285204932632
31,96,981.10596,978.5315743901284
31,97,981.17346,978.6358933336771
31,98,981.24176,978.7413526143008
31,99,981.3108,978.8478275223904
31,100,981.3804,978.9551933483373
31,101,981.4507,979.0633253825329
31,102,981.5214,979.1720989153682
31,103,981.59265,979.2813892372352
31,104,981.66437,979.3910716385241
31,105,981.7364,979.5010214096268
31,106,981.8087,979.6111138409344
31,107,981.8812,979.7212242228384
31,108,981.9539,979.8312278457298
31,109,982.0268,979.941
31,110,982.0997,980.0504274656605
31,111,982.1723,980.1594429812043
31,112,982.24426,980.2679907747444
31,113,982.3153,980.3760150743943
31,114,982.3855,980.4834601082667
31,115,982.4546,980.5902701044756
31,116,982.5229,980.6963892911332
31,117,982.5902,980.8017618963535
31,118,982.65674,980.9063321482495
31,119,982.7223,981.0100442749341
31,120,982.7869,981.1128425045208
31,121,982.85077,981.2146710651225
31,122,982.91376,981.3154741848527
31,123,982.9759,981.4151960918248
31,124,983.0373,981.5137810141514
31,125,983.0978,981.6111731799458
31,126,983.15753,981.7073168173217
31,127,983.21643,981.802156154392
31,128,983.27466,981.89563541927
31,129,983.33203,981.9876988400687
31,130,983.3887,982.0782906449011
31,131,983.44464,982.167355061881
31,132,983.4998,982.2548363191212
31,133,983.5543,982.3406786447351
31,134,983.60815,982.4248262668353
31,135,983.66125,982.5072234135359
31,136,983.71375,982.5878143129496
31,137,983.7655,982.6665431931896
31,138,983.81665,982.7433542823693
31,139,983.8671,982.8181918086017
31,140,983.91705,982.8910000000002
31,141,983.9663,982.9618039415283
31,142,984.015,983.0309521455537
31,143,984.06323,983.0988739812938
31,144,984.1111,983.1659988179663
31,145,984.15894,983.2327560247896
31,146,984.20703,983.2995749709809
31,147,984.25555,983.3668850257582
31,148,984.3049,983.4351155583397
31,149,984.35516,983.5046959379429
31,150,984.4068,983.5760555337854
31,151,984.4599,983.6496237150851
31,152,984.51483,983.7258298510602
31,153,984.5717,983.8051033109281
31,154,984.63104,983.8878734639071
31,155,984.69293,983.9745696792144
31,156,984.7576,984.0656213260684
31,157,984.8255,984.1614577736865
31,158,984.8967,984.2625083912866
31,159,984.97144,984.3692025480865
31,160,985.0502,984.4819696133043
31,161,985.133,984.6012389561575
31,162,985.2203,984.727439945864
31,163,985.31226,984.8610019516418
31,164,985.4091,985.0023543427086
31,165,985.5113,985.151926488282
31,166,985.61884,985.3101477575801
31,167,985.732,985.4774475198207
31,168,985.85126,985.6542551442213
31,169,985.97675,985.8410000000001
31,170,986.10876,986.0379701073407
31,171,986.2499,986.2448880902894
31,172,986.40753,986.4613352238591
31,173,986.5865,986.6868927830621
31,174,986.7856,986.9211420429111
31,175,987.0039,987.1636642784184
31,176,987.2405,987.4140407645968
31,177,987.4944,987.6718527764584
31,178,987.76447,987.9366815890162
31,179,988.0497,988.2081084772824
31,180,988.3493,988.4857147162693
31,181,988.66205,988.7690815809896
31,182,988.9871,989.0577903464562
31,183,989.32336,989.351422287681
31,184,989.66986,989.6495586796768
31,185,990.02563,989.9517807974561
31,186,990.3897,990.2576699160314
31,187,990.7608,990.5668073104151
31,188,991.13837,990.87877425562
31,189,991.5211,991.1931520266581
31,190,991.90814,991.5095218985424
31,191,992.29846,991.8274651462851
31,192,992.6911,992.1465630448992
31,193,993.0849,992.4663968693962
31,194,993.4792,992.7865478947898
31,195,993.8726,993.1065973960915
31,196,994.26447,993.4261266483144
31,197,994.65356,993.7447169264708
31,198,995.0391,994.0619495055735
31,199,995.4199,994.3774056606345
31,200,995.7952,994.6906666666669
31,201,996.1638,995.0014082230057
31,202,996.5259,995.3096837262786
31,203,996.884,995.6156409974369
31,204,997.2405,995.919427857431
31,205,997.59546,996.2211921272116
31,206,997.9489,996.5210816277296
31,207,998.301,996.8192441799358
31,208,998.65173,997.1158276047809
31,209,999.0013,997.4109797232154
31,210,999.3497,997.7048483561904
31,211,999.69696,997.9975813246565
31,212,1000.0433,998.2893264495647
31,213,1000.3887,998.5802315518655
31,214,1000.7332,998.8704444525093
31,215,1001.0771,999.1601129724475
31,216,1001.4203,999.4493849326306
31,217,1001.7628,999.7384081540096
31,218,1002.1048,1000.0273304575351
31,219,1002.4465,1000.316299664157
31,220,1002.78784,1000.6054635948279
31,221,1003.1288,1000.894970070496
31,222,1003.46967,1001.1849669121149
31,223,1003.8104,1001.475601940634
31,224,1004.15106,1001.767022977003
31,225,1004.4919,1002.0593778421749
31,226,1004.83276,1002.352814357099
31,227,1005.1739,1002.6474803427249
31,228,1005.5153,1002.943523620006
31,229,1005.85706,1003.241092009892
31,230,1006.19934,1003.5403333333331
31,231,1006.5422,1003.8413261588049
31,232,1006.8856,1004.1438720448781
31,233,1007.2303,1004.447703297647
31,234,1007.5766,1004.7525522232081
31,235,1007.924,1005.0581511276552
31,236,1008.27264,1005.364232317084
31,237,1008.62195,1005.67052809759
31,238,1008.9718,1005.976770775268
31,239,1009.32184,1006.282692656212
31,240,1009.67206,1006.5880260465191
31,241,1010.022,1006.892503252283
31,242,1010.3716,1007.195856579599
31,243,1010.7204,1007.4978183345629
31,244,1011.06824,1007.798120823269
31,245,1011.415,1008.0964963518121
31,246,1011.7604,1008.3926772262881
31,247,1012.10406,1008.686395752792
31,248,1012.4458,1008.9773842374179
31,249,1012.78564,1009.265374986262
31,250,1013.123,1009.55010030542
31,251,1013.45776,1009.831292500985
31,252,1013.78986,1010.108683879053
31,253,1014.1188,1010.38200674572
31,254,1014.4446,1010.6509934070801
31,255,1014.7669,1010.915376169228
31,256,1015.0854,1011.17488733826
31,257,1015.4001,1011.429259220271
31,258,1015.7105,1011.678224121355
31,259,1016.0166,1011.921514347608
31,260,1016.318,1012.158862205124
31,261,1016.6146,1012.39
31,262,1016.90607,1012.614756012665
31,263,1017.19226,1012.83334242089
31,264,1017.4738,1013.0460673767819
31,265,1017.75134,1013.253239032446
31,266,1018.02496,1013.45516553999
31,267,1018.2948,1013.652155051519
31,268,1018.561,1013.844515719139
31,269,1018.82367,1014.032555694957
31,270,1019.083,1014.216583131078
31,271,1019.33923,1014.39690617961
31,272,1019.5923,1014.573832992659
31,273,1019.84235,1014.74767172233
31,274,1020.08966,1014.9187305207302
31,275,1020.3341,1015.087317539965
31,276,1020.5762,1015.2537409321421
31,277,1020.8157,1015.418308849366
31,278,1021.053,1015.5813294437442
31,279,1021.288,1015.743110867382
31,280,1021.52106,1015.903961272387
31,281,1021.75214,1016.0641888108642
31,282,1021.9814,1016.22410163492
31,283,1022.209,1016.384007896661
31,284,1022.43506,1016.544215748193
31,285,1022.6597,1016.705033341623
31,286,1022.883,1016.866768829057
31,287,1023.10516,1017.0297303625999
31,288,1023.3263,1017.19422609436
31,289,1023.54645,1017.360564176443
31,290,1023.7658,1017.529052760954
32,0,969.11615,974.5997115224653
32,1,969.224,974.6390724568952
32,2,969.333,974.6779991335238
32,3,969.4432,974.7165080400766
32,4,969.5541,974.7546156642793
32,5,969.66583,974.7923384938564
32,6,969.7782,974.8296930165335
32,7,969.8911,974.8666957200356
32,8,970.00446,974.9033630920887
32,9,970.1181,974.939711620417
32,10,970.23193,974.9757577927465
32,11,970.3457,975.0115180968023
32,12,970.4595,975.0470090203094
32,13,970.57306,975.0822470509929
32,14,970.68634,975.1172486765788
32,15,970.79913,975.1520303847916
32,16,970.91144,975.1866086633571
32,17,971.0231,975.2210000000001
32,18,971.1338,975.2552148952259
32,19,971.2454,975.2892399006599
32,20,971.3628,975.3230555807072
32,21,971.4892,975.3566424997728
32,22,971.6239,975.389981222262
32,23,971.7666,975.42305231258
32,24,971.91656,975.4558363351321
32,25,972.0732,975.4883138543231
32,26,972.2359,975.5204654345584
32,27,972.40424,975.5522716402432
32,28,972.57764,975.5837130357826
32,29,972.75543,975.6147701855818
32,30,972.93713,975.6454236540461
32,31,973.12213,975.6756540055802
32,32,973.3099,975.7054418045897
32,33,973.4998,975.7347676154797
32,34,973.6914,975.7636120026553
32,35,973.88403,975.7919555305218
32,36,974.0771,975.819778763484
32,37,974.2702,975.8470622659476
32,38,974.4626,975.8737866023174
32,39,974.6538,975.899932336999
32,40,974.84326,975.9254800343967
32,41,975.03046,975.9504102589166
32,42,975.2146,975.9747035749632
32,43,975.39545,975.998340546942
32,44,975.5722,976.0213017392583
32,45,975.74445,976.043567716317
32,46,975.9115,976.0651190425235
32,47,976.07275,976.0859362822828
32,48,976.2279,976.1059999999999
32,49,976.3761,976.1253177925533
32,50,976.51965,976.1440053867123
32,51,976.6658,976.1622055417198
32,52,976.8196,976.1800610168182
32,53,976.9801,976.19771457125
32,54,977.14667,976.2153089642578
32,55,977.31836,976.2329869550846
32,56,977.4945,976.2508913029724
32,57,977.67426,976.2691647671642
32,58,977.8569,976.2879501069023
32,59,978.04144,976.3073900814296
32,60,978.2273,976.3276274499883
32,61,978.4136,976.3488049718213
32,62,978.5995,976.371065406171
32,63,978.78424,976.3945515122804
32,64,978.96716,976.4194060493915
32,65,979.14734,976.4457717767472
32,66,979.324,976.4737914535899
32,67,979.49634,976.5036078391626
32,68,979.6637,976.5353636927072
32,69,979.8252,976.569201773467
32,70,979.98,976.6052648406841
32,71,980.1274,976.6436956536012
32,72,980.26666,976.684636971461
32,73,980.39685,976.728231553506
32,74,980.51733,976.7746221589788
32,75,980.6274,976.8239515471221
32,76,980.7259,976.8763624771782
32,77,980.8124,976.9319977083901
32,78,980.8859,976.991
32,79,980.9459,977.0534675331088
32,80,980.9939,977.1193201762495
32,81,981.03766,977.1884332198136
32,82,981.0829,977.2606819541923
32,83,981.1294,977.3359416697765
32,84,981.1772,977.414087656958
32,85,981.22626,977.4949952061278
32,86,981.2764,977.5785396076772
32,87,981.32776,977.6645961519973
32,88,981.3803,977.7530401294802
32,89,981.4338,977.8437468305158
32,90,981.4883,977.9365915454963
32,91,981.5439,978.0314495648126
32,92,981.6003,978.1281961788563
32,93,981.6576,978.2267066780184
32,94,981.7157,978.3268563526904
32,95,981.7746,978.4285204932632
32,96,981.8343,978.5315743901284
32,97,981.8946,978.6358933336771
32,98,981.95557,978.7413526143008
32,99,982.0172,978.8478275223904
32,100,982.0794,978.9551933483373
32,101,982.142,979.0633253825329
32,102,982.20514,979.1720989153682
32,103,982.2688,979.2813892372352
32,104,982.3327,979.3910716385241
32,105,982.3969,979.5010214096268
32,106,982.4615,979.6111138409344
32,107,982.52625,979.7212242228384
32,108,982.59125,979.8312278457298
32,109,982.6564,979.941
32,110,982.7216,980.0504274656605
32,111,982.7866,980.1594429812043
32,112,982.85077,980.2679907747444
32,113,982.9135,980.3760150743943
32,114,982.9748,980.4834601082667
32,115,983.0349,980.5902701044756
32,116,983.09375,980.6963892911332
32,117,983.15137,980.8017618963535
32,118,983.20795,980.9063321482495
32,119,983.2633,981.0100442749341
32,120,983.3177,981.1128425045208
32,121,983.3711,981.2146710651225
32,122,983.42346,981.3154741848527
32,123,983.4751,981.4151960918248
32,124,983.52576,981.5137810141514
32,125,983.57574,981.6111731799458
32,126,983.62494,981.7073168173217
32,127,983.67346,981.802156154392
32,128,983.7213,981.89563541927
32,129,983.7686,981.9876988400687
32,130,983.8154,982.0782906449011
32,131,983.86176,982.167355061881
32,132,983.90753,982.2548363191212
32,133,983.95306,982.3406786447351
32,134,983.9982,982.4248262668353
32,135,984.043,982.5072234135359
32,136,984.0878,982.5878143129496
32,137,984.1322,982.6665431931896
32,138,984.1766,982.7433542823693
32,139,984.2209,982.8181918086017
32,140,984.2651,982.8910000000002
32,141,984.30945,982.9618039415283
32,142,984.35376,983.0309521455537
32,143,984.39825,983.0988739812938
32,144,984.4432,983.1659988179663
32,145,984.4886,983.2327560247896
32,146,984.53485,983.2995749709809
32,147,984.582,983.3668850257582
32,148,984.63025,983.4351155583397
32,149,984.67993,983.5046959379429
32,150,984.73114,983.5760555337854
32,151,984.7842,983.6496237150851
32,152,984.8392,983.7258298510602
32,153,984.8963,983.8051033109281
32,154,984.9559,983.8878734639071
32,155,985.01807,983.9745696792144
32,156,985.083,984.0656213260684
32,157,985.15106,984.1614577736865
32,158,985.22217,984.2625083912866
32,159,985.29675,984.3692025480865
32,160,985.37494,984.4819696133043
32,161,985.4569,984.6012389561575
32,162,985.54297,984.727439945864
32,163,985.6334,984.8610019516418
32,164,985.7281,985.0023543427086
32,165,985.8274,985.151926488282
32,166,985.93164,985.3101477575801
32,167,986.0409,985.4774475198207
32,168,986.15546,985.6542551442213
32,169,986.27545,985.8410000000001
32,170,986.40106,986.0379701073407
32,171,986.5346,986.2448880902894
32,172,986.6826,986.4613352238591
32,173,986.849,986.6868927830621
32,174,987.033,986.9211420429111
32,175,987.23364,987.1636642784184
32,176,987.4504,987.4140407645968
32,177,987.682,987.6718527764584
32,178,987.9278,987.9366815890162
32,179,988.1871,988.2081084772824
32,180,988.45886,988.4857147162693
32,181,988.7423,988.7690815809896
32,182,989.03644,989.0577903464562
32,183,989.3407,989.351422287681
32,184,989.65405,989.6495586796768
32,185,989.9757,989.9517807974561
32,186,990.3049,990.2576699160314
32,187,990.64056,990.5668073104151
32,188,990.9821,990.87877425562
32,189,991.3285,991.1931520266581
32,190,991.679,991.5095218985424
32,191,992.0328,991.8274651462851
32,192,992.389,992.1465630448992
32,193,992.74677,992.4663968693962
32,194,993.1051,992.7865478947898
32,195,993.46344,993.1065973960915
32,196,993.82086,993.4261266483144
32,197,994.17645,993.7447169264708
32,198,994.52936,994.0619495055735
32,199,994.87885,994.3774056606345
32,200,995.2242,994.6906666666669
32,201,995.5643,995.0014082230057
32,202,995.89905,995.3096837262786
32,203,996.2309,995.6156409974369
32,204,996.5611,995.919427857431
32,205,996.88995,996.2211921272116
32,206,997.21747,996.5210816277296
32,207,997.5437,996.8192441799358
32,208,997.8688,997.1158276047809
32,209,998.1927,997.4109797232154
32,210,998.51544,997.7048483561904
32,211,998.8372,997.9975813246565
32,212,999.15814,998.2893264495647
32,213,999.47815,998.5802315518655
32,214,999.79736,998.8704444525093
32,215,1000.1157,999.1601129724475
32,216,1000.4335,999.4493849326306
32,217,1000.7506,999.7384081540096
32,218,1001.06714,1000.0273304575351
32,219,1001.3833,1000.316299664157
32,220,1001.6988,1000.6054635948279
32,221,1002.01416,1000.894970070496
32,222,1002.3291,1001.1849669121149
32,223,1002.6438,1001.475601940634
32,224,1002.9584,1001.767022977003
32,225,1003.2728,1002.0593778421749
32,226,1003.5872,1002.352814357099
32,227,1003.90173,1002.6474803427249
32,228,1004.21625,1002.943523620006
32,229,1004.5309,1003.241092009892
32,230,1004.84576,1003.5403333333331
32,231,1005.16095,1003.8413261588049
32,232,1005.4762,1004.1438720448781
32,233,1005.7909,1004.447703297647
32,234,1006.10474,1004.7525522232081
32,235,1006.4178,1005.0581511276552
32,236,1006.73016,1005.364232317084
32,237,1007.0417,1005.67052809759
32,238,1007.35266,1005.976770775268
32,239,1007.6629,1006.282692656212
32,240,1007.97253,1006.5880260465191
32,241,1008.2816,1006.892503252283
32,242,1008.5902,1007.195856579599
32,243,1008.89825,1007.4978183345629
32,244,1009.20593,1007.798120823269
32,245,1009.51306,1008.0964963518121
32,246,1009.82,1008.3926772262881
32,247,1010.12646,1008.686395752792
32,248,1010.43286,1008.9773842374179
32,249,1010.73895,1009.265374986262
32,250,1011.0448,1009.55010030542
32,251,1011.35065,1009.831292500985
32,252,1011.65625,1010.108683879053
32,253,1011.9619,1010.38200674572
32,254,1012.26764,1010.6509934070801
32,255,1012.57336,1010.915376169228
32,256,1012.87915,1011.17488733826
32,257,1013.1851,1011.429259220271
32,258,1013.49133,1011.678224121355
32,259,1013.7977,1011.921514347608
32,260,1014.10443,1012.158862205124
32,261,1014.4114,1012.39
32,262,1014.7187,1012.614756012665
32,263,1015.0261,1012.83334242089
32,264,1015.3332,1013.0460673767819
32,265,1015.6395,1013.253239032446
32,266,1015.9454,1013.45516553999
32,267,1016.2508,1013.652155051519
32,268,1016.5557,1013.844515719139
32,269,1016.8605,1014.032555694957
32,270,1017.1651,1014.216583131078
32,271,1017.4694,1014.39690617961
32,272,1017.7738,1014.573832992659
32,273,1018.07825,1014.74767172233
32,274,1018.3828,1014.9187305207302
32,275,1018.68756,1015.087317539965
32,276,1018.9926,1015.2537409321421
32,277,1019.2981,1015.418308849366
32,278,1019.604,1015.5813294437442
32,279,1019.91046,1015.743110867382
32,280,1020.21747,1015.903961272387
32,281,1020.5253,1016.0641888108642
32,282,1020.83386,1016.22410163492
32,283,1021.1433,1016.384007896661
32,284,1021.4535,1016.544215748193
32,285,1021.7649,1016.705033341623
32,286,1022.0773,1016.866768829057
32,287,1022.39075,1017.0297303625999
32,288,1022.7056,1017.19422609436
32,289,1023.02167,1017.360564176443
32,290,1023.3391,1017.529052760954
33,0,965.2486,974.5997115224653
33,1,965.3472,974.6390724568952
33,2,965.447,974.6779991335238
33,3,965.54834,974.7165080400766
33,4,965.6508,974.7546156642793
33,5,965.75446,974.7923384938564
33,6,965.85925,974.8296930165335
33,7,965.9652,974.8666957200356
33,8,966.07227,974.9033630920887
33,9,966.18036,974.939711620417
33,10,966.28937,974.9757577927465
33,11,966.3995,975.0115180968023
33,12,966.5104,975.0470090203094
33,13,966.62213,975.0822470509929
33,14,966.73486,975.1172486765788
33,15,966.84827,975.1520303847916
33,16,966.9625,975.1866086633571
33,17,967.0774,975.2210000000001
33,18,967.19293,975.2552148952259
33,19,967.31116,975.2892399006599
33,20,967.43854,975.3230555807072
33,21,967.5794,975.3566424997728
33,22,967.7328,975.389981222262
33,23,967.898,975.42305231258
33,24,968.0743,975.4558363351321
33,25,968.26086,975.4883138543231
33,26,968.4569,975.5204654345584
33,27,968.6617,975.5522716402432
33,28,968.87427,975.5837130357826
33,29,969.0941,975.6147701855818
33,30,969.32025,975.6454236540461
33,31,969.5519,975.6756540055802
33,32,969.7883,975.7054418045897
33,33,970.0288,975.7347676154797
33,34,970.2725,975.7636120026553
33,35,970.5186,975.7919555305218
33,36,970.7664,975.819778763484
33,37,971.0151,975.8470622659476
33,38,971.26385,975.8737866023174
33,39,971.51196,975.899932336999
33,40,971.75867,975.9254800343967
33,41,972.0031,975.9504102589166
33,42,972.2445,975.9747035749632
33,43,972.4822,975.998340546942
33,44,972.7154,976.0213017392583
33,45,972.94324,976.043567716317
33,46,973.1649,976.0651190425235
33,47,973.37994,976.0859362822828
33,48,973.58716,976.1059999999999
33,49,973.7861,976.1253177925533
33,50,973.97894,976.1440053867123
33,51,974.1759,976.1622055417198
33,52,974.3835,976.1800610168182
33,53,974.6007,976.19771457125
33,54,974.8263,976.2153089642578
33,55,975.05896,976.2329869550846
33,56,975.2978,976.2508913029724
33,57,975.5414,976.2691647671642
33,58,975.78876,976.2879501069023
33,59,976.0386,976.3073900814296
33,60,976.2899,976.3276274499883
33,61,976.54144,976.3488049718213
33,62,976.792,976.371065406171
33,63,977.0406,976.3945515122804
33,64,977.2858,976.4194060493915
33,65,977.52673,976.4457717767472
33,66,977.76215,976.4737914535899
33,67,977.99084,976.5036078391626
33,68,978.2116,976.5353636927072
33,69,978.4235,976.569201773467
33,70,978.6253,976.6052648406841
33,71,978.8158,976.6436956536012
33,72,978.9939,976.684636971461
33,73,979.1585,976.728231553506
33,74,979.3083,976.7746221589788
33,75,979.4423,976.8239515471221
33,76,979.5594,976.8763624771782
33,77,979.6583,976.9319977083901
33,78,979.738,976.991
33,79,979.7973,977.0534675331088
33,80,979.8384,977.1193201762495
33,81,979.8723,977.1884332198136
33,82,979.9073,977.2606819541923
33,83,979.9434,977.3359416697765
33,84,979.98065,977.414087656958
33,85,980.0189,977.4949952061278
33,86,980.0581,977.5785396076772
33,87,980.09827,977.6645961519973
33,88,980.13934,977.7530401294802
33,89,980.1812,977.8437468305158
33,90,980.224,977.9365915454963
33,91,980.2675,978.0314495648126
33,92,980.31177,978.1281961788563
33,93,980.3568,978.2267066780184
33,94,980.40247,978.3268563526904
33,95,980.4487,978.4285204932632
33,96,980.49567,978.5315743901284
33,97,980.5431,978.6358933336771
33,98,980.59106,978.7413526143008
33,99,980.63947,978.8478275223904
33,100,980.6884,978.9551933483373
33,101,980.7377,979.0633253825329
33,102,980.78735,979.1720989153682
33,103,980.8374,979.2813892372352
33,104,980.8877,979.3910716385241
33,105,980.93823,979.5010214096268
33,106,980.989,979.6111138409344
33,107,981.03986,979.7212242228384
33,108,981.09094,979.8312278457298
33,109,981.14215,979.941
33,110,981.1934,980.0504274656605
33,111,981.2444,980.1594429812043
33,112,981.29456,980.2679907747444
33,113,981.3435,980.3760150743943
33,114,981.3911,980.4834601082667
33,115,981.4375,980.5902701044756
33,116,981.4828,980.6963892911332
33,117,981.527,980.8017618963535
33,118,981.5702,980.9063321482495
33,119,981.6124,981.0100442749341
33,120,981.6536,981.1128425045208
33,121,981.6941,981.2146710651225
33,122,981.73376,981.3154741848527
33,123,981.7727,981.4151960918248
33,124,981.8109,981.5137810141514
33,125,981.84845,981.6111731799458
33,126,981.8855,981.7073168173217
33,127,981.922,981.802156154392
33,128,981.95795,981.89563541927
33,129,981.9936,981.9876988400687
33,130,982.0289,982.0782906449011
33,131,982.06384,982.167355061881
33,132,982.09863,982.2548363191212
33,133,982.1332,982.3406786447351
33,134,982.16754,982.4248262668353
33,135,982.20197,982.5072234135359
33,136,982.2363,982.5878143129496
33,137,982.2706,982.6665431931896
33,138,982.3052,982.7433542823693
33,139,982.3398,982.8181918086017
33,140,982.3746,982.8910000000002
33,141,982.4097,982.9618039415283
33,142,982.4451,983.0309521455537
33,143,982.4809,983.0988739812938
33,144,982.5172,983.1659988179663
33,145,982.5541,983.2327560247896
33,146,982.59174,983.2995749709809
33,147,982.63025,983.3668850257582
33,148,982.6698,983.4351155583397
33,149,982.7106,983.5046959379429
33,150,982.7527,983.5760555337854
33,151,982.79626,983.6496237150851
33,152,982.8414,983.7258298510602
33,153,982.8884,983.8051033109281
33,154,982.93726,983.8878734639071
33,155,982.98816,983.9745696792144
33,156,983.0414,984.0656213260684
33,157,983.0968,984.1614577736865
33,158,983.1548,984.2625083912866
33,159,983.2153,984.3692025480865
33,160,983.2786,984.4819696133043
33,161,983.34485,984.6012389561575
33,162,983.4141,984.727439945864
33,163,983.4867,984.8610019516418
33,164,983.56244,985.0023543427086
33,165,983.6417,985.151926488282
33,166,983.7247,985.3101477575801
33,167,983.81134,985.4774475198207
33,168,983.902,985.6542551442213
33,169,983.9966,985.8410000000001
33,170,984.0954,986.0379701073407
33,171,984.20123,986.2448880902894
33,172,984.3233,986.4613352238591
33,173,984.4674,986.6868927830621
33,174,984.6326,986.9211420429111
33,175,984.81793,987.1636642784184
33,176,985.0221,987.4140407645968
33,177,985.24426,987.6718527764584
33,178,985.48315,987.9366815890162
33,179,985.738,988.2081084772824
33,180,986.0074,988.4857147162693
33,181,986.2906,988.7690815809896
33,182,986.58636,989.0577903464562
33,183,986.8936,989.351422287681
33,184,987.2114,989.6495586796768
33,185,987.5388,989.9517807974561
33,186,987.87445,990.2576699160314
33,187,988.2174,990.5668073104151
33,188,988.56665,990.87877425562
33,189,988.9212,991.1931520266581
33,190,989.2799,991.5095218985424
33,191,989.6418,991.8274651462851
33,192,990.0057,992.1465630448992
33,193,990.37067,992.4663968693962
33,194,990.73566,992.7865478947898
33,195,991.0997,993.1065973960915
33,196,991.4616,993.4261266483144
33,197,991.82043,993.7447169264708
33,198,992.1751,994.0619495055735
33,199,992.5247,994.3774056606345
33,200,992.86804,994.6906666666669
33,201,993.20416,995.0014082230057
33,202,993.5332,995.3096837262786
33,203,993.85834,995.6156409974369
33,204,994.1822,995.919427857431
33,205,994.50494,996.2211921272116
33,206,994.8266,996.5210816277296
33,207,995.14716,996.8192441799358
33,208,995.46674,997.1158276047809
33,209,995.7854,997.4109797232154
33,210,996.1031,997.7048483561904
33,211,996.42,997.9975813246565
33,212,996.736,998.2893264495647
33,213,997.05133,998.5802315518655
33,214,997.36597,998.8704444525093
33,215,997.68,999.1601129724475
33,216,997.9933,999.4493849326306
33,217,998.3061,999.7384081540096
33,218,998.61847,1000.0273304575351
33,219,998.9303,1000.316299664157
33,220,999.24176,1000.6054635948279
33,221,999.55286,1000.894970070496
33,222,999.8637,1001.1849669121149
33,223,1000.17426,1001.475601940634
33,224,1000.48456,1001.767022977003
33,225,1000.7948,1002.0593778421749
33,226,1001.10486,1002.352814357099
33,227,1001.41486,1002.6474803427249
33,228,1001.7249,1002.943523620006
33,229,1002.0349,1003.241092009892
33,230,1002.34503,1003.5403333333331
33,231,1002.6553,1003.8413261588049
33,232,1002.96576,1004.1438720448781
33,233,1003.27673,1004.447703297647
33,234,1003.5886,1004.7525522232081
33,235,1003.901,1005.0581511276552
33,236,1004.21375,1005.364232317084
33,237,1004.5269,1005.67052809759
33,238,1004.84015,1005.976770775268
33,239,1005.1534,1006.282692656212
33,240,1005.46643,1006.5880260465191
33,241,1005.7791,1006.892503252283
33,242,1006.0914,1007.195856579599
33,243,1006.40295,1007.4978183345629
33,244,1006.71375,1007.798120823269
33,245,1007.02356,1008.0964963518121
33,246,1007.33234,1008.3926772262881
33,247,1007.6398,1008.686395752792
33,248,1007.94586,1008.9773842374179
33,249,1008.2504,1009.265374986262
33,250,1008.55334,1009.55010030542
33,251,1008.85425,1009.831292500985
33,252,1009.15326,1010.108683879053
33,253,1009.45,1010.38200674572
33,254,1009.7446,1010.6509934070801
33,255,1010.0367,1010.915376169228
33,256,1010.3262,1011.17488733826
33,257,1010.61285,1011.429259220271
33,258,1010.8967,1011.678224121355
33,259,1011.1776,1011.921514347608
33,260,1011.45514,1012.158862205124
33,261,1011.7294,1012.39
33,262,1012.0001,1012.614756012665
33,263,1012.26715,1012.83334242089
33,264,1012.53107,1013.0460673767819
33,265,1012.7923,1013.253239032446
33,266,1013.0508,1013.45516553999
33,267,1013.3067,1013.652155051519
33,268,1013.5601,1013.844515719139
33,269,1013.81116,1014.032555694957
33,270,1014.0599,1014.216583131078
33,271,1014.30615,1014.39690617961
33,272,1014.5504,1014.573832992659
33,273,1014.7925,1014.74767172233
33,274,1015.03253,1014.9187305207302
33,275,1015.27057,1015.087317539965
33,276,1015.5066,1015.2537409321421
33,277,1015.74097,1015.418308849366
33,278,1015.9734,1015.5813294437442
33,279,1016.2043,1015.743110867382
33,280,1016.4335,1015.903961272387
33,281,1016.6611,1016.0641888108642
33,282,1016.8872,1016.22410163492
33,283,1017.11206,1016.384007896661
33,284,1017.3354,1016.544215748193
33,285,1017.5575,1016.705033341623
33,286,1017.7784,1016.866768829057
33,287,1017.99817,1017.0297303625999
33,288,1018.21686,1017.19422609436
33,289,1018.4345,1017.360564176443
33,290,1018.65125,1017.529052760954
34,0,963.0377,974.5997115224653
34,1,963.15063,974.6390724568952
34,2,963.26526,974.6779991335238
34,3,963.3813,974.7165080400766
34,4,963.4985,974.7546156642793
34,5,963.6169,974.7923384938564
34,6,963.7361,974.8296930165335
34,7,963.856,974.8666957200356
34,8,963.9765,974.9033630920887
34,9,964.0974,974.939711620417
34,10,964.21857,974.9757577927465
34,11,964.3396,975.0115180968023
34,12,964.4606,975.0470090203094
34,13,964.58124,975.0822470509929
34,14,964.7014,975.1172486765788
34,15,964.8209,975.1520303847916
34,16,964.9395,975.1866086633571
34,17,965.0572,975.2210000000001
34,18,965.1736,975.2552148952259
34,19,965.2906,975.2892399006599
34,20,965.4135,975.3230555807072
34,21,965.5458,975.3566424997728
34,22,965.68677,975.389981222262
34,23,965.83606,975.42305231258
34,24,965.99274,975.4558363351321
34,25,966.15643,975.4883138543231
34,26,966.32635,975.5204654345584
34,27,966.502,975.5522716402432
34,28,966.68274,975.5837130357826
34,29,966.86786,975.6147701855818
34,30,967.0569,975.6454236540461
34,31,967.2493,975.6756540055802
34,32,967.4443,975.7054418045897
34,33,967.64124,975.7347676154797
34,34,967.83954,975.7636120026553
34,35,968.0388,975.7919555305218
34,36,968.2382,975.819778763484
34,37,968.43726,975.8470622659476
34,38,968.6352,975.8737866023174
34,39,968.8316,975.899932336999
34,40,969.0257,975.9254800343967
34,41,969.217,975.9504102589166
34,42,969.40485,975.9747035749632
34,43,969.5887,975.998340546942
34,44,969.76776,976.0213017392583
34,45,969.9417,976.043567716317
34,46,970.10974,976.0651190425235
34,47,970.2713,976.0859362822828
34,48,970.4258,976.1059999999999
34,49,970.5725,976.1253177925533
34,50,970.7138,976.1440053867123
34,51,970.8575,976.1622055417198
34,52,971.0086,976.1800610168182
34,53,971.1665,976.19771457125
34,54,971.3303,976.2153089642578
34,55,971.49927,976.2329869550846
34,56,971.67255,976.2508913029724
34,57,971.8493,976.2691647671642
34,58,972.02893,976.2879501069023
34,59,972.21063,976.3073900814296
34,60,972.3933,976.3276274499883
34,61,972.5766,976.3488049718213
34,62,972.7594,976.371065406171
34,63,972.9411,976.3945515122804
34,64,973.12085,976.4194060493915
34,65,973.29785,976.4457717767472
34,66,973.4715,976.4737914535899
34,67,973.64075,976.5036078391626
34,68,973.80493,976.5353636927072
34,69,973.9634,976.569201773467
34,70,974.1152,976.6052648406841
34,71,974.25946,976.6436956536012
34,72,974.3957,976.684636971461
34,73,974.523,976.728231553506
34,74,974.64056,976.7746221589788
34,75,974.74756,976.8239515471221
34,76,974.8433,976.8763624771782
34,77,974.927,976.9319977083901
34,78,974.9979,976.991
34,79,975.0551,977.0534675331088
34,80,975.10046,977.1193201762495
34,81,975.1415,977.1884332198136
34,82,975.1838,977.2606819541923
34,83,975.2273,977.3359416697765
34,84,975.2719,977.414087656958
34,85,975.3176,977.4949952061278
34,86,975.3644,977.5785396076772
34,87,975.4122,977.6645961519973
34,88,975.46094,977.7530401294802
34,89,975.51056,977.8437468305158
34,90,975.5612,977.9365915454963
34,91,975.61273,978.0314495648126
34,92,975.665,978.1281961788563
34,93,975.71814,978.2267066780184
34,94,975.7719,978.3268563526904
34,95,975.8264,978.4285204932632
34,96,975.88165,978.5315743901284
34,97,975.93744,978.6358933336771
34,98,975.99384,978.7413526143008
34,99,976.0508,978.8478275223904
34,100,976.1082,978.9551933483373
34,101,976.16614,979.0633253825329
34,102,976.2245,979.1720989153682
34,103,976.28326,979.2813892372352
34,104,976.34235,979.3910716385241
34,105,976.4018,979.5010214096268
34,106,976.4614,979.6111138409344
34,107,976.5213,979.7212242228384
34,108,976.5814,979.8312278457298
34,109,976.64166,979.941
34,110,976.702,980.0504274656605
34,111,976.7622,980.1594429812043
34,112,976.82104,980.2679907747444
34,113,976.8782,980.3760150743943
34,114,976.9335,980.4834601082667
34,115,976.98724,980.5902701044756
34,116,977.03955,980.6963892911332
34,117,977.09033,980.8017618963535
34,118,977.1398,980.9063321482495
34,119,977.188,981.0100442749341
34,120,977.23486,981.1128425045208
34,121,977.28076,981.2146710651225
34,122,977.3256,981.3154741848527
34,123,977.3695,981.4151960918248
34,124,977.4125,981.5137810141514
34,125,977.4548,981.6111731799458
34,126,977.49634,981.7073168173217
34,127,977.5373,981.802156154392
34,128,977.5777,981.89563541927
34,129,977.61774,981.9876988400687
34,130,977.6574,982.0782906449011
34,131,977.6969,982.167355061881
34,132,977.7361,982.2548363191212
34,133,977.77515,982.3406786447351
34,134,977.8143,982.4248262668353
34,135,977.85345,982.5072234135359
34,136,977.89276,982.5878143129496
34,137,977.9324,982.6665431931896
34,138,977.9723,982.7433542823693
34,139,978.0125,982.8181918086017
34,140,978.05347,982.8910000000002
34,141,978.09485,982.9618039415283
34,142,978.1369,983.0309521455537
34,143,978.1797,983.0988739812938
34,144,978.2233,983.1659988179663
34,145,978.268,983.2327560247896
34,146,978.3139,983.2995749709809
34,147,978.36115,983.3668850257582
34,148,978.4098,983.4351155583397
34,149,978.4602,983.5046959379429
34,150,978.51245,983.5760555337854
34,151,978.5665,983.6496237150851
34,152,978.62274,983.7258298510602
34,153,978.6813,983.8051033109281
34,154,978.7422,983.8878734639071
34,155,978.8057,983.9745696792144
34,156,978.8718,984.0656213260684
34,157,978.94104,984.1614577736865
34,158,979.01306,984.2625083912866
34,159,979.0884,984.3692025480865
34,160,979.167,984.4819696133043
34,161,979.24915,984.6012389561575
34,162,979.33496,984.727439945864
34,163,979.42456,984.8610019516418
34,164,979.51807,985.0023543427086
34,165,979.6158,985.151926488282
34,166,979.71765,985.3101477575801
34,167,979.824,985.4774475198207
34,168,979.9348,985.6542551442213
34,169,980.0504,985.8410000000001
34,170,980.17096,986.0379701073407
34,171,980.2985,986.2448880902894
34,172,980.43964,986.4613352238591
34,173,980.59845,986.6868927830621
34,174,980.7739,986.9211420429111
34,175,980.9654,987.1636642784184
34,176,981.1721,987.4140407645968
34,177,981.3931,987.6718527764584
34,178,981.6278,987.9366815890162
34,179,981.87537,988.2081084772824
34,180,982.1348,988.4857147162693
34,181,982.4056,988.7690815809896
34,182,982.68677,989.0577903464562
34,183,982.9776,989.351422287681
34,184,983.27734,989.6495586796768
34,185,983.58514,989.9517807974561
34,186,983.9002,990.2576699160314
34,187,984.2216,990.5668073104151
34,188,984.5488,990.87877425562
34,189,984.881,991.1931520266581
34,190,985.2171,991.5095218985424
34,191,985.5566,991.8274651462851
34,192,985.8986,992.1465630448992
34,193,986.2423,992.4663968693962
34,194,986.58716,992.7865478947898
34,195,986.93195,993.1065973960915
34,196,987.2761,993.4261266483144
34,197,987.6189,993.7447169264708
34,198,987.9595,994.0619495055735
34,199,988.2969,994.3774056606345
34,200,988.6307,994.6906666666669
34,201,988.95984,995.0014082230057
34,202,989.2843,995.3096837262786
34,203,989.6059,995.6156409974369
34,204,989.9261,995.919427857431
34,205,990.2451,996.2211921272116
34,206,990.56287,996.5210816277296
34,207,990.87946,996.8192441799358
34,208,991.195,997.1158276047809
34,209,991.50946,997.4109797232154
34,210,991.82294,997.7048483561904
34,211,992.13556,997.9975813246565
34,212,992.44714,998.2893264495647
34,213,992.75806,998.5802315518655
34,214,993.0681,998.8704444525093
34,215,993.3775,999.1601129724475
34,216,993.6862,999.4493849326306
34,217,993.9944,999.7384081540096
34,218,994.302,1000.0273304575351
34,219,994.60913,1000.316299664157
34,220,994.91583,1000.6054635948279
34,221,995.2222,1000.894970070496
34,222,995.5282,1001.1849669121149
34,223,995.834,1001.475601940634
34,224,996.1396,1001.767022977003
34,225,996.44495,1002.0593778421749
34,226,996.75024,1002.352814357099
34,227,997.05566,1002.6474803427249
34,228,997.36096,1002.943523620006
34,229,997.6664,1003.241092009892
34,230,997.9719,1003.5403333333331
34,231,998.27765,1003.8413261588049
34,232,998.5831,1004.1438720448781
34,233,998.887,1004.447703297647
34,234,999.1887,1004.7525522232081
34,235,999.48846,1005.0581511276552
34,236,999.7863,1005.364232317084
34,237,1000.0825,1005.67052809759
34,238,1000.3775,1005.976770775268
34,239,1000.6712,1006.282692656212
34,240,1000.9638,1006.5880260465191
34,241,1001.2557,1006.892503252283
34,242,1001.5469,1007.195856579599
34,243,1001.8377,1007.4978183345629
34,244,1002.12823,1007.798120823269
34,245,1002.4189,1008.0964963518121
34,246,1002.70953,1008.3926772262881
34,247,1003.0007,1008.686395752792
34,248,1003.2923,1008.9773842374179
34,249,1003.5848,1009.265374986262
34,250,1003.8781,1009.55010030542
34,251,1004.17267,1009.831292500985
34,252,1004.46857,1010.108683879053
34,253,1004.76605,1010.38200674572
34,254,1005.0653,1010.6509934070801
34,255,1005.3664,1010.915376169228
34,256,1005.6697,1011.17488733826
34,257,1005.97534,1011.429259220271
34,258,1006.28345,1011.678224121355
34,259,1006.5943,1011.921514347608
34,260,1006.9081,1012.158862205124
34,261,1007.225,1012.39
34,262,1007.5451,1012.614756012665
34,263,1007.8682,1012.83334242089
34,264,1008.19305,1013.0460673767819
34,265,1008.5189,1013.253239032446
34,266,1008.84607,1013.45516553999
34,267,1009.1744,1013.652155051519
34,268,1009.504,1013.844515719139
34,269,1009.8351,1014.032555694957
34,270,1010.1676,1014.216583131078
34,271,1010.5017,1014.39690617961
34,272,1010.83746,1014.573832992659
34,273,1011.1748,1014.74767172233
34,274,1011.5139,1014.9187305207302
34,275,1011.85486,1015.087317539965
34,276,1012.1978,1015.2537409321421
34,277,1012.5427,1015.418308849366
34,278,1012.8898,1015.5813294437442
34,279,1013.23883,1015.743110867382
34,280,1013.59015,1015.903961272387
34,281,1013.94366,1016.0641888108642
34,282,1014.2996,1016.22410163492
34,283,1014.658,1016.384007896661
34,284,1015.0189,1016.544215748193
34,285,1015.38226,1016.705033341623
34,286,1015.74835,1016.866768829057
34,287,1016.1172,1017.0297303625999
34,288,1016.48865,1017.19422609436
34,289,1016.86304,1017.360564176443
34,290,1017.2404,1017.529052760954
35,0,965.5091,974.5997115224653
35,1,965.6019,974.6390724568952
35,2,965.6963,974.6779991335238
35,3,965.7921,974.7165080400766
35,4,965.8892,974.7546156642793
35,5,965.98785,974.7923384938564
35,6,966.08777,974.8296930165335
35,7,966.18896,974.8666957200356
35,8,966.29144,974.9033630920887
35,9,966.3952,974.939711620417
35,10,966.5002,974.9757577927465
35,11,966.6063,975.0115180968023
35,12,966.71356,975.0470090203094
35,13,966.82196,975.0822470509929
35,14,966.93146,975.1172486765788
35,15,967.04205,975.1520303847916
35,16,967.1537,975.1866086633571
35,17,967.2663,975.2210000000001
35,18,967.3799,975.2552148952259
35,19,967.49677,975.2892399006599
35,20,967.6236,975.3230555807072
35,21,967.7646,975.3566424997728
35,22,967.91876,975.389981222262
35,23,968.0854,975.42305231258
35,24,968.26355,975.4558363351321
35,25,968.4526,975.4883138543231
35,26,968.6515,975.5204654345584
35,27,968.8595,975.5522716402432
35,28,969.0759,975.5837130357826
35,29,969.2999,975.6147701855818
35,30,969.53046,975.6454236540461
35,31,969.7668,975.6756540055802
35,32,970.00836,975.7054418045897
35,33,970.25397,975.7347676154797
35,34,970.50305,975.7636120026553
35,35,970.75476,975.7919555305218
35,36,971.0081,975.819778763484
35,37,971.2626,975.8470622659476
35,38,971.517,975.8737866023174
35,39,971.7709,975.899932336999
35,40,972.0232,975.9254800343967
35,41,972.2731,975.9504102589166
35,42,972.52,975.9747035749632
35,43,972.7629,975.998340546942
35,44,973.00116,976.0213017392583
35,45,973.23376,976.043567716317
35,46,973.4601,976.0651190425235
35,47,973.6791,976.0859362822828
35,48,973.89026,976.1059999999999
35,49,974.09247,976.1253177925533
35,50,974.28876,976.1440053867123
35,51,974.48956,976.1622055417198
35,52,974.7011,976.1800610168182
35,53,974.92224,976.19771457125
35,54,975.15186,976.2153089642578
35,55,975.38873,976.2329869550846
35,56,975.6316,976.2508913029724
35,57,975.8794,976.2691647671642
35,58,976.131,976.2879501069023
35,59,976.3851,976.3073900814296
35,60,976.64044,976.3276274499883
35,61,976.89594,976.3488049718213
35,62,977.1505,976.371065406171
35,63,977.4029,976.3945515122804
35,64,977.6519,976.4194060493915
35,65,977.8963,976.4457717767472
35,66,978.13513,976.4737914535899
35,67,978.367,976.5036078391626
35,68,978.5909,976.5353636927072
35,69,978.80554,976.569201773467
35,70,979.0098,976.6052648406841
35,71,979.2024,976.6436956536012
35,72,979.3825,976.684636971461
35,73,979.54865,976.728231553506
35,74,979.6998,976.7746221589788
35,75,979.8348,976.8239515471221
35,76,979.9524,976.8763624771782
35,77,980.0514,976.9319977083901
35,78,980.1308,976.991
35,79,980.1893,977.0534675331088
35,80,980.2297,977.1193201762495
35,81,980.2632,977.1884332198136
35,82,980.29803,977.2606819541923
35,83,980.3341,977.3359416697765
35,84,980.3713,977.414087656958
35,85,980.40967,977.4949952061278
35,86,980.4491,977.5785396076772
35,87,980.48956,977.6645961519973
35,88,980.53107,977.7530401294802
35,89,980.5735,977.8437468305158
35,90,980.6169,977.9365915454963
35,91,980.6611,978.0314495648126
35,92,980.70605,978.1281961788563
35,93,980.7518,978.2267066780184
35,94,980.79834,978.3268563526904
35,95,980.84564,978.4285204932632
35,96,980.8935,978.5315743901284
35,97,980.94196,978.6358933336771
35,98,980.99084,978.7413526143008
35,99,981.04047,978.8478275223904
35,100,981.09045,978.9551933483373
35,101,981.14087,979.0633253825329
35,102,981.1918,979.1720989153682
35,103,981.2428,979.2813892372352
35,104,981.2942,979.3910716385241
35,105,981.3459,979.5010214096268
35,106,981.3978,979.6111138409344
35,107,981.44977,979.7212242228384
35,108,981.5019,979.8312278457298
35,109,981.5542,979.941
35,110,981.60645,980.0504274656605
35,111,981.6584,980.1594429812043
35,112,981.70935,980.2679907747444
35,113,981.75885,980.3760150743943
35,114,981.80707,980.4834601082667
35,115,981.8539,980.5902701044756
35,116,981.8996,980.6963892911332
35,117,981.94403,980.8017618963535
35,118,981.98737,980.9063321482495
35,119,982.0298,981.0100442749341
35,120,982.07104,981.1128425045208
35,121,982.1115,981.2146710651225
35,122,982.1511,981.3154741848527
35,123,982.18994,981.4151960918248
35,124,982.2281,981.5137810141514
35,125,982.26556,981.6111731799458
35,126,982.30255,981.7073168173217
35,127,982.3389,981.802156154392
35,128,982.37494,981.89563541927
35,129,982.41046,981.9876988400687
35,130,982.44574,982.0782906449011
35,131,982.48065,982.167355061881
35,132,982.51556,982.2548363191212
35,133,982.55023,982.3406786447351
35,134,982.5849,982.4248262668353
35,135,982.6195,982.5072234135359
35,136,982.65436,982.5878143129496
35,137,982.68915,982.6665431931896
35,138,982.72424,982.7433542823693
35,139,982.75964,982.8181918086017
35,140,982.7953,982.8910000000002
35,141,982.83136,982.9618039415283
35,142,982.8679,983.0309521455537
35,143,982.905,983.0988739812938
35,144,982.9427,983.1659988179663
35,145,982.9812,983.2327560247896
35,146,983.02045,983.2995749709809
35,147,983.0608,983.3668850257582
35,148,983.1023,983.4351155583397
35,149,983.145,983.5046959379429
35,150,983.18915,983.5760555337854
35,151,983.23486,983.6496237150851
35,152,983.2823,983.7258298510602
35,153,983.3314,983.8051033109281
35,154,983.38257,983.8878734639071
35,155,983.4358,983.9745696792144
35,156,983.4911,984.0656213260684
35,157,983.5488,984.1614577736865
35,158,983.60895,984.2625083912866
35,159,983.67175,984.3692025480865
35,160,983.73724,984.4819696133043
35,161,983.80566,984.6012389561575
35,162,983.8771,984.727439945864
35,163,983.9515,984.8610019516418
35,164,984.0293,985.0023543427086
35,165,984.1104,985.151926488282
35,166,984.19507,985.3101477575801
35,167,984.2834,985.4774475198207
35,168,984.3755,985.6542551442213
35,169,984.47156,985.8410000000001
35,170,984.57166,986.0379701073407
35,171,984.67896,986.2448880902894
35,172,984.8029,986.4613352238591
35,173,984.9494,986.6868927830621
35,174,985.11743,986.9211420429111
35,175,985.3056,987.1636642784184
35,176,985.5132,987.4140407645968
35,177,985.73895,987.6718527764584
35,178,985.98175,987.9366815890162
35,179,986.24066,988.2081084772824
35,180,986.5146,988.4857147162693
35,181,986.80237,988.7690815809896
35,182,987.1031,989.0577903464562
35,183,987.4155,989.351422287681
35,184,987.7387,989.6495586796768
35,185,988.0715,989.9517807974561
35,186,988.4129,990.2576699160314
35,187,988.7617,990.5668073104151
35,188,989.11694,990.87877425562
35,189,989.47766,991.1931520266581
35,190,989.8426,991.5095218985424
35,191,990.2109,991.8274651462851
35,192,990.58124,992.1465630448992
35,193,990.9527,992.4663968693962
35,194,991.32434,992.7865478947898
35,195,991.6948,993.1065973960915
35,196,992.0633,993.4261266483144
35,197,992.4288,993.7447169264708
35,198,992.7899,994.0619495055735
35,199,993.1459,994.3774056606345
35,200,993.49567,994.6906666666669
35,201,993.8381,995.0014082230057
35,202,994.1734,995.3096837262786
35,203,994.5049,995.6156409974369
35,204,994.83527,995.919427857431
35,205,995.1646,996.2211921272116
35,206,995.49286,996.5210816277296
35,207,995.82025,996.8192441799358
35,208,996.14667,997.1158276047809
35,209,996.47235,997.4109797232154
35,210,996.7972,997.7048483561904
35,211,997.1212,997.9975813246565
35,212,997.4445,998.2893264495647
35,213,997.7673,998.5802315518655
35,214,998.0895,998.8704444525093
35,215,998.41113,999.1601129724475
35,216,998.7323,999.4493849326306
35,217,999.05304,999.7384081540096
35,218,999.3735,1000.0273304575351
35,219,999.69354,1000.316299664157
35,220,1000.0134,1000.6054635948279
35,221,1000.333,1000.894970070496
35,222,1000.6525,1001.1849669121149
35,223,1000.97186,1001.475601940634
35,224,1001.29126,1001.767022977003
35,225,1001.6106,1002.0593778421749
35,226,1001.93,1002.352814357099
35,227,1002.2496,1002.6474803427249
35,228,1002.5692,1002.943523620006
35,229,1002.8892,1003.241092009892
35,230,1003.20935,1003.5403333333331
35,231,1003.53,1003.8413261588049
35,232,1003.8509,1004.1438720448781
35,233,1004.1723,1004.447703297647
35,234,1004.4945,1004.7525522232081
35,235,1004.81726,1005.0581511276552
35,236,1005.1404,1005.364232317084
35,237,1005.4638,1005.67052809759
35,238,1005.7873,1005.976770775268
35,239,1006.11066,1006.282692656212
35,240,1006.4339,1006.5880260465191
35,241,1006.75684,1006.892503252283
35,242,1007.07916,1007.195856579599
35,243,1007.40076,1007.4978183345629
35,244,1007.7217,1007.798120823269
35,245,1008.0416,1008.0964963518121
35,246,1008.3604,1008.3926772262881
35,247,1008.67804,1008.686395752792
35,248,1008.9941,1008.9773842374179
35,249,1009.3087,1009.265374986262
35,250,1009.6216,1009.55010030542
35,251,1009.93274,1009.831292500985
35,252,1010.2419,1010.108683879053
35,253,1010.54895,1010.38200674572
35,254,1010.8537,1010.6509934070801
35,255,1011.15607,1010.915376169228
35,256,1011.4558,1011.17488733826
35,257,1011.753,1011.429259220271
35,258,1012.04724,1011.678224121355
35,259,1012.3386,1011.921514347608
35,260,1012.62683,1012.158862205124
35,261,1012.9117,1012.39
35,262,1013.19324,1012.614756012665
35,263,1013.4711,1012.83334242089
35,264,1013.74567,1013.0460673767819
35,265,1014.0175,1013.253239032446
35,266,1014.28644,1013.45516553999
35,267,1014.55273,1013.652155051519
35,268,1014.8164,1013.844515719139
35,269,1015.07764,1014.032555694957
35,270,1015.33636,1014.216583131078
35,271,1015.59283,1014.39690617961
35,272,1015.8471,1014.573832992659
35,273,1016.0992,1014.74767172233
35,274,1016.34937,1014.9187305207302
35,275,1016.5975,1015.087317539965
35,276,1016.8437,1015.2537409321421
35,277,1017.08826,1015.418308849366
35,278,1017.33105,1015.5813294437442
35,279,1017.57245,1015.743110867382
35,280,1017.8121,1015.903961272387
35,281,1018.05035,1016.0641888108642
35,282,1018.28735,1016.22410163492
35,283,1018.5231,1016.384007896661
35,284,1018.7576,1016.544215748193
35,285,1018.9911,1016.705033341623
35,286,1019.2235,1016.866768829057
35,287,1019.4551,1017.0297303625999
35,288,1019.6858,1017.19422609436
35,289,1019.9157,1017.360564176443
35,290,1020.14496,1017.529052760954
36,0,968.99,974.5997115224653
36,1,969.0721,974.6390724568952
36,2,969.15576,974.6779991335238
36,3,969.24097,974.7165080400766
36,4,969.3277,974.7546156642793
36,5,969.4157,974.7923384938564
36,6,969.5049,974.8296930165335
36,7,969.59534,974.8666957200356
36,8,969.6865,974.9033630920887
36,9,969.77856,974.939711620417
36,10,969.87146,974.9757577927465
36,11,969.9648,975.0115180968023
36,12,970.0586,975.0470090203094
36,13,970.1528,975.0822470509929
36,14,970.247,975.1172486765788
36,15,970.3415,975.1520303847916
36,16,970.43585,975.1866086633571
36,17,970.5301,975.2210000000001
36,18,970.62396,975.2552148952259
36,19,970.7191,975.2892399006599
36,20,970.8204,975.3230555807072
36,21,970.9309,975.3566424997728
36,22,971.0501,975.389981222262
36,23,971.1773,975.42305231258
36,24,971.3119,975.4558363351321
36,25,971.4534,975.4883138543231
36,26,971.6012,975.5204654345584
36,27,971.7546,975.5522716402432
36,28,971.913,975.5837130357826
36,29,972.0758,975.6147701855818
36,30,972.2426,975.6454236540461
36,31,972.4125,975.6756540055802
36,32,972.58514,975.7054418045897
36,33,972.75977,975.7347676154797
36,34,972.9359,975.7636120026553
36,35,973.1128,975.7919555305218
36,36,973.2901,975.819778763484
36,37,973.467,975.8470622659476
36,38,973.6429,975.8737866023174
36,39,973.81726,975.899932336999
36,40,973.98956,975.9254800343967
36,41,974.1592,975.9504102589166
36,42,974.3253,975.9747035749632
36,43,974.4876,975.998340546942
36,44,974.64545,976.0213017392583
36,45,974.79816,976.043567716317
36,46,974.9452,976.0651190425235
36,47,975.0859,976.0859362822828
36,48,975.21967,976.1059999999999
36,49,975.346,976.1253177925533
36,50,975.46674,976.1440053867123
36,51,975.5888,976.1622055417198
36,52,975.7168,976.1800610168182
36,53,975.85034,976.19771457125
36,54,975.98846,976.2153089642578
36,55,976.13074,976.2329869550846
36,56,976.27655,976.2508913029724
36,57,976.4252,976.2691647671642
36,58,976.57605,976.2879501069023
36,59,976.7285,976.3073900814296
36,60,976.8819,976.3276274499883
36,61,977.0357,976.3488049718213
36,62,977.18915,976.371065406171
36,63,977.3417,976.3945515122804
36,64,977.49274,976.4194060493915
36,65,977.64154,976.4457717767472
36,66,977.7877,976.4737914535899
36,67,977.9304,976.5036078391626
36,68,978.0691,976.5353636927072
36,69,978.2031,976.569201773467
36,70,978.33185,976.6052648406841
36,71,978.4547,976.6436956536012
36,72,978.5711,976.684636971461
36,73,978.68036,976.728231553506
36,74,978.78186,976.7746221589788
36,75,978.87506,976.8239515471221
36,76,978.9592,976.8763624771782
36,77,979.0338,976.9319977083901
36,78,979.09814,976.991
36,79,979.1517,977.0534675331088
36,80,979.1959,977.1193201762495
36,81,979.2373,977.1884332198136
36,82,979.2807,977.2606819541923
36,83,979.32587,977.3359416697765
36,84,979.3727,977.414087656958
36,85,979.4212,977.4949952061278
36,86,979.4713,977.5785396076772
36,87,979.52295,977.6645961519973
36,88,979.5761,977.7530401294802
36,89,979.6307,977.8437468305158
36,90,979.68646,977.9365915454963
36,91,979.7436,978.0314495648126
36,92,979.8019,978.1281961788563
36,93,979.8613,978.2267066780184
36,94,979.9218,978.3268563526904
36,95,979.9833,978.4285204932632
36,96,980.04565,978.5315743901284
36,97,980.1088,978.6358933336771
36,98,980.17285,978.7413526143008
36,99,980.23755,978.8478275223904
36,100,980.3029,978.9551933483373
36,101,980.36884,979.0633253825329
36,102,980.43524,979.1720989153682
36,103,980.5022,979.2813892372352
36,104,980.5694,979.3910716385241
36,105,980.637,979.5010214096268
36,106,980.70483,979.6111138409344
36,107,980.7727,979.7212242228384
36,108,980.8408,979.8312278457298
36,109,980.90894,979.941
36,110,980.9769,980.0504274656605
36,111,981.04456,980.1594429812043
36,112,981.11084,980.2679907747444
36,113,981.1751,980.3760150743943
36,114,981.2376,980.4834601082667
36,115,981.2982,980.5902701044756
36,116,981.3572,980.6963892911332
36,117,981.41455,980.8017618963535
36,118,981.47034,980.9063321482495
36,119,981.52484,981.0100442749341
36,120,981.578,981.1128425045208
36,121,981.62994,981.2146710651225
36,122,981.6808,981.3154741848527
36,123,981.7305,981.4151960918248
36,124,981.7793,981.5137810141514
36,125,981.82733,981.6111731799458
36,126,981.8745,981.7073168173217
36,127,981.921,981.802156154392
36,128,981.967,981.89563541927
36,129,982.0126,981.9876988400687
36,130,982.0576,982.0782906449011
36,131,982.1025,982.167355061881
36,132,982.14716,982.2548363191212
36,133,982.19165,982.3406786447351
36,134,982.23615,982.4248262668353
36,135,982.28076,982.5072234135359
36,136,982.32556,982.5878143129496
36,137,982.37054,982.6665431931896
36,138,982.4161,982.7433542823693
36,139,982.462,982.8181918086017
36,140,982.50836,982.8910000000002
36,141,982.5554,982.9618039415283
36,142,982.6033,983.0309521455537
36,143,982.652,983.0988739812938
36,144,982.7016,983.1659988179663
36,145,982.7524,983.2327560247896
36,146,982.8043,983.2995749709809
36,147,982.8578,983.3668850257582
36,148,982.9128,983.4351155583397
36,149,982.9695,983.5046959379429
36,150,983.028,983.5760555337854
36,151,983.08856,983.6496237150851
36,152,983.1512,983.7258298510602
36,153,983.2162,983.8051033109281
36,154,983.2836,983.8878734639071
36,155,983.3536,983.9745696792144
36,156,983.4263,984.0656213260684
36,157,983.50183,984.1614577736865
36,158,983.5805,984.2625083912866
36,159,983.66223,984.3692025480865
36,160,983.7473,984.4819696133043
36,161,983.8358,984.6012389561575
36,162,983.928,984.727439945864
36,163,984.02386,984.8610019516418
36,164,984.1236,985.0023543427086
36,165,984.2275,985.151926488282
36,166,984.3355,985.3101477575801
36,167,984.4478,985.4774475198207
36,168,984.5646,985.6542551442213
36,169,984.68604,985.8410000000001
36,170,984.8122,986.0379701073407
36,171,984.94507,986.2448880902894
36,172,985.09015,986.4613352238591
36,173,985.251,986.6868927830621
36,174,985.4267,986.9211420429111
36,175,985.6166,987.1636642784184
36,176,985.8201,987.4140407645968
36,177,986.0365,987.6718527764584
36,178,986.265,987.9366815890162
36,179,986.5048,988.2081084772824
36,180,986.7555,988.4857147162693
36,181,987.01624,988.7690815809896
36,182,987.2862,989.0577903464562
36,183,987.5649,989.351422287681
36,184,987.85144,989.6495586796768
36,185,988.1452,989.9517807974561
36,186,988.4455,990.2576699160314
36,187,988.7516,990.5668073104151
36,188,989.06287,990.87877425562
36,189,989.3785,991.1931520266581
36,190,989.6978,991.5095218985424
36,191,990.02026,991.8274651462851
36,192,990.345,992.1465630448992
36,193,990.6713,992.4663968693962
36,194,990.9986,992.7865478947898
36,195,991.32605,993.1065973960915
36,196,991.6531,993.4261266483144
36,197,991.9789,993.7447169264708
36,198,992.3029,994.0619495055735
36,199,992.62427,994.3774056606345
36,200,992.94257,994.6906666666669
36,201,993.2567,995.0014082230057
36,202,993.5669,995.3096837262786
36,203,993.8744,995.6156409974369
36,204,994.18054,995.919427857431
36,205,994.48535,996.2211921272116
36,206,994.78894,996.5210816277296
36,207,995.0913,996.8192441799358
36,208,995.3927,997.1158276047809
36,209,995.693,997.4109797232154
36,210,995.9924,997.7048483561904
36,211,996.29095,997.9975813246565
36,212,996.5886,998.2893264495647
36,213,996.88574,998.5802315518655
36,214,997.1821,998.8704444525093
36,215,997.478,999.1601129724475
36,216,997.77344,999.4493849326306
36,217,998.0685,999.7384081540096
36,218,998.36316,1000.0273304575351
36,219,998.6577,1000.316299664157
36,220,998.95197,1000.6054635948279
36,221,999.24634,1000.894970070496
36,222,999.5406,1001.1849669121149
36,223,999.8349,1001.475601940634
36,224,1000.12933,1001.767022977003
36,225,1000.424,1002.0593778421749
36,226,1000.71906,1002.352814357099
36,227,1001.01447,1002.6474803427249
36,228,1001.31024,1002.943523620006
36,229,1001.60675,1003.241092009892
36,230,1001.9037,1003.5403333333331
36,231,1002.20135,1003.8413261588049
36,232,1002.4993,1004.1438720448781
36,233,1002.79596,1004.447703297647
36,234,1003.0901,1004.7525522232081
36,235,1003.3823,1005.0581511276552
36,236,1003.67236,1005.364232317084
36,237,1003.9608,1005.67052809759
36,238,1004.24744,1005.976770775268
36,239,1004.53265,1006.282692656212
36,240,1004.8167,1006.5880260465191
36,241,1005.0995,1006.892503252283
36,242,1005.3814,1007.195856579599
36,243,1005.66254,1007.4978183345629
36,244,1005.9432,1007.798120823269
36,245,1006.2233,1008.0964963518121
36,246,1006.50323,1008.3926772262881
36,247,1006.78326,1008.686395752792
36,248,1007.06335,1008.9773842374179
36,249,1007.34375,1009.265374986262
36,250,1007.62463,1009.55010030542
36,251,1007.90625,1009.831292500985
36,252,1008.1887,1010.108683879053
36,253,1008.4722,1010.38200674572
36,254,1008.7569,1010.6509934070801
36,255,1009.0431,1010.915376169228
36,256,1009.33093,1011.17488733826
36,257,1009.6204,1011.429259220271
36,258,1009.912,1011.678224121355
36,259,1010.2057,1011.921514347608
36,260,1010.5017,1012.158862205124
36,261,1010.80023,1012.39
36,262,1011.10144,1012.614756012665
36,263,1011.40497,1012.83334242089
36,264,1011.70935,1013.0460673767819
36,265,1012.0138,1013.253239032446
36,266,1012.31824,1013.45516553999
36,267,1012.62286,1013.652155051519
36,268,1012.92804,1013.844515719139
36,269,1013.2336,1014.032555694957
36,270,1013.54,1014.216583131078
36,271,1013.84717,1014.39690617961
36,272,1014.15546,1014.573832992659
36,273,1014.4649,1014.74767172233
36,274,1014.77576,1014.9187305207302
36,275,1015.088,1015.087317539965
36,276,1015.40204,1015.2537409321421
36,277,1015.7178,1015.418308849366
36,278,1016.03546,1015.5813294437442
36,279,1016.35535,1015.743110867382
36,280,1016.6775,1015.903961272387
36,281,1017.00195,1016.0641888108642
36,282,1017.3291,1016.22410163492
36,283,1017.65894,1016.384007896661
36,284,1017.9916,1016.544215748193
36,285,1018.32733,1016.705033341623
36,286,1018.66626,1016.866768829057
36,287,1019.0084,1017.0297303625999
36,288,1019.35406,1017.19422609436
36,289,1019.7034,1017.360564176443
36,290,1020.05646,1017.529052760954
37,0,965.2215,974.5997115224653
37,1,965.3059,974.6390724568952
37,2,965.392,974.6779991335238
37,3,965.4795,974.7165080400766
37,4,965.5685,974.7546156642793
37,5,965.6588,974.7923384938564
37,6,965.7503,974.8296930165335
37,7,965.8431,974.8666957200356
37,8,965.93677,974.9033630920887
37,9,966.0316,974.939711620417
37,10,966.1273,974.9757577927465
37,11,966.2239,975.0115180968023
37,12,966.3213,975.0470090203094
37,13,966.4193,975.0822470509929
37,14,966.5178,975.1172486765788
37,15,966.6169,975.1520303847916
37,16,966.7165,975.1866086633571
37,17,966.81647,975.2210000000001
37,18,966.9166,975.2552148952259
37,19,967.0188,975.2892399006599
37,20,967.12854,975.3230555807072
37,21,967.2497,975.3566424997728
37,22,967.3814,975.389981222262
37,23,967.523,975.42305231258
37,24,967.6739,975.4558363351321
37,25,967.8333,975.4883138543231
37,26,968.0006,975.5204654345584
37,27,968.1751,975.5522716402432
37,28,968.35596,975.5837130357826
37,29,968.5427,975.6147701855818
37,30,968.73444,975.6454236540461
37,31,968.93066,975.6756540055802
37,32,969.13055,975.7054418045897
37,33,969.3335,975.7347676154797
37,34,969.5388,975.7636120026553
37,35,969.7457,975.7919555305218
37,36,969.9537,975.819778763484
37,37,970.16174,975.8470622659476
37,38,970.3696,975.8737866023174
37,39,970.5763,975.899932336999
37,40,970.78125,975.9254800343967
37,41,970.9837,975.9504102589166
37,42,971.183,975.9747035749632
37,43,971.37854,975.998340546942
37,44,971.5696,976.0213017392583
37,45,971.7554,976.043567716317
37,46,971.9353,976.0651190425235
37,47,972.1088,976.0859362822828
37,48,972.27496,976.1059999999999
37,49,972.4334,976.1253177925533
37,50,972.58575,976.1440053867123
37,51,972.74066,976.1622055417198
37,52,972.9038,976.1800610168182
37,53,973.0741,976.19771457125
37,54,973.2509,976.2153089642578
37,55,973.4332,976.2329869550846
37,56,973.6202,976.2508913029724
37,57,973.8108,976.2691647671642
37,58,974.00433,976.2879501069023
37,59,974.1999,976.3073900814296
37,60,974.39655,976.3276274499883
37,61,974.5934,976.3488049718213
37,62,974.78973,976.371065406171
37,63,974.98456,976.3945515122804
37,64,975.1769,976.4194060493915
37,65,975.366,976.4457717767472
37,66,975.5511,976.4737914535899
37,67,975.7311,976.5036078391626
37,68,975.9052,976.5353636927072
37,69,976.0727,976.569201773467
37,70,976.23254,976.6052648406841
37,71,976.3839,976.6436956536012
37,72,976.52594,976.684636971461
37,73,976.65784,976.728231553506
37,74,976.77875,976.7746221589788
37,75,976.8876,976.8239515471221
37,76,976.9837,976.8763624771782
37,77,977.06616,976.9319977083901
37,78,977.13416,976.991
37,79,977.18665,977.0534675331088
37,80,977.2257,977.1193201762495
37,81,977.2595,977.1884332198136
37,82,977.2948,977.2606819541923
37,83,977.3314,977.3359416697765
37,84,977.36926,977.414087656958
37,85,977.40845,977.4949952061278
37,86,977.4487,977.5785396076772
37,87,977.49023,977.6645961519973
37,88,977.5328,977.7530401294802
37,89,977.5764,977.8437468305158
37,90,977.6209,977.9365915454963
37,91,977.6665,978.0314495648126
37,92,977.7129,978.1281961788563
37,93,977.7602,978.2267066780184
37,94,977.8082,978.3268563526904
37,95,977.85706,978.4285204932632
37,96,977.9065,978.5315743901284
37,97,977.95667,978.6358933336771
37,98,978.0073,978.7413526143008
37,99,978.0586,978.8478275223904
37,100,978.11035,978.9551933483373
37,101,978.16254,979.0633253825329
37,102,978.21515,979.1720989153682
37,103,978.2681,979.2813892372352
37,104,978.32135,979.3910716385241
37,105,978.3748,979.5010214096268
37,106,978.4285,979.6111138409344
37,107,978.48236,979.7212242228384
37,108,978.5363,979.8312278457298
37,109,978.59033,979.941
37,110,978.6442,980.0504274656605
37,111,978.69794,980.1594429812043
37,112,978.7505,980.2679907747444
37,113,978.8014,980.3760150743943
37,114,978.8507,980.4834601082667
37,115,978.8985,980.5902701044756
37,116,978.9449,980.6963892911332
37,117,978.99,980.8017618963535
37,118,979.0338,980.9063321482495
37,119,979.07654,981.0100442749341
37,120,979.118,981.1128425045208
37,121,979.15857,981.2146710651225
37,122,979.19824,981.3154741848527
37,123,979.237,981.4151960918248
37,124,979.275,981.5137810141514
37,125,979.3124,981.6111731799458
37,126,979.3491,981.7073168173217
37,127,979.3854,981.802156154392
37,128,979.4211,981.89563541927
37,129,979.4565,981.9876988400687
37,130,979.49164,982.0782906449011
37,131,979.52655,982.167355061881
37,132,979.5614,982.2548363191212
37,133,979.5962,982.3406786447351
37,134,979.6309,982.4248262668353
37,135,979.6659,982.5072234135359
37,136,979.701,982.5878143129496
37,137,979.7365,982.6665431931896
37,138,979.7722,982.7433542823693
37,139,979.8085,982.8181918086017
37,140,979.8453,982.8910000000002
37,141,979.8826,982.9618039415283
37,142,979.92065,983.0309521455537
37,143,979.9594,983.0988739812938
37,144,979.9991,983.1659988179663
37,145,980.03973,983.2327560247896
37,146,980.0814,983.2995749709809
37,147,980.12427,983.3668850257582
37,148,980.16846,983.4351155583397
37,149,980.2141,983.5046959379429
37,150,980.2612,983.5760555337854
37,151,980.31,983.6496237150851
37,152,980.3606,983.7258298510602
37,153,980.413,983.8051033109281
37,154,980.4675,983.8878734639071
37,155,980.5241,983.9745696792144
37,156,980.58295,984.0656213260684
37,157,980.6441,984.1614577736865
37,158,980.7077,984.2625083912866
37,159,980.7739,984.3692025480865
37,160,980.84283,984.4819696133043
37,161,980.91455,984.6012389561575
37,162,980.98914,984.727439945864
37,163,981.06696,984.8610019516418
37,164,981.14777,985.0023543427086
37,165,981.2319,985.151926488282
37,166,981.3194,985.3101477575801
37,167,981.41034,985.4774475198207
37,168,981.50494,985.6542551442213
37,169,981.60333,985.8410000000001
37,170,981.7055,986.0379701073407
37,171,981.8137,986.2448880902894
37,172,981.9352,986.4613352238591
37,173,982.0746,986.6868927830621
37,174,982.23096,986.9211420429111
37,175,982.40375,987.1636642784184
37,176,982.5918,987.4140407645968
37,177,982.7945,987.6718527764584
37,178,983.01086,987.9366815890162
37,179,983.2401,988.2081084772824
37,180,983.48145,988.4857147162693
37,181,983.7339,988.7690815809896
37,182,983.99677,989.0577903464562
37,183,984.26904,989.351422287681
37,184,984.55005,989.6495586796768
37,185,984.8389,989.9517807974561
37,186,985.1348,990.2576699160314
37,187,985.4368,990.5668073104151
37,188,985.7442,990.87877425562
37,189,986.0561,991.1931520266581
37,190,986.37164,991.5095218985424
37,191,986.69006,991.8274651462851
37,192,987.0105,992.1465630448992
37,193,987.3321,992.4663968693962
37,194,987.6541,992.7865478947898
37,195,987.9757,993.1065973960915
37,196,988.2961,993.4261266483144
37,197,988.61426,993.7447169264708
37,198,988.92957,994.0619495055735
37,199,989.2412,994.3774056606345
37,200,989.5483,994.6906666666669
37,201,989.8501,995.0014082230057
37,202,990.1465,995.3096837262786
37,203,990.43976,995.6156409974369
37,204,990.7318,995.919427857431
37,205,991.0227,996.2211921272116
37,206,991.3125,996.5210816277296
37,207,991.6014,996.8192441799358
37,208,991.8892,997.1158276047809
37,209,992.1761,997.4109797232154
37,210,992.46216,997.7048483561904
37,211,992.7474,997.9975813246565
37,212,993.03186,998.2893264495647
37,213,993.31573,998.5802315518655
37,214,993.599,998.8704444525093
37,215,993.8816,999.1601129724475
37,216,994.16376,999.4493849326306
37,217,994.44543,999.7384081540096
37,218,994.72675,1000.0273304575351
37,219,995.0077,1000.316299664157
37,220,995.28827,1000.6054635948279
37,221,995.5688,1000.894970070496
37,222,995.849,1001.1849669121149
37,223,996.12915,1001.475601940634
37,224,996.4093,1001.767022977003
37,225,996.6894,1002.0593778421749
37,226,996.96954,1002.352814357099
37,227,997.24976,1002.6474803427249
37,228,997.53015,1002.943523620006
37,229,997.8109,1003.241092009892
37,230,998.0917,1003.5403333333331
37,231,998.373,1003.8413261588049
37,232,998.6543,1004.1438720448781
37,233,998.9351,1004.447703297647
37,234,999.2148,1004.7525522232081
37,235,999.4935,1005.0581511276552
37,236,999.7713,1005.364232317084
37,237,1000.04816,1005.67052809759
37,238,1000.32416,1005.976770775268
37,239,1000.5993,1006.282692656212
37,240,1000.87366,1006.5880260465191
37,241,1001.14716,1006.892503252283
37,242,1001.4199,1007.195856579599
37,243,1001.69196,1007.4978183345629
37,244,1001.96344,1007.798120823269
37,245,1002.23425,1008.0964963518121
37,246,1002.5044,1008.3926772262881
37,247,1002.774,1008.686395752792
37,248,1003.0431,1008.9773842374179
37,249,1003.31177,1009.265374986262
37,250,1003.57996,1009.55010030542
37,251,1003.8478,1009.831292500985
37,252,1004.11523,1010.108683879053
37,253,1004.3824,1010.38200674572
37,254,1004.6493,1010.6509934070801
37,255,1004.91595,1010.915376169228
37,256,1005.18243,1011.17488733826
37,257,1005.44885,1011.429259220271
37,258,1005.7151,1011.678224121355
37,259,1005.9814,1011.921514347608
37,260,1006.2476,1012.158862205124
37,261,1006.51385,1012.39
37,262,1006.7803,1012.614756012665
37,263,1007.04645,1012.83334242089
37,264,1007.31177,1013.0460673767819
37,265,1007.5761,1013.253239032446
37,266,1007.8394,1013.45516553999
37,267,1008.10187,1013.652155051519
37,268,1008.3637,1013.844515719139
37,269,1008.6248,1014.032555694957
37,270,1008.8853,1014.216583131078
37,271,1009.14545,1014.39690617961
37,272,1009.4053,1014.573832992659
37,273,1009.6649,1014.74767172233
37,274,1009.92444,1014.9187305207302
37,275,1010.18396,1015.087317539965
37,276,1010.4436,1015.2537409321421
37,277,1010.7034,1015.418308849366
37,278,1010.96356,1015.5813294437442
37,279,1011.2241,1015.743110867382
37,280,1011.4852,1015.903961272387
37,281,1011.7469,1016.0641888108642
37,282,1012.0093,1016.22410163492
37,283,1012.2726,1016.384007896661
37,284,1012.53674,1016.544215748193
37,285,1012.80194,1016.705033341623
37,286,1013.06824,1016.866768829057
37,287,1013.3358,1017.0297303625999
37,288,1013.60474,1017.19422609436
37,289,1013.87494,1017.360564176443
37,290,1014.1467,1017.529052760954
38,0,964.2458,974.5997115224653
38,1,964.35767,974.6390724568952
38,2,964.47107,974.6779991335238
38,3,964.586,974.7165080400766
38,4,964.7024,974.7546156642793
38,5,964.82007,974.7923384938564
38,6,964.93896,974.8296930165335
38,7,965.0591,974.8666957200356
38,8,965.18024,974.9033630920887
38,9,965.3024,974.939711620417
38,10,965.42566,974.9757577927465
38,11,965.54974,975.0115180968023
38,12,965.6746,975.0470090203094
38,13,965.8003,975.0822470509929
38,14,965.9266,975.1172486765788
38,15,966.05347,975.1520303847916
38,16,966.181,975.1866086633571
38,17,966.3089,975.2210000000001
38,18,966.43726,975.2552148952259
38,19,966.5681,975.2892399006599
38,20,966.70886,975.3230555807072
38,21,966.8639,975.3566424997728
38,22,967.0323,975.389981222262
38,23,967.2134,975.42305231258
38,24,967.40625,975.4558363351321
38,25,967.61,975.4883138543231
38,26,967.82385,975.5204654345584
38,27,968.04694,975.5522716402432
38,28,968.2785,975.5837130357826
38,29,968.5175,975.6147701855818
38,30,968.76324,975.6454236540461
38,31,969.01483,975.6756540055802
38,32,969.2715,975.7054418045897
38,33,969.53235,975.7347676154797
38,34,969.79663,975.7636120026553
38,35,970.06335,975.7919555305218
38,36,970.33167,975.819778763484
38,37,970.60095,975.8470622659476
38,38,970.8702,975.8737866023174
38,39,971.1386,975.899932336999
38,40,971.4053,975.9254800343967
38,41,971.66943,975.9504102589166
38,42,971.93024,975.9747035749632
38,43,972.1868,975.998340546942
38,44,972.4385,976.0213017392583
38,45,972.6842,976.043567716317
38,46,972.9232,976.0651190425235
38,47,973.1548,976.0859362822828
38,48,973.37787,976.1059999999999
38,49,973.59174,976.1253177925533
38,50,973.79926,976.1440053867123
38,51,974.0112,976.1622055417198
38,52,974.2348,976.1800610168182
38,53,974.4688,976.19771457125
38,54,974.71185,976.2153089642578
38,55,974.9627,976.2329869550846
38,56,975.2201,976.2508913029724
38,57,975.4828,976.2691647671642
38,58,975.7495,976.2879501069023
38,59,976.0191,976.3073900814296
38,60,976.29004,976.3276274499883
38,61,976.56146,976.3488049718213
38,62,976.83167,976.371065406171
38,63,977.0998,976.3945515122804
38,64,977.36426,976.4194060493915
38,65,977.6241,976.4457717767472
38,66,977.8779,976.4737914535899
38,67,978.1245,976.5036078391626
38,68,978.3626,976.5353636927072
38,69,978.5909,976.569201773467
38,70,978.80817,976.6052648406841
38,71,979.01324,976.6436956536012
38,72,979.2048,976.684636971461
38,73,979.3816,976.728231553506
38,74,979.5425,976.7746221589788
38,75,979.6861,976.8239515471221
38,76,979.8112,976.8763624771782
38,77,979.9166,976.9319977083901
38,78,980.0011,976.991
38,79,980.06335,977.0534675331088
38,80,980.1059,977.1193201762495
38,81,980.14075,977.1884332198136
38,82,980.1766,977.2606819541923
38,83,980.21344,977.3359416697765
38,84,980.25116,977.414087656958
38,85,980.28986,977.4949952061278
38,86,980.32935,977.5785396076772
38,87,980.36975,977.6645961519973
38,88,980.4108,977.7530401294802
38,89,980.4529,977.8437468305158
38,90,980.49554,977.9365915454963
38,91,980.539,978.0314495648126
38,92,980.58307,978.1281961788563
38,93,980.62787,978.2267066780184
38,94,980.67316,978.3268563526904
38,95,980.7192,978.4285204932632
38,96,980.7657,978.5315743901284
38,97,980.81274,978.6358933336771
38,98,980.8602,978.7413526143008
38,99,980.90814,978.8478275223904
38,100,980.9566,978.9551933483373
38,101,981.0054,979.0633253825329
38,102,981.05457,979.1720989153682
38,103,981.10406,979.2813892372352
38,104,981.1538,979.3910716385241
38,105,981.2038,979.5010214096268
38,106,981.254,979.6111138409344
38,107,981.30444,979.7212242228384
38,108,981.3551,979.8312278457298
38,109,981.4059,979.941
38,110,981.45667,980.0504274656605
38,111,981.5073,980.1594429812043
38,112,981.557,980.2679907747444
38,113,981.6051,980.3760150743943
38,114,981.65173,980.4834601082667
38,115,981.6971,980.5902701044756
38,116,981.7411,980.6963892911332
38,117,981.78394,980.8017618963535
38,118,981.82556,980.9063321482495
38,119,981.86615,981.0100442749341
38,120,981.90576,981.1128425045208
38,121,981.94446,981.2146710651225
38,122,981.98224,981.3154741848527
38,123,982.01917,981.4151960918248
38,124,982.0554,981.5137810141514
38,125,982.091,981.6111731799458
38,126,982.1261,981.7073168173217
38,127,982.1606,981.802156154392
38,128,982.1947,981.89563541927
38,129,982.22845,981.9876988400687
38,130,982.2618,982.0782906449011
38,131,982.2951,982.167355061881
38,132,982.3281,982.2548363191212
38,133,982.3611,982.3406786447351
38,134,982.3941,982.4248262668353
38,135,982.4271,982.5072234135359
38,136,982.46027,982.5878143129496
38,137,982.49365,982.6665431931896
38,138,982.52734,982.7433542823693
38,139,982.5613,982.8181918086017
38,140,982.5957,982.8910000000002
38,141,982.6306,982.9618039415283
38,142,982.66614,983.0309521455537
38,143,982.7022,983.0988739812938
38,144,982.739,983.1659988179663
38,145,982.7766,983.2327560247896
38,146,982.8153,983.2995749709809
38,147,982.855,983.3668850257582
38,148,982.89594,983.4351155583397
38,149,982.93835,983.5046959379429
38,150,982.98224,983.5760555337854
38,151,983.0278,983.6496237150851
38,152,983.0751,983.7258298510602
38,153,983.1242,983.8051033109281
38,154,983.1755,983.8878734639071
38,155,983.2289,983.9745696792144
38,156,983.2846,984.0656213260684
38,157,983.34283,984.1614577736865
38,158,983.40356,984.2625083912866
38,159,983.4671,984.3692025480865
38,160,983.5334,984.4819696133043
38,161,983.6027,984.6012389561575
38,162,983.6751,984.727439945864
38,163,983.75085,984.8610019516418
38,164,983.82983,985.0023543427086
38,165,983.9125,985.151926488282
38,166,983.9986,985.3101477575801
38,167,984.0886,985.4774475198207
38,168,984.18256,985.6542551442213
38,169,984.2805,985.8410000000001
38,170,984.3826,986.0379701073407
38,171,984.49207,986.2448880902894
38,172,984.61884,986.4613352238591
38,173,984.76917,986.6868927830621
38,174,984.94196,986.9211420429111
38,175,985.1361,987.1636642784184
38,176,985.35065,987.4140407645968
38,177,985.58417,987.6718527764584
38,178,985.8357,987.9366815890162
38,179,986.1041,988.2081084772824
38,180,986.3883,988.4857147162693
38,181,986.6872,988.7690815809896
38,182,986.9996,989.0577903464562
38,183,987.3244,989.351422287681
38,184,987.66046,989.6495586796768
38,185,988.0068,989.9517807974561
38,186,988.36206,990.2576699160314
38,187,988.7254,990.5668073104151
38,188,989.09546,990.87877425562
38,189,989.4714,991.1931520266581
38,190,989.85187,991.5095218985424
38,191,990.23584,991.8274651462851
38,192,990.62213,992.1465630448992
38,193,991.00977,992.4663968693962
38,194,991.3975,992.7865478947898
38,195,991.7844,993.1065973960915
38,196,992.1691,993.4261266483144
38,197,992.55084,993.7447169264708
38,198,992.9283,994.0619495055735
38,199,993.30023,994.3774056606345
38,200,993.6659,994.6906666666669
38,201,994.0239,995.0014082230057
38,202,994.3746,995.3096837262786
38,203,994.72107,995.6156409974369
38,204,995.06665,995.919427857431
38,205,995.4111,996.2211921272116
38,206,995.75433,996.5210816277296
38,207,996.0968,996.8192441799358
38,208,996.4382,997.1158276047809
38,209,996.7786,997.4109797232154
38,210,997.1183,997.7048483561904
38,211,997.45715,997.9975813246565
38,212,997.79504,998.2893264495647
38,213,998.13245,998.5802315518655
38,214,998.46906,998.8704444525093
38,215,998.80505,999.1601129724475
38,216,999.1405,999.4493849326306
38,217,999.47534,999.7384081540096
38,218,999.80975,1000.0273304575351
38,219,1000.1437,1000.316299664157
38,220,1000.4772,1000.6054635948279
38,221,1000.8103,1000.894970070496
38,222,1001.14307,1001.1849669121149
38,223,1001.47565,1001.475601940634
38,224,1001.80804,1001.767022977003
38,225,1002.14014,1002.0593778421749
38,226,1002.47217,1002.352814357099
38,227,1002.8041,1002.6474803427249
38,228,1003.1359,1002.943523620006
38,229,1003.4679,1003.241092009892
38,230,1003.79974,1003.5403333333331
38,231,1004.1318,1003.8413261588049
38,232,1004.4638,1004.1438720448781
38,233,1004.796,1004.447703297647
38,234,1005.12854,1004.7525522232081
38,235,1005.4612,1005.0581511276552
38,236,1005.7939,1005.364232317084
38,237,1006.12665,1005.67052809759
38,238,1006.4592,1005.976770775268
38,239,1006.7916,1006.282692656212
38,240,1007.12384,1006.5880260465191
38,241,1007.4556,1006.892503252283
38,242,1007.7869,1007.195856579599
38,243,1008.1176,1007.4978183345629
38,244,1008.44775,1007.798120823269
38,245,1008.7771,1008.0964963518121
38,246,1009.1058,1008.3926772262881
38,247,1009.4334,1008.686395752792
38,248,1009.76013,1008.9773842374179
38,249,1010.0858,1009.265374986262
38,250,1010.41034,1009.55010030542
38,251,1010.7336,1009.831292500985
38,252,1011.05554,1010.108683879053
38,253,1011.3761,1010.38200674572
38,254,1011.6952,1010.6509934070801
38,255,1012.0128,1010.915376169228
38,256,1012.3287,1011.17488733826
38,257,1012.64294,1011.429259220271
38,258,1012.9554,1011.678224121355
38,259,1013.26587,1011.921514347608
38,260,1013.5744,1012.158862205124
38,261,1013.88086,1012.39
38,262,1014.1851,1012.614756012665
38,263,1014.4871,1012.83334242089
38,264,1014.787,1013.0460673767819
38,265,1015.08496,1013.253239032446
38,266,1015.3813,1013.45516553999
38,267,1015.6758,1013.652155051519
38,268,1015.9686,1013.844515719139
38,269,1016.26,1014.032555694957
38,270,1016.54974,1014.216583131078
38,271,1016.83813,1014.39690617961
38,272,1017.125,1014.573832992659
38,273,1017.4106,1014.74767172233
38,274,1017.6948,1014.9187305207302
38,275,1017.97784,1015.087317539965
38,276,1018.2595,1015.2537409321421
38,277,1018.5401,1015.418308849366
38,278,1018.81976,1015.5813294437442
38,279,1019.09814,1015.743110867382
38,280,1019.3757,1015.903961272387
38,281,1019.6522,1016.0641888108642
38,282,1019.92786,1016.22410163492
38,283,1020.20264,1016.384007896661
38,284,1020.47675,1016.544215748193
38,285,1020.74994,1016.705033341623
38,286,1021.0225,1016.866768829057
38,287,1021.2946,1017.0297303625999
38,288,1021.5659,1017.19422609436
38,289,1021.8368,1017.360564176443
38,290,1022.107,1017.529052760954
39,0,960.64435,974.5997115224653
39,1,960.73285,974.6390724568952
39,2,960.82385,974.6779991335238
39,3,960.9172,974.7165080400766
39,4,961.01276,974.7546156642793
39,5,961.1104,974.7923384938564
39,6,961.2101,974.8296930165335
39,7,961.3116,974.8666957200356
39,8,961.4149,974.9033630920887
39,9,961.5199,974.939711620417
39,10,961.62634,974.9757577927465
39,11,961.7342,975.0115180968023
39,12,961.8434,975.0470090203094
39,13,961.9538,975.0822470509929
39,14,962.0652,975.1172486765788
39,15,962.17755,975.1520303847916
39,16,962.29065,975.1866086633571
39,17,962.40454,975.2210000000001
39,18,962.5189,975.2552148952259
39,19,962.6364,975.2892399006599
39,20,962.76416,975.3230555807072
39,21,962.9068,975.3566424997728
39,22,963.06335,975.389981222262
39,23,963.2329,975.42305231258
39,24,963.4147,975.4558363351321
39,25,963.6075,975.4883138543231
39,26,963.8108,975.5204654345584
39,27,964.0233,975.5522716402432
39,28,964.24445,975.5837130357826
39,29,964.47314,975.6147701855818
39,30,964.70856,975.6454236540461
39,31,964.94965,975.6756540055802
39,32,965.19574,975.7054418045897
39,33,965.44574,975.7347676154797
39,34,965.6987,975.7636120026553
39,35,965.9539,975.7919555305218
39,36,966.21045,975.819778763484
39,37,966.4672,975.8470622659476
39,38,966.7235,975.8737866023174
39,39,966.9783,975.899932336999
39,40,967.2307,975.9254800343967
39,41,967.4799,975.9504102589166
39,42,967.7249,975.9747035749632
39,43,967.9649,975.998340546942
39,44,968.1989,976.0213017392583
39,45,968.426,976.043567716317
39,46,968.64545,976.0651190425235
39,47,968.85614,976.0859362822828
39,48,969.0573,976.1059999999999
39,49,969.24805,976.1253177925533
39,50,969.43115,976.1440053867123
39,51,969.61755,976.1622055417198
39,52,969.8139,976.1800610168182
39,53,970.01935,976.19771457125
39,54,970.2325,976.2153089642578
39,55,970.4525,976.2329869550846
39,56,970.67804,976.2508913029724
39,57,970.9082,976.2691647671642
39,58,971.1417,976.2879501069023
39,59,971.37756,976.3073900814296
39,60,971.61456,976.3276274499883
39,61,971.8518,976.3488049718213
39,62,972.0878,976.371065406171
39,63,972.32196,976.3945515122804
39,64,972.55273,976.4194060493915
39,65,972.7793,976.4457717767472
39,66,973.00037,976.4737914535899
39,67,973.215,976.5036078391626
39,68,973.422,976.5353636927072
39,69,973.62024,976.569201773467
39,70,973.80865,976.6052648406841
39,71,973.9862,976.6436956536012
39,72,974.1518,976.684636971461
39,73,974.30426,976.728231553506
39,74,974.44244,976.7746221589788
39,75,974.56537,976.8239515471221
39,76,974.6719,976.8763624771782
39,77,974.76086,976.9319977083901
39,78,974.83124,976.991
39,79,974.8819,977.0534675331088
39,80,974.9156,977.1193201762495
39,81,974.94293,977.1884332198136
39,82,974.97144,977.2606819541923
39,83,975.00104,977.3359416697765
39,84,975.0317,977.414087656958
39,85,975.0635,977.4949952061278
39,86,975.09625,977.5785396076772
39,87,975.12994,977.6645961519973
39,88,975.1646,977.7530401294802
39,89,975.2002,977.8437468305158
39,90,975.2365,977.9365915454963
39,91,975.2737,978.0314495648126
39,92,975.31165,978.1281961788563
39,93,975.35034,978.2267066780184
39,94,975.3896,978.3268563526904
39,95,975.4295,978.4285204932632
39,96,975.47003,978.5315743901284
39,97,975.51105,978.6358933336771
39,98,975.55255,978.7413526143008
39,99,975.59454,978.8478275223904
39,100,975.63696,978.9551933483373
39,101,975.6797,979.0633253825329
39,102,975.7228,979.1720989153682
39,103,975.7662,979.2813892372352
39,104,975.8097,979.3910716385241
39,105,975.85345,979.5010214096268
39,106,975.8974,979.6111138409344
39,107,975.9414,979.7212242228384
39,108,975.9855,979.8312278457298
39,109,976.02966,979.941
39,110,976.0736,980.0504274656605
39,111,976.1173,980.1594429812043
39,112,976.1593,980.2679907747444
39,113,976.199,980.3760150743943
39,114,976.2364,980.4834601082667
39,115,976.27185,980.5902701044756
39,116,976.3053,980.6963892911332
39,117,976.33704,980.8017618963535
39,118,976.3671,980.9063321482495
39,119,976.3956,981.0100442749341
39,120,976.4229,981.1128425045208
39,121,976.44885,981.2146710651225
39,122,976.47375,981.3154741848527
39,123,976.49774,981.4151960918248
39,124,976.52106,981.5137810141514
39,125,976.5435,981.6111731799458
39,126,976.5656,981.7073168173217
39,127,976.5873,981.802156154392
39,128,976.60876,981.89563541927
39,129,976.6301,981.9876988400687
39,130,976.6516,982.0782906449011
39,131,976.6732,982.167355061881
39,132,976.6951,982.2548363191212
39,133,976.71765,982.3406786447351
39,134,976.7407,982.4248262668353
39,135,976.76465,982.5072234135359
39,136,976.78937,982.5878143129496
39,137,976.8152,982.6665431931896
39,138,976.84216,982.7433542823693
39,139,976.8706,982.8181918086017
39,140,976.9004,982.8910000000002
39,141,976.9318,982.9618039415283
39,142,976.965,983.0309521455537
39,143,977.00006,983.0988739812938
39,144,977.03687,983.1659988179663
39,145,977.0755,983.2327560247896
39,146,977.116,983.2995749709809
39,147,977.1584,983.3668850257582
39,148,977.2026,983.4351155583397
39,149,977.2488,983.5046959379429
39,150,977.2968,983.5760555337854
39,151,977.3468,983.6496237150851
39,152,977.3987,983.7258298510602
39,153,977.45264,983.8051033109281
39,154,977.5085,983.8878734639071
39,155,977.56635,983.9745696792144
39,156,977.62616,984.0656213260684
39,157,977.688,984.1614577736865
39,158,977.7519,984.2625083912866
39,159,977.8178,984.3692025480865
39,160,977.88574,984.4819696133043
39,161,977.9558,984.6012389561575
39,162,978.02795,984.727439945864
39,163,978.10223,984.8610019516418
39,164,978.1785,985.0023543427086
39,165,978.257,985.151926488282
39,166,978.3376,985.3101477575801
39,167,978.4204,985.4774475198207
39,168,978.5055,985.6542551442213
39,169,978.5925,985.8410000000001
39,170,978.6819,986.0379701073407
39,171,978.77637,986.2448880902894
39,172,978.88513,986.4613352238591
39,173,979.01373,986.6868927830621
39,174,979.1612,986.9211420429111
39,175,979.32666,987.1636642784184
39,176,979.5091,987.4140407645968
39,177,979.7077,987.6718527764584
39,178,979.9215,987.9366815890162
39,179,980.14954,988.2081084772824
39,180,980.39087,988.4857147162693
39,181,980.64465,988.7690815809896
39,182,980.91,989.0577903464562
39,183,981.186,989.351422287681
39,184,981.47144,989.6495586796768
39,185,981.76575,989.9517807974561
39,186,982.0679,990.2576699160314
39,187,982.3769,990.5668073104151
39,188,982.69196,990.87877425562
39,189,983.012,991.1931520266581
39,190,983.3362,991.5095218985424
39,191,983.6636,991.8274651462851
39,192,983.9933,992.1465630448992
39,193,984.32434,992.4663968693962
39,194,984.6559,992.7865478947898
39,195,984.987,993.1065973960915
39,196,985.3168,993.4261266483144
39,197,985.64417,993.7447169264708
39,198,985.96844,994.0619495055735
39,199,986.28845,994.3774056606345
39,200,986.60364,994.6906666666669
39,201,986.9128,995.0014082230057
39,202,987.2161,995.3096837262786
39,203,987.51654,995.6156409974369
39,204,987.81616,995.919427857431
39,205,988.11505,996.2211921272116
39,206,988.41315,996.5210816277296
39,207,988.7105,996.8192441799358
39,208,989.0074,997.1158276047809
39,209,989.3035,997.4109797232154
39,210,989.5991,997.7048483561904
39,211,989.8942,997.9975813246565
39,212,990.18896,998.2893264495647
39,213,990.4832,998.5802315518655
39,214,990.77704,998.8704444525093
39,215,991.07056,999.1601129724475
39,216,991.36383,999.4493849326306
39,217,991.6568,999.7384081540096
39,218,991.9495,1000.0273304575351
39,219,992.24225,1000.316299664157
39,220,992.53467,1000.6054635948279
39,221,992.82715,1000.894970070496
39,222,993.1195,1001.1849669121149
39,223,993.4119,1001.475601940634
39,224,993.70447,1001.767022977003
39,225,993.997,1002.0593778421749
39,226,994.2898,1002.352814357099
39,227,994.58264,1002.6474803427249
39,228,994.87573,1002.943523620006
39,229,995.1692,1003.241092009892
39,230,995.4629,1003.5403333333331
39,231,995.75696,1003.8413261588049
39,232,996.05096,1004.1438720448781
39,233,996.3435,1004.447703297647
39,234,996.6338,1004.7525522232081
39,235,996.9219,1005.0581511276552
39,236,997.2081,1005.364232317084
39,237,997.49255,1005.67052809759
39,238,997.7754,1005.976770775268
39,239,998.05676,1006.282692656212
39,240,998.3369,1006.5880260465191
39,241,998.616,1006.892503252283
39,242,998.8943,1007.195856579599
39,243,999.1718,1007.4978183345629
39,244,999.4488,1007.798120823269
39,245,999.72546,1008.0964963518121
39,246,1000.00195,1008.3926772262881
39,247,1000.27844,1008.686395752792
39,248,1000.55505,1008.9773842374179
39,249,1000.8321,1009.265374986262
39,250,1001.1097,1009.55010030542
39,251,1001.38806,1009.831292500985
39,252,1001.66724,1010.108683879053
39,253,1001.94763,1010.38200674572
39,254,1002.22925,1010.6509934070801
39,255,1002.51227,1010.915376169228
39,256,1002.797,1011.17488733826
39,257,1003.0835,1011.429259220271
39,258,1003.372,1011.678224121355
39,259,1003.66266,1011.921514347608
39,260,1003.95575,1012.158862205124
39,261,1004.2513,1012.39
39,262,1004.54956,1012.614756012665
39,263,1004.8502,1012.83334242089
39,264,1005.1522,1013.0460673767819
39,265,1005.4546,1013.253239032446
39,266,1005.75745,1013.45516553999
39,267,1006.0608,1013.652155051519
39,268,1006.36505,1013.844515719139
39,269,1006.67,1014.032555694957
39,270,1006.97577,1014.216583131078
39,271,1007.2826,1014.39690617961
39,272,1007.5905,1014.573832992659
39,273,1007.8996,1014.74767172233
39,274,1008.2099,1014.9187305207302
39,275,1008.5216,1015.087317539965
39,276,1008.8349,1015.2537409321421
39,277,1009.14954,1015.418308849366
39,278,1009.466,1015.5813294437442
39,279,1009.7841,1015.743110867382
39,280,1010.1041,1015.903961272387
39,281,1010.4261,1016.0641888108642
39,282,1010.75,1016.22410163492
39,283,1011.07605,1016.384007896661
39,284,1011.4043,1016.544215748193
39,285,1011.73486,1016.705033341623
39,286,1012.0678,1016.866768829057
39,287,1012.40326,1017.0297303625999
39,288,1012.7414,1017.19422609436
39,289,1013.0821,1017.360564176443
39,290,1013.42554,1017.529052760954
40,0,961.29755,974.5997115224653
40,1,961.40857,974.6390724568952
40,2,961.5219,974.6779991335238
40,3,961.6375,974.7165080400766
40,4,961.7551,974.7546156642793
40,5,961.8746,974.7923384938564
40,6,961.9956,974.8296930165335
40,7,962.1183,974.8666957200356
40,8,962.2421,974.9033630920887
40,9,962.3671,974.939711620417
40,10,962.4931,974.9757577927465
40,11,962.6199,975.0115180968023
40,12,962.74713,975.0470090203094
40,13,962.8748,975.0822470509929
40,14,963.00287,975.1172486765788
40,15,963.1308,975.1520303847916
40,16,963.25867,975.1866086633571
40,17,963.3863,975.2210000000001
40,18,963.5133,975.2552148952259
40,19,963.6419,975.2892399006599
40,20,963.7795,975.3230555807072
40,21,963.93036,975.3566424997728
40,22,964.0939,975.389981222262
40,23,964.2691,975.42305231258
40,24,964.45544,975.4558363351321
40,25,964.6517,975.4883138543231
40,26,964.8571,975.5204654345584
40,27,965.07104,975.5522716402432
40,28,965.2924,975.5837130357826
40,29,965.5206,975.6147701855818
40,30,965.7546,975.6454236540461
40,31,965.9936,975.6756540055802
40,32,966.2367,975.7054418045897
40,33,966.48315,975.7347676154797
40,34,966.73206,975.7636120026553
40,35,966.9826,975.7919555305218
40,36,967.23395,975.819778763484
40,37,967.4852,975.8470622659476
40,38,967.7357,975.8737866023174
40,39,967.9843,975.899932336999
40,40,968.23047,975.9254800343967
40,41,968.47314,975.9504102589166
40,42,968.7116,975.9747035749632
40,43,968.94495,975.998340546942
40,44,969.1725,976.0213017392583
40,45,969.3931,976.043567716317
40,46,969.6062,976.0651190425235
40,47,969.811,976.0859362822828
40,48,970.0065,976.1059999999999
40,49,970.1918,976.1253177925533
40,50,970.36957,976.1440053867123
40,51,970.5502,976.1622055417198
40,52,970.7408,976.1800610168182
40,53,970.94,976.19771457125
40,54,971.147,976.2153089642578
40,55,971.36066,976.2329869550846
40,56,971.5798,976.2508913029724
40,57,971.8034,976.2691647671642
40,58,972.0306,976.2879501069023
40,59,972.25995,976.3073900814296
40,60,972.4906,976.3276274499883
40,61,972.7215,976.3488049718213
40,62,972.9516,976.371065406171
40,63,973.1797,976.3945515122804
40,64,973.40485,976.4194060493915
40,65,973.626,976.4457717767472
40,66,973.842,976.4737914535899
40,67,974.05176,976.5036078391626
40,68,974.25446,976.5353636927072
40,69,974.4487,976.569201773467
40,70,974.6338,976.6052648406841
40,71,974.8084,976.6436956536012
40,72,974.9716,976.684636971461
40,73,975.1223,976.728231553506
40,74,975.25946,976.7746221589788
40,75,975.38196,976.8239515471221
40,76,975.4889,976.8763624771782
40,77,975.57904,976.9319977083901
40,78,975.6514,976.991
40,79,975.705,977.0534675331088
40,80,975.7418,977.1193201762495
40,81,975.772,977.1884332198136
40,82,975.8031,977.2606819541923
40,83,975.835,977.3359416697765
40,84,975.8677,977.414087656958
40,85,975.9011,977.4949952061278
40,86,975.9353,977.5785396076772
40,87,975.9702,977.6645961519973
40,88,976.006,977.7530401294802
40,89,976.0422,977.8437468305158
40,90,976.0791,977.9365915454963
40,91,976.11664,978.0314495648126
40,92,976.15485,978.1281961788563
40,93,976.1935,978.2267066780184
40,94,976.23267,978.3268563526904
40,95,976.27234,978.4285204932632
40,96,976.3125,978.5315743901284
40,97,976.35315,978.6358933336771
40,98,976.39417,978.7413526143008
40,99,976.43555,978.8478275223904
40,100,976.47736,978.9551933483373
40,101,976.5195,979.0633253825329
40,102,976.5618,979.1720989153682
40,103,976.60455,979.2813892372352
40,104,976.6475,979.3910716385241
40,105,976.6907,979.5010214096268
40,106,976.7341,979.6111138409344
40,107,976.7776,979.7212242228384
40,108,976.82117,979.8312278457298
40,109,976.865,979.941
40,110,976.9089,980.0504274656605
40,111,976.95233,980.1594429812043
40,112,976.99445,980.2679907747444
40,113,977.0341,980.3760150743943
40,114,977.0718,980.4834601082667
40,115,977.10724,980.5902701044756
40,116,977.1409,980.6963892911332
40,117,977.1729,980.8017618963535
40,118,977.2031,980.9063321482495
40,119,977.232,981.0100442749341
40,120,977.2595,981.1128425045208
40,121,977.28577,981.2146710651225
40,122,977.3109,981.3154741848527
40,123,977.33527,981.4151960918248
40,124,977.3587,981.5137810141514
40,125,977.3815,981.6111731799458
40,126,977.4038,981.7073168173217
40,127,977.4258,981.802156154392
40,128,977.4474,981.89563541927
40,129,977.46893,981.9876988400687
40,130,977.49054,982.0782906449011
40,131,977.5122,982.167355061881
40,132,977.5343,982.2548363191212
40,133,977.55676,982.3406786447351
40,134,977.5798,982.4248262668353
40,135,977.60345,982.5072234135359
40,136,977.62805,982.5878143129496
40,137,977.65356,982.6665431931896
40,138,977.68024,982.7433542823693
40,139,977.7081,982.8181918086017
40,140,977.73737,982.8910000000002
40,141,977.7681,982.9618039415283
40,142,977.80066,983.0309521455537
40,143,977.83484,983.0988739812938
40,144,977.8707,983.1659988179663
40,145,977.90845,983.2327560247896
40,146,977.94806,983.2995749709809
40,147,977.98944,983.3668850257582
40,148,978.0327,983.4351155583397
40,149,978.078,983.5046959379429
40,150,978.1253,983.5760555337854
40,151,978.1745,983.6496237150851
40,152,978.2259,983.7258298510602
40,153,978.27936,983.8051033109281
40,154,978.33484,983.8878734639071
40,155,978.3925,983.9745696792144
40,156,978.45245,984.0656213260684
40,157,978.51465,984.1614577736865
40,158,978.5791,984.2625083912866
40,159,978.6458,984.3692025480865
40,160,978.7149,984.4819696133043
40,161,978.7864,984.6012389561575
40,162,978.8603,984.727439945864
40,163,978.9366,984.8610019516418
40,164,979.01544,985.0023543427086
40,165,979.09686,985.151926488282
40,166,979.18085,985.3101477575801
40,167,979.2674,985.4774475198207
40,168,979.3567,985.6542551442213
40,169,979.44855,985.8410000000001
40,170,979.5432,986.0379701073407
40,171,979.6431,986.2448880902894
40,172,979.75696,986.4613352238591
40,173,979.89026,986.6868927830621
40,174,980.04205,986.9211420429111
40,175,980.21155,987.1636642784184
40,176,980.39777,987.4140407645968
40,177,980.5999,987.6718527764584
40,178,980.817,987.9366815890162
40,179,981.04816,988.2081084772824
40,180,981.2926,988.4857147162693
40,181,981.5492,988.7690815809896
40,182,981.81726,989.0577903464562
40,183,982.09576,989.351422287681
40,184,982.3839,989.6495586796768
40,185,982.6808,989.9517807974561
40,186,982.9855,990.2576699160314
40,187,983.2971,990.5668073104151
40,188,983.6148,990.87877425562
40,189,983.93756,991.1931520266581
40,190,984.2646,991.5095218985424
40,191,984.5951,991.8274651462851
40,192,984.9279,992.1465630448992
40,193,985.26245,992.4663968693962
40,194,985.5976,992.7865478947898
40,195,985.93256,993.1065973960915
40,196,986.26654,993.4261266483144
40,197,986.5985,993.7447169264708
40,198,986.9276,994.0619495055735
40,199,987.253,994.3774056606345
40,200,987.5738,994.6906666666669
40,201,987.88916,995.0014082230057
40,202,988.199,995.3096837262786
40,203,988.50586,995.6156409974369
40,204,988.8118,995.919427857431
40,205,989.1169,996.2211921272116
40,206,989.42114,996.5210816277296
40,207,989.7246,996.8192441799358
40,208,990.02734,997.1158276047809
40,209,990.3293,997.4109797232154
40,210,990.6306,997.7048483561904
40,211,990.9312,997.9975813246565
40,212,991.2312,998.2893264495647
40,213,991.53064,998.5802315518655
40,214,991.8295,998.8704444525093
40,215,992.1279,999.1601129724475
40,216,992.4258,999.4493849326306
40,217,992.72314,999.7384081540096
40,218,993.02014,1000.0273304575351
40,219,993.3169,1000.316299664157
40,220,993.61316,1000.6054635948279
40,221,993.9092,1000.894970070496
40,222,994.2049,1001.1849669121149
40,223,994.50037,1001.475601940634
40,224,994.79565,1001.767022977003
40,225,995.0908,1002.0593778421749
40,226,995.3858,1002.352814357099
40,227,995.6807,1002.6474803427249
40,228,995.97565,1002.943523620006
40,229,996.27045,1003.241092009892
40,230,996.5653,1003.5403333333331
40,231,996.86017,1003.8413261588049
40,232,997.15466,1004.1438720448781
40,233,997.44714,1004.447703297647
40,234,997.7367,1004.7525522232081
40,235,998.02344,1005.0581511276552
40,236,998.30786,1005.364232317084
40,237,998.59,1005.67052809759
40,238,998.87036,1005.976770775268
40,239,999.14905,1006.282692656212
40,240,999.42645,1006.5880260465191
40,241,999.70276,1006.892503252283
40,242,999.97845,1007.195856579599
40,243,1000.2535,1007.4978183345629
40,244,1000.5283,1007.798120823269
40,245,1000.8032,1008.0964963518121
40,246,1001.07837,1008.3926772262881
40,247,1001.3541,1008.686395752792
40,248,1001.63074,1008.9773842374179
40,249,1001.9085,1009.265374986262
40,250,1002.1877,1009.55010030542
40,251,1002.4685,1009.831292500985
40,252,1002.7513,1010.108683879053
40,253,1003.03644,1010.38200674572
40,254,1003.32385,1010.6509934070801
40,255,1003.61426,1010.915376169228
40,256,1003.90765,1011.17488733826
40,257,1004.20435,1011.429259220271
40,258,1004.5046,1011.678224121355
40,259,1004.8087,1011.921514347608
40,260,1005.117,1012.158862205124
40,261,1005.4296,1012.39
40,262,1005.747,1012.614756012665
40,263,1006.06866,1012.83334242089
40,264,1006.3935,1013.0460673767819
40,265,1006.7202,1013.253239032446
40,266,1007.04895,1013.45516553999
40,267,1007.37976,1013.652155051519
40,268,1007.7128,1013.844515719139
40,269,1008.04785,1014.032555694957
40,270,1008.3853,1014.216583131078
40,271,1008.7249,1014.39690617961
40,272,1009.06683,1014.573832992659
40,273,1009.4112,1014.74767172233
40,274,1009.7579,1014.9187305207302
40,275,1010.10706,1015.087317539965
40,276,1010.45886,1015.2537409321421
40,277,1010.813,1015.418308849366
40,278,1011.17,1015.5813294437442
40,279,1011.5295,1015.743110867382
40,280,1011.89166,1015.903961272387
40,281,1012.25665,1016.0641888108642
40,282,1012.6243,1016.22410163492
40,283,1012.9949,1016.384007896661
40,284,1013.36835,1016.544215748193
40,285,1013.7447,1016.705033341623
40,286,1014.12396,1016.866768829057
40,287,1014.50635,1017.0297303625999
40,288,1014.89166,1017.19422609436
40,289,1015.2801,1017.360564176443
40,290,1015.67163,1017.529052760954
41,0,975.57996,974.5997115224653
41,1,975.6842,974.6390724568952
41,2,975.7892,974.6779991335238
41,3,975.8951,974.7165080400766
41,4,976.0018,974.7546156642793
41,5,976.10925,974.7923384938564
41,6,976.2176,974.8296930165335
41,7,976.32684,974.8666957200356
41,8,976.43695,974.9033630920887
41,9,976.5479,974.939711620417
41,10,976.6598,974.9757577927465
41,11,976.7726,975.0115180968023
41,12,976.88635,975.0470090203094
41,13,977.00104,975.0822470509929
41,14,977.1166,975.1172486765788
41,15,977.2333,975.1520303847916
41,16,977.35095,975.1866086633571
41,17,977.46954,975.2210000000001
41,18,977.5892,975.2552148952259
41,19,977.712,975.2892399006599
41,20,977.84436,975.3230555807072
41,21,977.99036,975.3566424997728
41,22,978.1491,975.389981222262
41,23,978.3198,975.42305231258
41,24,978.50195,975.4558363351321
41,25,978.6944,975.4883138543231
41,26,978.8968,975.5204654345584
41,27,979.1081,975.5522716402432
41,28,979.3275,975.5837130357826
41,29,979.55444,975.6147701855818
41,30,979.78796,975.6454236540461
41,31,980.0275,975.6756540055802
41,32,980.27216,975.7054418045897
41,33,980.5211,975.7347676154797
41,34,980.77374,975.7636120026553
41,35,981.02924,975.7919555305218
41,36,981.28674,975.819778763484
41,37,981.54565,975.8470622659476
41,38,981.8052,975.8737866023174
41,39,982.06433,975.899932336999
41,40,982.32263,975.9254800343967
41,41,982.57916,975.9504102589166
41,42,982.83325,975.9747035749632
41,43,983.084,975.998340546942
41,44,983.3308,976.0213017392583
41,45,983.5729,976.043567716317
41,46,983.80927,976.0651190425235
41,47,984.0396,976.0859362822828
41,48,984.26263,976.1059999999999
41,49,984.47797,976.1253177925533
41,50,984.6881,976.1440053867123
41,51,984.9033,976.1622055417198
41,52,985.13025,976.1800610168182
41,53,985.36743,976.19771457125
41,54,985.61383,976.2153089642578
41,55,985.868,976.2329869550846
41,56,986.1286,976.2508913029724
41,57,986.3948,976.2691647671642
41,58,986.6649,976.2879501069023
41,59,986.9379,976.3073900814296
41,60,987.2126,976.3276274499883
41,61,987.4875,976.3488049718213
41,62,987.7616,976.371065406171
41,63,988.03357,976.3945515122804
41,64,988.30206,976.4194060493915
41,65,988.566,976.4457717767472
41,66,988.82404,976.4737914535899
41,67,989.0749,976.5036078391626
41,68,989.3175,976.5353636927072
41,69,989.5505,976.569201773467
41,70,989.7726,976.6052648406841
41,71,989.98267,976.6436956536012
41,72,990.17944,976.684636971461
41,73,990.36163,976.728231553506
41,74,990.5281,976.7746221589788
41,75,990.6775,976.8239515471221
41,76,990.8086,976.8763624771782
41,77,990.9202,976.9319977083901
41,78,991.01117,976.991
41,79,991.0801,977.0534675331088
41,80,991.1296,977.1193201762495
41,81,991.1719,977.1884332198136
41,82,991.21545,977.2606819541923
41,83,991.26056,977.3359416697765
41,84,991.30695,977.414087656958
41,85,991.3547,977.4949952061278
41,86,991.40356,977.5785396076772
41,87,991.4537,977.6645961519973
41,88,991.5049,977.7530401294802
41,89,991.5574,977.8437468305158
41,90,991.6107,977.9365915454963
41,91,991.66516,978.0314495648126
41,92,991.7205,978.1281961788563
41,93,991.7768,978.2267066780184
41,94,991.834,978.3268563526904
41,95,991.8919,978.4285204932632
41,96,991.95056,978.5315743901284
41,97,992.00995,978.6358933336771
41,98,992.07007,978.7413526143008
41,99,992.1307,978.8478275223904
41,100,992.1919,978.9551933483373
41,101,992.25366,979.0633253825329
41,102,992.31586,979.1720989153682
41,103,992.37854,979.2813892372352
41,104,992.4416,979.3910716385241
41,105,992.5049,979.5010214096268
41,106,992.5685,979.6111138409344
41,107,992.6322,979.7212242228384
41,108,992.6962,979.8312278457298
41,109,992.76044,979.941
41,110,992.8245,980.0504274656605
41,111,992.8886,980.1594429812043
41,112,992.952,980.2679907747444
41,113,993.0146,980.3760150743943
41,114,993.0763,980.4834601082667
41,115,993.1372,980.5902701044756
41,116,993.1972,980.6963892911332
41,117,993.2564,980.8017618963535
41,118,993.3148,980.9063321482495
41,119,993.37244,981.0100442749341
41,120,993.42926,981.1128425045208
41,121,993.4853,981.2146710651225
41,122,993.54065,981.3154741848527
41,123,993.5952,981.4151960918248
41,124,993.64905,981.5137810141514
41,125,993.7022,981.6111731799458
41,126,993.7546,981.7073168173217
41,127,993.8063,981.802156154392
41,128,993.85736,981.89563541927
41,129,993.9078,981.9876988400687
41,130,993.9574,982.0782906449011
41,131,994.00653,982.167355061881
41,132,994.05505,982.2548363191212
41,133,994.1029,982.3406786447351
41,134,994.15015,982.4248262668353
41,135,994.1968,982.5072234135359
41,136,994.2428,982.5878143129496
41,137,994.2884,982.6665431931896
41,138,994.3334,982.7433542823693
41,139,994.3779,982.8181918086017
41,140,994.4218,982.8910000000002
41,141,994.4653,982.9618039415283
41,142,994.50824,983.0309521455537
41,143,994.55066,983.0988739812938
41,144,994.5929,983.1659988179663
41,145,994.6352,983.2327560247896
41,146,994.67755,983.2995749709809
41,147,994.7205,983.3668850257582
41,148,994.7641,983.4351155583397
41,149,994.80853,983.5046959379429
41,150,994.8542,983.5760555337854
41,151,994.90125,983.6496237150851
41,152,994.95,983.7258298510602
41,153,995.0006,983.8051033109281
41,154,995.0533,983.8878734639071
41,155,995.10834,983.9745696792144
41,156,995.166,984.0656213260684
41,157,995.22656,984.1614577736865
41,158,995.29016,984.2625083912866
41,159,995.357,984.3692025480865
41,160,995.42737,984.4819696133043
41,161,995.5015,984.6012389561575
41,162,995.5798,984.727439945864
41,163,995.6623,984.8610019516418
41,164,995.74915,985.0023543427086
41,165,995.8409,985.151926488282
41,166,995.9376,985.3101477575801
41,167,996.0395,985.4774475198207
41,168,996.14685,985.6542551442213
41,169,996.2599,985.8410000000001
41,170,996.3788,986.0379701073407
41,171,996.5069,986.2448880902894
41,172,996.6541,986.4613352238591
41,173,996.8267,986.6868927830621
41,174,997.02356,986.9211420429111
41,175,997.2432,987.1636642784184
41,176,997.4846,987.4140407645968
41,177,997.74646,987.6718527764584
41,178,998.0275,987.9366815890162
41,179,998.3268,988.2081084772824
41,180,998.6428,988.4857147162693
41,181,998.9744,988.7690815809896
41,182,999.3205,989.0577903464562
41,183,999.6798,989.351422287681
41,184,1000.05115,989.6495586796768
41,185,1000.43317,989.9517807974561
41,186,1000.82477,990.2576699160314
41,187,1001.2248,990.5668073104151
41,188,1001.6319,990.87877425562
41,189,1002.045,991.1931520266581
41,190,1002.46277,991.5095218985424
41,191,1002.88416,991.8274651462851
41,192,1003.30774,992.1465630448992
41,193,1003.7325,992.4663968693962
41,194,1004.1571,992.7865478947898
41,195,1004.58057,993.1065973960915
41,196,1005.00134,993.4261266483144
41,197,1005.4186,993.7447169264708
41,198,1005.83093,994.0619495055735
41,199,1006.2371,994.3774056606345
41,200,1006.63605,994.6906666666669
41,201,1007.02655,995.0014082230057
41,202,1007.4086,995.3096837262786
41,203,1007.7862,995.6156409974369
41,204,1008.16223,995.919427857431
41,205,1008.53687,996.2211921272116
41,206,1008.9102,996.5210816277296
41,207,1009.2822,996.8192441799358
41,208,1009.65314,997.1158276047809
41,209,1010.0228,997.4109797232154
41,210,1010.3915,997.7048483561904
41,211,1010.75916,997.9975813246565
41,212,1011.12585,998.2893264495647
41,213,1011.4917,998.5802315518655
41,214,1011.8567,998.8704444525093
41,215,1012.221,999.1601129724475
41,216,1012.5846,999.4493849326306
41,217,1012.94763,999.7384081540096
41,218,1013.3101,1000.0273304575351
41,219,1013.6722,1000.316299664157
41,220,1014.0337,1000.6054635948279
41,221,1014.395,1000.894970070496
41,222,1014.756,1001.1849669121149
41,223,1015.11676,1001.475601940634
41,224,1015.47736,1001.767022977003
41,225,1015.838,1002.0593778421749
41,226,1016.1985,1002.352814357099
41,227,1016.5591,1002.6474803427249
41,228,1016.91986,1002.943523620006
41,229,1017.2807,1003.241092009892
41,230,1017.64185,1003.5403333333331
41,231,1018.0033,1003.8413261588049
41,232,1018.3654,1004.1438720448781
41,233,1018.7294,1004.447703297647
41,234,1019.096,1004.7525522232081
41,235,1019.46484,1005.0581511276552
41,236,1019.83563,1005.364232317084
41,237,1020.208,1005.67052809759
41,238,1020.5815,1005.976770775268
41,239,1020.9558,1006.282692656212
41,240,1021.33057,1006.5880260465191
41,241,1021.7054,1006.892503252283
41,242,1022.0799,1007.195856579599
41,243,1022.4538,1007.4978183345629
41,244,1022.82666,1007.798120823269
41,245,1023.1981,1008.0964963518121
41,246,1023.5679,1008.3926772262881
41,247,1023.93555,1008.686395752792
41,248,1024.3008,1008.9773842374179
41,249,1024.6632,1009.265374986262
41,250,1025.0226,1009.55010030542
41,251,1025.3784,1009.831292500985
41,252,1025.7303,1010.108683879053
41,253,1026.0781,1010.38200674572
41,254,1026.4214,1010.6509934070801
41,255,1026.7599,1010.915376169228
41,256,1027.093,1011.17488733826
41,257,1027.4205,1011.429259220271
41,258,1027.7422,1011.678224121355
41,259,1028.0576,1011.921514347608
41,260,1028.3663,1012.158862205124
41,261,1028.6681,1012.39
41,262,1028.9624,1012.614756012665
41,263,1029.2494,1012.83334242089
41,264,1029.53,1013.0460673767819
41,265,1029.8058,1013.253239032446
41,266,1030.0765,1013.45516553999
41,267,1030.3424,1013.652155051519
41,268,1030.6039,1013.844515719139
41,269,1030.8605,1014.032555694957
41,270,1031.1125,1014.216583131078
41,271,1031.3604,1014.39690617961
41,272,1031.6038,1014.573832992659
41,273,1031.843,1014.74767172233
41,274,1032.078,1014.9187305207302
41,275,1032.3088,1015.087317539965
41,276,1032.5358,1015.2537409321421
41,277,1032.7588,1015.418308849366
41,278,1032.978,1015.5813294437442
41,279,1033.1936,1015.743110867382
41,280,1033.4055,1015.903961272387
41,281,1033.6139,1016.0641888108642
41,282,1033.8187,1016.22410163492
41,283,1034.0201,1016.384007896661
41,284,1034.2184,1016.544215748193
41,285,1034.4133,1016.705033341623
41,286,1034.605,1016.866768829057
41,287,1034.7937,1017.0297303625999
41,288,1034.9795,1017.19422609436
41,289,1035.1622,1017.360564176443
41,290,1035.3422,1017.529052760954
42,0,968.44543,974.5997115224653
42,1,968.5466,974.6390724568952
42,2,968.64905,974.6779991335238
42,3,968.75287,974.7165080400766
42,4,968.8579,974.7546156642793
42,5,968.9643,974.7923384938564
42,6,969.0717,974.8296930165335
42,7,969.18024,974.8666957200356
42,8,969.28986,974.9033630920887
42,9,969.4004,974.939711620417
42,10,969.5119,974.9757577927465
42,11,969.62427,975.0115180968023
42,12,969.7374,975.0470090203094
42,13,969.8514,975.0822470509929
42,14,969.96594,975.1172486765788
42,15,970.0812,975.1520303847916
42,16,970.1971,975.1866086633571
42,17,970.3134,975.2210000000001
42,18,970.4303,975.2552148952259
42,19,970.54956,975.2892399006599
42,20,970.6779,975.3230555807072
42,21,970.8193,975.3566424997728
42,22,970.973,975.389981222262
42,23,971.1383,975.42305231258
42,24,971.31433,975.4558363351321
42,25,971.5005,975.4883138543231
42,26,971.6958,975.5204654345584
42,27,971.89966,975.5522716402432
42,28,972.11115,975.5837130357826
42,29,972.3295,975.6147701855818
42,30,972.55414,975.6454236540461
42,31,972.7841,975.6756540055802
42,32,973.0186,975.7054418045897
42,33,973.25714,975.7347676154797
42,34,973.4986,975.7636120026553
42,35,973.74243,975.7919555305218
42,36,973.9878,975.819778763484
42,37,974.2339,975.8470622659476
42,38,974.48004,975.8737866023174
42,39,974.72546,975.899932336999
42,40,974.96924,975.9254800343967
42,41,975.2108,975.9504102589166
42,42,975.4493,975.9747035749632
42,43,975.68396,975.998340546942
42,44,975.91394,976.0213017392583
42,45,976.1387,976.043567716317
42,46,976.3572,976.0651190425235
42,47,976.5689,976.0859362822828
42,48,976.773,976.1059999999999
42,49,976.9686,976.1253177925533
42,50,977.1584,976.1440053867123
42,51,977.3522,976.1622055417198
42,52,977.5565,976.1800610168182
42,53,977.7701,976.19771457125
42,54,977.99194,976.2153089642578
42,55,978.2209,976.2329869550846
42,56,978.4558,976.2508913029724
42,57,978.69556,976.2691647671642
42,58,978.93884,976.2879501069023
42,59,979.1847,976.3073900814296
42,60,979.4319,976.3276274499883
42,61,979.67944,976.3488049718213
42,62,979.9261,976.371065406171
42,63,980.17065,976.3945515122804
42,64,980.4121,976.4194060493915
42,65,980.64923,976.4457717767472
42,66,980.881,976.4737914535899
42,67,981.1062,976.5036078391626
42,68,981.32367,976.5353636927072
42,69,981.5324,976.569201773467
42,70,981.73114,976.6052648406841
42,71,981.9189,976.6436956536012
42,72,982.0944,976.684636971461
42,73,982.2567,976.728231553506
42,74,982.4045,976.7746221589788
42,75,982.53687,976.8239515471221
42,76,982.65234,976.8763624771782
42,77,982.75024,976.9319977083901
42,78,982.82916,976.991
42,79,982.88794,977.0534675331088
42,80,982.9291,977.1193201762495
42,81,982.96344,977.1884332198136
42,82,982.9987,977.2606819541923
42,83,983.0352,977.3359416697765
42,84,983.0727,977.414087656958
42,85,983.11115,977.4949952061278
42,86,983.1505,977.5785396076772
42,87,983.191,977.6645961519973
42,88,983.2321,977.7530401294802
42,89,983.27423,977.8437468305158
42,90,983.3171,977.9365915454963
42,91,983.3608,978.0314495648126
42,92,983.40515,978.1281961788563
42,93,983.4502,978.2267066780184
42,94,983.49603,978.3268563526904
42,95,983.54236,978.4285204932632
42,96,983.5893,978.5315743901284
42,97,983.63684,978.6358933336771
42,98,983.6849,978.7413526143008
42,99,983.7334,978.8478275223904
42,100,983.78235,978.9551933483373
42,101,983.83167,979.0633253825329
42,102,983.88135,979.1720989153682
42,103,983.9314,979.2813892372352
42,104,983.9816,979.3910716385241
42,105,984.0323,979.5010214096268
42,106,984.0831,979.6111138409344
42,107,984.13403,979.7212242228384
42,108,984.1852,979.8312278457298
42,109,984.2364,979.941
42,110,984.2877,980.0504274656605
42,111,984.33875,980.1594429812043
42,112,984.38904,980.2679907747444
42,113,984.4377,980.3760150743943
42,114,984.4852,980.4834601082667
42,115,984.5315,980.5902701044756
42,116,984.5765,980.6963892911332
42,117,984.6204,980.8017618963535
42,118,984.6632,980.9063321482495
42,119,984.705,981.0100442749341
42,120,984.7458,981.1128425045208
42,121,984.7858,981.2146710651225
42,122,984.8249,981.3154741848527
42,123,984.8633,981.4151960918248
42,124,984.9009,981.5137810141514
42,125,984.9379,981.6111731799458
42,126,984.9744,981.7073168173217
42,127,985.0103,981.802156154392
42,128,985.0457,981.89563541927
42,129,985.0808,981.9876988400687
42,130,985.11554,982.0782906449011
42,131,985.14996,982.167355061881
42,132,985.18427,982.2548363191212
42,133,985.2184,982.3406786447351
42,134,985.25244,982.4248262668353
42,135,985.28644,982.5072234135359
42,136,985.3204,982.5878143129496
42,137,985.35455,982.6665431931896
42,138,985.3888,982.7433542823693
42,139,985.42334,982.8181918086017
42,140,985.4581,982.8910000000002
42,141,985.4932,982.9618039415283
42,142,985.5289,983.0309521455537
42,143,985.5649,983.0988739812938
42,144,985.60144,983.1659988179663
42,145,985.63873,983.2327560247896
42,146,985.6768,983.2995749709809
42,147,985.71594,983.3668850257582
42,148,985.75616,983.4351155583397
42,149,985.79767,983.5046959379429
42,150,985.8405,983.5760555337854
42,151,985.88495,983.6496237150851
42,152,985.931,983.7258298510602
42,153,985.97894,983.8051033109281
42,154,986.0288,983.8878734639071
42,155,986.08075,983.9745696792144
42,156,986.13495,984.0656213260684
42,157,986.19147,984.1614577736865
42,158,986.2506,984.2625083912866
42,159,986.3123,984.3692025480865
42,160,986.37683,984.4819696133043
42,161,986.4442,984.6012389561575
42,162,986.5148,984.727439945864
42,163,986.58844,984.8610019516418
42,164,986.66547,985.0023543427086
42,165,986.746,985.151926488282
42,166,986.83014,985.3101477575801
42,167,986.918,985.4774475198207
42,168,987.0098,985.6542551442213
42,169,987.10565,985.8410000000001
42,170,987.2056,986.0379701073407
42,171,987.3127,986.2448880902894
42,172,987.4358,986.4613352238591
42,173,987.5808,986.6868927830621
42,174,987.7465,986.9211420429111
42,175,987.932,987.1636642784184
42,176,988.1361,987.4140407645968
42,177,988.358,987.6718527764584
42,178,988.5963,987.9366815890162
42,179,988.8504,988.2081084772824
42,180,989.119,988.4857147162693
42,181,989.40106,988.7690815809896
42,182,989.69556,989.0577903464562
42,183,990.0015,989.351422287681
42,184,990.3179,989.6495586796768
42,185,990.6436,989.9517807974561
42,186,990.9776,990.2576699160314
42,187,991.3189,990.5668073104151
42,188,991.6665,990.87877425562
42,189,992.0194,991.1931520266581
42,190,992.3764,991.5095218985424
42,191,992.7366,991.8274651462851
42,192,993.09894,992.1465630448992
42,193,993.46234,992.4663968693962
42,194,993.8259,992.7865478947898
42,195,994.18866,993.1065973960915
42,196,994.5494,993.4261266483144
42,197,994.90717,993.7447169264708
42,198,995.261,994.0619495055735
42,199,995.6098,994.3774056606345
42,200,995.9527,994.6906666666669
42,201,996.2886,995.0014082230057
42,202,996.61755,995.3096837262786
42,203,996.9428,995.6156409974369
42,204,997.2669,995.919427857431
42,205,997.5897,996.2211921272116
42,206,997.9116,996.5210816277296
42,207,998.23236,996.8192441799358
42,208,998.55225,997.1158276047809
42,209,998.8711,997.4109797232154
42,210,999.189,997.7048483561904
42,211,999.5062,997.9975813246565
42,212,999.82263,998.2893264495647
42,213,1000.1382,998.5802315518655
42,214,1000.4532,998.8704444525093
42,215,1000.7674,999.1601129724475
42,216,1001.0811,999.4493849326306
42,217,1001.3943,999.7384081540096
42,218,1001.707,1000.0273304575351
42,219,1002.01917,1000.316299664157
42,220,1002.33093,1000.6054635948279
42,221,1002.6425,1000.894970070496
42,222,1002.9536,1001.1849669121149
42,223,1003.2645,1001.475601940634
42,224,1003.57526,1001.767022977003
42,225,1003.8858,1002.0593778421749
42,226,1004.1962,1002.352814357099
42,227,1004.5066,1002.6474803427249
42,228,1004.81696,1002.943523620006
42,229,1005.1273,1003.241092009892
42,230,1005.4378,1003.5403333333331
42,231,1005.7485,1003.8413261588049
42,232,1006.05927,1004.1438720448781
42,233,1006.3703,1004.447703297647
42,234,1006.68164,1004.7525522232081
42,235,1006.9932,1005.0581511276552
42,236,1007.3049,1005.364232317084
42,237,1007.6166,1005.67052809759
42,238,1007.9281,1005.976770775268
42,239,1008.23944,1006.282692656212
42,240,1008.5505,1006.5880260465191
42,241,1008.86115,1006.892503252283
42,242,1009.17114,1007.195856579599
42,243,1009.4806,1007.4978183345629
42,244,1009.78937,1007.798120823269
42,245,1010.0973,1008.0964963518121
42,246,1010.40436,1008.3926772262881
42,247,1010.7103,1008.686395752792
42,248,1011.01514,1008.9773842374179
42,249,1011.3189,1009.265374986262
42,250,1011.6213,1009.55010030542
42,251,1011.92224,1009.831292500985
42,252,1012.22174,1010.108683879053
42,253,1012.51965,1010.38200674572
42,254,1012.8159,1010.6509934070801
42,255,1013.1104,1010.915376169228
42,256,1013.4031,1011.17488733826
42,257,1013.6937,1011.429259220271
42,258,1013.9824,1011.678224121355
42,259,1014.269,1011.921514347608
42,260,1014.5532,1012.158862205124
42,261,1014.83514,1012.39
42,262,1015.1147,1012.614756012665
42,263,1015.3916,1012.83334242089
42,264,1015.66626,1013.0460673767819
42,265,1015.9388,1013.253239032446
42,266,1016.2092,1013.45516553999
42,267,1016.4778,1013.652155051519
42,268,1016.7445,1013.844515719139
42,269,1017.0094,1014.032555694957
42,270,1017.2725,1014.216583131078
42,271,1017.53406,1014.39690617961
42,272,1017.7939,1014.573832992659
42,273,1018.05225,1014.74767172233
42,274,1018.30914,1014.9187305207302
42,275,1018.56464,1015.087317539965
42,276,1018.8187,1015.2537409321421
42,277,1019.07153,1015.418308849366
42,278,1019.32324,1015.5813294437442
42,279,1019.5737,1015.743110867382
42,280,1019.82306,1015.903961272387
42,281,1020.07153,1016.0641888108642
42,282,1020.31903,1016.22410163492
42,283,1020.5655,1016.384007896661
42,284,1020.81116,1016.544215748193
42,285,1021.05615,1016.705033341623
42,286,1021.30023,1016.866768829057
42,287,1021.54376,1017.0297303625999
42,288,1021.7866,1017.19422609436
42,289,1022.02893,1017.360564176443
42,290,1022.27075,1017.529052760954
43,0,963.6677,974.5997115224653
43,1,963.7644,974.6390724568952
43,2,963.86334,974.6779991335238
43,3,963.9645,974.7165080400766
43,4,964.06757,974.7546156642793
43,5,964.1725,974.7923384938564
43,6,964.27905,974.8296930165335
43,7,964.3869,974.8666957200356
43,8,964.4961,974.9033630920887
43,9,964.6064,974.939711620417
43,10,964.71765,974.9757577927465
43,11,964.8295,975.0115180968023
43,12,964.94196,975.0470090203094
43,13,965.0548,975.0822470509929
43,14,965.16785,975.1172486765788
43,15,965.2809,975.1520303847916
43,16,965.39374,975.1866086633571
43,17,965.5062,975.2210000000001
43,18,965.6182,975.2552148952259
43,19,965.7317,975.2892399006599
43,20,965.853,975.3230555807072
43,21,965.986,975.3566424997728
43,22,966.12994,975.389981222262
43,23,966.28406,975.42305231258
43,24,966.44763,975.4558363351321
43,25,966.6199,975.4883138543231
43,26,966.8,975.5204654345584
43,27,966.98737,975.5522716402432
43,28,967.18115,975.5837130357826
43,29,967.3805,975.6147701855818
43,30,967.5849,975.6454236540461
43,31,967.79333,975.6756540055802
43,32,968.0053,975.7054418045897
43,33,968.21985,975.7347676154797
43,34,968.43634,975.7636120026553
43,35,968.65393,975.7919555305218
43,36,968.872,975.819778763484
43,37,969.08966,975.8470622659476
43,38,969.3062,975.8737866023174
43,39,969.521,975.899932336999
43,40,969.73303,975.9254800343967
43,41,969.9418,975.9504102589166
43,42,970.1464,975.9747035749632
43,43,970.3462,975.998340546942
43,44,970.5403,976.0213017392583
43,45,970.72815,976.043567716317
43,46,970.9088,976.0651190425235
43,47,971.0815,976.0859362822828
43,48,971.24567,976.1059999999999
43,49,971.4005,976.1253177925533
43,50,971.54834,976.1440053867123
43,51,971.69836,976.1622055417198
43,52,971.85614,976.1800610168182
43,53,972.02106,976.19771457125
43,54,972.1921,976.2153089642578
43,55,972.3684,976.2329869550846
43,56,972.5492,976.2508913029724
43,57,972.73364,976.2691647671642
43,58,972.92084,976.2879501069023
43,59,973.1099,976.3073900814296
43,60,973.3001,976.3276274499883
43,61,973.4904,976.3488049718213
43,62,973.68024,976.371065406171
43,63,973.8685,976.3945515122804
43,64,974.0545,976.4194060493915
43,65,974.23737,976.4457717767472
43,66,974.4162,976.4737914535899
43,67,974.5902,976.5036078391626
43,68,974.7585,976.5353636927072
43,69,974.9203,976.569201773467
43,70,975.07477,976.6052648406841
43,71,975.221,976.6436956536012
43,72,975.3582,976.684636971461
43,73,975.4856,976.728231553506
43,74,975.6023,976.7746221589788
43,75,975.7074,976.8239515471221
43,76,975.8001,976.8763624771782
43,77,975.8796,976.9319977083901
43,78,975.945,976.991
43,79,975.99554,977.0534675331088
43,80,976.0331,977.1193201762495
43,81,976.0662,977.1884332198136
43,82,976.10065,977.2606819541923
43,83,976.1361,977.3359416697765
43,84,976.1729,977.414087656958
43,85,976.2109,977.4949952061278
43,86,976.2498,977.5785396076772
43,87,976.2898,977.6645961519973
43,88,976.3309,977.7530401294802
43,89,976.37286,977.8437468305158
43,90,976.4157,977.9365915454963
43,91,976.4595,978.0314495648126
43,92,976.5041,978.1281961788563
43,93,976.5494,978.2267066780184
43,94,976.5955,978.3268563526904
43,95,976.6423,978.4285204932632
43,96,976.6897,978.5315743901284
43,97,976.73773,978.6358933336771
43,98,976.7864,978.7413526143008
43,99,976.8354,978.8478275223904
43,100,976.88495,978.9551933483373
43,101,976.93494,979.0633253825329
43,102,976.9853,979.1720989153682
43,103,977.0358,979.2813892372352
43,104,977.08685,979.3910716385241
43,105,977.13806,979.5010214096268
43,106,977.18945,979.6111138409344
43,107,977.241,979.7212242228384
43,108,977.29254,979.8312278457298
43,109,977.3443,979.941
43,110,977.396,980.0504274656605
43,111,977.4473,980.1594429812043
43,112,977.4969,980.2679907747444
43,113,977.5441,980.3760150743943
43,114,977.58905,980.4834601082667
43,115,977.63184,980.5902701044756
43,116,977.6726,980.6963892911332
43,117,977.71155,980.8017618963535
43,118,977.74884,980.9063321482495
43,119,977.7845,981.0100442749341
43,120,977.8188,981.1128425045208
43,121,977.85175,981.2146710651225
43,122,977.88354,981.3154741848527
43,123,977.91437,981.4151960918248
43,124,977.9443,981.5137810141514
43,125,977.97345,981.6111731799458
43,126,978.0021,981.7073168173217
43,127,978.0303,981.802156154392
43,128,978.05804,981.89563541927
43,129,978.08563,981.9876988400687
43,130,978.11334,982.0782906449011
43,131,978.14105,982.167355061881
43,132,978.169,982.2548363191212
43,133,978.1974,982.3406786447351
43,134,978.2263,982.4248262668353
43,135,978.2558,982.5072234135359
43,136,978.28613,982.5878143129496
43,137,978.31744,982.6665431931896
43,138,978.3498,982.7433542823693
43,139,978.3834,982.8181918086017
43,140,978.4184,982.8910000000002
43,141,978.4549,982.9618039415283
43,142,978.4929,983.0309521455537
43,143,978.5328,983.0988739812938
43,144,978.57434,983.1659988179663
43,145,978.6177,983.2327560247896
43,146,978.66284,983.2995749709809
43,147,978.70996,983.3668850257582
43,148,978.7591,983.4351155583397
43,149,978.8101,983.5046959379429
43,150,978.8632,983.5760555337854
43,151,978.9185,983.6496237150851
43,152,978.9759,983.7258298510602
43,153,979.03534,983.8051033109281
43,154,979.09717,983.8878734639071
43,155,979.1614,983.9745696792144
43,156,979.2277,984.0656213260684
43,157,979.2967,984.1614577736865
43,158,979.368,984.2625083912866
43,159,979.4418,984.3692025480865
43,160,979.5181,984.4819696133043
43,161,979.597,984.6012389561575
43,162,979.67865,984.727439945864
43,163,979.76294,984.8610019516418
43,164,979.8499,985.0023543427086
43,165,979.93976,985.151926488282
43,166,980.0324,985.3101477575801
43,167,980.1279,985.4774475198207
43,168,980.2264,985.6542551442213
43,169,980.3279,985.8410000000001
43,170,980.4324,986.0379701073407
43,171,980.5422,986.2448880902894
43,172,980.6647,986.4613352238591
43,173,980.8039,986.6868927830621
43,174,980.9593,986.9211420429111
43,175,981.13007,987.1636642784184
43,176,981.31537,987.4140407645968
43,177,981.51447,987.6718527764584
43,178,981.7267,987.9366815890162
43,179,981.95105,988.2081084772824
43,180,982.18713,988.4857147162693
43,181,982.43384,988.7690815809896
43,182,982.69073,989.0577903464562
43,183,982.9568,989.351422287681
43,184,983.2312,989.6495586796768
43,185,983.5135,989.9517807974561
43,186,983.80273,990.2576699160314
43,187,984.09814,990.5668073104151
43,188,984.3989,990.87877425562
43,189,984.7045,991.1931520266581
43,190,985.014,991.5095218985424
43,191,985.3266,991.8274651462851
43,192,985.64166,992.1465630448992
43,193,985.9584,992.4663968693962
43,194,986.276,992.7865478947898
43,195,986.5939,993.1065973960915
43,196,986.9111,993.4261266483144
43,197,987.22687,993.7447169264708
43,198,987.54065,994.0619495055735
43,199,987.8515,994.3774056606345
43,200,988.1587,994.6906666666669
43,201,988.46155,995.0014082230057
43,202,988.7602,995.3096837262786
43,203,989.05615,995.6156409974369
43,204,989.35114,995.919427857431
43,205,989.64514,996.2211921272116
43,206,989.93823,996.5210816277296
43,207,990.2304,996.8192441799358
43,208,990.5218,997.1158276047809
43,209,990.8124,997.4109797232154
43,210,991.1023,997.7048483561904
43,211,991.39154,997.9975813246565
43,212,991.68005,998.2893264495647
43,213,991.96814,998.5802315518655
43,214,992.2556,998.8704444525093
43,215,992.54266,999.1601129724475
43,216,992.8293,999.4493849326306
43,217,993.1156,999.7384081540096
43,218,993.4015,1000.0273304575351
43,219,993.68713,1000.316299664157
43,220,993.9726,1000.6054635948279
43,221,994.25793,1000.894970070496
43,222,994.5431,1001.1849669121149
43,223,994.8281,1001.475601940634
43,224,995.1132,1001.767022977003
43,225,995.39825,1002.0593778421749
43,226,995.68353,1002.352814357099
43,227,995.9688,1002.6474803427249
43,228,996.25433,1002.943523620006
43,229,996.5401,1003.241092009892
43,230,996.8261,1003.5403333333331
43,231,997.1125,1003.8413261588049
43,232,997.3984,1004.1438720448781
43,233,997.6819,1004.447703297647
43,234,997.96173,1004.7525522232081
43,235,998.23816,1005.0581511276552
43,236,998.51166,1005.364232317084
43,237,998.7826,1005.67052809759
43,238,999.05115,1005.976770775268
43,239,999.3177,1006.282692656212
43,240,999.5827,1006.5880260465191
43,241,999.8464,1006.892503252283
43,242,1000.1091,1007.195856579599
43,243,1000.3712,1007.4978183345629
43,244,1000.63306,1007.798120823269
43,245,1000.89496,1008.0964963518121
43,246,1001.15735,1008.3926772262881
43,247,1001.42035,1008.686395752792
43,248,1001.6846,1008.9773842374179
43,249,1001.95013,1009.265374986262
43,250,1002.2176,1009.55010030542
43,251,1002.4871,1009.831292500985
43,252,1002.75916,1010.108683879053
43,253,1003.03406,1010.38200674572
43,254,1003.3121,1010.6509934070801
43,255,1003.5937,1010.915376169228
43,256,1003.8791,1011.17488733826
43,257,1004.1688,1011.429259220271
43,258,1004.463,1011.678224121355
43,259,1004.7622,1011.921514347608
43,260,1005.0665,1012.158862205124
43,261,1005.3765,1012.39
43,262,1005.6925,1012.614756012665
43,263,1006.0139,1012.83334242089
43,264,1006.33887,1013.0460673767819
43,265,1006.666,1013.253239032446
43,266,1006.99554,1013.45516553999
43,267,1007.3275,1013.652155051519
43,268,1007.662,1013.844515719139
43,269,1007.999,1014.032555694957
43,270,1008.33887,1014.216583131078
43,271,1008.6815,1014.39690617961
43,272,1009.02704,1014.573832992659
43,273,1009.3756,1014.74767172233
43,274,1009.7273,1014.9187305207302
43,275,1010.0822,1015.087317539965
43,276,1010.4403,1015.2537409321421
43,277,1010.8019,1015.418308849366
43,278,1011.16693,1015.5813294437442
43,279,1011.5356,1015.743110867382
43,280,1011.90784,1015.903961272387
43,281,1012.2839,1016.0641888108642
43,282,1012.66376,1016.22410163492
43,283,1013.04755,1016.384007896661
43,284,1013.4355,1016.544215748193
43,285,1013.8274,1016.705033341623
43,286,1014.22363,1016.866768829057
43,287,1014.624,1017.0297303625999
43,288,1015.0289,1017.19422609436
43,289,1015.4382,1017.360564176443
43,290,1015.852,1017.529052760954
44,0,965.02747,974.5997115224653
44,1,965.11945,974.6390724568952
44,2,965.213,974.6779991335238
44,3,965.30817,974.7165080400766
44,4,965.4047,974.7546156642793
44,5,965.50275,974.7923384938564
44,6,965.6019,974.8296930165335
44,7,965.70233,974.8666957200356
44,8,965.80383,974.9033630920887
44,9,965.90625,974.939711620417
44,10,966.0095,974.9757577927465
44,11,966.11365,975.0115180968023
44,12,966.2184,975.0470090203094
44,13,966.3238,975.0822470509929
44,14,966.4297,975.1172486765788
44,15,966.536,975.1520303847916
44,16,966.6426,975.1866086633571
44,17,966.7494,975.2210000000001
44,18,966.8563,975.2552148952259
44,19,966.96515,975.2892399006599
44,20,967.0819,975.3230555807072
44,21,967.2103,975.3566424997728
44,22,967.34973,975.389981222262
44,23,967.4994,975.42305231258
44,24,967.65875,975.4558363351321
44,25,967.82684,975.4883138543231
44,26,968.003,975.5204654345584
44,27,968.1867,975.5522716402432
44,28,968.377,975.5837130357826
44,29,968.5733,975.6147701855818
44,30,968.77496,975.6454236540461
44,31,968.9811,975.6756540055802
44,32,969.191,975.7054418045897
44,33,969.4041,975.7347676154797
44,34,969.61957,975.7636120026553
44,35,969.83685,975.7919555305218
44,36,970.055,975.819778763484
44,37,970.2735,975.8470622659476
44,38,970.4915,975.8737866023174
44,39,970.7085,975.899932336999
44,40,970.92346,975.9254800343967
44,41,971.136,975.9504102589166
44,42,971.34515,975.9747035749632
44,43,971.5504,975.998340546942
44,44,971.751,976.0213017392583
44,45,971.9461,976.043567716317
44,46,972.1352,976.0651190425235
44,47,972.31744,976.0859362822828
44,48,972.49225,976.1059999999999
44,49,972.6588,976.1253177925533
44,50,972.8193,976.1440053867123
44,51,972.98254,976.1622055417198
44,52,973.1546,976.1800610168182
44,53,973.33435,976.19771457125
44,54,973.52094,976.2153089642578
44,55,973.71326,976.2329869550846
44,56,973.91064,976.2508913029724
44,57,974.11206,976.2691647671642
44,58,974.3165,976.2879501069023
44,59,974.523,976.3073900814296
44,60,974.7307,976.3276274499883
44,61,974.9387,976.3488049718213
44,62,975.146,976.371065406171
44,63,975.35175,976.3945515122804
44,64,975.5549,976.4194060493915
44,65,975.7545,976.4457717767472
44,66,975.94977,976.4737914535899
44,67,976.1398,976.5036078391626
44,68,976.3234,976.5353636927072
44,69,976.4999,976.569201773467
44,70,976.66833,976.6052648406841
44,71,976.82764,976.6436956536012
44,72,976.9771,976.684636971461
44,73,977.1156,976.728231553506
44,74,977.24243,976.7746221589788
44,75,977.3563,976.8239515471221
44,76,977.4567,976.8763624771782
44,77,977.5425,976.9319977083901
44,78,977.61273,976.991
44,79,977.6665,977.0534675331088
44,80,977.70575,977.1193201762495
44,81,977.73975,977.1884332198136
44,82,977.7749,977.2606819541923
44,83,977.8112,977.3359416697765
44,84,977.8489,977.414087656958
44,85,977.8876,977.4949952061278
44,86,977.92737,977.5785396076772
44,87,977.9682,977.6645961519973
44,88,978.0101,977.7530401294802
44,89,978.0529,977.8437468305158
44,90,978.0966,977.9365915454963
44,91,978.14124,978.0314495648126
44,92,978.18665,978.1281961788563
44,93,978.23285,978.2267066780184
44,94,978.27985,978.3268563526904
44,95,978.32745,978.4285204932632
44,96,978.37573,978.5315743901284
44,97,978.4247,978.6358933336771
44,98,978.47406,978.7413526143008
44,99,978.524,978.8478275223904
44,100,978.57446,978.9551933483373
44,101,978.6253,979.0633253825329
44,102,978.6765,979.1720989153682
44,103,978.72815,979.2813892372352
44,104,978.78,979.3910716385241
44,105,978.83215,979.5010214096268
44,106,978.88446,979.6111138409344
44,107,978.93695,979.7212242228384
44,108,978.9896,979.8312278457298
44,109,979.04236,979.941
44,110,979.095,980.0504274656605
44,111,979.1474,980.1594429812043
44,112,979.1987,980.2679907747444
44,113,979.2483,980.3760150743943
44,114,979.29626,980.4834601082667
44,115,979.3427,980.5902701044756
44,116,979.3878,980.6963892911332
44,117,979.4314,980.8017618963535
44,118,979.47394,980.9063321482495
44,119,979.5151,981.0100442749341
44,120,979.5553,981.1128425045208
44,121,979.59436,981.2146710651225
44,122,979.63257,981.3154741848527
44,123,979.66986,981.4151960918248
44,124,979.7064,981.5137810141514
44,125,979.7423,981.6111731799458
44,126,979.77765,981.7073168173217
44,127,979.8124,981.802156154392
44,128,979.84674,981.89563541927
44,129,979.88074,981.9876988400687
44,130,979.9145,982.0782906449011
44,131,979.9481,982.167355061881
44,132,979.98157,982.2548363191212
44,133,980.015,982.3406786447351
44,134,980.0486,982.4248262668353
44,135,980.0823,982.5072234135359
44,136,980.1162,982.5878143129496
44,137,980.1506,982.6665431931896
44,138,980.18524,982.7433542823693
44,139,980.2204,982.8181918086017
44,140,980.2562,982.8910000000002
44,141,980.2926,982.9618039415283
44,142,980.32983,983.0309521455537
44,143,980.3678,983.0988739812938
44,144,980.40674,983.1659988179663
44,145,980.44666,983.2327560247896
44,146,980.4877,983.2995749709809
44,147,980.5299,983.3668850257582
44,148,980.5736,983.4351155583397
44,149,980.6188,983.5046959379429
44,150,980.66547,983.5760555337854
44,151,980.7138,983.6496237150851
44,152,980.764,983.7258298510602
44,153,980.8161,983.8051033109281
44,154,980.8703,983.8878734639071
44,155,980.9265,983.9745696792144
44,156,980.9852,984.0656213260684
44,157,981.04614,984.1614577736865
44,158,981.10956,984.2625083912866
44,159,981.17554,984.3692025480865
44,160,981.2443,984.4819696133043
44,161,981.3158,984.6012389561575
44,162,981.39026,984.727439945864
44,163,981.46783,984.8610019516418
44,164,981.5485,985.0023543427086
44,165,981.6325,985.151926488282
44,166,981.71985,985.3101477575801
44,167,981.8107,985.4774475198207
44,168,981.90515,985.6542551442213
44,169,982.0033,985.8410000000001
44,170,982.10535,986.0379701073407
44,171,982.2135,986.2448880902894
44,172,982.3356,986.4613352238591
44,173,982.4763,986.6868927830621
44,174,982.6349,986.9211420429111
44,175,982.81036,987.1636642784184
44,176,983.00195,987.4140407645968
44,177,983.20874,987.6718527764584
44,178,983.4298,987.9366815890162
44,179,983.6642,988.2081084772824
44,180,983.9113,988.4857147162693
44,181,984.1701,988.7690815809896
44,182,984.4396,989.0577903464562
44,183,984.7192,989.351422287681
44,184,985.00775,989.6495586796768
44,185,985.3045,989.9517807974561
44,186,985.6086,990.2576699160314
44,187,985.9191,990.5668073104151
44,188,986.2353,990.87877425562
44,189,986.5561,991.1931520266581
44,190,986.8808,991.5095218985424
44,191,987.2085,991.8274651462851
44,192,987.5383,992.1465630448992
44,193,987.8694,992.4663968693962
44,194,988.20087,992.7865478947898
44,195,988.5318,993.1065973960915
44,196,988.8616,993.4261266483144
44,197,989.1891,993.7447169264708
44,198,989.51355,994.0619495055735
44,199,989.83417,994.3774056606345
44,200,990.14996,994.6906666666669
44,201,990.46027,995.0014082230057
44,202,990.765,995.3096837262786
44,203,991.06647,995.6156409974369
44,204,991.3669,995.919427857431
44,205,991.66614,996.2211921272116
44,206,991.96423,996.5210816277296
44,207,992.2614,996.8192441799358
44,208,992.5576,997.1158276047809
44,209,992.85297,997.4109797232154
44,210,993.1474,997.7048483561904
44,211,993.44116,997.9975813246565
44,212,993.7341,998.2893264495647
44,213,994.0263,998.5802315518655
44,214,994.31793,998.8704444525093
44,215,994.6089,999.1601129724475
44,216,994.89935,999.4493849326306
44,217,995.18945,999.7384081540096
44,218,995.47906,1000.0273304575351
44,219,995.7684,1000.316299664157
44,220,996.05725,1000.6054635948279
44,221,996.3459,1000.894970070496
44,222,996.6344,1001.1849669121149
44,223,996.92267,1001.475601940634
44,224,997.2108,1001.767022977003
44,225,997.499,1002.0593778421749
44,226,997.7872,1002.352814357099
44,227,998.0754,1002.6474803427249
44,228,998.3637,1002.943523620006
44,229,998.65216,1003.241092009892
44,230,998.94086,1003.5403333333331
44,231,999.2298,1003.8413261588049
44,232,999.5188,1004.1438720448781
44,233,999.8072,1004.447703297647
44,234,1000.09454,1004.7525522232081
44,235,1000.38104,1005.0581511276552
44,236,1000.66644,1005.364232317084
44,237,1000.951,1005.67052809759
44,238,1001.2347,1005.976770775268
44,239,1001.51764,1006.282692656212
44,240,1001.79974,1006.5880260465191
44,241,1002.0811,1006.892503252283
44,242,1002.36176,1007.195856579599
44,243,1002.6418,1007.4978183345629
44,244,1002.9212,1007.798120823269
44,245,1003.2,1008.0964963518121
44,246,1003.4784,1008.3926772262881
44,247,1003.7562,1008.686395752792
44,248,1004.0336,1008.9773842374179
44,249,1004.31067,1009.265374986262
44,250,1004.58734,1009.55010030542
44,251,1004.8637,1009.831292500985
44,252,1005.1399,1010.108683879053
44,253,1005.41583,1010.38200674572
44,254,1005.6916,1010.6509934070801
44,255,1005.96716,1010.915376169228
44,256,1006.2427,1011.17488733826
44,257,1006.5182,1011.429259220271
44,258,1006.79376,1011.678224121355
44,259,1007.0692,1011.921514347608
44,260,1007.345,1012.158862205124
44,261,1007.62067,1012.39
44,262,1007.89667,1012.614756012665
44,263,1008.17255,1012.83334242089
44,264,1008.44794,1013.0460673767819
44,265,1008.72235,1013.253239032446
44,266,1008.9961,1013.45516553999
44,267,1009.26904,1013.652155051519
44,268,1009.54144,1013.844515719139
44,269,1009.81335,1014.032555694957
44,270,1010.08484,1014.216583131078
44,271,1010.35596,1014.39690617961
44,272,1010.6269,1014.573832992659
44,273,1010.8977,1014.74767172233
44,274,1011.1684,1014.9187305207302
44,275,1011.4392,1015.087317539965
44,276,1011.71014,1015.2537409321421
44,277,1011.9813,1015.418308849366
44,278,1012.2528,1015.5813294437442
44,279,1012.52466,1015.743110867382
44,280,1012.7971,1015.903961272387
44,281,1013.0701,1016.0641888108642
44,282,1013.3438,1016.22410163492
44,283,1013.6182,1016.384007896661
44,284,1013.8936,1016.544215748193
44,285,1014.16986,1016.705033341623
44,286,1014.44714,1016.866768829057
44,287,1014.7256,1017.0297303625999
44,288,1015.0051,1017.19422609436
44,289,1015.2861,1017.360564176443
44,290,1015.5684,1017.529052760954
45,0,961.2549,974.5997115224653
45,1,961.34546,974.6390724568952
45,2,961.4384,974.6779991335238
45,3,961.5336,974.7165080400766
45,4,961.63104,974.7546156642793
45,5,961.73035,974.7923384938564
45,6,961.8314,974.8296930165335
45,7,961.93414,974.8666957200356
45,8,962.0383,974.9033630920887
45,9,962.14374,974.939711620417
45,10,962.2504,974.9757577927465
45,11,962.35803,975.0115180968023
45,12,962.4665,975.0470090203094
45,13,962.57556,975.0822470509929
45,14,962.68524,975.1172486765788
45,15,962.7952,975.1520303847916
45,16,962.9055,975.1866086633571
45,17,963.0156,975.2210000000001
45,18,963.12573,975.2552148952259
45,19,963.2377,975.2892399006599
45,20,963.3581,975.3230555807072
45,21,963.491,975.3566424997728
45,22,963.63605,975.389981222262
45,23,963.792,975.42305231258
45,24,963.95825,975.4558363351321
45,25,964.134,975.4883138543231
45,26,964.31836,975.5204654345584
45,27,964.5107,975.5522716402432
45,28,964.7099,975.5837130357826
45,29,964.9154,975.6147701855818
45,30,965.1265,975.6454236540461
45,31,965.3422,975.6756540055802
45,32,965.5617,975.7054418045897
45,33,965.78424,975.7347676154797
45,34,966.00903,975.7636120026553
45,35,966.2353,975.7919555305218
45,36,966.4622,975.819778763484
45,37,966.68896,975.8470622659476
45,38,966.91486,975.8737866023174
45,39,967.1389,975.899932336999
45,40,967.3605,975.9254800343967
45,41,967.5787,975.9504102589166
45,42,967.7928,975.9747035749632
45,43,968.00183,975.998340546942
45,44,968.20526,976.0213017392583
45,45,968.4022,976.043567716317
45,46,968.5919,976.0651190425235
45,47,968.77356,976.0859362822828
45,48,968.9462,976.1059999999999
45,49,969.1094,976.1253177925533
45,50,969.265,976.1440053867123
45,51,969.4228,976.1622055417198
45,52,969.58887,976.1800610168182
45,53,969.7625,976.19771457125
45,54,969.9427,976.2153089642578
45,55,970.1285,976.2329869550846
45,56,970.31903,976.2508913029724
45,57,970.5134,976.2691647671642
45,58,970.71075,976.2879501069023
45,59,970.91003,976.3073900814296
45,60,971.1104,976.3276274499883
45,61,971.3109,976.3488049718213
45,62,971.51074,976.371065406171
45,63,971.709,976.3945515122804
45,64,971.9046,976.4194060493915
45,65,972.0968,976.4457717767472
45,66,972.28455,976.4737914535899
45,67,972.46716,976.5036078391626
45,68,972.64355,976.5353636927072
45,69,972.8129,976.569201773467
45,70,972.97437,976.6052648406841
45,71,973.1269,976.6436956536012
45,72,973.2697,976.684636971461
45,73,973.4018,976.728231553506
45,74,973.5224,976.7746221589788
45,75,973.6305,976.8239515471221
45,76,973.7252,976.8763624771782
45,77,973.8058,976.9319977083901
45,78,973.87115,976.991
45,79,973.9204,977.0534675331088
45,80,973.9555,977.1193201762495
45,81,973.9853,977.1884332198136
45,82,974.01636,977.2606819541923
45,83,974.0486,977.3359416697765
45,84,974.08185,977.414087656958
45,85,974.1163,977.4949952061278
45,86,974.1518,977.5785396076772
45,87,974.1882,977.6645961519973
45,88,974.22565,977.7530401294802
45,89,974.2639,977.8437468305158
45,90,974.3031,977.9365915454963
45,91,974.3431,978.0314495648126
45,92,974.3839,978.1281961788563
45,93,974.4255,978.2267066780184
45,94,974.4676,978.3268563526904
45,95,974.51044,978.4285204932632
45,96,974.5539,978.5315743901284
45,97,974.5979,978.6358933336771
45,98,974.6425,978.7413526143008
45,99,974.6875,978.8478275223904
45,100,974.7329,978.9551933483373
45,101,974.7788,979.0633253825329
45,102,974.82495,979.1720989153682
45,103,974.8714,979.2813892372352
45,104,974.9182,979.3910716385241
45,105,974.9651,979.5010214096268
45,106,975.01227,979.6111138409344
45,107,975.0595,979.7212242228384
45,108,975.1068,979.8312278457298
45,109,975.1542,979.941
45,110,975.2016,980.0504274656605
45,111,975.24854,980.1594429812043
45,112,975.2939,980.2679907747444
45,113,975.3368,980.3760150743943
45,114,975.3775,980.4834601082667
45,115,975.416,980.5902701044756
45,116,975.45264,980.6963892911332
45,117,975.48737,980.8017618963535
45,118,975.5205,980.9063321482495
45,119,975.55206,981.0100442749341
45,120,975.5822,981.1128425045208
45,121,975.6111,981.2146710651225
45,122,975.63885,981.3154741848527
45,123,975.66565,981.4151960918248
45,124,975.69165,981.5137810141514
45,125,975.7169,981.6111731799458
45,126,975.74164,981.7073168173217
45,127,975.766,981.802156154392
45,128,975.7901,981.89563541927
45,129,975.8139,981.9876988400687
45,130,975.83795,982.0782906449011
45,131,975.86194,982.167355061881
45,132,975.8865,982.2548363191212
45,133,975.9113,982.3406786447351
45,134,975.9367,982.4248262668353
45,135,975.96295,982.5072234135359
45,136,975.99,982.5878143129496
45,137,976.018,982.6665431931896
45,138,976.0473,982.7433542823693
45,139,976.07776,982.8181918086017
45,140,976.10974,982.8910000000002
45,141,976.1432,982.9618039415283
45,142,976.1784,983.0309521455537
45,143,976.21545,983.0988739812938
45,144,976.2544,983.1659988179663
45,145,976.29504,983.2327560247896
45,146,976.3377,983.2995749709809
45,147,976.3822,983.3668850257582
45,148,976.42865,983.4351155583397
45,149,976.4771,983.5046959379429
45,150,976.5274,983.5760555337854
45,151,976.5799,983.6496237150851
45,152,976.6344,983.7258298510602
45,153,976.69086,983.8051033109281
45,154,976.7496,983.8878734639071
45,155,976.81036,983.9745696792144
45,156,976.8733,984.0656213260684
45,157,976.9385,984.1614577736865
45,158,977.00586,984.2625083912866
45,159,977.07544,984.3692025480865
45,160,977.1474,984.4819696133043
45,161,977.2217,984.6012389561575
45,162,977.29816,984.727439945864
45,163,977.3771,984.8610019516418
45,164,977.4584,985.0023543427086
45,165,977.5422,985.151926488282
45,166,977.6283,985.3101477575801
45,167,977.7169,985.4774475198207
45,168,977.80804,985.6542551442213
45,169,977.9018,985.8410000000001
45,170,977.9979,986.0379701073407
45,171,978.0991,986.2448880902894
45,172,978.2126,986.4613352238591
45,173,978.34344,986.6868927830621
45,174,978.4908,986.9211420429111
45,175,978.65393,987.1636642784184
45,176,978.8319,987.4140407645968
45,177,979.0242,987.6718527764584
45,178,979.22974,987.9366815890162
45,179,979.4478,988.2081084772824
45,180,979.67773,988.4857147162693
45,181,979.9187,988.7690815809896
45,182,980.16986,989.0577903464562
45,183,980.4305,989.351422287681
45,184,980.69965,989.6495586796768
45,185,980.9767,989.9517807974561
45,186,981.26086,990.2576699160314
45,187,981.5513,990.5668073104151
45,188,981.8472,990.87877425562
45,189,982.14777,991.1931520266581
45,190,982.4524,991.5095218985424
45,191,982.7601,991.8274651462851
45,192,983.07007,992.1465630448992
45,193,983.38165,992.4663968693962
45,194,983.69403,992.7865478947898
45,195,984.0064,993.1065973960915
45,196,984.31805,993.4261266483144
45,197,984.62805,993.7447169264708
45,198,984.9356,994.0619495055735
45,199,985.24023,994.3774056606345
45,200,985.54083,994.6906666666669
45,201,985.83673,995.0014082230057
45,202,986.128,995.3096837262786
45,203,986.41656,995.6156409974369
45,204,986.70416,995.919427857431
45,205,986.99097,996.2211921272116
45,206,987.27704,996.5210816277296
45,207,987.5622,996.8192441799358
45,208,987.84674,997.1158276047809
45,209,988.1306,997.4109797232154
45,210,988.41376,997.7048483561904
45,211,988.6965,997.9975813246565
45,212,988.9786,998.2893264495647
45,213,989.26013,998.5802315518655
45,214,989.5414,998.8704444525093
45,215,989.82227,999.1601129724475
45,216,990.10266,999.4493849326306
45,217,990.3828,999.7384081540096
45,218,990.6628,1000.0273304575351
45,219,990.94244,1000.316299664157
45,220,991.22205,1000.6054635948279
45,221,991.50146,1000.894970070496
45,222,991.78076,1001.1849669121149
45,223,992.0601,1001.475601940634
45,224,992.33954,1001.767022977003
45,225,992.61896,1002.0593778421749
45,226,992.89856,1002.352814357099
45,227,993.1783,1002.6474803427249
45,228,993.4582,1002.943523620006
45,229,993.7384,1003.241092009892
45,230,994.0189,1003.5403333333331
45,231,994.2998,1003.8413261588049
45,232,994.58044,1004.1438720448781
45,233,994.859,1004.447703297647
45,234,995.13434,1004.7525522232081
45,235,995.4068,1005.0581511276552
45,236,995.67664,1005.364232317084
45,237,995.9441,1005.67052809759
45,238,996.2095,1005.976770775268
45,239,996.47314,1006.282692656212
45,240,996.7353,1006.5880260465191
45,241,996.9963,1006.892503252283
45,242,997.25635,1007.195856579599
45,243,997.5156,1007.4978183345629
45,244,997.7747,1007.798120823269
45,245,998.0338,1008.0964963518121
45,246,998.2931,1008.3926772262881
45,247,998.55286,1008.686395752792
45,248,998.8134,1008.9773842374179
45,249,999.0751,1009.265374986262
45,250,999.33813,1009.55010030542
45,251,999.6028,1009.831292500985
45,252,999.86945,1010.108683879053
45,253,1000.1384,1010.38200674572
45,254,1000.4098,1010.6509934070801
45,255,1000.68396,1010.915376169228
45,256,1000.96136,1011.17488733826
45,257,1001.24207,1011.429259220271
45,258,1001.5265,1011.678224121355
45,259,1001.81476,1011.921514347608
45,260,1002.10736,1012.158862205124
45,261,1002.4044,1012.39
45,262,1002.7062,1012.614756012665
45,263,1003.0125,1012.83334242089
45,264,1003.3216,1013.0460673767819
45,265,1003.6322,1013.253239032446
45,266,1003.9446,1013.45516553999
45,267,1004.25867,1013.652155051519
45,268,1004.5746,1013.844515719139
45,269,1004.8925,1014.032555694957
45,270,1005.2124,1014.216583131078
45,271,1005.5346,1014.39690617961
45,272,1005.8589,1014.573832992659
45,273,1006.18567,1014.74767172233
45,274,1006.5147,1014.9187305207302
45,275,1006.8464,1015.087317539965
45,276,1007.1807,1015.2537409321421
45,277,1007.5176,1015.418308849366
45,278,1007.8573,1015.5813294437442
45,279,1008.2001,1015.743110867382
45,280,1008.5457,1015.903961272387
45,281,1008.8944,1016.0641888108642
45,282,1009.2463,1016.22410163492
45,283,1009.60144,1016.384007896661
45,284,1009.95996,1016.544215748193
45,285,1010.32196,1016.705033341623
45,286,1010.6874,1016.866768829057
45,287,1011.05646,1017.0297303625999
45,288,1011.4292,1017.19422609436
45,289,1011.8058,1017.360564176443
45,290,1012.18616,1017.529052760954
46,0,969.28516,974.5997115224653
46,1,969.3982,974.6390724568952
46,2,969.512,974.6779991335238
46,3,969.6268,974.7165080400766
46,4,969.7422,974.7546156642793
46,5,969.85834,974.7923384938564
46,6,969.97516,974.8296930165335
46,7,970.09235,974.8666957200356
46,8,970.21,974.9033630920887
46,9,970.3282,974.939711620417
46,10,970.44653,974.9757577927465
46,11,970.56506,975.0115180968023
46,12,970.6838,975.0470090203094
46,13,970.80255,975.0822470509929
46,14,970.9214,975.1172486765788
46,15,971.0401,975.1520303847916
46,16,971.1587,975.1866086633571
46,17,971.27704,975.2210000000001
46,18,971.395,975.2552148952259
46,19,971.5145,975.2892399006599
46,20,971.6408,975.3230555807072
46,21,971.7775,975.3566424997728
46,22,971.92413,975.389981222262
46,23,972.07996,975.42305231258
46,24,972.2443,975.4558363351321
46,25,972.4166,975.4883138543231
46,26,972.59625,975.5204654345584
46,27,972.7825,975.5522716402432
46,28,972.97485,975.5837130357826
46,29,973.17255,975.6147701855818
46,30,973.3751,975.6454236540461
46,31,973.5817,975.6756540055802
46,32,973.79193,975.7054418045897
46,33,974.00507,975.7347676154797
46,34,974.22046,975.7636120026553
46,35,974.4375,975.7919555305218
46,36,974.6555,975.819778763484
46,37,974.87396,975.8470622659476
46,38,975.0922,975.8737866023174
46,39,975.30963,975.899932336999
46,40,975.5255,975.9254800343967
46,41,975.7393,975.9504102589166
46,42,975.9505,975.9747035749632
46,43,976.1583,975.998340546942
46,44,976.3622,976.0213017392583
46,45,976.5616,976.043567716317
46,46,976.7558,976.0651190425235
46,47,976.9442,976.0859362822828
46,48,977.12616,976.1059999999999
46,49,977.3013,976.1253177925533
46,50,977.47144,976.1440053867123
46,51,977.6451,976.1622055417198
46,52,977.82794,976.1800610168182
46,53,978.0191,976.19771457125
46,54,978.21747,976.2153089642578
46,55,978.4221,976.2329869550846
46,56,978.63196,976.2508913029724
46,57,978.8461,976.2691647671642
46,58,979.0635,976.2879501069023
46,59,979.2833,976.3073900814296
46,60,979.50446,976.3276274499883
46,61,979.7259,976.3488049718213
46,62,979.9469,976.371065406171
46,63,980.1663,976.3945515122804
46,64,980.3832,976.4194060493915
46,65,980.5966,976.4457717767472
46,66,980.8056,976.4737914535899
46,67,981.00916,976.5036078391626
46,68,981.20636,976.5353636927072
46,69,981.39636,976.569201773467
46,70,981.578,976.6052648406841
46,71,981.7505,976.6436956536012
46,72,981.9127,976.684636971461
46,73,982.06396,976.728231553506
46,74,982.20306,976.7746221589788
46,75,982.3291,976.8239515471221
46,76,982.4412,976.8763624771782
46,77,982.5383,976.9319977083901
46,78,982.6197,976.991
46,79,982.68414,977.0534675331088
46,80,982.73376,977.1193201762495
46,81,982.7777,977.1884332198136
46,82,982.823,977.2606819541923
46,83,982.8695,977.3359416697765
46,84,982.9173,977.414087656958
46,85,982.9663,977.4949952061278
46,86,983.0163,977.5785396076772
46,87,983.06744,977.6645961519973
46,88,983.11975,977.7530401294802
46,89,983.1729,977.8437468305158
46,90,983.227,977.9365915454963
46,91,983.28217,978.0314495648126
46,92,983.33813,978.1281961788563
46,93,983.39496,978.2267066780184
46,94,983.45264,978.3268563526904
46,95,983.51105,978.4285204932632
46,96,983.5701,978.5315743901284
46,97,983.62994,978.6358933336771
46,98,983.69025,978.7413526143008
46,99,983.7513,978.8478275223904
46,100,983.8128,978.9551933483373
46,101,983.87476,979.0633253825329
46,102,983.9373,979.1720989153682
46,103,984.00024,979.2813892372352
46,104,984.06354,979.3910716385241
46,105,984.1271,979.5010214096268
46,106,984.1911,979.6111138409344
46,107,984.2552,979.7212242228384
46,108,984.3197,979.8312278457298
46,109,984.38416,979.941
46,110,984.44885,980.0504274656605
46,111,984.51337,980.1594429812043
46,112,984.5773,980.2679907747444
46,113,984.6401,980.3760150743943
46,114,984.7018,980.4834601082667
46,115,984.7625,980.5902701044756
46,116,984.82227,980.6963892911332
46,117,984.88104,980.8017618963535
46,118,984.9388,980.9063321482495
46,119,984.9957,981.0100442749341
46,120,985.0517,981.1128425045208
46,121,985.10675,981.2146710651225
46,122,985.161,981.3154741848527
46,123,985.21454,981.4151960918248
46,124,985.2673,981.5137810141514
46,125,985.3192,981.6111731799458
46,126,985.3705,981.7073168173217
46,127,985.42096,981.802156154392
46,128,985.4709,981.89563541927
46,129,985.52,981.9876988400687
46,130,985.56866,982.0782906449011
46,131,985.6166,982.167355061881
46,132,985.66406,982.2548363191212
46,133,985.71094,982.3406786447351
46,134,985.7573,982.4248262668353
46,135,985.8033,982.5072234135359
46,136,985.8487,982.5878143129496
46,137,985.8938,982.6665431931896
46,138,985.9384,982.7433542823693
46,139,985.9827,982.8181918086017
46,140,986.0267,982.8910000000002
46,141,986.07025,982.9618039415283
46,142,986.11365,983.0309521455537
46,143,986.15674,983.0988739812938
46,144,986.1998,983.1659988179663
46,145,986.2432,983.2327560247896
46,146,986.2869,983.2995749709809
46,147,986.3313,983.3668850257582
46,148,986.37665,983.4351155583397
46,149,986.4231,983.5046959379429
46,150,986.4709,983.5760555337854
46,151,986.5203,983.6496237150851
46,152,986.5715,983.7258298510602
46,153,986.6248,983.8051033109281
46,154,986.6803,983.8878734639071
46,155,986.73846,983.9745696792144
46,156,986.7993,984.0656213260684
46,157,986.8631,984.1614577736865
46,158,986.9302,984.2625083912866
46,159,987.0007,984.3692025480865
46,160,987.0748,984.4819696133043
46,161,987.15295,984.6012389561575
46,162,987.23517,984.727439945864
46,163,987.3217,984.8610019516418
46,164,987.41284,985.0023543427086
46,165,987.5089,985.151926488282
46,166,987.61,985.3101477575801
46,167,987.7164,985.4774475198207
46,168,987.8281,985.6542551442213
46,169,987.94586,985.8410000000001
46,170,988.0695,986.0379701073407
46,171,988.20166,986.2448880902894
46,172,988.35004,986.4613352238591
46,173,988.5196,986.6868927830621
46,174,988.70935,986.9211420429111
46,175,988.9182,987.1636642784184
46,176,989.1453,987.4140407645968
46,177,989.3896,987.6718527764584
46,178,989.64996,987.9366815890162
46,179,989.9256,988.2081084772824
46,180,990.21533,988.4857147162693
46,181,990.5184,988.7690815809896
46,182,990.83356,989.0577903464562
46,183,991.16,989.351422287681
46,184,991.4965,989.6495586796768
46,185,991.84235,989.9517807974561
46,186,992.1964,990.2576699160314
46,187,992.5576,990.5668073104151
46,188,992.9252,990.87877425562
46,189,993.298,991.1931520266581
46,190,993.6749,991.5095218985424
46,191,994.05524,991.8274651462851
46,192,994.4378,992.1465630448992
46,193,994.8217,992.4663968693962
46,194,995.206,992.7865478947898
46,195,995.58966,993.1065973960915
46,196,995.9717,993.4261266483144
46,197,996.35114,993.7447169264708
46,198,996.72705,994.0619495055735
46,199,997.09845,994.3774056606345
46,200,997.46436,994.6906666666669
46,201,997.82385,995.0014082230057
46,202,998.17694,995.3096837262786
46,203,998.526,995.6156409974369
46,204,998.8737,995.919427857431
46,205,999.2199,996.2211921272116
46,206,999.5646,996.5210816277296
46,207,999.908,996.8192441799358
46,208,1000.2501,997.1158276047809
46,209,1000.5909,997.4109797232154
46,210,1000.93054,997.7048483561904
46,211,1001.2691,997.9975813246565
46,212,1001.60657,998.2893264495647
46,213,1001.9431,998.5802315518655
46,214,1002.2787,998.8704444525093
46,215,1002.6134,999.1601129724475
46,216,1002.9473,999.4493849326306
46,217,1003.2805,999.7384081540096
46,218,1003.61304,1000.0273304575351
46,219,1003.94495,1000.316299664157
46,220,1004.2763,1000.6054635948279
46,221,1004.6073,1000.894970070496
46,222,1004.9377,1001.1849669121149
46,223,1005.2678,1001.475601940634
46,224,1005.59766,1001.767022977003
46,225,1005.9273,1002.0593778421749
46,226,1006.2567,1002.352814357099
46,227,1006.58606,1002.6474803427249
46,228,1006.9154,1002.943523620006
46,229,1007.2447,1003.241092009892
46,230,1007.57404,1003.5403333333331
46,231,1007.9036,1003.8413261588049
46,232,1008.23346,1004.1438720448781
46,233,1008.5636,1004.447703297647
46,234,1008.89435,1004.7525522232081
46,235,1009.2254,1005.0581511276552
46,236,1009.55676,1005.364232317084
46,237,1009.88837,1005.67052809759
46,238,1010.22003,1005.976770775268
46,239,1010.55145,1006.282692656212
46,240,1010.88275,1006.5880260465191
46,241,1011.2138,1006.892503252283
46,242,1011.5443,1007.195856579599
46,243,1011.8744,1007.4978183345629
46,244,1012.2037,1007.798120823269
46,245,1012.5322,1008.0964963518121
46,246,1012.8598,1008.3926772262881
46,247,1013.18646,1008.686395752792
46,248,1013.512,1008.9773842374179
46,249,1013.83624,1009.265374986262
46,250,1014.1593,1009.55010030542
46,251,1014.48065,1009.831292500985
46,252,1014.80066,1010.108683879053
46,253,1015.1189,1010.38200674572
46,254,1015.43536,1010.6509934070801
46,255,1015.74994,1010.915376169228
46,256,1016.0627,1011.17488733826
46,257,1016.3731,1011.429259220271
46,258,1016.68146,1011.678224121355
46,259,1016.98755,1011.921514347608
46,260,1017.29114,1012.158862205124
46,261,1017.59216,1012.39
46,262,1017.8907,1012.614756012665
46,263,1018.1865,1012.83334242089
46,264,1018.4798,1013.0460673767819
46,265,1018.77094,1013.253239032446
46,266,1019.06,1013.45516553999
46,267,1019.3472,1013.652155051519
46,268,1019.63245,1013.844515719139
46,269,1019.91595,1014.032555694957
46,270,1020.19775,1014.216583131078
46,271,1020.4779,1014.39690617961
46,272,1020.7566,1014.573832992659
46,273,1021.0337,1014.74767172233
46,274,1021.3095,1014.9187305207302
46,275,1021.5841,1015.087317539965
46,276,1021.8574,1015.2537409321421
46,277,1022.1297,1015.418308849366
46,278,1022.4009,1015.5813294437442
46,279,1022.6712,1015.743110867382
46,280,1022.9406,1015.903961272387
46,281,1023.2091,1016.0641888108642
46,282,1023.47705,1016.22410163492
46,283,1023.7443,1016.384007896661
46,284,1024.011,1016.544215748193
46,285,1024.2773,1016.705033341623
46,286,1024.5432,1016.866768829057
46,287,1024.8087,1017.0297303625999
46,288,1025.0741,1017.19422609436
46,289,1025.3394,1017.360564176443
46,290,1025.6044,1017.529052760954
47,0,971.3729,974.5997115224653
47,1,971.47473,974.6390724568952
47,2,971.5782,974.6779991335238
47,3,971.68317,974.7165080400766
47,4,971.78955,974.7546156642793
47,5,971.8973,974.7923384938564
47,6,972.00635,974.8296930165335
47,7,972.11664,974.8666957200356
47,8,972.22784,974.9033630920887
47,9,972.34015,974.939711620417
47,10,972.4534,974.9757577927465
47,11,972.5673,975.0115180968023
47,12,972.682,975.0470090203094
47,13,972.7974,975.0822470509929
47,14,972.9133,975.1172486765788
47,15,973.0296,975.1520303847916
47,16,973.1463,975.1866086633571
47,17,973.2633,975.2210000000001
47,18,973.38043,975.2552148952259
47,19,973.49976,975.2892399006599
47,20,973.62756,975.3230555807072
47,21,973.768,975.3566424997728
47,22,973.9203,975.389981222262
47,23,974.0836,975.42305231258
47,24,974.25726,975.4558363351321
47,25,974.4405,975.4883138543231
47,26,974.6325,975.5204654345584
47,27,974.8325,975.5522716402432
47,28,975.0398,975.5837130357826
47,29,975.25354,975.6147701855818
47,30,975.47296,975.6454236540461
47,31,975.69745,975.6756540055802
47,32,975.92615,975.7054418045897
47,33,976.1583,975.7347676154797
47,34,976.39307,975.7636120026553
47,35,976.6298,975.7919555305218
47,36,976.86774,975.819778763484
47,37,977.1061,975.8470622659476
47,38,977.34406,975.8737866023174
47,39,977.58093,975.899932336999
47,40,977.8159,975.9254800343967
47,41,978.0483,975.9504102589166
47,42,978.2772,975.9747035749632
47,43,978.50214,975.998340546942
47,44,978.72205,976.0213017392583
47,45,978.9362,976.043567716317
47,46,979.14404,976.0651190425235
47,47,979.3447,976.0859362822828
47,48,979.5374,976.1059999999999
47,49,979.7215,976.1253177925533
47,50,979.8992,976.1440053867123
47,51,980.0804,976.1622055417198
47,52,980.2711,976.1800610168182
47,53,980.4706,976.19771457125
47,54,980.6774,976.2153089642578
47,55,980.8908,976.2329869550846
47,56,981.10974,976.2508913029724
47,57,981.333,976.2691647671642
47,58,981.5597,976.2879501069023
47,59,981.7887,976.3073900814296
47,60,982.01904,976.3276274499883
47,61,982.24976,976.3488049718213
47,62,982.47974,976.371065406171
47,63,982.70795,976.3945515122804
47,64,982.9334,976.4194060493915
47,65,983.1549,976.4457717767472
47,66,983.3717,976.4737914535899
47,67,983.58264,976.5036078391626
47,68,983.7867,976.5353636927072
47,69,983.9827,976.569201773467
47,70,984.16986,976.6052648406841
47,71,984.34705,976.6436956536012
47,72,984.5133,976.684636971461
47,73,984.66754,976.728231553506
47,74,984.80865,976.7746221589788
47,75,984.9359,976.8239515471221
47,76,985.0479,976.8763624771782
47,77,985.1439,976.9319977083901
47,78,985.2228,976.991
47,79,985.2835,977.0534675331088
47,80,985.3283,977.1193201762495
47,81,985.3675,977.1884332198136
47,82,985.4079,977.2606819541923
47,83,985.4499,977.3359416697765
47,84,985.4931,977.414087656958
47,85,985.53766,977.4949952061278
47,86,985.5834,977.5785396076772
47,87,985.6303,977.6645961519973
47,88,985.67834,977.7530401294802
47,89,985.7274,977.8437468305158
47,90,985.77765,977.9365915454963
47,91,985.8288,978.0314495648126
47,92,985.88086,978.1281961788563
47,93,985.9338,978.2267066780184
47,94,985.98755,978.3268563526904
47,95,986.0422,978.4285204932632
47,96,986.0974,978.5315743901284
47,97,986.15344,978.6358933336771
47,98,986.2101,978.7413526143008
47,99,986.2672,978.8478275223904
47,100,986.325,978.9551933483373
47,101,986.3833,979.0633253825329
47,102,986.44196,979.1720989153682
47,103,986.5011,979.2813892372352
47,104,986.5605,979.3910716385241
47,105,986.6202,979.5010214096268
47,106,986.6802,979.6111138409344
47,107,986.74023,979.7212242228384
47,108,986.80054,979.8312278457298
47,109,986.86096,979.941
47,110,986.9214,980.0504274656605
47,111,986.98145,980.1594429812043
47,112,987.0406,980.2679907747444
47,113,987.09784,980.3760150743943
47,114,987.1535,980.4834601082667
47,115,987.2076,980.5902701044756
47,116,987.2602,980.6963892911332
47,117,987.31146,980.8017618963535
47,118,987.3614,980.9063321482495
47,119,987.41003,981.0100442749341
47,120,987.4576,981.1128425045208
47,121,987.50397,981.2146710651225
47,122,987.5494,981.3154741848527
47,123,987.5939,981.4151960918248
47,124,987.6376,981.5137810141514
47,125,987.68054,981.6111731799458
47,126,987.7227,981.7073168173217
47,127,987.7644,981.802156154392
47,128,987.80554,981.89563541927
47,129,987.8461,981.9876988400687
47,130,987.8864,982.0782906449011
47,131,987.9265,982.167355061881
47,132,987.96625,982.2548363191212
47,133,988.0059,982.3406786447351
47,134,988.0456,982.4248262668353
47,135,988.0853,982.5072234135359
47,136,988.1251,982.5878143129496
47,137,988.1651,982.6665431931896
47,138,988.20544,982.7433542823693
47,139,988.24603,982.8181918086017
47,140,988.28705,982.8910000000002
47,141,988.3286,982.9618039415283
47,142,988.37085,983.0309521455537
47,143,988.41364,983.0988739812938
47,144,988.45734,983.1659988179663
47,145,988.50195,983.2327560247896
47,146,988.54755,983.2995749709809
47,147,988.5944,983.3668850257582
47,148,988.6427,983.4351155583397
47,149,988.6926,983.5046959379429
47,150,988.7441,983.5760555337854
47,151,988.7975,983.6496237150851
47,152,988.8528,983.7258298510602
47,153,988.9102,983.8051033109281
47,154,988.9699,983.8878734639071
47,155,989.0322,983.9745696792144
47,156,989.09686,984.0656213260684
47,157,989.1644,984.1614577736865
47,158,989.23474,984.2625083912866
47,159,989.3081,984.3692025480865
47,160,989.3847,984.4819696133043
47,161,989.46454,984.6012389561575
47,162,989.5479,984.727439945864
47,163,989.6349,984.8610019516418
47,164,989.72565,985.0023543427086
47,165,989.8202,985.151926488282
47,166,989.91895,985.3101477575801
47,167,990.0219,985.4774475198207
47,168,990.1292,985.6542551442213
47,169,990.241,985.8410000000001
47,170,990.3575,986.0379701073407
47,171,990.4814,986.2448880902894
47,172,990.62134,986.4613352238591
47,173,990.7823,986.6868927830621
47,174,990.96344,986.9211420429111
47,175,991.1637,987.1636642784184
47,176,991.3822,987.4140407645968
47,177,991.6179,987.6718527764584
47,178,991.8698,987.9366815890162
47,179,992.1369,988.2081084772824
47,180,992.41833,988.4857147162693
47,181,992.71295,988.7690815809896
47,182,993.0199,989.0577903464562
47,183,993.3382,989.351422287681
47,184,993.6667,989.6495586796768
47,185,994.0046,989.9517807974561
47,186,994.3508,990.2576699160314
47,187,994.70447,990.5668073104151
47,188,995.06445,990.87877425562
47,189,995.4298,991.1931520266581
47,190,995.7997,991.5095218985424
47,191,996.1729,991.8274651462851
47,192,996.54865,992.1465630448992
47,193,996.92584,992.4663968693962
47,194,997.3035,992.7865478947898
47,195,997.6808,993.1065973960915
47,196,998.05664,993.4261266483144
47,197,998.43005,993.7447169264708
47,198,998.80005,994.0619495055735
47,199,999.16565,994.3774056606345
47,200,999.5259,994.6906666666669
47,201,999.8798,995.0014082230057
47,202,1000.2276,995.3096837262786
47,203,1000.5718,995.6156409974369
47,204,1000.9148,995.919427857431
47,205,1001.2566,996.2211921272116
47,206,1001.59717,996.5210816277296
47,207,1001.93665,996.8192441799358
47,208,1002.27515,997.1158276047809
47,209,1002.6127,997.4109797232154
47,210,1002.9492,997.7048483561904
47,211,1003.28503,997.9975813246565
47,212,1003.62,998.2893264495647
47,213,1003.9543,998.5802315518655
47,214,1004.28784,998.8704444525093
47,215,1004.6208,999.1601129724475
47,216,1004.9533,999.4493849326306
47,217,1005.28534,999.7384081540096
47,218,1005.6169,1000.0273304575351
47,219,1005.9482,1000.316299664157
47,220,1006.2791,1000.6054635948279
47,221,1006.6098,1000.894970070496
47,222,1006.94037,1001.1849669121149
47,223,1007.27075,1001.475601940634
47,224,1007.60126,1001.767022977003
47,225,1007.93164,1002.0593778421749
47,226,1008.26215,1002.352814357099
47,227,1008.5928,1002.6474803427249
47,228,1008.9236,1002.943523620006
47,229,1009.2547,1003.241092009892
47,230,1009.5861,1003.5403333333331
47,231,1009.9179,1003.8413261588049
47,232,1010.25,1004.1438720448781
47,233,1010.5818,1004.447703297647
47,234,1010.913,1004.7525522232081
47,235,1011.24347,1005.0581511276552
47,236,1011.5733,1005.364232317084
47,237,1011.9024,1005.67052809759
47,238,1012.23083,1005.976770775268
47,239,1012.55853,1006.282692656212
47,240,1012.8856,1006.5880260465191
47,241,1013.2121,1006.892503252283
47,242,1013.53784,1007.195856579599
47,243,1013.863,1007.4978183345629
47,244,1014.1874,1007.798120823269
47,245,1014.51117,1008.0964963518121
47,246,1014.8344,1008.3926772262881
47,247,1015.157,1008.686395752792
47,248,1015.4789,1008.9773842374179
47,249,1015.80035,1009.265374986262
47,250,1016.1211,1009.55010030542
47,251,1016.4414,1009.831292500985
47,252,1016.76105,1010.108683879053
47,253,1017.08026,1010.38200674572
47,254,1017.39886,1010.6509934070801
47,255,1017.7169,1010.915376169228
47,256,1018.03455,1011.17488733826
47,257,1018.3517,1011.429259220271
47,258,1018.6684,1011.678224121355
47,259,1018.9846,1011.921514347608
47,260,1019.3003,1012.158862205124
47,261,1019.61566,1012.39
47,262,1019.93054,1012.614756012665
47,263,1020.24493,1012.83334242089
47,264,1020.5582,1013.0460673767819
47,265,1020.87036,1013.253239032446
47,266,1021.1812,1013.45516553999
47,267,1021.491,1013.652155051519
47,268,1021.7999,1013.844515719139
47,269,1022.1079,1014.032555694957
47,270,1022.4152,1014.216583131078
47,271,1022.7218,1014.39690617961
47,272,1023.0279,1014.573832992659
47,273,1023.33356,1014.74767172233
47,274,1023.63873,1014.9187305207302
47,275,1023.9437,1015.087317539965
47,276,1024.2485,1015.2537409321421
47,277,1024.5533,1015.418308849366
47,278,1024.8582,1015.5813294437442
47,279,1025.1631,1015.743110867382
47,280,1025.4683,1015.903961272387
47,281,1025.7738,1016.0641888108642
47,282,1026.0797,1016.22410163492
47,283,1026.3861,1016.384007896661
47,284,1026.6931,1016.544215748193
47,285,1027.0009,1016.705033341623
47,286,1027.3093,1016.866768829057
47,287,1027.6188,1017.0297303625999
47,288,1027.9292,1017.19422609436
47,289,1028.2406,1017.360564176443
47,290,1028.5532,1017.529052760954
48,0,964.83704,974.5997115224653
48,1,964.9384,974.6390724568952
48,2,965.04156,974.6779991335238
48,3,965.1465,974.7165080400766
48,4,965.2533,974.7546156642793
48,5,965.36163,974.7923384938564
48,6,965.4717,974.8296930165335
48,7,965.5833,974.8666957200356
48,8,965.6967,974.9033630920887
48,9,965.8116,974.939711620417
48,10,965.9279,974.9757577927465
48,11,966.04584,975.0115180968023
48,12,966.1652,975.0470090203094
48,13,966.28595,975.0822470509929
48,14,966.4081,975.1172486765788
48,15,966.5315,975.1520303847916
48,16,966.65625,975.1866086633571
48,17,966.7822,975.2210000000001
48,18,966.9094,975.2552148952259
48,19,967.0404,975.2892399006599
48,20,967.1831,975.3230555807072
48,21,967.34235,975.3566424997728
48,22,967.51733,975.389981222262
48,23,967.707,975.42305231258
48,24,967.9103,975.4558363351321
48,25,968.1263,975.4883138543231
48,26,968.35406,975.5204654345584
48,27,968.5927,975.5522716402432
48,28,968.84125,975.5837130357826
48,29,969.0985,975.6147701855818
48,30,969.36383,975.6454236540461
48,31,969.63605,975.6756540055802
48,32,969.9143,975.7054418045897
48,33,970.1975,975.7347676154797
48,34,970.48486,975.7636120026553
48,35,970.7753,975.7919555305218
48,36,971.0679,975.819778763484
48,37,971.36176,975.8470622659476
48,38,971.6557,975.8737866023174
48,39,971.9491,975.899932336999
48,40,972.2407,975.9254800343967
48,41,972.5297,975.9504102589166
48,42,972.815,975.9747035749632
48,43,973.096,975.998340546942
48,44,973.37134,976.0213017392583
48,45,973.6403,976.043567716317
48,46,973.90186,976.0651190425235
48,47,974.1551,976.0859362822828
48,48,974.399,976.1059999999999
48,49,974.6327,976.1253177925533
48,50,974.8593,976.1440053867123
48,51,975.0908,976.1622055417198
48,52,975.3352,976.1800610168182
48,53,975.59076,976.19771457125
48,54,975.8562,976.2153089642578
48,55,976.1303,976.2329869550846
48,56,976.41144,976.2508913029724
48,57,976.6983,976.2691647671642
48,58,976.98944,976.2879501069023
48,59,977.28357,976.3073900814296
48,60,977.5791,976.3276274499883
48,61,977.8748,976.3488049718213
48,62,978.1692,976.371065406171
48,63,978.4609,976.3945515122804
48,64,978.7485,976.4194060493915
48,65,979.0307,976.4457717767472
48,66,979.306,976.4737914535899
48,67,979.5731,976.5036078391626
48,68,979.83057,976.5353636927072
48,69,980.077,976.569201773467
48,70,980.31116,976.6052648406841
48,71,980.53143,976.6436956536012
48,72,980.73663,976.684636971461
48,73,980.9253,976.728231553506
48,74,981.096,976.7746221589788
48,75,981.2475,976.8239515471221
48,76,981.37823,976.8763624771782
48,77,981.487,976.9319977083901
48,78,981.57227,976.991
48,79,981.63275,977.0534675331088
48,80,981.6713,977.1193201762495
48,81,981.7014,977.1884332198136
48,82,981.73254,977.2606819541923
48,83,981.7647,977.3359416697765
48,84,981.7977,977.414087656958
48,85,981.8317,977.4949952061278
48,86,981.86664,977.5785396076772
48,87,981.90247,977.6645961519973
48,88,981.9391,977.7530401294802
48,89,981.9765,977.8437468305158
48,90,982.0145,977.9365915454963
48,91,982.05347,978.0314495648126
48,92,982.09296,978.1281961788563
48,93,982.1331,978.2267066780184
48,94,982.17395,978.3268563526904
48,95,982.21533,978.4285204932632
48,96,982.2572,978.5315743901284
48,97,982.2997,978.6358933336771
48,98,982.3425,978.7413526143008
48,99,982.3858,978.8478275223904
48,100,982.4295,978.9551933483373
48,101,982.4735,979.0633253825329
48,102,982.51794,979.1720989153682
48,103,982.5626,979.2813892372352
48,104,982.6076,979.3910716385241
48,105,982.6528,979.5010214096268
48,106,982.6981,979.6111138409344
48,107,982.7436,979.7212242228384
48,108,982.78925,979.8312278457298
48,109,982.8349,979.941
48,110,982.8806,980.0504274656605
48,111,982.926,980.1594429812043
48,112,982.9704,980.2679907747444
48,113,983.01306,980.3760150743943
48,114,983.05426,980.4834601082667
48,115,983.09393,980.5902701044756
48,116,983.1322,980.6963892911332
48,117,983.1691,980.8017618963535
48,118,983.20496,980.9063321482495
48,119,983.23956,981.0100442749341
48,120,983.27325,981.1128425045208
48,121,983.30585,981.2146710651225
48,122,983.33765,981.3154741848527
48,123,983.36865,981.4151960918248
48,124,983.39905,981.5137810141514
48,125,983.4287,981.6111731799458
48,126,983.4579,981.7073168173217
48,127,983.4867,981.802156154392
48,128,983.51514,981.89563541927
48,129,983.54333,981.9876988400687
48,130,983.5713,982.0782906449011
48,131,983.5991,982.167355061881
48,132,983.6271,982.2548363191212
48,133,983.655,982.3406786447351
48,134,983.6832,982.4248262668353
48,135,983.7117,982.5072234135359
48,136,983.7404,982.5878143129496
48,137,983.7697,982.6665431931896
48,138,983.7994,982.7433542823693
48,139,983.8297,982.8181918086017
48,140,983.8608,982.8910000000002
48,141,983.8926,982.9618039415283
48,142,983.9253,983.0309521455537
48,143,983.9588,983.0988739812938
48,144,983.9934,983.1659988179663
48,145,984.02905,983.2327560247896
48,146,984.06573,983.2995749709809
48,147,984.1037,983.3668850257582
48,148,984.14307,983.4351155583397
48,149,984.1838,983.5046959379429
48,150,984.226,983.5760555337854
48,151,984.26984,983.6496237150851
48,152,984.3154,983.7258298510602
48,153,984.36273,983.8051033109281
48,154,984.41187,983.8878734639071
48,155,984.463,983.9745696792144
48,156,984.51624,984.0656213260684
48,157,984.57153,984.1614577736865
48,158,984.6291,984.2625083912866
48,159,984.689,984.3692025480865
48,160,984.7514,984.4819696133043
48,161,984.81616,984.6012389561575
48,162,984.8835,984.727439945864
48,163,984.9536,984.8610019516418
48,164,985.0264,985.0023543427086
48,165,985.1022,985.151926488282
48,166,985.18085,985.3101477575801
48,167,985.2626,985.4774475198207
48,168,985.3474,985.6542551442213
48,169,985.4354,985.8410000000001
48,170,985.52686,986.0379701073407
48,171,985.62506,986.2448880902894
48,172,985.7412,986.4613352238591
48,173,985.88226,986.6868927830621
48,174,986.04706,986.9211420429111
48,175,986.23425,987.1636642784184
48,176,986.4428,987.4140407645968
48,177,986.67145,987.6718527764584
48,178,986.91907,987.9366815890162
48,179,987.1844,988.2081084772824
48,180,987.4663,988.4857147162693
48,181,987.76355,988.7690815809896
48,182,988.0749,989.0577903464562
48,183,988.3993,989.351422287681
48,184,988.7354,989.6495586796768
48,185,989.0822,989.9517807974561
48,186,989.43835,990.2576699160314
48,187,989.8027,990.5668073104151
48,188,990.1741,990.87877425562
48,189,990.55133,991.1931520266581
48,190,990.9333,991.5095218985424
48,191,991.3186,991.8274651462851
48,192,991.7063,992.1465630448992
48,193,992.0951,992.4663968693962
48,194,992.48376,992.7865478947898
48,195,992.87134,993.1065973960915
48,196,993.2563,993.4261266483144
48,197,993.6379,993.7447169264708
48,198,994.0145,994.0619495055735
48,199,994.38525,994.3774056606345
48,200,994.7489,994.6906666666669
48,201,995.10425,995.0014082230057
48,202,995.45154,995.3096837262786
48,203,995.7949,995.6156409974369
48,204,996.1372,995.919427857431
48,205,996.47845,996.2211921272116
48,206,996.81903,996.5210816277296
48,207,997.1587,996.8192441799358
48,208,997.49756,997.1158276047809
48,209,997.83563,997.4109797232154
48,210,998.1731,997.7048483561904
48,211,998.50977,997.9975813246565
48,212,998.846,998.2893264495647
48,213,999.1815,998.5802315518655
48,214,999.51654,998.8704444525093
48,215,999.8511,999.1601129724475
48,216,1000.1851,999.4493849326306
48,217,1000.5189,999.7384081540096
48,218,1000.8522,1000.0273304575351
48,219,1001.1851,1000.316299664157
48,220,1001.5179,1000.6054635948279
48,221,1001.8504,1000.894970070496
48,222,1002.1827,1001.1849669121149
48,223,1002.51483,1001.475601940634
48,224,1002.84686,1001.767022977003
48,225,1003.1789,1002.0593778421749
48,226,1003.51086,1002.352814357099
48,227,1003.8428,1002.6474803427249
48,228,1004.1748,1002.943523620006
48,229,1004.50696,1003.241092009892
48,230,1004.8393,1003.5403333333331
48,231,1005.17175,1003.8413261588049
48,232,1005.5045,1004.1438720448781
48,233,1005.83777,1004.447703297647
48,234,1006.17163,1004.7525522232081
48,235,1006.506,1005.0581511276552
48,236,1006.84064,1005.364232317084
48,237,1007.17554,1005.67052809759
48,238,1007.5104,1005.976770775268
48,239,1007.84515,1006.282692656212
48,240,1008.1797,1006.5880260465191
48,241,1008.51385,1006.892503252283
48,242,1008.8474,1007.195856579599
48,243,1009.1803,1007.4978183345629
48,244,1009.5124,1007.798120823269
48,245,1009.84357,1008.0964963518121
48,246,1010.17365,1008.3926772262881
48,247,1010.50244,1008.686395752792
48,248,1010.82996,1008.9773842374179
48,249,1011.15594,1009.265374986262
48,250,1011.4803,1009.55010030542
48,251,1011.8029,1009.831292500985
48,252,1012.12354,1010.108683879053
48,253,1012.4422,1010.38200674572
48,254,1012.7588,1010.6509934070801
48,255,1013.07294,1010.915376169228
48,256,1013.3847,1011.17488733826
48,257,1013.6939,1011.429259220271
48,258,1014.00037,1011.678224121355
48,259,1014.304,1011.921514347608
48,260,1014.60474,1012.158862205124
48,261,1014.9023,1012.39
48,262,1015.1966,1012.614756012665
48,263,1015.4876,1012.83334242089
48,264,1015.7755,1013.0460673767819
48,265,1016.0609,1013.253239032446
48,266,1016.3438,1013.45516553999
48,267,1016.6241,1013.652155051519
48,268,1016.90216,1013.844515719139
48,269,1017.17786,1014.032555694957
48,270,1017.4513,1014.216583131078
48,271,1017.72253,1014.39690617961
48,272,1017.9917,1014.573832992659
48,273,1018.2588,1014.74767172233
48,274,1018.5239,1014.9187305207302
48,275,1018.78723,1015.087317539965
48,276,1019.0487,1015.2537409321421
48,277,1019.3084,1015.418308849366
48,278,1019.56635,1015.5813294437442
48,279,1019.82275,1015.743110867382
48,280,1020.0776,1015.903961272387
48,281,1020.33093,1016.0641888108642
48,282,1020.5828,1016.22410163492
48,283,1020.8334,1016.384007896661
48,284,1021.0825,1016.544215748193
48,285,1021.33057,1016.705033341623
48,286,1021.5774,1016.866768829057
48,287,1021.823,1017.0297303625999
48,288,1022.0677,1017.19422609436
48,289,1022.31134,1017.360564176443
48,290,1022.5541,1017.529052760954
49,0,964.9899,974.5997115224653
49,1,965.1006,974.6390724568952
49,2,965.2122,974.6779991335238
49,3,965.325,974.7165080400766
49,4,965.43884,974.7546156642793
49,5,965.5536,974.7923384938564
49,6,965.6693,974.8296930165335
49,7,965.78595,974.8666957200356
49,8,965.9035,974.9033630920887
49,9,966.02185,974.939711620417
49,10,966.14105,974.9757577927465
49,11,966.2609,975.0115180968023
49,12,966.3816,975.0470090203094
49,13,966.50287,975.0822470509929
49,14,966.62494,975.1172486765788
49,15,966.7475,975.1520303847916
49,16,966.87067,975.1866086633571
49,17,966.9943,975.2210000000001
49,18,967.1186,975.2552148952259
49,19,967.2455,975.2892399006599
49,20,967.3818,975.3230555807072
49,21,967.53143,975.3566424997728
49,22,967.6937,975.389981222262
49,23,967.86786,975.42305231258
49,24,968.053,975.4558363351321
49,25,968.2485,975.4883138543231
49,26,968.4535,975.5204654345584
49,27,968.6672,975.5522716402432
49,28,968.88885,975.5837130357826
49,29,969.1178,975.6147701855818
49,30,969.353,975.6454236540461
49,31,969.594,975.6756540055802
49,32,969.83984,975.7054418045897
49,33,970.0897,975.7347676154797
49,34,970.343,975.7636120026553
49,35,970.5987,975.7919555305218
49,36,970.8563,975.819778763484
49,37,971.11487,975.8470622659476
49,38,971.3737,975.8737866023174
49,39,971.63196,975.899932336999
49,40,971.8889,975.9254800343967
49,41,972.1438,975.9504102589166
49,42,972.3959,975.9747035749632
49,43,972.6443,975.998340546942
49,44,972.88837,976.0213017392583
49,45,973.12726,976.043567716317
49,46,973.3602,976.0651190425235
49,47,973.5865,976.0859362822828
49,48,973.80524,976.1059999999999
49,49,974.01587,976.1253177925533
49,50,974.22107,976.1440053867123
49,51,974.4312,976.1622055417198
49,52,974.6528,976.1800610168182
49,53,974.88446,976.19771457125
49,54,975.1252,976.2153089642578
49,55,975.3736,976.2329869550846
49,56,975.6286,976.2508913029724
49,57,975.8888,976.2691647671642
49,58,976.15295,976.2879501069023
49,59,976.42004,976.3073900814296
49,60,976.6886,976.3276274499883
49,61,976.9574,976.3488049718213
49,62,977.22546,976.371065406171
49,63,977.49133,976.3945515122804
49,64,977.7538,976.4194060493915
49,65,978.01166,976.4457717767472
49,66,978.2637,976.4737914535899
49,67,978.50867,976.5036078391626
49,68,978.74536,976.5353636927072
49,69,978.9726,976.569201773467
49,70,979.18896,976.6052648406841
49,71,979.3935,976.6436956536012
49,72,979.5848,976.684636971461
49,73,979.76166,976.728231553506
49,74,979.9228,976.7746221589788
49,75,980.06714,976.8239515471221
49,76,980.19336,976.8763624771782
49,77,980.3003,976.9319977083901
49,78,980.38666,976.991
49,79,980.45123,977.0534675331088
49,80,980.4967,977.1193201762495
49,81,980.5349,977.1884332198136
49,82,980.57416,977.2606819541923
49,83,980.61456,977.3359416697765
49,84,980.65594,977.414087656958
49,85,980.69824,977.4949952061278
49,86,980.7417,977.5785396076772
49,87,980.78595,977.6645961519973
49,88,980.8311,977.7530401294802
49,89,980.8772,977.8437468305158
49,90,980.9241,977.9365915454963
49,91,980.9717,978.0314495648126
49,92,981.02,978.1281961788563
49,93,981.0692,978.2267066780184
49,94,981.11896,978.3268563526904
49,95,981.1694,978.4285204932632
49,96,981.22046,978.5315743901284
49,97,981.27203,978.6358933336771
49,98,981.3242,978.7413526143008
49,99,981.37683,978.8478275223904
49,100,981.42993,978.9551933483373
49,101,981.48346,979.0633253825329
49,102,981.5374,979.1720989153682
49,103,981.59174,979.2813892372352
49,104,981.6464,979.3910716385241
49,105,981.70123,979.5010214096268
49,106,981.7565,979.6111138409344
49,107,981.8118,979.7212242228384
49,108,981.8674,979.8312278457298
49,109,981.92316,979.941
49,110,981.97894,980.0504274656605
49,111,982.0346,980.1594429812043
49,112,982.08954,980.2679907747444
49,113,982.1434,980.3760150743943
49,114,982.19604,980.4834601082667
49,115,982.2478,980.5902701044756
49,116,982.2985,980.6963892911332
49,117,982.3482,980.8017618963535
49,118,982.39703,980.9063321482495
49,119,982.445,981.0100442749341
49,120,982.49207,981.1128425045208
49,121,982.5383,981.2146710651225
49,122,982.58386,981.3154741848527
49,123,982.62854,981.4151960918248
49,124,982.6726,981.5137810141514
49,125,982.71594,981.6111731799458
49,126,982.75885,981.7073168173217
49,127,982.80096,981.802156154392
49,128,982.8426,981.89563541927
49,129,982.8837,981.9876988400687
49,130,982.9243,982.0782906449011
49,131,982.96454,982.167355061881
49,132,983.00433,982.2548363191212
49,133,983.04376,982.3406786447351
49,134,983.08295,982.4248262668353
49,135,983.1217,982.5072234135359
49,136,983.1603,982.5878143129496
49,137,983.19867,982.6665431931896
49,138,983.2369,982.7433542823693
49,139,983.27496,982.8181918086017
49,140,983.3129,982.8910000000002
49,141,983.35077,982.9618039415283
49,142,983.38873,983.0309521455537
49,143,983.4267,983.0988739812938
49,144,983.4647,983.1659988179663
49,145,983.5032,983.2327560247896
49,146,983.5422,983.2995749709809
49,147,983.58185,983.3668850257582
49,148,983.6225,983.4351155583397
49,149,983.6643,983.5046959379429
49,150,983.7072,983.5760555337854
49,151,983.75183,983.6496237150851
49,152,983.79803,983.7258298510602
49,153,983.84607,983.8051033109281
49,154,983.89624,983.8878734639071
49,155,983.94855,983.9745696792144
49,156,984.0033,984.0656213260684
49,157,984.0607,984.1614577736865
49,158,984.1209,984.2625083912866
49,159,984.1841,984.3692025480865
49,160,984.2505,984.4819696133043
49,161,984.32025,984.6012389561575
49,162,984.3936,984.727439945864
49,163,984.47064,984.8610019516418
49,164,984.55164,985.0023543427086
49,165,984.6367,985.151926488282
49,166,984.72614,985.3101477575801
49,167,984.82007,985.4774475198207
49,168,984.9187,985.6542551442213
49,169,985.0222,985.8410000000001
49,170,985.13074,986.0379701073407
49,171,985.2476,986.2448880902894
49,172,985.38257,986.4613352238591
49,173,985.5419,986.6868927830621
49,174,985.724,986.9211420429111
49,175,985.9279,987.1636642784184
49,176,986.15265,987.4140407645968
49,177,986.3968,987.6718527764584
49,178,986.6594,987.9366815890162
49,179,986.9393,988.2081084772824
49,180,987.2352,988.4857147162693
49,181,987.54614,988.7690815809896
49,182,987.8708,989.0577903464562
49,183,988.2081,989.351422287681
49,184,988.55707,989.6495586796768
49,185,988.9163,989.9517807974561
49,186,989.2847,990.2576699160314
49,187,989.6612,990.5668073104151
49,188,990.0447,990.87877425562
49,189,990.43396,991.1931520266581
49,190,990.8278,991.5095218985424
49,191,991.22516,991.8274651462851
49,192,991.6249,992.1465630448992
49,193,992.0259,992.4663968693962
49,194,992.42694,992.7865478947898
49,195,992.82684,993.1065973960915
49,196,993.2246,993.4261266483144
49,197,993.619,993.7447169264708
49,198,994.0089,994.0619495055735
49,199,994.39307,994.3774056606345
49,200,994.77057,994.6906666666669
49,201,995.1402,995.0014082230057
49,202,995.50214,995.3096837262786
49,203,995.8599,995.6156409974369
49,204,996.2164,995.919427857431
49,205,996.57166,996.2211921272116
49,206,996.92584,996.5210816277296
49,207,997.2789,996.8192441799358
49,208,997.6308,997.1158276047809
49,209,997.9818,997.4109797232154
49,210,998.33185,997.7048483561904
49,211,998.6809,997.9975813246565
49,212,999.0292,998.2893264495647
49,213,999.37683,998.5802315518655
49,214,999.7235,998.8704444525093
49,215,1000.06964,999.1601129724475
49,216,1000.41504,999.4493849326306
49,217,1000.75995,999.7384081540096
49,218,1001.1043,1000.0273304575351
49,219,1001.4482,1000.316299664157
49,220,1001.7916,1000.6054635948279
49,221,1002.13477,1000.894970070496
49,222,1002.47754,1001.1849669121149
49,223,1002.82007,1001.475601940634
49,224,1003.16235,1001.767022977003
49,225,1003.50446,1002.0593778421749
49,226,1003.8465,1002.352814357099
49,227,1004.1884,1002.6474803427249
49,228,1004.5304,1002.943523620006
49,229,1004.87244,1003.241092009892
49,230,1005.21454,1003.5403333333331
49,231,1005.5568,1003.8413261588049
49,232,1005.8994,1004.1438720448781
49,233,1006.24304,1004.447703297647
49,234,1006.5882,1004.7525522232081
49,235,1006.93463,1005.0581511276552
49,236,1007.2821,1005.364232317084
49,237,1007.63043,1005.67052809759
49,238,1007.9794,1005.976770775268
49,239,1008.3287,1006.282692656212
49,240,1008.6781,1006.5880260465191
49,241,1009.0276,1006.892503252283
49,242,1009.3767,1007.195856579599
49,243,1009.7253,1007.4978183345629
49,244,1010.0732,1007.798120823269
49,245,1010.4201,1008.0964963518121
49,246,1010.7658,1008.3926772262881
49,247,1011.11017,1008.686395752792
49,248,1011.4528,1008.9773842374179
49,249,1011.7937,1009.265374986262
49,250,1012.13257,1009.55010030542
49,251,1012.4692,1009.831292500985
49,252,1012.80316,1010.108683879053
49,253,1013.1346,1010.38200674572
49,254,1013.463,1010.6509934070801
49,255,1013.7882,1010.915376169228
49,256,1014.11017,1011.17488733826
49,257,1014.4285,1011.429259220271
49,258,1014.7431,1011.678224121355
49,259,1015.0536,1011.921514347608
49,260,1015.3599,1012.158862205124
49,261,1015.6617,1012.39
49,262,1015.95874,1012.614756012665
49,263,1016.25104,1012.83334242089
49,264,1016.53937,1013.0460673767819
49,265,1016.8244,1013.253239032446
49,266,1017.1064,1013.45516553999
49,267,1017.38525,1013.652155051519
49,268,1017.661,1013.844515719139
49,269,1017.9339,1014.032555694957
49,270,1018.204,1014.216583131078
49,271,1018.47107,1014.39690617961
49,272,1018.7354,1014.573832992659
49,273,1018.99713,1014.74767172233
49,274,1019.2562,1014.9187305207302
49,275,1019.5127,1015.087317539965
49,276,1019.7667,1015.2537409321421
49,277,1020.0182,1015.418308849366
49,278,1020.26733,1015.5813294437442
49,279,1020.5141,1015.743110867382
49,280,1020.7586,1015.903961272387
49,281,1021.0009,1016.0641888108642
49,282,1021.2411,1016.22410163492
49,283,1021.47906,1016.384007896661
49,284,1021.71515,1016.544215748193
49,285,1021.94916,1016.705033341623
49,286,1022.1812,1016.866768829057
49,287,1022.4115,1017.0297303625999
49,288,1022.6399,1017.19422609436
49,289,1022.8665,1017.360564176443
49,290,1023.09143,1017.529052760954
50,0,959.11597,974.5997115224653
50,1,959.20557,974.6390724568952
50,2,959.29736,974.6779991335238
50,3,959.3912,974.7165080400766
50,4,959.4867,974.7546156642793
50,5,959.5838,974.7923384938564
50,6,959.6822,974.8296930165335
50,7,959.78174,974.8666957200356
50,8,959.88226,974.9033630920887
50,9,959.98346,974.939711620417
50,10,960.0852,974.9757577927465
50,11,960.18713,975.0115180968023
50,12,960.2892,975.0470090203094
50,13,960.39105,975.0822470509929
50,14,960.4926,975.1172486765788
50,15,960.5936,975.1520303847916
50,16,960.6938,975.1866086633571
50,17,960.79297,975.2210000000001
50,18,960.891,975.2552148952259
50,19,960.9893,975.2892399006599
50,20,961.0931,975.3230555807072
50,21,961.2053,975.3566424997728
50,22,961.3252,975.389981222262
50,23,961.4525,975.42305231258
50,24,961.5863,975.4558363351321
50,25,961.7262,975.4883138543231
50,26,961.8716,975.5204654345584
50,27,962.0219,975.5522716402432
50,28,962.1765,975.5837130357826
50,29,962.3348,975.6147701855818
50,30,962.4962,975.6454236540461
50,31,962.6603,975.6756540055802
50,32,962.82623,975.7054418045897
50,33,962.9936,975.7347676154797
50,34,963.1618,975.7636120026553
50,35,963.33014,975.7919555305218
50,36,963.49817,975.819778763484
50,37,963.6652,975.8470622659476
50,38,963.8308,975.8737866023174
50,39,963.99414,975.899932336999
50,40,964.15485,975.9254800343967
50,41,964.31226,975.9504102589166
50,42,964.46576,975.9747035749632
50,43,964.61475,975.998340546942
50,44,964.75867,976.0213017392583
50,45,964.89703,976.043567716317
50,46,965.0292,976.0651190425235
50,47,965.1546,976.0859362822828
50,48,965.27246,976.1059999999999
50,49,965.3824,976.1253177925533
50,50,965.4862,976.1440053867123
50,51,965.59094,976.1622055417198
50,52,965.7007,976.1800610168182
50,53,965.8151,976.19771457125
50,54,965.9336,976.2153089642578
50,55,966.0555,976.2329869550846
50,56,966.1804,976.2508913029724
50,57,966.3078,976.2691647671642
50,58,966.43713,976.2879501069023
50,59,966.5678,976.3073900814296
50,60,966.69934,976.3276274499883
50,61,966.8313,976.3488049718213
50,62,966.963,976.371065406171
50,63,967.094,976.3945515122804
50,64,967.22375,976.4194060493915
50,65,967.3517,976.4457717767472
50,66,967.4773,976.4737914535899
50,67,967.60016,976.5036078391626
50,68,967.71954,976.5353636927072
50,69,967.8351,976.569201773467
50,70,967.9462,976.6052648406841
50,71,968.05225,976.6436956536012
50,72,968.153,976.684636971461
50,73,968.2477,976.728231553506
50,74,968.33575,976.7746221589788
50,75,968.4168,976.8239515471221
50,76,968.4903,976.8763624771782
50,77,968.5556,976.9319977083901
50,78,968.61224,976.991
50,79,968.6598,977.0534675331088
50,80,968.6996,977.1193201762495
50,81,968.73724,977.1884332198136
50,82,968.7765,977.2606819541923
50,83,968.81726,977.3359416697765
50,84,968.8594,977.414087656958
50,85,968.9029,977.4949952061278
50,86,968.9477,977.5785396076772
50,87,968.99384,977.6645961519973
50,88,969.04126,977.7530401294802
50,89,969.08966,977.8437468305158
50,90,969.13934,977.9365915454963
50,91,969.19,978.0314495648126
50,92,969.24164,978.1281961788563
50,93,969.29425,978.2267066780184
50,94,969.3477,978.3268563526904
50,95,969.402,978.4285204932632
50,96,969.45703,978.5315743901284
50,97,969.5129,978.6358933336771
50,98,969.5693,978.7413526143008
50,99,969.6263,978.8478275223904
50,100,969.6839,978.9551933483373
50,101,969.74194,979.0633253825329
50,102,969.80054,979.1720989153682
50,103,969.85944,979.2813892372352
50,104,969.91876,979.3910716385241
50,105,969.9783,979.5010214096268
50,106,970.0379,979.6111138409344
50,107,970.09784,979.7212242228384
50,108,970.1579,979.8312278457298
50,109,970.218,979.941
50,110,970.278,980.0504274656605
50,111,970.33765,980.1594429812043
50,112,970.3955,980.2679907747444
50,113,970.45105,980.3760150743943
50,114,970.5042,980.4834601082667
50,115,970.5552,980.5902701044756
50,116,970.6042,980.6963892911332
50,117,970.65137,980.8017618963535
50,118,970.69666,980.9063321482495
50,119,970.7404,981.0100442749341
50,120,970.78265,981.1128425045208
50,121,970.82355,981.2146710651225
50,122,970.8632,981.3154741848527
50,123,970.90186,981.4151960918248
50,124,970.93945,981.5137810141514
50,125,970.97626,981.6111731799458
50,126,971.0124,981.7073168173217
50,127,971.048,981.802156154392
50,128,971.0831,981.89563541927
50,129,971.118,981.9876988400687
50,130,971.1527,982.0782906449011
50,131,971.1875,982.167355061881
50,132,971.2223,982.2548363191212
50,133,971.25745,982.3406786447351
50,134,971.29297,982.4248262668353
50,135,971.3289,982.5072234135359
50,136,971.36566,982.5878143129496
50,137,971.4032,982.6665431931896
50,138,971.4416,982.7433542823693
50,139,971.48114,982.8181918086017
50,140,971.5218,982.8910000000002
50,141,971.5638,982.9618039415283
50,142,971.6073,983.0309521455537
50,143,971.65234,983.0988739812938
50,144,971.69904,983.1659988179663
50,145,971.74744,983.2327560247896
50,146,971.7976,983.2995749709809
50,147,971.8498,983.3668850257582
50,148,971.9038,983.4351155583397
50,149,971.9601,983.5046959379429
50,150,972.01825,983.5760555337854
50,151,972.07886,983.6496237150851
50,152,972.1416,983.7258298510602
50,153,972.2068,983.8051033109281
50,154,972.2743,983.8878734639071
50,155,972.3445,983.9745696792144
50,156,972.41724,984.0656213260684
50,157,972.4927,984.1614577736865
50,158,972.5709,984.2625083912866
50,159,972.6519,984.3692025480865
50,160,972.736,984.4819696133043
50,161,972.82306,984.6012389561575
50,162,972.91315,984.727439945864
50,163,973.0065,984.8610019516418
50,164,973.10297,985.0023543427086
50,165,973.2029,985.151926488282
50,166,973.30615,985.3101477575801
50,167,973.41296,985.4774475198207
50,168,973.5234,985.6542551442213
50,169,973.63727,985.8410000000001
50,170,973.75507,986.0379701073407
50,171,973.87836,986.2448880902894
50,172,974.01196,986.4613352238591
50,173,974.1588,986.6868927830621
50,174,974.3182,986.9211420429111
50,175,974.48956,987.1636642784184
50,176,974.6724,987.4140407645968
50,177,974.8662,987.6718527764584
50,178,975.07025,987.9366815890162
50,179,975.2841,988.2081084772824
50,180,975.50714,988.4857147162693
50,181,975.73883,988.7690815809896
50,182,975.9787,989.0577903464562
50,183,976.22595,989.351422287681
50,184,976.4802,989.6495586796768
50,185,976.74084,989.9517807974561
50,186,977.0073,990.2576699160314
50,187,977.2791,990.5668073104151
50,188,977.5555,990.87877425562
50,189,977.8362,991.1931520266581
50,190,978.1203,991.5095218985424
50,191,978.4075,991.8274651462851
50,192,978.697,992.1465630448992
50,193,978.98846,992.4663968693962
50,194,979.28125,992.7865478947898
50,195,979.57477,993.1065973960915
50,196,979.86835,993.4261266483144
50,197,980.1618,993.7447169264708
50,198,980.4541,994.0619495055735
50,199,980.7449,994.3774056606345
50,200,981.03357,994.6906666666669
50,201,981.31964,995.0014082230057
50,202,981.60297,995.3096837262786
50,203,981.88434,995.6156409974369
50,204,982.1645,995.919427857431
50,205,982.44366,996.2211921272116
50,206,982.7217,996.5210816277296
50,207,982.99884,996.8192441799358
50,208,983.27496,997.1158276047809
50,209,983.5502,997.4109797232154
50,210,983.8247,997.7048483561904
50,211,984.0985,997.9975813246565
50,212,984.37164,998.2893264495647
50,213,984.6441,998.5802315518655
50,214,984.9161,998.8704444525093
50,215,985.1875,999.1601129724475
50,216,985.45856,999.4493849326306
50,217,985.7293,999.7384081540096
50,218,985.9997,1000.0273304575351
50,219,986.26984,1000.316299664157
50,220,986.5399,1000.6054635948279
50,221,986.8098,1000.894970070496
50,222,987.0797,1001.1849669121149
50,223,987.34955,1001.475601940634
50,224,987.61957,1001.767022977003
50,225,987.8897,1002.0593778421749
50,226,988.16003,1002.352814357099
50,227,988.43066,1002.6474803427249
50,228,988.70154,1002.943523620006
50,229,988.97296,1003.241092009892
50,230,989.24475,1003.5403333333331
50,231,989.5171,1003.8413261588049
50,232,989.7891,1004.1438720448781
50,233,990.0582,1004.447703297647
50,234,990.3229,1004.7525522232081
50,235,990.58356,1005.0581511276552
50,236,990.8405,1005.364232317084
50,237,991.09436,1005.67052809759
50,238,991.34546,1005.976770775268
50,239,991.5942,1006.282692656212
50,240,991.8411,1006.5880260465191
50,241,992.0865,1006.892503252283
50,242,992.33093,1007.195856579599
50,243,992.57477,1007.4978183345629
50,244,992.8185,1007.798120823269
50,245,993.06244,1008.0964963518121
50,246,993.3071,1008.3926772262881
50,247,993.5529,1008.686395752792
50,248,993.8003,1008.9773842374179
50,249,994.0498,1009.265374986262
50,250,994.3017,1009.55010030542
50,251,994.5564,1009.831292500985
50,252,994.81464,1010.108683879053
50,253,995.0764,1010.38200674572
50,254,995.34247,1010.6509934070801
50,255,995.6131,1010.915376169228
50,256,995.88873,1011.17488733826
50,257,996.17,1011.429259220271
50,258,996.4571,1011.678224121355
50,259,996.7504,1011.921514347608
50,260,997.05066,1012.158862205124
50,261,997.358,1012.39
50,262,997.6729,1012.614756012665
50,263,997.995,1012.83334242089
50,264,998.3216,1013.0460673767819
50,265,998.6512,1013.253239032446
50,266,998.98376,1013.45516553999
50,267,999.31946,1013.652155051519
50,268,999.65845,1013.844515719139
50,269,1000.0008,1014.032555694957
50,270,1000.3466,1014.216583131078
50,271,1000.6959,1014.39690617961
50,272,1001.04895,1014.573832992659
50,273,1001.40594,1014.74767172233
50,274,1001.7668,1014.9187305207302
50,275,1002.13165,1015.087317539965
50,276,1002.5006,1015.2537409321421
50,277,1002.8739,1015.418308849366
50,278,1003.2515,1015.5813294437442
50,279,1003.63354,1015.743110867382
50,280,1004.02026,1015.903961272387
50,281,1004.4116,1016.0641888108642
50,282,1004.80774,1016.22410163492
50,283,1005.2088,1016.384007896661
50,284,1005.61487,1016.544215748193
50,285,1006.0259,1016.705033341623
50,286,1006.44226,1016.866768829057
50,287,1006.8639,1017.0297303625999
50,288,1007.29083,1017.19422609436
50,289,1007.7234,1017.360564176443
50,290,1008.1615,1017.529052760954
